"linha_planilha","Network.ID","Site.Name","acao","antes","depois"
775,"BISC","Parque Nacional de São Joaquim - Morro da Igreja","lat/lon swapped","-49.49482231 -28.10351615","-28.10351615 -49.49482231"
776,"BISC","Parque Nacional  de São Joaquim - Santa Bárbara","lat/lon swapped","-49.6271502 -28.1517662","-28.1517662 -49.6271502"
777,"BISC","Parque Estadual da Serra Furada","lat/lon swapped","-49.38938984 -28.18066581","-28.18066581 -49.38938984"
1997,"ReefCheck","Bastimentos","coordinates moved up one row (one-row offset)","16.762222 -62.224167","9.342 -82.209194"
1998,"ReefCheck","Buenaventura Island","coordinates moved up one row (one-row offset)","9.342 -82.209194","9.5395 -79.683111"
1999,"ReefCheck","Drake Island","coordinates moved up one row (one-row offset)","9.5395 -79.683111","9.562778 -79.68425"
2000,"ReefCheck","Frank's Reef","coordinates moved up one row (one-row offset)","9.562778 -79.68425","9.108611 -81.556389"
2001,"ReefCheck","Isla Grande","coordinates moved up one row (one-row offset)","9.108611 -81.556389","9.638861 -79.552194"
2002,"ReefCheck","Lighthouse 2","coordinates moved up one row (one-row offset)","9.638861 -79.552194","9.086167 -81.538556"
2003,"ReefCheck","Roca Solarte","coordinates moved up one row (one-row offset)","9.086167 -81.538556","9.338139 -82.216831"
2004,"ReefCheck","South Hospital Point","coordinates moved up one row (one-row offset)","9.338139 -82.216831","9.323139 -82.22025"
2005,"ReefCheck","Tobobe","coordinates moved up one row (one-row offset)","9.323139 -82.22025","9.117722 -81.825639"
2006,"ReefCheck","Balneario Cerro Gordo, Vega Alta","coordinates moved up one row (one-row offset)","9.117722 -81.825639","18.482917 -66.342389"
2007,"ReefCheck","Balneario de Sunbay","coordinates moved up one row (one-row offset)","18.482917 -66.342389","18.08825 -65.461889"
2008,"ReefCheck","Caja de Muertos","coordinates moved up one row (one-row offset)","18.08825 -65.461889","17.898889 -66.015278"
2009,"ReefCheck","Cayo Coral","coordinates moved up one row (one-row offset)","17.898889 -66.015278","17.935 -66.884444"
2010,"ReefCheck","Cayo Enrique","coordinates moved up one row (one-row offset)","17.935 -66.884444","17.955278 -67.053056"
2011,"ReefCheck","Efra's Wall","coordinates moved up one row (one-row offset)","17.955278 -67.053056","17.885 -66.951667"
2012,"ReefCheck","Escambron","coordinates moved up one row (one-row offset)","17.885 -66.951667","18.468972 -66.090833"
2013,"ReefCheck","Marine Reserve Isla Verde","coordinates moved up one row (one-row offset)","18.468972 -66.090833","18.449944 -66.015389"
2014,"ReefCheck","Palomino","coordinates moved up one row (one-row offset)","18.449944 -66.015389","18.347833 -65.570806"
2015,"ReefCheck","Puerto Nuevo Beach","coordinates moved up one row (one-row offset)","18.347833 -65.570806","18.492861 -66.395194"
2016,"ReefCheck","Punta Salinas","coordinates moved up one row (one-row offset)","18.492861 -66.395194","18.4745 -66.187444"
2017,"ReefCheck","Richie's Site","coordinates moved up one row (one-row offset)","18.4745 -66.187444","17.918611 -67.019167"
2018,"ReefCheck","Turrumote II","coordinates moved up one row (one-row offset)","17.918611 -67.019167","17.918611 -66.968611"
2019,"ReefCheck","Boobie High Shoal","coordinates moved up one row (one-row offset)","17.918611 -66.968611","17.215722 -62.623222"
2020,"ReefCheck","Bug's Hole","coordinates moved up one row (one-row offset)","17.215722 -62.623222","17.268333 -62.652222"
2021,"ReefCheck","Buggs Hole","coordinates moved up one row (one-row offset)","17.268333 -62.652222","17.223111 -62.660639"
2022,"ReefCheck","Church Reef","coordinates moved up one row (one-row offset)","17.223111 -62.660639","17.16725 -62.629333"
2023,"ReefCheck","Donut","coordinates moved up one row (one-row offset)","17.16725 -62.629333","17.186056 -62.680556"
2024,"ReefCheck","Hot Springs","coordinates moved up one row (one-row offset)","17.186056 -62.680556","17.166139 -62.635278"
2025,"ReefCheck","Nags Head","coordinates moved up one row (one-row offset)","17.166139 -62.635278","17.212472 -62.654806"
2026,"ReefCheck","Ponds Bar","coordinates moved up one row (one-row offset)","17.212472 -62.654806","17.274778 -62.719083"
2027,"ReefCheck","Anse Chastanet Reef","coordinates moved up one row (one-row offset)","17.274778 -62.719083","13.864 -61.08"
2028,"ReefCheck","Anse Chastanet Reef 2","coordinates moved up one row (one-row offset)","13.864 -61.08","13.8575 -61.074667"
2029,"ReefCheck","Coral Garden","coordinates moved up one row (one-row offset)","13.8575 -61.074667","13.814722 -61.0725"
2030,"ReefCheck","Coral Gardens 5","coordinates moved up one row (one-row offset)","13.814722 -61.0725","13.8155 -61.0715"
2031,"ReefCheck","Coral Gardens 6","coordinates moved up one row (one-row offset)","13.8155 -61.0715","13.81 -61.0755"
2032,"ReefCheck","Flat Land (Laborie)","coordinates moved up one row (one-row offset)","13.81 -61.0755","13.7515 -61.0055"
2033,"ReefCheck","Grande Caille","coordinates moved up one row (one-row offset)","13.7515 -61.0055","13.861667 -61.075"
2034,"ReefCheck","Kay Ken (Laborie)","coordinates moved up one row (one-row offset)","13.861667 -61.075","13.754 -61.0035"
2035,"ReefCheck","Le Sport Reef","coordinates moved up one row (one-row offset)","13.754 -61.0035","14.1015 -60.9555"
2036,"ReefCheck","Malgretoute","coordinates moved up one row (one-row offset)","14.1015 -60.9555","13.839 -61.065"
2037,"ReefCheck","Malgretoute 2","coordinates moved up one row (one-row offset)","13.839 -61.065","13.84 -61.0705"
2038,"ReefCheck","Maria Islands Nature Reserve","coordinates moved up one row (one-row offset)","13.84 -61.0705","13.7205 -60.935389"
2039,"ReefCheck","Rachette Point","coordinates moved up one row (one-row offset)","13.7205 -60.935389","13.858333 -61.066667"
2040,"ReefCheck","Rachette Pointe","coordinates moved up one row (one-row offset)","13.858333 -61.066667","13.856667 -61.069167"
2041,"ReefCheck","Superman's Flight","coordinates moved up one row (one-row offset)","13.856667 -61.069167","13.838333 -61.065"
2042,"ReefCheck","Superman's Flight 2","coordinates moved up one row (one-row offset)","13.838333 -61.065","13.833333 -61.07"
2043,"ReefCheck","Superman's Flight 3","coordinates moved up one row (one-row offset)","13.833333 -61.07","13.829972 -61.068778"
2044,"ReefCheck","Turtle Reef","coordinates moved up one row (one-row offset)","13.829972 -61.068778","13.86 -61.08"
2045,"ReefCheck","Turtle Reef 2","coordinates moved up one row (one-row offset)","13.86 -61.08","13.865833 -61.0795"
2046,"ReefCheck","Turtle Reef 3","coordinates moved up one row (one-row offset)","13.865833 -61.0795","13.8585 -61.075167"
2047,"ReefCheck","Virgin Point, Canaries","coordinates moved up one row (one-row offset)","13.8585 -61.075167","13.929028 -61.058889"
2048,"ReefCheck","Bachelors Reef","coordinates moved up one row (one-row offset)","13.929028 -61.058889","12.707972 -61.338194"
2049,"ReefCheck","Gardens","coordinates moved up one row (one-row offset)","12.707972 -61.338194","13.163056 -61.248111"
2050,"ReefCheck","Horseshoe (outside)","coordinates moved up one row (one-row offset)","13.163056 -61.248111","12.638056 -61.348111"
2051,"ReefCheck","Horseshoe Reef Back Reef","coordinates moved up one row (one-row offset)","12.638056 -61.348111","12.635833 -61.350278"
2052,"ReefCheck","Moonhole 2","coordinates moved up one row (one-row offset)","12.635833 -61.350278","12.99325 -61.275694"
2053,"ReefCheck","Orca 2","coordinates moved up one row (one-row offset)","12.99325 -61.275694","13.18325 -61.267167"
2054,"ReefCheck","Petit Bateau","coordinates moved up one row (one-row offset)","13.18325 -61.267167","12.633056 -61.359167"
2055,"ReefCheck","Petit Tabac","coordinates moved up one row (one-row offset)","12.633056 -61.359167","12.624444 -61.350556"
2056,"ReefCheck","Plantain Mustique","coordinates moved up one row (one-row offset)","12.624444 -61.350556","12.885333 -61.190556"
2057,"ReefCheck","Plantain Mustique 2","coordinates moved up one row (one-row offset)","12.885333 -61.190556","12.869889 -61.194611"
2058,"ReefCheck","The Steps","coordinates moved up one row (one-row offset)","12.869889 -61.194611","12.724806 -61.333472"
2059,"ReefCheck","Young Island","coordinates moved up one row (one-row offset)","12.724806 -61.333472","13.118222 -61.2035"
2060,"ReefCheck","Young Island 2","coordinates moved up one row (one-row offset)","13.118222 -61.2035","13.133383 -61.184361"
2061,"ReefCheck","Bahia das Agulhas, W Principe","coordinates moved up one row (one-row offset)","13.133383 -61.184361","1.608111 7.336917"
2062,"ReefCheck","Ilheu Bom Bom, Principe","coordinates moved up one row (one-row offset)","1.608111 7.336917","1.698778 7.405528"
2063,"ReefCheck","Pedra Metade Dentro, Principe","coordinates moved up one row (one-row offset)","1.698778 7.405528","1.568833 7.432278"
2064,"ReefCheck","Frenchman Reef","coordinates moved up one row (one-row offset)","1.568833 7.432278","18.020861 -63.093056"
2065,"ReefCheck","Gregory","coordinates moved up one row (one-row offset)","18.020861 -63.093056","18.046389 -63.137778"
2066,"ReefCheck","Mike's Maze 1","coordinates moved up one row (one-row offset)","18.046389 -63.137778","17.989556 -63.059972"
2067,"ReefCheck","Mike's Maze 2","coordinates moved up one row (one-row offset)","17.989556 -63.059972","24.973278 -63.057361"
2068,"ReefCheck","Proselyte Reef","coordinates moved up one row (one-row offset)","24.973278 -63.057361","18.005556 -63.059639"
2069,"ReefCheck","AV20","coordinates moved up one row (one-row offset)","18.005556 -63.059639","11.235778 -60.757806"
2070,"ReefCheck","Booby Island","coordinates moved up one row (one-row offset)","11.235778 -60.757806","11.320889 -60.5585"
2071,"ReefCheck","Goat Island","coordinates moved up one row (one-row offset)","11.320889 -60.5585","11.301528 -60.520361"
2072,"ReefCheck","Goat Island 2","coordinates moved up one row (one-row offset)","11.301528 -60.520361","11.301306 -60.508222"
2073,"ReefCheck","Hermitage","coordinates moved up one row (one-row offset)","11.301306 -60.508222","11.326528 -60.575278"
2074,"ReefCheck","Hidden Bay","coordinates moved up one row (one-row offset)","11.326528 -60.575278","11.240278 -60.759444"
2075,"ReefCheck","King Peter's Bay","coordinates moved up one row (one-row offset)","11.240278 -60.759444","11.191389 -60.796667"
2076,"ReefCheck","Landslide","coordinates moved up one row (one-row offset)","11.191389 -60.796667","11.333083 -60.556139"
2077,"ReefCheck","Mount Irvine","coordinates moved up one row (one-row offset)","11.333083 -60.556139","11.195833 -60.798889"
2078,"ReefCheck","Old Rope","coordinates moved up one row (one-row offset)","11.195833 -60.798889","11.325278 -60.595111"
2079,"ReefCheck","Pirates Bay","coordinates moved up one row (one-row offset)","11.325278 -60.595111","11.32825 -60.550472"
2080,"ReefCheck","Pirates Bay 2","coordinates moved up one row (one-row offset)","11.32825 -60.550472","11.333167 -60.556194"
2081,"ReefCheck","Plymouth","coordinates moved up one row (one-row offset)","11.333167 -60.556194","11.23225 -60.767333"
2082,"ReefCheck","Plymouth 2","coordinates moved up one row (one-row offset)","11.23225 -60.767333","11.233306 -60.762083"
2083,"ReefCheck","Sanger Rock 3","coordinates moved up one row (one-row offset)","11.233306 -60.762083","11.338972 -60.547722"
2084,"ReefCheck","Sea Fan Alley 2 ","coordinates moved up one row (one-row offset)","11.338972 -60.547722","11.255694 -60.538722"
2085,"ReefCheck","Aquarium East","coordinates moved up one row (one-row offset)","11.255694 -60.538722","21.808472 -72.225806"
2086,"ReefCheck","Black Coral Forest","coordinates moved up one row (one-row offset)","21.808472 -72.225806","21.842 -72.341667"
2087,"ReefCheck","Boat Cove","coordinates moved up one row (one-row offset)","21.842 -72.341667","21.673167 -72.469417"
2088,"ReefCheck","Cathedral 3","coordinates moved up one row (one-row offset)","21.673167 -72.469417","21.815333 -72.185167"
2089,"ReefCheck","Chimney","coordinates moved up one row (one-row offset)","21.815333 -72.185167","21.838167 -72.341333"
2090,"ReefCheck","Columbus Point","coordinates moved up one row (one-row offset)","21.838167 -72.341333","21.433056 -71.148889"
2091,"ReefCheck","Coral Gardens 7","coordinates moved up one row (one-row offset)","21.433056 -71.148889","21.785694 -72.204667"
2092,"ReefCheck","Coral Gardens 8","coordinates moved up one row (one-row offset)","21.785694 -72.204667","21.785861 -72.204972"
2093,"ReefCheck","Crocodiles","coordinates moved up one row (one-row offset)","21.785861 -72.204972","21.817944 -72.183972"
2094,"ReefCheck","Eagle Ray Pass","coordinates moved up one row (one-row offset)","21.817944 -72.183972","21.88925 -72.121111"
2095,"ReefCheck","East Bay 1A - South Caicos","coordinates moved up one row (one-row offset)","21.88925 -72.121111","21.4855 -71.513389"
2096,"ReefCheck","East Bay 1B - South Caicos","coordinates moved up one row (one-row offset)","21.4855 -71.513389","21.485583 -71.51325"
2097,"ReefCheck","East Bay 1B-2","coordinates moved up one row (one-row offset)","21.485583 -71.51325","21.485806 -71.513944"
2098,"ReefCheck","East Bay 2A - South Caicos","coordinates moved up one row (one-row offset)","21.485806 -71.513944","21.484972 -71.515417"
2099,"ReefCheck","East Bay 3A - South Caicos","coordinates moved up one row (one-row offset)","21.484972 -71.515417","21.48325 -71.516972"
2100,"ReefCheck","East Bay 3B","coordinates moved up one row (one-row offset)","21.48325 -71.516972","21.485389 -71.519722"
2101,"ReefCheck","East Bay 4A","coordinates moved up one row (one-row offset)","21.485389 -71.519722","21.483639 -71.519528"
2102,"ReefCheck","East Bay 4B - South Caicos","coordinates moved up one row (one-row offset)","21.483639 -71.519528","21.484778 -71.521639"
2103,"ReefCheck","East Bay 5A","coordinates moved up one row (one-row offset)","21.484778 -71.521639","21.483278 -71.521556"
2104,"ReefCheck","East Bay 5B - South Caicos","coordinates moved up one row (one-row offset)","21.483278 -71.521556","21.48425 -71.521639"
2105,"ReefCheck","East Bay 6A - South Caicos","coordinates moved up one row (one-row offset)","21.48425 -71.521639","21.483889 -71.523083"
2106,"ReefCheck","East Bay 6B - South Caicos","coordinates moved up one row (one-row offset)","21.483889 -71.523083","21.484139 -71.522944"
2107,"ReefCheck","Eel Garden","coordinates moved up one row (one-row offset)","21.484139 -71.522944","21.834333 -72.341"
2108,"ReefCheck","Elephant Ear Canyon","coordinates moved up one row (one-row offset)","21.834333 -72.341","21.68375 -72.469556"
2109,"ReefCheck","Football Field","coordinates moved up one row (one-row offset)","21.68375 -72.469556","21.906222 -72.114556"
2110,"ReefCheck","Graceland","coordinates moved up one row (one-row offset)","21.906222 -72.114556","21.813361 -72.187389"
2111,"ReefCheck","Grouper Hole","coordinates moved up one row (one-row offset)","21.813361 -72.187389","21.812611 -72.189194"
2112,"ReefCheck","Outer Turtle Harbor Reef","coordinates moved up one row (one-row offset)","21.812611 -72.189194","21.813333 -72.21"
2113,"ReefCheck","Pinnacles","coordinates moved up one row (one-row offset)","21.813333 -72.21","21.813417 -72.187417"
2114,"ReefCheck","Pirahna Cove","coordinates moved up one row (one-row offset)","21.813417 -72.187417","21.8145 -72.1865"
2115,"ReefCheck","Provo Patch Reef","coordinates moved up one row (one-row offset)","21.8145 -72.1865","21.79 -72.213333"
2116,"ReefCheck","Shark Hotel","coordinates moved up one row (one-row offset)","21.79 -72.213333","21.844333 -72.341833"
2117,"ReefCheck","Smith's Reef","coordinates moved up one row (one-row offset)","21.844333 -72.341833","21.788611 -72.226667"
2118,"ReefCheck","Spanish Anchor","coordinates moved up one row (one-row offset)","21.788611 -72.226667","21.645639 -72.475056"
2119,"ReefCheck","Steve's Reef","coordinates moved up one row (one-row offset)","21.645639 -72.475056","21.757833 -72.452667"
2120,"ReefCheck","Sunset Strip","coordinates moved up one row (one-row offset)","21.757833 -72.452667","21.830167 -72.1725"
2121,"ReefCheck","The Arch","coordinates moved up one row (one-row offset)","21.830167 -72.1725","21.48275 -71.517"
2122,"ReefCheck","The Plane","coordinates moved up one row (one-row offset)","21.48275 -71.517","21.48025 -71.537278"
2123,"ReefCheck","Turkoise Reef","coordinates moved up one row (one-row offset)","21.48025 -71.537278","21.801278 -72.175972"
2124,"ReefCheck","Abbey Too","coordinates moved up one row (one-row offset)","21.801278 -72.175972","26.270722 -80.07075"
2125,"ReefCheck","Abbey Too 2","coordinates moved up one row (one-row offset)","26.270722 -80.07075","26.270972 -80.050972"
2126,"ReefCheck","Abbey Too Reef","coordinates moved up one row (one-row offset)","26.270972 -80.050972","26.263833 -80.064167"
2127,"ReefCheck","Alligator Spa","coordinates moved up one row (one-row offset)","26.263833 -80.064167","24.846111 -80.624444"
2128,"ReefCheck","Barracuda Reef","coordinates moved up one row (one-row offset)","24.846111 -80.624444","26.074472 -80.009556"
2129,"ReefCheck","Bath & Tennis Reef- Palm Beach County","coordinates moved up one row (one-row offset)","26.074472 -80.009556","26.67775 -80.018889"
2130,"ReefCheck","Biorock","coordinates moved up one row (one-row offset)","26.67775 -80.018889","26.186556 -80.092639"
2131,"ReefCheck","Boca Artificial Reef","coordinates moved up one row (one-row offset)","26.186556 -80.092639","26.329222 -80.058361"
2132,"ReefCheck","Boca Artificial Reef Ledge","coordinates moved up one row (one-row offset)","26.329222 -80.058361","26.327611 -80.059472"
2133,"ReefCheck","Boca Patch Reef","coordinates moved up one row (one-row offset)","26.327611 -80.059472","26.328 -80.065556"
2134,"ReefCheck","Borrow Pit Reef","coordinates moved up one row (one-row offset)","26.328 -80.065556","26.202778 -80.078611"
2135,"ReefCheck","Breakers Reef/Cable","coordinates moved up one row (one-row offset)","26.202778 -80.078611","26.713333 -80.021111"
2136,"ReefCheck","Breakers Reef/Cable Crossing","coordinates moved up one row (one-row offset)","26.713333 -80.021111","26.709467 -80.028583"
2137,"ReefCheck","Carysfort Reef","coordinates moved up one row (one-row offset)","26.709467 -80.028583","25.222222 -80.21"
2138,"ReefCheck","Carysfort Reef 2","coordinates moved up one row (one-row offset)","25.222222 -80.21","25.211667 -80.217583"
2139,"ReefCheck","Cheeca Rocks","coordinates moved up one row (one-row offset)","25.211667 -80.217583","24.906944 -80.615278"
2140,"ReefCheck","Coffins Patch","coordinates moved up one row (one-row offset)","24.906944 -80.615278","24.687222 -80.963056"
2141,"ReefCheck","Conch Reef","coordinates moved up one row (one-row offset)","24.687222 -80.963056","24.955556 -80.454444"
2142,"ReefCheck","Conch Reef 2","coordinates moved up one row (one-row offset)","24.955556 -80.454444","24.955194 -80.457722"
2143,"ReefCheck","Conch reef (research only)","coordinates moved up one row (one-row offset)","24.955194 -80.457722","24.949722 -80.456944"
2144,"ReefCheck","Copenhagen","coordinates moved up one row (one-row offset)","24.949722 -80.456944","26.207056 -80.084944"
2145,"ReefCheck","Copenhagen 2","coordinates moved up one row (one-row offset)","26.207056 -80.084944","26.206194 -80.085083"
2146,"ReefCheck","Copenhagen Reef","coordinates moved up one row (one-row offset)","26.206194 -80.085083","26.205306 -80.085111"
2147,"ReefCheck","Crocker Control","coordinates moved up one row (one-row offset)","26.205306 -80.085111","24.908889 -80.522778"
2148,"ReefCheck","Dania Reef","coordinates moved up one row (one-row offset)","24.908889 -80.522778","26.062417 -80.101056"
2149,"ReefCheck","Davis Reef","coordinates moved up one row (one-row offset)","26.062417 -80.101056","24.923333 -80.505278"
2150,"ReefCheck","Delta Shoals","coordinates moved up one row (one-row offset)","24.923333 -80.505278","24.632222 -81.090278"
2151,"ReefCheck","Doughnut Reef","coordinates moved up one row (one-row offset)","24.632222 -81.090278","24.691111 -80.947778"
2152,"ReefCheck","Dry Rocks","coordinates moved up one row (one-row offset)","24.691111 -80.947778","25.130833 -80.293056"
2153,"ReefCheck","Eastern Dry Rocks","coordinates moved up one row (one-row offset)","25.130833 -80.293056","24.458889 -81.845556"
2154,"ReefCheck","Eastern Sambos","coordinates moved up one row (one-row offset)","24.458889 -81.845556","24.492222 -81.661944"
2155,"ReefCheck","Elbow","coordinates moved up one row (one-row offset)","24.492222 -81.661944","25.149417 -80.254944"
2156,"ReefCheck","Elbow Reef","coordinates moved up one row (one-row offset)","25.149417 -80.254944","25.140083 -80.259833"
2157,"ReefCheck","Elbow Reef 2","coordinates moved up one row (one-row offset)","25.140083 -80.259833","25.141667 -80.259722"
2158,"ReefCheck","Elbow Reef 3","coordinates moved up one row (one-row offset)","25.141667 -80.259722","25.141 -80.258972"
2159,"ReefCheck","Fishers Pedistal","coordinates moved up one row (one-row offset)","25.141 -80.258972","26.143889 -80.090556"
2160,"ReefCheck","Flower Gardens- Palm Beach County","coordinates moved up one row (one-row offset)","26.143889 -80.090556","26.695583 -80.018139"
2161,"ReefCheck","Fort Lauderdale Caves","coordinates moved up one row (one-row offset)","26.695583 -80.018139","26.126806 -80.091806"
2162,"ReefCheck","French","coordinates moved up one row (one-row offset)","26.126806 -80.091806","25.034111 -80.348583"
2163,"ReefCheck","French F-3","coordinates moved up one row (one-row offset)","25.034111 -80.348583","25.034528 -80.354722"
2164,"ReefCheck","French Reef","coordinates moved up one row (one-row offset)","25.034528 -80.354722","25.034444 -80.341667"
2165,"ReefCheck","French Reef 2","coordinates moved up one row (one-row offset)","25.034444 -80.341667","25.034167 -80.347222"
2166,"ReefCheck","French Reef 3","coordinates moved up one row (one-row offset)","25.034167 -80.347222","25.035639 -80.346583"
2167,"ReefCheck","French Reef 4","coordinates moved up one row (one-row offset)","25.035639 -80.346583","25.033889 -80.335833"
2168,"ReefCheck","French Reef (Turtle Ledge)","coordinates moved up one row (one-row offset)","25.033889 -80.335833","25.036417 -80.347306"
2169,"ReefCheck","French Reef (Woody's Ledge)","coordinates moved up one row (one-row offset)","25.036417 -80.347306","25.033667 -80.347722"
2170,"ReefCheck","Ft. Lauderdale Ledge","coordinates moved up one row (one-row offset)","25.033667 -80.347722","26.147667 -80.096028"
2171,"ReefCheck","Grecian - Banana (G1)","coordinates moved up one row (one-row offset)","26.147667 -80.096028","25.107222 -80.305833"
2172,"ReefCheck","Grecian (Banana) Reef","coordinates moved up one row (one-row offset)","25.107222 -80.305833","25.107389 -80.307389"
2173,"ReefCheck","Grecian Dry Rocks","coordinates moved up one row (one-row offset)","25.107389 -80.307389","25.110556 -80.303472"
2174,"ReefCheck","Grecian Rocks Buoy G12","coordinates moved up one row (one-row offset)","25.110556 -80.303472","25.110278 -80.303611"
2175,"ReefCheck","Hens and Chickens","coordinates moved up one row (one-row offset)","25.110278 -80.303611","24.933889 -80.553056"
2176,"ReefCheck","Hens and Chickens Reef","coordinates moved up one row (one-row offset)","24.933889 -80.553056","24.870694 -80.547222"
2177,"ReefCheck","Hens and Chickens Reef 2","coordinates moved up one row (one-row offset)","24.870694 -80.547222","24.933972 -80.550067"
2178,"ReefCheck","Hobe Sound National Refuge and Marine Protected Area","coordinates moved up one row (one-row offset)","24.933972 -80.550067","27.111278 -80.117028"
2179,"ReefCheck","Honeycomb Reef","coordinates moved up one row (one-row offset)","27.111278 -80.117028","26.360694 -80.054861"
2180,"ReefCheck","Horseshoe","coordinates moved up one row (one-row offset)","26.360694 -80.054861","25.232778 -80.490278"
2181,"ReefCheck","Horseshoe Reef","coordinates moved up one row (one-row offset)","25.232778 -80.490278","26.271222 -80.070917"
2182,"ReefCheck","Horseshoe Reef 2","coordinates moved up one row (one-row offset)","26.271222 -80.070917","25.139361 -80.294028"
2183,"ReefCheck","Horseshoe Rocks","coordinates moved up one row (one-row offset)","25.139361 -80.294028","25.043778 -80.368556"
2184,"ReefCheck","Martin County MPA","coordinates moved up one row (one-row offset)","25.043778 -80.368556","27.121167 -80.127806"
2185,"ReefCheck","Mckays Reef","coordinates moved up one row (one-row offset)","27.121167 -80.127806","26.126694 -80.09425"
2186,"ReefCheck","Minnow Caves, Ball 2","coordinates moved up one row (one-row offset)","26.126694 -80.09425","25.216389 -80.489444"
2187,"ReefCheck","Molasses Reef","coordinates moved up one row (one-row offset)","25.216389 -80.489444","25.008222 -80.377778"
2188,"ReefCheck","Molasses Reef 2","coordinates moved up one row (one-row offset)","25.008222 -80.377778","25.009083 -80.37575"
2189,"ReefCheck","Molasses Reef 3","coordinates moved up one row (one-row offset)","25.009083 -80.37575","25.020278 -80.364444"
2190,"ReefCheck","Molasses Reef Site 2","coordinates moved up one row (one-row offset)","25.020278 -80.364444","25.020278 -80.364444"
2191,"ReefCheck","Molasses Reef/Eagle Ray Alley","coordinates moved up one row (one-row offset)","25.020278 -80.364444","25.008889 -80.373611"
2192,"ReefCheck","Molasses Winch Hole","coordinates moved up one row (one-row offset)","25.008889 -80.373611","25.009861 -80.374472"
2193,"ReefCheck","Mooring Balls Pompano Beach, Ball #29","coordinates moved up one row (one-row offset)","25.009861 -80.374472","26.226111 -80.091111"
2194,"ReefCheck","Newfound Harbor Spa","coordinates moved up one row (one-row offset)","26.226111 -80.091111","24.616389 -81.396667"
2195,"ReefCheck","Nine Foot Stake","coordinates moved up one row (one-row offset)","24.616389 -81.396667","24.4725 -81.764722"
2196,"ReefCheck","North North Dry Rocks","coordinates moved up one row (one-row offset)","24.4725 -81.764722","25.136639 -80.288861"
2197,"ReefCheck","Nursery","coordinates moved up one row (one-row offset)","25.136639 -80.288861","26.211 -80.084611"
2198,"ReefCheck","Pickles Reef","coordinates moved up one row (one-row offset)","26.211 -80.084611","24.99 -80.415278"
2199,"ReefCheck","Pleasure Reef","coordinates moved up one row (one-row offset)","24.99 -80.415278","24.906667 -80.511667"
2200,"ReefCheck","Pompano 3rd Reef into Razzle Dazzle Reef","coordinates moved up one row (one-row offset)","24.906667 -80.511667","26.260778 -80.086306"
2201,"ReefCheck","Pompano Mooring Balls, Ball #17","coordinates moved up one row (one-row offset)","26.260778 -80.086306","26.226111 -80.091111"
2202,"ReefCheck","Razzle Dazzle Reef","coordinates moved up one row (one-row offset)","26.226111 -80.091111","26.244889 -80.066639"
2203,"ReefCheck","Rock Key Spa","coordinates moved up one row (one-row offset)","26.244889 -80.066639","24.458056 -81.855833"
2204,"ReefCheck","Sanctuary Reef- Pompano Beach","coordinates moved up one row (one-row offset)","24.458056 -81.855833","26.302472 -80.060472"
2205,"ReefCheck","Sand Key","coordinates moved up one row (one-row offset)","26.302472 -80.060472","24.451944 -81.875556"
2206,"ReefCheck","Separated Reefs","coordinates moved up one row (one-row offset)","24.451944 -81.875556","26.323056 -80.068056"
2207,"ReefCheck","Sombrero Reef","coordinates moved up one row (one-row offset)","26.323056 -80.068056","24.625278 -81.11"
2208,"ReefCheck","Tennessee Reef","coordinates moved up one row (one-row offset)","24.625278 -81.11","24.743333 -80.7825"
2209,"ReefCheck","The Elbow","coordinates moved up one row (one-row offset)","24.743333 -80.7825","25.145833 -80.265"
2210,"ReefCheck","The Elbow 2","coordinates moved up one row (one-row offset)","25.145833 -80.265","25.142917 -80.258194"
2211,"ReefCheck","West Sambo A","coordinates moved up one row (one-row offset)","25.142917 -80.258194","24.479583 -81.716722"
2212,"ReefCheck","West Sambo B","coordinates moved up one row (one-row offset)","24.479583 -81.716722","24.480472 -81.712972"
2213,"ReefCheck","West Sambos Reef","coordinates moved up one row (one-row offset)","24.480472 -81.712972","24.479444 -81.717222"
2214,"ReefCheck","Western Sambos","coordinates moved up one row (one-row offset)","24.479444 -81.717222","24.554167 -81.681389"
2215,"ReefCheck","White Bank Dry Rocks","coordinates moved up one row (one-row offset)","24.554167 -81.681389","25.043778 -80.369472"
2216,"ReefCheck","Las Topias","coordinates moved up one row (one-row offset)","25.043778 -80.369472","10.555333 -67.495194"
2217,"ReefCheck","Apple Bay","coordinates moved up one row (one-row offset)","10.555333 -67.495194","18.4 -64.681667"
2218,"ReefCheck","Bronco Billy","coordinates moved up one row (one-row offset)","18.4 -64.681667","18.493333 -64.460278"
2219,"ReefCheck","Chromis Reef","coordinates moved up one row (one-row offset)","18.493333 -64.460278","18.373472 -64.510167"
2220,"ReefCheck","Coral Gardens 9","coordinates moved up one row (one-row offset)","18.373472 -64.510167","18.483333 -64.455"
2221,"ReefCheck","Diamond","coordinates moved up one row (one-row offset)","18.483333 -64.455","18.465278 -64.526111"
2222,"ReefCheck","Diamond Reef","coordinates moved up one row (one-row offset)","18.465278 -64.526111","18.771667 -64.878"
2223,"ReefCheck","Diamond Reef 2","coordinates moved up one row (one-row offset)","18.771667 -64.878","18.466667 -64.525"
2224,"ReefCheck","George Dog","coordinates moved up one row (one-row offset)","18.466667 -64.525","18.491667 -64.527222"
2225,"ReefCheck","George Dog ""Bronco Billy""","coordinates moved up one row (one-row offset)","18.491667 -64.527222","18.492222 -64.461389"
2226,"ReefCheck","George Dog Island","coordinates moved up one row (one-row offset)","18.492222 -64.461389","18.453611 -64.519722"
2227,"ReefCheck","Great Dog","coordinates moved up one row (one-row offset)","18.453611 -64.519722","18.479167 -64.455667"
2228,"ReefCheck","Green Cay","coordinates moved up one row (one-row offset)","18.479167 -64.455667","18.455 -64.708333"
2229,"ReefCheck","Pelican Island","coordinates moved up one row (one-row offset)","18.455 -64.708333","18.333333 -64.626667"
2230,"ReefCheck","Pelican Island 2","coordinates moved up one row (one-row offset)","18.333333 -64.626667","18.333333 -64.625"
2231,"ReefCheck","Pelican Island 3","coordinates moved up one row (one-row offset)","18.333333 -64.625","18.331667 -64.627333"
2232,"ReefCheck","Pelican Island 4","coordinates moved up one row (one-row offset)","18.331667 -64.627333","18.335 -64.626667"
2233,"ReefCheck","Spyglass","coordinates moved up one row (one-row offset)","18.335 -64.626667","18.332222 -64.600556"
2234,"ReefCheck","Spyglass 2","coordinates moved up one row (one-row offset)","18.332222 -64.600556","18.324611 -64.602694"
2235,"ReefCheck","Spyglass Reef","coordinates moved up one row (one-row offset)","18.324611 -64.602694","18.322028 -64.605167"
2236,"ReefCheck","The Bight","coordinates moved up one row (one-row offset)","18.322028 -64.605167","18.316667 -64.621667"
2237,"ReefCheck","West End Point","coordinates moved up one row (one-row offset)","18.316667 -64.621667","18.741667 -64.43"
2238,"ReefCheck","Buck Island Bay","coordinates moved up one row (one-row offset)","18.741667 -64.43","18.2805 -64.897"
2239,"ReefCheck","Buck Island Slope","coordinates moved up one row (one-row offset)","18.2805 -64.897","18.2785 -64.898333"
2240,"ReefCheck","Cane Bay","coordinates moved up one row (one-row offset)","18.2785 -64.898333","17.768583 -64.822083"
2241,"ReefCheck","Caneel Bay","coordinates moved up one row (one-row offset)","17.768583 -64.822083","18.338528 -64.785694"
2242,"ReefCheck","Cinnamon Bay","coordinates moved up one row (one-row offset)","18.338528 -64.785694","18.352722 -64.752806"
2243,"ReefCheck","Coculus Rocks","coordinates moved up one row (one-row offset)","18.352722 -64.752806","18.312806 -64.860444"
2244,"ReefCheck","Coki Beach","coordinates moved up one row (one-row offset)","18.312806 -64.860444","18.349556 -64.86575"
2245,"ReefCheck","Coki Point","coordinates moved up one row (one-row offset)","18.349556 -64.86575","18.335 -64.848611"
2246,"ReefCheck","Congo Cay","coordinates moved up one row (one-row offset)","18.335 -64.848611","18.366111 -64.808056"
2247,"ReefCheck","Coral World","coordinates moved up one row (one-row offset)","18.366111 -64.808056","18.350028 -64.86475"
2248,"ReefCheck","Grass Cay","coordinates moved up one row (one-row offset)","18.350028 -64.86475","18.357528 -64.831083"
2249,"ReefCheck","Great Bay","coordinates moved up one row (one-row offset)","18.357528 -64.831083","18.320861 -64.835611"
2250,"ReefCheck","Great Bay West Reef","coordinates moved up one row (one-row offset)","18.320861 -64.835611","18.322889 -64.835694"
2251,"ReefCheck","Great St James","coordinates moved up one row (one-row offset)","18.322889 -64.835694","18.303111 -64.838806"
2252,"ReefCheck","Greater Lameshur Bay","coordinates moved up one row (one-row offset)","18.303111 -64.838806","18.317722 -64.724417"
2253,"ReefCheck","Hawksnest Bay","coordinates moved up one row (one-row offset)","18.317722 -64.724417","18.3465 -64.781194"
2254,"ReefCheck","Little Lameshur Bay","coordinates moved up one row (one-row offset)","18.3465 -64.781194","18.319444 -64.725889"
2255,"ReefCheck","Maho Bay","coordinates moved up one row (one-row offset)","18.319444 -64.725889","18.358667 -64.744528"
2256,"ReefCheck","Salt Pond","coordinates moved up one row (one-row offset)","18.358667 -64.744528","18.000972 -64.722611"
2257,"ReefCheck","Salt Pond Bay","coordinates moved up one row (one-row offset)","18.000972 -64.722611","18.306917 -64.706694"
2258,"ReefCheck","Saltpond Bay","coordinates moved up one row (one-row offset)","18.306917 -64.706694","18.306333 -64.705639"
2259,"ReefCheck","Savana Island","coordinates moved up one row (one-row offset)","18.306333 -64.705639","18.340806 -65.082472"
2260,"ReefCheck","Trunk Bay","coordinates moved up one row (one-row offset)","18.340806 -65.082472","18.351667 -64.770028"
2261,"Univ.Andes","Aguas Calientes, plotMA1, AC","coordinates moved up one row (one-row offset)","18.351667 -64.770028","8.75 -71.5"
2262,"Univ.Andes","BACA-51162, Caparo","coordinates moved up one row (one-row offset)","8.75 -71.5","7.46 -71.01"
2263,"Univ.Andes","BACA-51284, Caparo","coordinates moved up one row (one-row offset)","7.46 -71.01","7.46 -71.01"
2264,"Univ.Andes","BACA-51294, Caparo","coordinates moved up one row (one-row offset)","7.46 -71.01","7.46 -71.01"
2265,"Univ.Andes","BACA-51367, Caparo","coordinates moved up one row (one-row offset)","7.46 -71.01","7.46 -71.01"
2266,"Univ.Andes","BACA-52301, Caparo","coordinates moved up one row (one-row offset)","7.46 -71.01","7.47 -71.02"
2267,"Univ.Andes","BACA-52312, Caparo","coordinates moved up one row (one-row offset)","7.47 -71.02","7.47 -71.02"
2268,"Univ.Andes","BACAI-01, El Caimital","coordinates moved up one row (one-row offset)","7.47 -71.02","8.7 -70.07"
2269,"Univ.Andes","BACAI-02, El Caimital","coordinates moved up one row (one-row offset)","8.7 -70.07","8.7 -70.07"
2270,"Univ.Andes","BACAI-03, El Caimital","coordinates moved up one row (one-row offset)","8.7 -70.07","8.7 -70.07"
2271,"Univ.Andes","BACAI-04, El Caimital","coordinates moved up one row (one-row offset)","8.7 -70.07","8.7 -70.07"
2272,"Univ.Andes","BACAI-05, El Caimital","coordinates moved up one row (one-row offset)","8.7 -70.07","8.72 -70.08"
2273,"Univ.Andes","BACAI-06, El Caimital","coordinates moved up one row (one-row offset)","8.72 -70.08","8.72 -70.08"
2274,"Univ.Andes","Cano Tigre T2","coordinates moved up one row (one-row offset)","8.72 -70.08","8.44 -71.77"
2275,"Univ.Andes","Cano Tigre T3","coordinates moved up one row (one-row offset)","8.44 -71.77","8.44 -71.77"
2276,"Univ.Andes","Carbonera, plotMC5, CR","coordinates moved up one row (one-row offset)","8.44 -71.77","8.58 -71.42"
2277,"Univ.Andes","ANCLA-03, Clarines","coordinates moved up one row (one-row offset)","8.58 -71.42","10.01 -65.32"
2278,"Univ.Andes","ANCLA-04, Clarines","coordinates moved up one row (one-row offset)","10.01 -65.32","10.01 -65.32"
2279,"Univ.Andes","Cano Rosalba Z-1","coordinates moved up one row (one-row offset)","10.01 -65.32","8.83 -71.86"
2280,"Univ.Andes","El Dorado, km93, plotG1, ED1","coordinates moved up one row (one-row offset)","8.83 -71.86","6.11 -61.41"
2281,"Univ.Andes","El Dorado, km93, plotG2, ED1","coordinates moved up one row (one-row offset)","6.11 -61.41","6.11 -61.41"
2282,"Univ.Andes","El Dorado, km98, plotG3, ED2","coordinates moved up one row (one-row offset)","6.11 -61.41","6.09 -61.4"
2283,"Univ.Andes","El Dorado, km98, plotG4, ED2","coordinates moved up one row (one-row offset)","6.09 -61.4","6.09 -61.35"
2284,"Univ.Andes","Emallca C9 1T","coordinates moved up one row (one-row offset)","6.09 -61.35","8.01 -70.55"
2285,"Univ.Andes","Emallca C9 2T","coordinates moved up one row (one-row offset)","8.01 -70.55","8.01 -70.55"
2286,"Univ.Andes","Emallca C9 T3","coordinates moved up one row (one-row offset)","8.01 -70.55","8.01 -70.55"
2287,"Univ.Andes","Hato Bolivia ME6","coordinates moved up one row (one-row offset)","8.01 -70.55","8.71 -71.45"
2288,"Univ.Andes","Hacienda Cucuchica MT1","coordinates moved up one row (one-row offset)","8.71 -71.45","8.36 -71.69"
2289,"Univ.Andes","Rio Grande, plotDA1, RG","coordinates moved up one row (one-row offset)","8.36 -71.69","8.11 -61.69"
2290,"Univ.Andes","Rio Grande, plotDA2, RG","coordinates moved up one row (one-row offset)","8.11 -61.69","8.11 -61.69"
2291,"Univ.Andes","Sabana Redonda A2","coordinates moved up one row (one-row offset)","8.11 -61.69","9.99 -65.28"
2292,"Univ.Andes","MESE-01, San Eusebio","coordinates moved up one row (one-row offset)","9.99 -65.28","8.66 -71.4"
2293,"Univ.Andes","MESE-02, San Eusebio","coordinates moved up one row (one-row offset)","8.66 -71.4","8.62 -71.14"
2294,"Univ.Andes","MESE-03, San Eusebio","coordinates moved up one row (one-row offset)","8.62 -71.14","8.64 -71.41"
2295,"Univ.Andes","MESE-04, San Eusebio","coordinates moved up one row (one-row offset)","8.64 -71.41","8.64 -71.41"
2296,"Univ.Andes","MESE-05, San Eusebio","coordinates moved up one row (one-row offset)","8.64 -71.41","8.64 -71.4"
2297,"Univ.Andes","MESE-06, San Eusebio","coordinates moved up one row (one-row offset)","8.64 -71.4","8.63 -71.4"
2298,"OPWALL-ECU-T","Ecuador Transect 1","coordinates moved up one row (one-row offset)","8.63 -71.4","-0.449806 -76.301959"
2299,"OPWALL-ECU-T","Ecuador Transect 2","coordinates moved up one row (one-row offset)","-0.449806 -76.301959","-0.431339 -76.314589"
2300,"OPWALL-ECU-T","Ecuador Transect 3","coordinates moved up one row (one-row offset)","-0.431339 -76.314589","-0.4389 -76.306396"
2301,"OPWALL-ECU-T","Ecuador Transect 4","coordinates moved up one row (one-row offset)","-0.4389 -76.306396","-0.440654 -76.295777"
2302,"OPWALL-ECU-T","Ecuador Transect 5","coordinates moved up one row (one-row offset)","-0.440654 -76.295777","-0.427675 -76.292279"
2303,"OPWALL-ECU-T","Ecuador Transect 6","coordinates moved up one row (one-row offset)","-0.427675 -76.292279","-0.45051 -76.301848"
2304,"OPWALL-ECU-T","Ecuador Transect 7","coordinates moved up one row (one-row offset)","-0.45051 -76.301848","-0.443602 -76.306491"
2305,"DinamicPlant","Bosque tropical caducifolio de Tziritzícuaro","coordinates moved up one row (one-row offset)","-0.443602 -76.306491","19.01888 -102.00051"
2306,"DinamicPlant","Bosque tropical caducifolio de Tziritzícuaro","coordinates moved up one row (one-row offset)","19.01888 -102.00051","19.01888 -102.00051"
2307,"DinamicPlant","Parque Nacional Barranca del Cupaitizio","coordinates moved up one row (one-row offset)","19.01888 -102.00051","19.429417 -102.104317"
2308,"GLORIA-Andes","Sierra de La Culata, Páramo de Piedras Blancas","coordinates moved up one row (one-row offset)","19.429417 -102.104317","8.812243 -71.036514"
2309,"GLORIA-Andes","Sierra Nevada, Páramo de Gavidia","coordinates moved up one row (one-row offset)","8.812243 -71.036514","8.624588 -70.928612"
2310,"GLORIA-Andes","Parque Nacional Natural Cocuy","coordinates moved up one row (one-row offset)","8.624588 -70.928612","6.36142 -72.350514"
2311,"GLORIA-Andes","Reserva Ecológica El Ángel","coordinates moved up one row (one-row offset)","6.36142 -72.350514","0.729956 -77.9241"
2312,"GLORIA-Andes","Complejo Volcánico Pichincha","coordinates moved up one row (one-row offset)","0.729956 -77.9241","-0.141952 -78.581892"
2313,"GLORIA-Andes","Reserva Ecológica Antisana","coordinates moved up one row (one-row offset)","-0.141952 -78.581892","-0.465608 -78.204474"
2314,"GLORIA-Andes","El Altar","coordinates moved up one row (one-row offset)","-0.465608 -78.204474","-1.68777 -78.4436"
2315,"GLORIA-Andes","Parque Nacional Podocarpus","coordinates moved up one row (one-row offset)","-1.68777 -78.4436","-4.10313 -79.16"
2316,"GLORIA-Andes","Páramos de Pacaipampa","coordinates moved up one row (one-row offset)","-4.10313 -79.16","-4.938418 -79.486518"
2317,"GLORIA-Andes","Cordillera de Vilcanota - Laguna de Sibinacocha","coordinates moved up one row (one-row offset)","-4.938418 -79.486518","-13.761752 -71.082622"
2318,"GLORIA-Andes","Área Natural de Manejo Integrado Apolobamba","coordinates moved up one row (one-row offset)","-13.761752 -71.082622","-15.025133 -69.1996"
2319,"GLORIA-Andes","Parque Nacional Tuni Condoriri","coordinates moved up one row (one-row offset)","-15.025133 -69.1996","-16.230806 -68.258139"
2320,"GLORIA-Andes","Parque Nacional Sajama","coordinates moved up one row (one-row offset)","-16.230806 -68.258139","-18.150729 -68.880552"
2321,"GLORIA-Andes","Monumento Natural Abra del Acay","coordinates moved up one row (one-row offset)","-18.150729 -68.880552","-26.62843 -65.726785"
2322,"GLORIA-Andes","Parque Provincial Cumbres Calchaquíes","coordinates moved up one row (one-row offset)","-26.62843 -65.726785","-24.423714 -66.248477"
2323,"GLORIA-Andes","Sierra de Famatina","coordinates moved up one row (one-row offset)","-24.423714 -66.248477","-28.855263 -67.687309"
2324,"GLORIA-Andes","Santa Cruz","coordinates moved up one row (one-row offset)","-28.855263 -67.687309","-49.767302 -72.521677"
2325,"GLORIA-Andes","Tierra del Fuego","coordinates moved up one row (one-row offset)","-49.767302 -72.521677","-54.660648 -67.7601"
2326,"GLORIA-Andes","Parque Nacional Río Clarillo","coordinates moved up one row (one-row offset)","-54.660648 -67.7601","-33.8183 -70.4693"
2327,"SINCHI","Caruru 1","coordinates moved up one row (one-row offset)","-33.8183 -70.4693","0.9216361111 -71.110475"
2328,"SINCHI","Caruru 2","coordinates moved up one row (one-row offset)","0.9216361111 -71.110475","0.9362777778 -71.10046944"
2329,"SINCHI","Carrizal","coordinates moved up one row (one-row offset)","0.9362777778 -71.10046944","3.930611111 -68.12591667"
2330,"SINCHI","Chorrera 1","coordinates moved up one row (one-row offset)","3.930611111 -68.12591667","-1.415677813 -72.76460617"
2331,"SINCHI","Chorrera 2","coordinates moved up one row (one-row offset)","-1.415677813 -72.76460617","-1.425824471 -72.76165102"
2332,"SINCHI","Caño Jota 1","coordinates moved up one row (one-row offset)","-1.425824471 -72.76165102","3.638555556 -68.123"
2333,"SINCHI","Caño Jota 2","coordinates moved up one row (one-row offset)","3.638555556 -68.123","3.632166667 -68.12488889"
2334,"SINCHI","Morelia","coordinates moved up one row (one-row offset)","3.632166667 -68.12488889","1.400830556 -75.73030556"
2335,"SINCHI","La Fuga","coordinates moved up one row (one-row offset)","1.400830556 -75.73030556","2.761833333 -72.28883333"
2336,"SINCHI","Guacamayas","coordinates moved up one row (one-row offset)","2.761833333 -72.28883333","2.345833333 -74.90322222"
2337,"SINCHI","Itarca","coordinates moved up one row (one-row offset)","2.345833333 -74.90322222","1.542308127 -75.47402305"
2338,"SINCHI","Lindosa 1","coordinates moved up one row (one-row offset)","1.542308127 -75.47402305","2.489388889 -72.63827778"
2339,"SINCHI","Lindosa 2","coordinates moved up one row (one-row offset)","2.489388889 -72.63827778","2.522472222 -72.80844444"
2340,"SINCHI","Macaquiño 1","coordinates moved up one row (one-row offset)","2.522472222 -72.80844444","1.268722222 -70.12219444"
2341,"SINCHI","Macaquiño 2","coordinates moved up one row (one-row offset)","1.268722222 -70.12219444","1.268361111 -70.10763889"
2342,"SINCHI","Mosquito","coordinates moved up one row (one-row offset)","1.268361111 -70.10763889","2.56775 -72.67188889"
2343,"SINCHI","Mocoa","coordinates moved up one row (one-row offset)","2.56775 -72.67188889","1.150555556 -76.6275"
2344,"SINCHI","Mitú","coordinates moved up one row (one-row offset)","1.150555556 -76.6275","1.214089416 -70.24852334"
2345,"SINCHI","La Paya 1","coordinates moved up one row (one-row offset)","1.214089416 -70.24852334","-0.01427777778 -74.95458333"
2346,"SINCHI","La Paya 2","coordinates moved up one row (one-row offset)","-0.01427777778 -74.95458333","-0.01247222222 -74.953"
2347,"SINCHI","Pure 1","coordinates moved up one row (one-row offset)","-0.01247222222 -74.953","-1.595972222 -69.50447222"
2348,"SINCHI","Pure 2","coordinates moved up one row (one-row offset)","-1.595972222 -69.50447222","-1.590083333 -69.47019444"
2349,"SINCHI","Villazul","coordinates moved up one row (one-row offset)","-1.590083333 -69.47019444","-0.5635277778 -72.11644444"
2350,"SINCHI","Orito","coordinates moved up one row (one-row offset)","-0.5635277778 -72.11644444","0.6943583333 -77.06302778"
2351,"SINCHI","Tarapaca 3","coordinates moved up one row (one-row offset)","0.6943583333 -77.06302778","-2.513111 -70.195694"
2352,"SINCHI","Tarapaca 1","coordinates moved up one row (one-row offset)","-2.513111 -70.195694","-2.537389 -70.17052778"
2353,"SINCHI","Tarapaca 4","coordinates moved up one row (one-row offset)","-2.537389 -70.17052778","-2.558222 -70.174611"
2354,"SINCHI","Tarapaca 2","coordinates moved up one row (one-row offset)","-2.558222 -70.174611","-2.521472 -70.185167"
2355,"SINCHI","Tarapaca 5","coordinates moved up one row (one-row offset)","-2.521472 -70.185167","-2.544583 -70.200194"
2356,"SINCHI","El Trueno","coordinates moved up one row (one-row offset)","-2.544583 -70.200194","2.371349905 -72.63766121"
2357,"SINCHI","Vitina nuevo","coordinates moved up one row (one-row offset)","2.371349905 -72.63766121","3.814444444 -67.81616667"
2358,"SINCHI","Vitina 3","coordinates moved up one row (one-row offset)","3.814444444 -67.81616667","3.791105556 -67.8206"
2359,"SINCHI","Mocoa","coordinates moved up one row (one-row offset)","3.791105556 -67.8206","1.150802029 -76.62341997"
2360,"SINCHI","Bella Vista","coordinates moved up one row (one-row offset)","1.150802029 -76.62341997","1.320722222 -76.00555556"
2361,"BAMGES","Alcoprado","coordinates moved up one row (one-row offset)","1.320722222 -76.00555556","-17.2529 -39.7088"
2362,"BAMGES","Bloco 2","coordinates moved up one row (one-row offset)","-17.2529 -39.7088","-17.668 -39.3681"
2363,"BAMGES","Bloco 5","coordinates moved up one row (one-row offset)","-17.668 -39.3681","-17.6684 -39.4862"
2364,"BAMGES","Bloco 9 III, IV, V","coordinates moved up one row (one-row offset)","-17.6684 -39.4862","-17.7898 -39.4098"
2365,"BAMGES","Bloco 43CB","coordinates moved up one row (one-row offset)","-17.7898 -39.4098","-18.2762 -39.7933"
2366,"BAMGES","Brasília","coordinates moved up one row (one-row offset)","-18.2762 -39.7933","-17.5813 -40.6342"
2367,"BAMGES","Complexo Aparaju","coordinates moved up one row (one-row offset)","-17.5813 -40.6342","-17.6394 -39.3013"
2368,"BAMGES","Complexo Rio Itanhetinga","coordinates moved up one row (one-row offset)","-17.6394 -39.3013","-17.359 -39.2737"
2369,"BAMGES","Complexo RPPN Mutum Preto e Recanto das Antas","coordinates moved up one row (one-row offset)","-17.359 -39.2737","-19.0581 -39.9844"
2370,"BAMGES","Agril","coordinates moved up one row (one-row offset)","-19.0581 -39.9844","-19.5807 -39.9967"
2371,"BAMGES","Panorama","coordinates moved up one row (one-row offset)","-19.5807 -39.9967","-17.9361 -40.4277"
2372,"BAMGES","RPPN Restinga Aracruz","coordinates moved up one row (one-row offset)","-17.9361 -40.4277","-19.7002 -39.9881"
2373,"BAMGES","RPPN Estação Veracel","coordinates moved up one row (one-row offset)","-19.7002 -39.9881","-16.3863 -39.1651"
2374,"BAMGES","Imbiriba","coordinates moved up one row (one-row offset)","-16.3863 -39.1651","-16.4501 -39.2506"
2375,"BAMGES","Ipê","coordinates moved up one row (one-row offset)","-16.4501 -39.2506","-16.074 -39.3428"
2376,"BAMGES","RPPN Santa Luzia","coordinates moved up one row (one-row offset)","-16.074 -39.3428","-15.9117 -39.0059"
2377,"BAMGES","Santa Maria","coordinates moved up one row (one-row offset)","-15.9117 -39.0059","-16.5005 -39.3463"
2378,"BAMGES","Sucupira","coordinates moved up one row (one-row offset)","-16.5005 -39.3463","-16.2447 -39.2888"
2379,"BAMGES","Taquara","coordinates moved up one row (one-row offset)","-16.2447 -39.2888","-15.9911 -39.3798"
2380,"BAMGES","Água Vermelha","coordinates moved up one row (one-row offset)","-15.9911 -39.3798","-18.2173 -39.7267"
2381,"BAMGES","Bloco 9 I e II","coordinates moved up one row (one-row offset)","-18.2173 -39.7267","-17.8133 -39.5201"
2382,"BAMGES","Bloco 34","coordinates moved up one row (one-row offset)","-17.8133 -39.5201","-17.9488 -39.6918"
2383,"BAMGES","Bloco 48","coordinates moved up one row (one-row offset)","-17.9488 -39.6918","-17.4317 -39.3727"
2384,"BAMGES","Bloco G8","coordinates moved up one row (one-row offset)","-17.4317 -39.3727","-18.3404 -39.8009"
2385,"BAMGES","Fábrica","coordinates moved up one row (one-row offset)","-18.3404 -39.8009","-17.9999 -39.9878"
2386,"BAMGES","Santa Helena","coordinates moved up one row (one-row offset)","-17.9999 -39.9878","-18.3548 -39.7173"
2387,"Bio.M.A.","Parque Nacional da Serra dos Órgãos - Garrafão - GA","coordinates moved up one row (one-row offset)","-18.3548 -39.7173","-22.470494 -42.997641"
2388,"Bio.M.A.","Parque Nacional da Serra dos Órgãos - Garrafão - GB","coordinates moved up one row (one-row offset)","-22.470494 -42.997641","-22.474722 -42.985556"
2389,"Bio.M.A.","Parque Nacional da Serra dos Órgãos - Garrafão - GC","coordinates moved up one row (one-row offset)","-22.474722 -42.985556","-22.479444 -42.989444"
2390,"Bio.M.A.","Parque Nacional da Serra dos Órgãos - Rancho-Frio","coordinates moved up one row (one-row offset)","-22.479444 -42.989444","-22.458056 -43.003889"
2391,"DryFlor_Brazil","Fragmento Funil","coordinates moved up one row (one-row offset)","-22.458056 -43.003889","-21.55213889 -41.20106389"
2392,"DryFlor_Brazil","Fragmento Imburi","coordinates moved up one row (one-row offset)","-21.55213889 -41.20106389","-21.32547222 -41.1"
2393,"DryFlor_Brazil","Fragmento Palmeiras","coordinates moved up one row (one-row offset)","-21.32547222 -41.1","-21.29686111 -41.09033333"
2394,"DryFlor_Brazil","Fragmento Santana","coordinates moved up one row (one-row offset)","-21.29686111 -41.09033333","-21.33575 -41.13841667"
2395,"DryFlor_Brazil","Fragmento Santo Antônio","coordinates moved up one row (one-row offset)","-21.33575 -41.13841667","-21.32213889 -41.11980556"
2396,"DryFlor_Brazil","Estação Ecológica Estadual de Guaxindiba","coordinates moved up one row (one-row offset)","-21.32213889 -41.11980556","-21.35802222 -41.094525"
2397,"DryFlor_Brazil","ANDORINHA","coordinates moved up one row (one-row offset)","-21.35802222 -41.094525","-22.63 -42.46"
2398,"DryFlor_Brazil","AFETIVA","coordinates moved up one row (one-row offset)","-22.63 -42.46","-22.63 -42.47"
2399,"DryFlor_Brazil","FAZENDA BOA ESPERANÇA","coordinates moved up one row (one-row offset)","-22.63 -42.47","-22.65 -42.44"
2400,"DryFlor_Brazil","Camacho","coordinates moved up one row (one-row offset)","-22.65 -42.44","-21.41 -41.92"
2401,"DryFlor_Brazil","Cambiocó","coordinates moved up one row (one-row offset)","-21.41 -41.92","-21.39 -41.93"
2402,"DryFlor_Brazil","Sítio Emboque","coordinates moved up one row (one-row offset)","-21.39 -41.93","-21.37 -41.92"
2403,"DryFlor_Brazil","ESTREITO","coordinates moved up one row (one-row offset)","-21.37 -41.92","-22.62 -42.45"
2404,"DryFlor_Brazil","Fazenda Monte Alegre","coordinates moved up one row (one-row offset)","-22.62 -42.45","-21.05 -42.05"
2405,"DryFlor_Brazil","Fazenda Nestoda","coordinates moved up one row (one-row offset)","-21.05 -42.05","-21 -41.94"
2406,"DryFlor_Brazil","Fazenda Vermelho","coordinates moved up one row (one-row offset)","-21 -41.94","-21.61 -41.5"
2407,"DryFlor_Brazil","Mata do Mergulhão","coordinates moved up one row (one-row offset)","-21.61 -41.5","-21.78 -41.26"
2408,"DryFlor_Brazil","Mata da Torre","coordinates moved up one row (one-row offset)","-21.78 -41.26","-21.03 -41.97"
2409,"DryFlor_Brazil","Pedreira Iterere","coordinates moved up one row (one-row offset)","-21.03 -41.97","-21.68 -41.52"
2410,"DryFlor_Brazil","Fazenda Prosperidade fragmento I","coordinates moved up one row (one-row offset)","-21.68 -41.52","-21.4 -42.03"
2411,"DryFlor_Brazil","Fazenda Prosperidade II fragmento","coordinates moved up one row (one-row offset)","-21.4 -42.03","-21.41 -42.04"
2412,"DryFlor_Brazil","RESERVA BIOLOGICA UNIÃO","coordinates moved up one row (one-row offset)","-21.41 -42.04","-22.43 -42.02"
2413,"DryFlor_Brazil","RIO VERMELHO 1","coordinates moved up one row (one-row offset)","-22.43 -42.02","-22.72 -42.57"
2414,"DryFlor_Brazil","RIO VERMELHO 2","coordinates moved up one row (one-row offset)","-22.72 -42.57","-22.72 -42.57"
2415,"DryFlor_Brazil","SÍTIO DO PROFESSOR","coordinates moved up one row (one-row offset)","-22.72 -42.57","-22.61 -42.47"
2416,"DryFlor_Brazil","Tingua Interior 1","coordinates moved up one row (one-row offset)","-22.61 -42.47","-22.55 -43.46"
2417,"DryFlor_Brazil","Tingua interior 2","coordinates moved up one row (one-row offset)","-22.55 -43.46","-22.54 -43.43"
2418,"DryFlor_Brazil","Tingua orbell 1","coordinates moved up one row (one-row offset)","-22.54 -43.43","-22.57 -43.47"
2419,"DryFlor_Brazil","Tingua orbell 2","coordinates moved up one row (one-row offset)","-22.57 -43.47","-22.54 -43.43"
2420,"DryFlor_Brazil","Quijingue_Bahia","coordinates moved up one row (one-row offset)","-22.54 -43.43","-10.74 -39.25"
2421,"DryFlor_Brazil","Usina Sapucaia","coordinates moved up one row (one-row offset)","-10.74 -39.25","-21.65 -41.47"
2422,"DryFlor_Brazil","VENDAVAL","coordinates moved up one row (one-row offset)","-21.65 -41.47","-22.65 -42.46"
2423,"e-Phenology/LTER-CRSC","Parque Nacional da Serra do Cipó_Rio Cipó","coordinates moved up one row (one-row offset)","-22.65 -42.46","-19.35916667 -43.60805556"
2424,"e-Phenology/LTER-CRSC","Quadrante 16","coordinates moved up one row (one-row offset)","-19.35916667 -43.60805556","-19.29666667 -43.59083333"
2425,"e-Phenology/LTER-CRSC","Quadrante 16_2","coordinates moved up one row (one-row offset)","-19.29666667 -43.59083333","-19.29666667 -43.59083333"
2426,"e-Phenology/LTER-CRSC","Pedra do Elefante","coordinates moved up one row (one-row offset)","-19.29666667 -43.59083333","-19.29416667 -43.55527778"
2427,"e-Phenology/LTER-CRSC","Reserva Vellozia#1","coordinates moved up one row (one-row offset)","-19.29416667 -43.55527778","-19.28083333 -43.59416667"
2428,"e-Phenology/LTER-CRSC","Reserva Vellozia#2_torre","coordinates moved up one row (one-row offset)","-19.28083333 -43.59416667","-19.28138889 -43.59182778"
2429,"e-Phenology/LTER-CRSC","Parque Nacional da Serra do Cipó_Alto Palácio","coordinates moved up one row (one-row offset)","-19.28138889 -43.59182778","-19.26833333 -43.535"
2430,"e-Phenology/LTER-CRSC","Cedro Cachoeira Indústria Têxtil","coordinates moved up one row (one-row offset)","-19.26833333 -43.535","-19.23277778 -43.57916667"
2431,"e-Phenology/LTER-CRSC","Serra Morena","coordinates moved up one row (one-row offset)","-19.23277778 -43.57916667","-19.26200556 -43.41940556"
2432,"e-Phenology/LTER-CRSC","Cedro_Usina","coordinates moved up one row (one-row offset)","-19.26200556 -43.41940556","-19.27020556 -43.60596667"
2433,"PELD-BSFU","Fiocruz Mata Atlântica - Peridomicílio","coordinates moved up one row (one-row offset)","-19.27020556 -43.60596667","-22.936163 -43.401691"
2434,"PELD-BSFU","Fiocruz Mata Atlântica - Transição","coordinates moved up one row (one-row offset)","-22.936163 -43.401691","-22.941523 -43.410267"
2435,"PELD-BSFU","Fiocruz Mata Atlântica - Proteção Integral","coordinates moved up one row (one-row offset)","-22.941523 -43.410267","-22.945681 -43.418751"
2436,"PELD-BSFU","Fiocruz Mata Atlântica - Proteção Integral","coordinates moved up one row (one-row offset)","-22.945681 -43.418751","-22.945681 -43.418751"
2437,"PELD-BSFU","Fiocruz Mata Atlântica - Proteção Integral","coordinates moved up one row (one-row offset)","-22.945681 -43.418751","-22.950594 -43.427017"
2438,"PELD-BSFU","Fiocruz Mata Atlântica - Proteção Integral","coordinates moved up one row (one-row offset)","-22.950594 -43.427017","-22.950594 -43.427017"
2439,"Garrafão","Parque Nacional da Serra dos Órgãos - Garrafão - GA","coordinates moved up one row (one-row offset)","-22.950594 -43.427017","-22.945681 -43.418751"
2440,"Garrafão","Parque Nacional da Serra dos Órgãos - Garrafão - GB","coordinates moved up one row (one-row offset)","-22.945681 -43.418751","-22.945681 -43.418751"
2441,"Garrafão","Parque Nacional da Serra dos Órgãos - Garrafão - GC","coordinates moved up one row (one-row offset)","-22.945681 -43.418751","-22.950594 -43.427017"
2442,"GMSM","GMSM01","coordinates moved up one row (one-row offset)","-22.950594 -43.427017","-24.592088 -48.557297"
2443,"GMSM","GMSM02","coordinates moved up one row (one-row offset)","-24.592088 -48.557297","-25.71561 -48.655328"
2444,"GMSM","GMSM03","coordinates moved up one row (one-row offset)","-25.71561 -48.655328","-24.120067 -47.571067"
2445,"GMSM","GMSM04","coordinates moved up one row (one-row offset)","-24.120067 -47.571067","-24.05049 -47.39678"
2446,"GMSM","GMSM05","coordinates moved up one row (one-row offset)","-24.05049 -47.39678","-24.277467 -47.54348"
2447,"GMSM","GMSM06","coordinates moved up one row (one-row offset)","-24.277467 -47.54348","-24.615022 -48.347995"
2448,"GMSM","GMSM07","coordinates moved up one row (one-row offset)","-24.615022 -48.347995","-23.94547 -47.168762"
2449,"GMSM","GMSM08","coordinates moved up one row (one-row offset)","-23.94547 -47.168762","-25.092823 -47.979195"
2450,"GMSM","GMSM09","coordinates moved up one row (one-row offset)","-25.092823 -47.979195","-24.443507 -48.573817"
2451,"GMSM","GMSM10","coordinates moved up one row (one-row offset)","-24.443507 -48.573817","-24.383102 -48.642269"
2452,"GMSM","GMSM11","coordinates moved up one row (one-row offset)","-24.383102 -48.642269","-25.79633 -48.922"
2453,"GMSM","GMSM12","coordinates moved up one row (one-row offset)","-25.79633 -48.922","-24.862717 -48.720427"
2454,"GMSM","GMSM13","coordinates moved up one row (one-row offset)","-24.862717 -48.720427","-24.057903 -47.98228"
2455,"GMSM","GMSM14","coordinates moved up one row (one-row offset)","-24.057903 -47.98228","-25.301737 -48.55605"
2456,"GMSM","GMSM15","coordinates moved up one row (one-row offset)","-25.301737 -48.55605","-24.104072 -47.599957"
2457,"GMSM","GMSM16","coordinates moved up one row (one-row offset)","-24.104072 -47.599957","-25.106311 -48.435969"
2458,"GMSM","GMSM17","coordinates moved up one row (one-row offset)","-25.106311 -48.435969","-24.303555 -48.27481"
2459,"GMSM","GMSM18","coordinates moved up one row (one-row offset)","-24.303555 -48.27481","-25.081012 -47.92605"
2460,"GMSM","GMSM19","coordinates moved up one row (one-row offset)","-25.081012 -47.92605","-24.593263 -48.31906"
2461,"GMSM","GMSM20","coordinates moved up one row (one-row offset)","-24.593263 -48.31906","-24.581263 -48.784558"
2462,"GMSM","GMSM21","coordinates moved up one row (one-row offset)","-24.581263 -48.784558","-25.1757 -48.690215"
2463,"GMSM","GMSM22","coordinates moved up one row (one-row offset)","-25.1757 -48.690215","-24.018607 -47.485822"
2464,"GMSM","GMSM23","coordinates moved up one row (one-row offset)","-24.018607 -47.485822","-25.85232 -48.933713"
2465,"GMSM","GMSM24","coordinates moved up one row (one-row offset)","-25.85232 -48.933713","-24.818962 -48.633584"
2466,"GMSM","GMSM25","coordinates moved up one row (one-row offset)","-24.818962 -48.633584","-24.019008 -47.81007"
2467,"GMSM","GMSM26","coordinates moved up one row (one-row offset)","-24.019008 -47.81007","-25.72075 -48.91223"
2468,"GMSM","GMSM27","coordinates moved up one row (one-row offset)","-25.72075 -48.91223","-24.462975 -48.745412"
2469,"GMSM","GMSM28","coordinates moved up one row (one-row offset)","-24.462975 -48.745412","-24.980218 -48.266823"
2470,"GMSM","GMSM29","coordinates moved up one row (one-row offset)","-24.980218 -48.266823","-24.45417 -48.676905"
2471,"GMSM","GMSM30","coordinates moved up one row (one-row offset)","-24.45417 -48.676905","-25.14687 -48.30307"
2472,"GMSM","GMSM31","coordinates moved up one row (one-row offset)","-25.14687 -48.30307","-25.75112 -48.85269"
2473,"GMSM","GMSM32","coordinates moved up one row (one-row offset)","-25.75112 -48.85269","-24.840841 -48.6773"
2474,"GMSM","GMSM33","coordinates moved up one row (one-row offset)","-24.840841 -48.6773","-25.1106 -48.0943"
2475,"GMSM","GMSM34","coordinates moved up one row (one-row offset)","-25.1106 -48.0943","-25.1819 -48.3249"
2476,"GMSM","GMSM35","coordinates moved up one row (one-row offset)","-25.1819 -48.3249","-25.125012 -48.646132"
2477,"GMSM","GMSM36","coordinates moved up one row (one-row offset)","-25.125012 -48.646132","-24.170713 -48.276468"
2478,"GMSM","GMSM37","coordinates moved up one row (one-row offset)","-24.170713 -48.276468","-25.11284 -48.608059"
2479,"GMSM","GMSM38","coordinates moved up one row (one-row offset)","-25.11284 -48.608059","-25.211324 -48.525976"
2480,"GMSM","GMSM39","coordinates moved up one row (one-row offset)","-25.211324 -48.525976","-25.150976 -48.419378"
2481,"GMSM","GMSM40","coordinates moved up one row (one-row offset)","-25.150976 -48.419378","-24.032991 -47.591339"
2482,"GMSM","GMSM41","coordinates moved up one row (one-row offset)","-24.032991 -47.591339","-25.277798 -48.636505"
2483,"GMSM","GMSM42","coordinates moved up one row (one-row offset)","-25.277798 -48.636505","-24.436772 -48.584025"
2484,"GMSM","GMSM43","coordinates moved up one row (one-row offset)","-24.436772 -48.584025","-24.94453 -47.989609"
2485,"GMSM","GMSM44","coordinates moved up one row (one-row offset)","-24.94453 -47.989609","-24.021527 -47.451708"
2486,"GMSM","GMSM45","coordinates moved up one row (one-row offset)","-24.021527 -47.451708","-24.28398 -47.59488"
2487,"GMSM","GMSM46","coordinates moved up one row (one-row offset)","-24.28398 -47.59488","-24.029892 -47.637267"
2488,"GMSM","GMSM47","coordinates moved up one row (one-row offset)","-24.029892 -47.637267","-24.217955 -48.058185"
2489,"GMSM","GMSM48","coordinates moved up one row (one-row offset)","-24.217955 -48.058185","-25.646416 -48.906492"
2490,"GMSM","GMSM49","coordinates moved up one row (one-row offset)","-25.646416 -48.906492","-25.33406 -48.887892"
2491,"GMSM","GMSM50","coordinates moved up one row (one-row offset)","-25.33406 -48.887892","-24.52821 -48.691095"
2492,"GMSM","GMSM51","coordinates moved up one row (one-row offset)","-24.52821 -48.691095","-25.210092 -48.637387"
2493,"GMSM","GMSM52","coordinates moved up one row (one-row offset)","-25.210092 -48.637387","-24.551883 -48.793217"
2494,"GMSM","GMSM53","coordinates moved up one row (one-row offset)","-24.551883 -48.793217","-25.38443 -48.87043"
2495,"GMSM","GMSM54","coordinates moved up one row (one-row offset)","-25.38443 -48.87043","-23.860987 -47.311513"
2496,"GMSM","GMSM55","coordinates moved up one row (one-row offset)","-23.860987 -47.311513","-24.080593 -47.879643"
2497,"GMSM","GMSM56","coordinates moved up one row (one-row offset)","-24.080593 -47.879643","-25.721838 -48.605284"
2498,"GMSM","GMSM57","coordinates moved up one row (one-row offset)","-25.721838 -48.605284","-25.671045 -48.993196"
2499,"GMSM","GMSM58","coordinates moved up one row (one-row offset)","-25.671045 -48.993196","-24.996866 -48.4181"
2500,"GMSM","GMSM59","coordinates moved up one row (one-row offset)","-24.996866 -48.4181","-24.472795 -48.456002"
2501,"GMSM","GMSM60","coordinates moved up one row (one-row offset)","-24.472795 -48.456002","-24.17352 -47.964383"
2502,"IFFSC","Unidade Amostral Floresta 1","coordinates moved up one row (one-row offset)","-24.17352 -47.964383","-29.249849 -50.129826"
2503,"IFFSC","Unidade Amostral Floresta 4","coordinates moved up one row (one-row offset)","-29.249849 -50.129826","-29.159473 -49.952371"
2504,"IFFSC","Unidade Amostral Floresta 10","coordinates moved up one row (one-row offset)","-29.159473 -49.952371","-29.070014 -49.86003"
2505,"IFFSC","Unidade Amostral Floresta 15","coordinates moved up one row (one-row offset)","-29.070014 -49.86003","-28.979503 -49.859074"
2506,"IFFSC","Unidade Amostral Floresta 21","coordinates moved up one row (one-row offset)","-28.979503 -49.859074","-28.89 -49.860002"
2507,"IFFSC","Unidade Amostral Floresta 23","coordinates moved up one row (one-row offset)","-28.89 -49.860002","-28.894572 -49.680557"
2508,"IFFSC","Unidade Amostral Floresta 27","coordinates moved up one row (one-row offset)","-28.894572 -49.680557","-28.890081 -49.320126"
2509,"IFFSC","Unidade Amostral Floresta 28","coordinates moved up one row (one-row offset)","-28.890081 -49.320126","-28.800001 -49.86001"
2510,"IFFSC","Unidade Amostral Floresta 30","coordinates moved up one row (one-row offset)","-28.800001 -49.86001","-28.79995 -49.68009"
2511,"IFFSC","Unidade Amostral Floresta 35","coordinates moved up one row (one-row offset)","-28.79995 -49.68009","-28.805127 -49.218004"
2512,"IFFSC","Unidade Amostral Floresta 37","coordinates moved up one row (one-row offset)","-28.805127 -49.218004","-28.710079 -49.77012"
2513,"IFFSC","Unidade Amostral Floresta 39","coordinates moved up one row (one-row offset)","-28.710079 -49.77012","-28.70792 -49.588646"
2514,"IFFSC","Unidade Amostral Floresta 40","coordinates moved up one row (one-row offset)","-28.70792 -49.588646","-28.710759 -49.499466"
2515,"IFFSC","Unidade Amostral Floresta 41","coordinates moved up one row (one-row offset)","-28.710759 -49.499466","-28.709167 -49.409071"
2516,"IFFSC","Unidade Amostral Floresta 47","coordinates moved up one row (one-row offset)","-28.709167 -49.409071","-28.619987 -49.59011"
2517,"IFFSC","Unidade Amostral Floresta 49","coordinates moved up one row (one-row offset)","-28.619987 -49.59011","-28.621879 -49.408916"
2518,"IFFSC","Unidade Amostral Floresta 50","coordinates moved up one row (one-row offset)","-28.621879 -49.408916","-28.617853 -49.315469"
2519,"IFFSC","Unidade Amostral Floresta 51","coordinates moved up one row (one-row offset)","-28.617853 -49.315469","-28.6193 -49.232084"
2520,"IFFSC","Unidade Amostral Floresta 58","coordinates moved up one row (one-row offset)","-28.6193 -49.232084","-28.529238 -49.497344"
2521,"IFFSC","Unidade Amostral Floresta 59","coordinates moved up one row (one-row offset)","-28.529238 -49.497344","-28.526374 -49.412979"
2522,"IFFSC","Unidade Amostral Floresta 69","coordinates moved up one row (one-row offset)","-28.526374 -49.412979","-28.43901 -49.947676"
2523,"IFFSC","Unidade Amostral Floresta 70","coordinates moved up one row (one-row offset)","-28.43901 -49.947676","-28.437969 -49.858788"
2524,"IFFSC","Unidade Amostral Floresta 74","coordinates moved up one row (one-row offset)","-28.437969 -49.858788","-28.443679 -49.498729"
2525,"IFFSC","Unidade Amostral Floresta 77","coordinates moved up one row (one-row offset)","-28.443679 -49.498729","-28.440231 -49.229925"
2526,"IFFSC","Unidade Amostral Floresta 81","coordinates moved up one row (one-row offset)","-28.440231 -49.229925","-28.440008 -48.870006"
2527,"IFFSC","Unidade Amostral Floresta 85","coordinates moved up one row (one-row offset)","-28.440008 -48.870006","-28.3502 -50.400054"
2528,"IFFSC","Unidade Amostral Floresta 87","coordinates moved up one row (one-row offset)","-28.3502 -50.400054","-28.35029 -50.221382"
2529,"IFFSC","Unidade Amostral Floresta 89","coordinates moved up one row (one-row offset)","-28.35029 -50.221382","-28.348379 -50.040497"
2530,"IFFSC","Unidade Amostral Floresta 95","coordinates moved up one row (one-row offset)","-28.348379 -50.040497","-28.350039 -49.499967"
2531,"IFFSC","Unidade Amostral Floresta 97","coordinates moved up one row (one-row offset)","-28.350039 -49.499967","-28.348173 -49.319101"
2532,"IFFSC","Unidade Amostral Floresta 98","coordinates moved up one row (one-row offset)","-28.348173 -49.319101","-28.352694 -49.231971"
2533,"IFFSC","Unidade Amostral Floresta 104","coordinates moved up one row (one-row offset)","-28.352694 -49.231971","-28.260212 -50.670125"
2534,"IFFSC","Unidade Amostral Floresta 113","coordinates moved up one row (one-row offset)","-28.260212 -50.670125","-28.260661 -49.86161"
2535,"IFFSC","Unidade Amostral Floresta 114","coordinates moved up one row (one-row offset)","-28.260661 -49.86161","-28.260536 -49.76909"
2536,"IFFSC","Unidade Amostral Floresta 117","coordinates moved up one row (one-row offset)","-28.260536 -49.76909","-28.260198 -49.499514"
2537,"IFFSC","Unidade Amostral Floresta 118","coordinates moved up one row (one-row offset)","-28.260198 -49.499514","-28.259786 -49.411941"
2538,"IFFSC","Unidade Amostral Floresta 119","coordinates moved up one row (one-row offset)","-28.259786 -49.411941","-28.260778 -49.319129"
2539,"IFFSC","Unidade Amostral Floresta 122","coordinates moved up one row (one-row offset)","-28.260778 -49.319129","-28.259529 -49.049247"
2540,"IFFSC","Unidade Amostral Floresta 123","coordinates moved up one row (one-row offset)","-28.259529 -49.049247","-28.262477 -48.959494"
2541,"IFFSC","Unidade Amostral Floresta 134","coordinates moved up one row (one-row offset)","-28.262477 -48.959494","-28.169917 -50.130437"
2542,"IFFSC","Unidade Amostral Floresta 137","coordinates moved up one row (one-row offset)","-28.169917 -50.130437","-28.169123 -49.86203"
2543,"IFFSC","Unidade Amostral Floresta 139","coordinates moved up one row (one-row offset)","-28.169123 -49.86203","-28.169105 -49.68004"
2544,"IFFSC","Unidade Amostral Floresta 140","coordinates moved up one row (one-row offset)","-28.169105 -49.68004","-28.170285 -49.590092"
2545,"IFFSC","Unidade Amostral Floresta 141","coordinates moved up one row (one-row offset)","-28.170285 -49.590092","-28.172088 -49.495816"
2546,"IFFSC","Unidade Amostral Floresta 142","coordinates moved up one row (one-row offset)","-28.172088 -49.495816","-28.169936 -49.40998"
2547,"IFFSC","Unidade Amostral Floresta 143","coordinates moved up one row (one-row offset)","-28.169936 -49.40998","-28.170117 -49.32228"
2548,"IFFSC","Unidade Amostral Floresta 146","coordinates moved up one row (one-row offset)","-28.170117 -49.32228","-28.169306 -49.049919"
2549,"IFFSC","Unidade Amostral Floresta 147","coordinates moved up one row (one-row offset)","-28.169306 -49.049919","-28.168458 -48.958318"
2550,"IFFSC","Unidade Amostral Floresta 148","coordinates moved up one row (one-row offset)","-28.168458 -48.958318","-28.16948 -48.870237"
2551,"IFFSC","Unidade Amostral Floresta 165","coordinates moved up one row (one-row offset)","-28.16948 -48.870237","-28.082521 -49.591097"
2552,"IFFSC","Unidade Amostral Floresta 166","coordinates moved up one row (one-row offset)","-28.082521 -49.591097","-28.082899 -49.498262"
2553,"IFFSC","Unidade Amostral Floresta 167","coordinates moved up one row (one-row offset)","-28.082899 -49.498262","-28.080325 -49.40999"
2554,"IFFSC","Unidade Amostral Floresta 170","coordinates moved up one row (one-row offset)","-28.080325 -49.40999","-28.080499 -49.136915"
2555,"IFFSC","Unidade Amostral Floresta 172","coordinates moved up one row (one-row offset)","-28.080499 -49.136915","-28.080691 -48.960733"
2556,"IFFSC","Unidade Amostral Floresta 173","coordinates moved up one row (one-row offset)","-28.080691 -48.960733","-28.079961 -48.869911"
2557,"IFFSC","Unidade Amostral Floresta 174","coordinates moved up one row (one-row offset)","-28.079961 -48.869911","-28.079979 -48.780013"
2558,"IFFSC","Unidade Amostral Floresta 175","coordinates moved up one row (one-row offset)","-28.079979 -48.780013","-28.080009 -48.690006"
2559,"IFFSC","Unidade Amostral Floresta 177","coordinates moved up one row (one-row offset)","-28.080009 -48.690006","-27.990802 -50.758215"
2560,"IFFSC","Unidade Amostral Floresta 188","coordinates moved up one row (one-row offset)","-27.990802 -50.758215","-27.990133 -49.767671"
2561,"IFFSC","Unidade Amostral Floresta 191","coordinates moved up one row (one-row offset)","-27.990133 -49.767671","-28.012936 -49.491881"
2562,"IFFSC","Unidade Amostral Floresta 192","coordinates moved up one row (one-row offset)","-28.012936 -49.491881","-27.992173 -49.41219"
2563,"IFFSC","Unidade Amostral Floresta 193","coordinates moved up one row (one-row offset)","-27.992173 -49.41219","-27.988858 -49.320053"
2564,"IFFSC","Unidade Amostral Floresta 194","coordinates moved up one row (one-row offset)","-27.988858 -49.320053","-27.98959 -49.230917"
2565,"IFFSC","Unidade Amostral Floresta 196","coordinates moved up one row (one-row offset)","-27.98959 -49.230917","-27.98904 -49.048792"
2566,"IFFSC","Unidade Amostral Floresta 197","coordinates moved up one row (one-row offset)","-27.98904 -49.048792","-27.993877 -48.9599"
2567,"IFFSC","Unidade Amostral Floresta 198","coordinates moved up one row (one-row offset)","-27.993877 -48.9599","-27.990081 -48.869688"
2568,"IFFSC","Unidade Amostral Floresta 199","coordinates moved up one row (one-row offset)","-27.990081 -48.869688","-27.989878 -48.77991"
2569,"IFFSC","Unidade Amostral Floresta 206","coordinates moved up one row (one-row offset)","-27.989878 -48.77991","-27.901381 -50.579514"
2570,"IFFSC","Unidade Amostral Floresta 208","coordinates moved up one row (one-row offset)","-27.901381 -50.579514","-27.900265 -50.399912"
2571,"IFFSC","Unidade Amostral Floresta 211","coordinates moved up one row (one-row offset)","-27.900265 -50.399912","-27.900401 -50.129431"
2572,"IFFSC","Unidade Amostral Floresta 214","coordinates moved up one row (one-row offset)","-27.900401 -50.129431","-27.899998 -49.860002"
2573,"IFFSC","Unidade Amostral Floresta 217","coordinates moved up one row (one-row offset)","-27.899998 -49.860002","-27.9 -49.590005"
2574,"IFFSC","Unidade Amostral Floresta 218","coordinates moved up one row (one-row offset)","-27.9 -49.590005","-27.90127 -49.497506"
2575,"IFFSC","Unidade Amostral Floresta 221","coordinates moved up one row (one-row offset)","-27.90127 -49.497506","-27.900071 -49.23011"
2576,"IFFSC","Unidade Amostral Floresta 225","coordinates moved up one row (one-row offset)","-27.900071 -49.23011","-27.89829 -48.872028"
2577,"IFFSC","Unidade Amostral Floresta 228","coordinates moved up one row (one-row offset)","-27.89829 -48.872028","-27.904813 -48.599697"
2578,"IFFSC","Unidade Amostral Floresta 242","coordinates moved up one row (one-row offset)","-27.904813 -48.599697","-27.809913 -49.949884"
2579,"IFFSC","Unidade Amostral Floresta 246","coordinates moved up one row (one-row offset)","-27.809913 -49.949884","-27.810002 -49.590001"
2580,"IFFSC","Unidade Amostral Floresta 249","coordinates moved up one row (one-row offset)","-27.810002 -49.590001","-27.811772 -49.322116"
2581,"IFFSC","Unidade Amostral Floresta 251","coordinates moved up one row (one-row offset)","-27.811772 -49.322116","-27.809991 -49.140081"
2582,"IFFSC","Unidade Amostral Floresta 253","coordinates moved up one row (one-row offset)","-27.809991 -49.140081","-27.809636 -48.960908"
2583,"IFFSC","Unidade Amostral Floresta 254","coordinates moved up one row (one-row offset)","-27.809636 -48.960908","-27.809992 -48.86683"
2584,"IFFSC","Unidade Amostral Floresta 255","coordinates moved up one row (one-row offset)","-27.809992 -48.86683","-27.809935 -48.780222"
2585,"IFFSC","Unidade Amostral Floresta 256","coordinates moved up one row (one-row offset)","-27.809935 -48.780222","-27.810041 -48.68992"
2586,"IFFSC","Unidade Amostral Floresta 260","coordinates moved up one row (one-row offset)","-27.810041 -48.68992","-27.716863 -51.117105"
2587,"IFFSC","Unidade Amostral Floresta 261","coordinates moved up one row (one-row offset)","-27.716863 -51.117105","-27.717497 -51.028739"
2588,"IFFSC","Unidade Amostral Floresta 279","coordinates moved up one row (one-row offset)","-27.717497 -51.028739","-27.722096 -49.409204"
2589,"IFFSC","Unidade Amostral Floresta 281","coordinates moved up one row (one-row offset)","-27.722096 -49.409204","-27.720974 -49.229168"
2590,"IFFSC","Unidade Amostral Floresta 284","coordinates moved up one row (one-row offset)","-27.720974 -49.229168","-27.720012 -48.960084"
2591,"IFFSC","Unidade Amostral Floresta 285","coordinates moved up one row (one-row offset)","-27.720012 -48.960084","-27.718777 -48.871509"
2592,"IFFSC","Unidade Amostral Floresta 286","coordinates moved up one row (one-row offset)","-27.718777 -48.871509","-27.720009 -48.779958"
2593,"IFFSC","Unidade Amostral Floresta 287","coordinates moved up one row (one-row offset)","-27.720009 -48.779958","-27.717773 -48.692396"
2594,"IFFSC","Unidade Amostral Floresta 297","coordinates moved up one row (one-row offset)","-27.717773 -48.692396","-27.632026 -50.578673"
2595,"IFFSC","Unidade Amostral Floresta 301","coordinates moved up one row (one-row offset)","-27.632026 -50.578673","-27.630834 -50.219977"
2596,"IFFSC","Unidade Amostral Floresta 304","coordinates moved up one row (one-row offset)","-27.630834 -50.219977","-27.630717 -49.950454"
2597,"IFFSC","Unidade Amostral Floresta 308","coordinates moved up one row (one-row offset)","-27.630717 -49.950454","-27.630004 -49.590005"
2598,"IFFSC","Unidade Amostral Floresta 309","coordinates moved up one row (one-row offset)","-27.630004 -49.590005","-27.630007 -49.500032"
2599,"IFFSC","Unidade Amostral Floresta 310","coordinates moved up one row (one-row offset)","-27.630007 -49.500032","-27.629033 -49.410096"
2600,"IFFSC","Unidade Amostral Floresta 311","coordinates moved up one row (one-row offset)","-27.629033 -49.410096","-27.631126 -49.320431"
2601,"IFFSC","Unidade Amostral Floresta 312","coordinates moved up one row (one-row offset)","-27.631126 -49.320431","-27.630001 -49.233553"
2602,"IFFSC","Unidade Amostral Floresta 313","coordinates moved up one row (one-row offset)","-27.630001 -49.233553","-27.629691 -49.144182"
2603,"IFFSC","Unidade Amostral Floresta 314","coordinates moved up one row (one-row offset)","-27.629691 -49.144182","-27.630293 -49.049307"
2604,"IFFSC","Unidade Amostral Floresta 316","coordinates moved up one row (one-row offset)","-27.630293 -49.049307","-27.630056 -48.870037"
2605,"IFFSC","Unidade Amostral Floresta 317","coordinates moved up one row (one-row offset)","-27.630056 -48.870037","-27.62898 -48.780724"
2606,"IFFSC","Unidade Amostral Floresta 318","coordinates moved up one row (one-row offset)","-27.62898 -48.780724","-27.63005 -48.691554"
2607,"IFFSC","Unidade Amostral Floresta 321","coordinates moved up one row (one-row offset)","-27.63005 -48.691554","-27.540006 -51.48001"
2608,"IFFSC","Unidade Amostral Floresta 328","coordinates moved up one row (one-row offset)","-27.540006 -51.48001","-27.539182 -50.849065"
2609,"IFFSC","Unidade Amostral Floresta 336","coordinates moved up one row (one-row offset)","-27.539182 -50.849065","-27.541056 -50.130154"
2610,"IFFSC","Unidade Amostral Floresta 337","coordinates moved up one row (one-row offset)","-27.541056 -50.130154","-27.54037 -50.039551"
2611,"IFFSC","Unidade Amostral Floresta 340","coordinates moved up one row (one-row offset)","-27.54037 -50.039551","-27.54012 -49.770614"
2612,"IFFSC","Unidade Amostral Floresta 341","coordinates moved up one row (one-row offset)","-27.54012 -49.770614","-27.539356 -49.679474"
2613,"IFFSC","Unidade Amostral Floresta 344","coordinates moved up one row (one-row offset)","-27.539356 -49.679474","-27.539965 -49.410023"
2614,"IFFSC","Unidade Amostral Floresta 345","coordinates moved up one row (one-row offset)","-27.539965 -49.410023","-27.537368 -49.316716"
2615,"IFFSC","Unidade Amostral Floresta 346","coordinates moved up one row (one-row offset)","-27.537368 -49.316716","-27.539087 -49.22781"
2616,"IFFSC","Unidade Amostral Floresta 347","coordinates moved up one row (one-row offset)","-27.539087 -49.22781","-27.539971 -49.140033"
2617,"IFFSC","Unidade Amostral Floresta 348","coordinates moved up one row (one-row offset)","-27.539971 -49.140033","-27.539973 -49.049974"
2618,"IFFSC","Unidade Amostral Floresta 349","coordinates moved up one row (one-row offset)","-27.539973 -49.049974","-27.540035 -48.959997"
2619,"IFFSC","Unidade Amostral Floresta 350","coordinates moved up one row (one-row offset)","-27.540035 -48.959997","-27.539364 -48.870149"
2620,"IFFSC","Unidade Amostral Floresta 351","coordinates moved up one row (one-row offset)","-27.539364 -48.870149","-27.540037 -48.779994"
2621,"IFFSC","Unidade Amostral Floresta 352","coordinates moved up one row (one-row offset)","-27.540037 -48.779994","-27.540205 -48.689569"
2622,"IFFSC","Unidade Amostral Floresta 365","coordinates moved up one row (one-row offset)","-27.540205 -48.689569","-27.449703 -50.940719"
2623,"IFFSC","Unidade Amostral Floresta 367","coordinates moved up one row (one-row offset)","-27.449703 -50.940719","-27.450758 -50.761771"
2624,"IFFSC","Unidade Amostral Floresta 369","coordinates moved up one row (one-row offset)","-27.450758 -50.761771","-27.450483 -50.580326"
2625,"IFFSC","Unidade Amostral Floresta 377","coordinates moved up one row (one-row offset)","-27.450483 -50.580326","-27.450553 -49.861572"
2626,"IFFSC","Unidade Amostral Floresta 378","coordinates moved up one row (one-row offset)","-27.450553 -49.861572","-27.450026 -49.770876"
2627,"IFFSC","Unidade Amostral Floresta 383","coordinates moved up one row (one-row offset)","-27.450026 -49.770876","-27.450021 -49.320077"
2628,"IFFSC","Unidade Amostral Floresta 384","coordinates moved up one row (one-row offset)","-27.450021 -49.320077","-27.449998 -49.230036"
2629,"IFFSC","Unidade Amostral Floresta 385","coordinates moved up one row (one-row offset)","-27.449998 -49.230036","-27.449998 -49.140007"
2630,"IFFSC","Unidade Amostral Floresta 386","coordinates moved up one row (one-row offset)","-27.449998 -49.140007","-27.450664 -49.050091"
2631,"IFFSC","Unidade Amostral Floresta 387","coordinates moved up one row (one-row offset)","-27.450664 -49.050091","-27.449807 -48.960011"
2632,"IFFSC","Unidade Amostral Floresta 388","coordinates moved up one row (one-row offset)","-27.449807 -48.960011","-27.450111 -48.870046"
2633,"IFFSC","Unidade Amostral Floresta 390","coordinates moved up one row (one-row offset)","-27.450111 -48.870046","-27.45003 -48.690056"
2634,"IFFSC","Unidade Amostral Floresta 391","coordinates moved up one row (one-row offset)","-27.45003 -48.690056","-27.451048 -48.507324"
2635,"IFFSC","Unidade Amostral Floresta 392","coordinates moved up one row (one-row offset)","-27.451048 -48.507324","-27.451372 -48.419617"
2636,"IFFSC","Unidade Amostral Floresta 395","coordinates moved up one row (one-row offset)","-27.451372 -48.419617","-27.36188 -51.838867"
2637,"IFFSC","Unidade Amostral Floresta 398","coordinates moved up one row (one-row offset)","-27.36188 -51.838867","-27.36098 -51.567902"
2638,"IFFSC","Unidade Amostral Floresta 409","coordinates moved up one row (one-row offset)","-27.36098 -51.567902","-27.359239 -50.580802"
2639,"IFFSC","Unidade Amostral Floresta 413","coordinates moved up one row (one-row offset)","-27.359239 -50.580802","-27.361006 -50.233636"
2640,"IFFSC","Unidade Amostral Floresta 415","coordinates moved up one row (one-row offset)","-27.361006 -50.233636","-27.361396 -50.03834"
2641,"IFFSC","Unidade Amostral Floresta 419","coordinates moved up one row (one-row offset)","-27.361396 -50.03834","-27.359938 -49.679891"
2642,"IFFSC","Unidade Amostral Floresta 421","coordinates moved up one row (one-row offset)","-27.359938 -49.679891","-27.360556 -49.502356"
2643,"IFFSC","Unidade Amostral Floresta 422","coordinates moved up one row (one-row offset)","-27.360556 -49.502356","-27.360255 -49.409879"
2644,"IFFSC","Unidade Amostral Floresta 423","coordinates moved up one row (one-row offset)","-27.360255 -49.409879","-27.359761 -49.319936"
2645,"IFFSC","Unidade Amostral Floresta 424","coordinates moved up one row (one-row offset)","-27.359761 -49.319936","-27.359744 -49.230109"
2646,"IFFSC","Unidade Amostral Floresta 425","coordinates moved up one row (one-row offset)","-27.359744 -49.230109","-27.359662 -49.1378"
2647,"IFFSC","Unidade Amostral Floresta 426","coordinates moved up one row (one-row offset)","-27.359662 -49.1378","-27.358318 -49.049952"
2648,"IFFSC","Unidade Amostral Floresta 427","coordinates moved up one row (one-row offset)","-27.358318 -49.049952","-27.360019 -48.959972"
2649,"IFFSC","Unidade Amostral Floresta 428","coordinates moved up one row (one-row offset)","-27.360019 -48.959972","-27.359703 -48.867585"
2650,"IFFSC","Unidade Amostral Floresta 429","coordinates moved up one row (one-row offset)","-27.359703 -48.867585","-27.359897 -48.779951"
2651,"IFFSC","Unidade Amostral Floresta 430","coordinates moved up one row (one-row offset)","-27.359897 -48.779951","-27.36131 -48.690172"
2652,"IFFSC","Unidade Amostral Floresta 435","coordinates moved up one row (one-row offset)","-27.36131 -48.690172","-27.27191 -52.019828"
2653,"IFFSC","Unidade Amostral Floresta 438","coordinates moved up one row (one-row offset)","-27.27191 -52.019828","-27.26868 -51.749616"
2654,"IFFSC","Unidade Amostral Floresta 442","coordinates moved up one row (one-row offset)","-27.26868 -51.749616","-27.269726 -51.387925"
2655,"IFFSC","Unidade Amostral Floresta 450","coordinates moved up one row (one-row offset)","-27.269726 -51.387925","-27.269038 -50.671342"
2656,"IFFSC","Unidade Amostral Floresta 453","coordinates moved up one row (one-row offset)","-27.269038 -50.671342","-27.269855 -50.400364"
2657,"IFFSC","Unidade Amostral Floresta 455","coordinates moved up one row (one-row offset)","-27.269855 -50.400364","-27.270004 -50.220006"
2658,"IFFSC","Unidade Amostral Floresta 456","coordinates moved up one row (one-row offset)","-27.270004 -50.220006","-27.275022 -50.132416"
2659,"IFFSC","Unidade Amostral Floresta 457","coordinates moved up one row (one-row offset)","-27.275022 -50.132416","-27.270264 -50.041035"
2660,"IFFSC","Unidade Amostral Floresta 460","coordinates moved up one row (one-row offset)","-27.270264 -50.041035","-27.269969 -49.770206"
2661,"IFFSC","Unidade Amostral Floresta 464","coordinates moved up one row (one-row offset)","-27.269969 -49.770206","-27.269959 -49.410025"
2662,"IFFSC","Unidade Amostral Floresta 465","coordinates moved up one row (one-row offset)","-27.269959 -49.410025","-27.271411 -49.320267"
2663,"IFFSC","Unidade Amostral Floresta 466","coordinates moved up one row (one-row offset)","-27.271411 -49.320267","-27.270045 -49.229977"
2664,"IFFSC","Unidade Amostral Floresta 467","coordinates moved up one row (one-row offset)","-27.270045 -49.229977","-27.270015 -49.140034"
2665,"IFFSC","Unidade Amostral Floresta 468","coordinates moved up one row (one-row offset)","-27.270015 -49.140034","-27.2686 -49.052006"
2666,"IFFSC","Unidade Amostral Floresta 470","coordinates moved up one row (one-row offset)","-27.2686 -49.052006","-27.27214 -48.870107"
2667,"IFFSC","Unidade Amostral Floresta 483","coordinates moved up one row (one-row offset)","-27.27214 -48.870107","-28.214251 -50.716115"
2668,"IFFSC","Unidade Amostral Floresta 487","coordinates moved up one row (one-row offset)","-28.214251 -50.716115","-27.180019 -52.019849"
2669,"IFFSC","Unidade Amostral Floresta 494","coordinates moved up one row (one-row offset)","-27.180019 -52.019849","-27.178985 -51.387318"
2670,"IFFSC","Unidade Amostral Floresta 495","coordinates moved up one row (one-row offset)","-27.178985 -51.387318","-27.181511 -51.2997"
2671,"IFFSC","Unidade Amostral Floresta 507","coordinates moved up one row (one-row offset)","-27.181511 -51.2997","-27.181573 -50.217734"
2672,"IFFSC","Unidade Amostral Floresta 508","coordinates moved up one row (one-row offset)","-27.181573 -50.217734","-27.180009 -50.130104"
2673,"IFFSC","Unidade Amostral Floresta 513","coordinates moved up one row (one-row offset)","-27.180009 -50.130104","-27.179953 -49.680058"
2674,"IFFSC","Unidade Amostral Floresta 516","coordinates moved up one row (one-row offset)","-27.179953 -49.680058","-27.180112 -49.410029"
2675,"IFFSC","Unidade Amostral Floresta 517","coordinates moved up one row (one-row offset)","-27.180112 -49.410029","-27.18001 -49.320013"
2676,"IFFSC","Unidade Amostral Floresta 518","coordinates moved up one row (one-row offset)","-27.18001 -49.320013","-27.180031 -49.230007"
2677,"IFFSC","Unidade Amostral Floresta 519","coordinates moved up one row (one-row offset)","-27.180031 -49.230007","-27.179958 -49.139986"
2678,"IFFSC","Unidade Amostral Floresta 520","coordinates moved up one row (one-row offset)","-27.179958 -49.139986","-27.179789 -49.049242"
2679,"IFFSC","Unidade Amostral Floresta 522","coordinates moved up one row (one-row offset)","-27.179789 -49.049242","-27.181965 -48.871228"
2680,"IFFSC","Unidade Amostral Floresta 523","coordinates moved up one row (one-row offset)","-27.181965 -48.871228","-27.180222 -48.779816"
2681,"IFFSC","Unidade Amostral Floresta 526","coordinates moved up one row (one-row offset)","-27.180222 -48.779816","-27.180002 -48.510008"
2682,"IFFSC","Unidade Amostral Floresta 529","coordinates moved up one row (one-row offset)","-27.180002 -48.510008","-28.169977 -50.760828"
2683,"IFFSC","Unidade Amostral Floresta 537","coordinates moved up one row (one-row offset)","-28.169977 -50.760828","-27.090041 -52.830029"
2684,"IFFSC","Unidade Amostral Floresta 551","coordinates moved up one row (one-row offset)","-27.090041 -52.830029","-27.089858 -51.572328"
2685,"IFFSC","Unidade Amostral Floresta 555","coordinates moved up one row (one-row offset)","-27.089858 -51.572328","-27.090696 -51.209138"
2686,"IFFSC","Unidade Amostral Floresta 561","coordinates moved up one row (one-row offset)","-27.090696 -51.209138","-27.088744 -50.671426"
2687,"IFFSC","Unidade Amostral Floresta 562","coordinates moved up one row (one-row offset)","-27.088744 -50.671426","-27.090955 -50.579798"
2688,"IFFSC","Unidade Amostral Floresta 565","coordinates moved up one row (one-row offset)","-27.090955 -50.579798","-27.091896 -50.312156"
2689,"IFFSC","Unidade Amostral Floresta 566","coordinates moved up one row (one-row offset)","-27.091896 -50.312156","-27.092498 -50.220089"
2690,"IFFSC","Unidade Amostral Floresta 568","coordinates moved up one row (one-row offset)","-27.092498 -50.220089","-27.09198 -50.037394"
2691,"IFFSC","Unidade Amostral Floresta 570","coordinates moved up one row (one-row offset)","-27.09198 -50.037394","-27.089504 -49.857519"
2692,"IFFSC","Unidade Amostral Floresta 571","coordinates moved up one row (one-row offset)","-27.089504 -49.857519","-27.090102 -49.770018"
2693,"IFFSC","Unidade Amostral Floresta 573","coordinates moved up one row (one-row offset)","-27.090102 -49.770018","-27.089982 -49.589992"
2694,"IFFSC","Unidade Amostral Floresta 575","coordinates moved up one row (one-row offset)","-27.089982 -49.589992","-27.089867 -49.410075"
2695,"IFFSC","Unidade Amostral Floresta 576","coordinates moved up one row (one-row offset)","-27.089867 -49.410075","-27.08984 -49.32009"
2696,"IFFSC","Unidade Amostral Floresta 577","coordinates moved up one row (one-row offset)","-27.08984 -49.32009","-27.089908 -49.230095"
2697,"IFFSC","Unidade Amostral Floresta 578","coordinates moved up one row (one-row offset)","-27.089908 -49.230095","-27.090036 -49.140052"
2698,"IFFSC","Unidade Amostral Floresta 579","coordinates moved up one row (one-row offset)","-27.090036 -49.140052","-27.090125 -49.049417"
2699,"IFFSC","Unidade Amostral Floresta 582","coordinates moved up one row (one-row offset)","-27.090125 -49.049417","-27.089952 -48.779916"
2700,"IFFSC","Unidade Amostral Floresta 584","coordinates moved up one row (one-row offset)","-27.089952 -48.779916","-27.089319 -48.599809"
2701,"IFFSC","Unidade Amostral Floresta 597","coordinates moved up one row (one-row offset)","-27.089319 -48.599809","-26.99628 -52.65116"
2702,"IFFSC","Unidade Amostral Floresta 602","coordinates moved up one row (one-row offset)","-26.99628 -52.65116","-27.001997 -52.203635"
2703,"IFFSC","Unidade Amostral Floresta 605","coordinates moved up one row (one-row offset)","-27.001997 -52.203635","-27.000345 -51.930774"
2704,"IFFSC","Unidade Amostral Floresta 615","coordinates moved up one row (one-row offset)","-27.000345 -51.930774","-26.99688 -51.029037"
2705,"IFFSC","Unidade Amostral Floresta 619","coordinates moved up one row (one-row offset)","-26.99688 -51.029037","-26.999792 -50.670213"
2706,"IFFSC","Unidade Amostral Floresta 623","coordinates moved up one row (one-row offset)","-26.999792 -50.670213","-27.000169 -50.310165"
2707,"IFFSC","Unidade Amostral Floresta 624","coordinates moved up one row (one-row offset)","-27.000169 -50.310165","-27.000132 -50.219992"
2708,"IFFSC","Unidade Amostral Floresta 625","coordinates moved up one row (one-row offset)","-27.000132 -50.219992","-27.000029 -50.129991"
2709,"IFFSC","Unidade Amostral Floresta 631","coordinates moved up one row (one-row offset)","-27.000029 -50.129991","-26.998056 -49.589518"
2710,"IFFSC","Unidade Amostral Floresta 633","coordinates moved up one row (one-row offset)","-26.998056 -49.589518","-27.000043 -49.409981"
2711,"IFFSC","Unidade Amostral Floresta 634","coordinates moved up one row (one-row offset)","-27.000043 -49.409981","-26.999956 -49.320038"
2712,"IFFSC","Unidade Amostral Floresta 635","coordinates moved up one row (one-row offset)","-26.999956 -49.320038","-26.999838 -49.230128"
2713,"IFFSC","Unidade Amostral Floresta 636","coordinates moved up one row (one-row offset)","-26.999838 -49.230128","-27.000149 -49.140022"
2714,"IFFSC","Unidade Amostral Floresta 637","coordinates moved up one row (one-row offset)","-27.000149 -49.140022","-27.000442 -49.050917"
2715,"IFFSC","Unidade Amostral Floresta 638","coordinates moved up one row (one-row offset)","-27.000442 -49.050917","-26.999447 -48.960275"
2716,"IFFSC","Unidade Amostral Floresta 639","coordinates moved up one row (one-row offset)","-26.999447 -48.960275","-27.000571 -48.869749"
2717,"IFFSC","Unidade Amostral Floresta 640","coordinates moved up one row (one-row offset)","-27.000571 -48.869749","-26.999929 -48.780277"
2718,"IFFSC","Unidade Amostral Floresta 641","coordinates moved up one row (one-row offset)","-26.999929 -48.780277","-27.000059 -48.690158"
2719,"IFFSC","Unidade Amostral Floresta 642","coordinates moved up one row (one-row offset)","-27.000059 -48.690158","-27.000015 -48.600137"
2720,"IFFSC","Unidade Amostral Floresta 660","coordinates moved up one row (one-row offset)","-27.000015 -48.600137","-26.911205 -52.110299"
2721,"IFFSC","Unidade Amostral Floresta 668","coordinates moved up one row (one-row offset)","-26.911205 -52.110299","-26.907336 -51.3883"
2722,"IFFSC","Unidade Amostral Floresta 669","coordinates moved up one row (one-row offset)","-26.907336 -51.3883","-26.910315 -51.299243"
2723,"IFFSC","Unidade Amostral Floresta 672","coordinates moved up one row (one-row offset)","-26.910315 -51.299243","-26.909121 -51.03268"
2724,"IFFSC","Unidade Amostral Floresta 673","coordinates moved up one row (one-row offset)","-26.909121 -51.03268","-26.910096 -50.940006"
2725,"IFFSC","Unidade Amostral Floresta 677","coordinates moved up one row (one-row offset)","-26.910096 -50.940006","-28.034886 -50.849915"
2726,"IFFSC","Unidade Amostral Floresta 681","coordinates moved up one row (one-row offset)","-28.034886 -50.849915","-26.909849 -50.219737"
2727,"IFFSC","Unidade Amostral Floresta 682","coordinates moved up one row (one-row offset)","-26.909849 -50.219737","-26.908503 -50.12862"
2728,"IFFSC","Unidade Amostral Floresta 685","coordinates moved up one row (one-row offset)","-26.908503 -50.12862","-26.909652 -49.862477"
2729,"IFFSC","Unidade Amostral Floresta 686","coordinates moved up one row (one-row offset)","-26.909652 -49.862477","-26.910041 -49.769942"
2730,"IFFSC","Unidade Amostral Floresta 687","coordinates moved up one row (one-row offset)","-26.910041 -49.769942","-26.90844 -49.677713"
2731,"IFFSC","Unidade Amostral Floresta 688","coordinates moved up one row (one-row offset)","-26.90844 -49.677713","-26.911786 -49.587924"
2732,"IFFSC","Unidade Amostral Floresta 689","coordinates moved up one row (one-row offset)","-26.911786 -49.587924","-26.910199 -49.499667"
2733,"IFFSC","Unidade Amostral Floresta 690","coordinates moved up one row (one-row offset)","-26.910199 -49.499667","-26.909986 -49.410872"
2734,"IFFSC","Unidade Amostral Floresta 712","coordinates moved up one row (one-row offset)","-26.909986 -49.410872","-26.819721 -52.470335"
2735,"IFFSC","Unidade Amostral Floresta 714","coordinates moved up one row (one-row offset)","-26.819721 -52.470335","-26.822301 -52.294059"
2736,"IFFSC","Unidade Amostral Floresta 717","coordinates moved up one row (one-row offset)","-26.822301 -52.294059","-26.820042 -52.018015"
2737,"IFFSC","Unidade Amostral Floresta 718","coordinates moved up one row (one-row offset)","-26.820042 -52.018015","-26.788683 -51.969822"
2738,"IFFSC","Unidade Amostral Floresta 723","coordinates moved up one row (one-row offset)","-26.788683 -51.969822","-26.818087 -51.482385"
2739,"IFFSC","Unidade Amostral Floresta 725","coordinates moved up one row (one-row offset)","-26.818087 -51.482385","-26.8189 -51.303339"
2740,"IFFSC","Unidade Amostral Floresta 727","coordinates moved up one row (one-row offset)","-26.8189 -51.303339","-27.990234 -50.894957"
2741,"IFFSC","Unidade Amostral Floresta 728","coordinates moved up one row (one-row offset)","-27.990234 -50.894957","-26.818528 -51.021817"
2742,"IFFSC","Unidade Amostral Floresta 732","coordinates moved up one row (one-row offset)","-26.818528 -51.021817","-26.819825 -50.674349"
2743,"IFFSC","Unidade Amostral Floresta 736","coordinates moved up one row (one-row offset)","-26.819825 -50.674349","-26.82217 -50.309062"
2744,"IFFSC","Unidade Amostral Floresta 737","coordinates moved up one row (one-row offset)","-26.82217 -50.309062","-26.81728 -50.222716"
2745,"IFFSC","Unidade Amostral Floresta 739","coordinates moved up one row (one-row offset)","-26.81728 -50.222716","-26.818498 -50.037411"
2746,"IFFSC","Unidade Amostral Floresta 742","coordinates moved up one row (one-row offset)","-26.818498 -50.037411","-26.821458 -49.76937"
2747,"IFFSC","Unidade Amostral Floresta 743","coordinates moved up one row (one-row offset)","-26.821458 -49.76937","-26.820093 -49.679967"
2748,"IFFSC","Unidade Amostral Floresta 745","coordinates moved up one row (one-row offset)","-26.820093 -49.679967","-26.819997 -49.500002"
2749,"IFFSC","Unidade Amostral Floresta 747","coordinates moved up one row (one-row offset)","-26.819997 -49.500002","-26.818644 -49.320949"
2750,"IFFSC","Unidade Amostral Floresta 748","coordinates moved up one row (one-row offset)","-26.818644 -49.320949","-26.820851 -49.229467"
2751,"IFFSC","Unidade Amostral Floresta 750","coordinates moved up one row (one-row offset)","-26.820851 -49.229467","-26.819619 -49.049333"
2752,"IFFSC","Unidade Amostral Floresta 752","coordinates moved up one row (one-row offset)","-26.819619 -49.049333","-26.81982 -48.871089"
2753,"IFFSC","Unidade Amostral Floresta 753","coordinates moved up one row (one-row offset)","-26.81982 -48.871089","-26.82246 -48.778677"
2754,"IFFSC","Unidade Amostral Floresta 784","coordinates moved up one row (one-row offset)","-26.82246 -48.778677","-26.731857 -51.118895"
2755,"IFFSC","Unidade Amostral Floresta 789","coordinates moved up one row (one-row offset)","-26.731857 -51.118895","-26.730342 -50.670893"
2756,"IFFSC","Unidade Amostral Floresta 793","coordinates moved up one row (one-row offset)","-26.730342 -50.670893","-26.730093 -50.310002"
2757,"IFFSC","Unidade Amostral Floresta 794","coordinates moved up one row (one-row offset)","-26.730093 -50.310002","-26.734631 -50.212208"
2758,"IFFSC","Unidade Amostral Floresta 795","coordinates moved up one row (one-row offset)","-26.734631 -50.212208","-26.731652 -50.131912"
2759,"IFFSC","Unidade Amostral Floresta 796","coordinates moved up one row (one-row offset)","-26.731652 -50.131912","-26.730094 -50.039996"
2760,"IFFSC","Unidade Amostral Floresta 797","coordinates moved up one row (one-row offset)","-26.730094 -50.039996","-26.729971 -49.949991"
2761,"IFFSC","Unidade Amostral Floresta 798","coordinates moved up one row (one-row offset)","-26.729971 -49.949991","-26.730017 -49.860107"
2762,"IFFSC","Unidade Amostral Floresta 801","coordinates moved up one row (one-row offset)","-26.730017 -49.860107","-26.731441 -49.591515"
2763,"IFFSC","Unidade Amostral Floresta 802","coordinates moved up one row (one-row offset)","-26.731441 -49.591515","-26.729998 -49.500078"
2764,"IFFSC","Unidade Amostral Floresta 803","coordinates moved up one row (one-row offset)","-26.729998 -49.500078","-26.727633 -49.407372"
2765,"IFFSC","Unidade Amostral Floresta 804","coordinates moved up one row (one-row offset)","-26.727633 -49.407372","-26.730599 -49.321701"
2766,"IFFSC","Unidade Amostral Floresta 807","coordinates moved up one row (one-row offset)","-26.730599 -49.321701","-26.730003 -49.05001"
2767,"IFFSC","Unidade Amostral Floresta 811","coordinates moved up one row (one-row offset)","-26.730003 -49.05001","-26.730149 -48.694643"
2768,"IFFSC","Unidade Amostral Floresta 830","coordinates moved up one row (one-row offset)","-26.730149 -48.694643","-27.902082 -51.033634"
2769,"IFFSC","Unidade Amostral Floresta 832","coordinates moved up one row (one-row offset)","-27.902082 -51.033634","-26.639901 -51.930194"
2770,"IFFSC","Unidade Amostral Floresta 836","coordinates moved up one row (one-row offset)","-26.639901 -51.930194","-26.641763 -51.57275"
2771,"IFFSC","Unidade Amostral Floresta 837","coordinates moved up one row (one-row offset)","-26.641763 -51.57275","-26.637447 -51.480167"
2772,"IFFSC","Unidade Amostral Floresta 843","coordinates moved up one row (one-row offset)","-26.637447 -51.480167","-26.644884 -50.751269"
2773,"IFFSC","Unidade Amostral Floresta 845","coordinates moved up one row (one-row offset)","-26.644884 -50.751269","-26.640744 -50.580002"
2774,"IFFSC","Unidade Amostral Floresta 847","coordinates moved up one row (one-row offset)","-26.640744 -50.580002","-26.640089 -50.400061"
2775,"IFFSC","Unidade Amostral Floresta 850","coordinates moved up one row (one-row offset)","-26.640089 -50.400061","-26.640093 -50.130003"
2776,"IFFSC","Unidade Amostral Floresta 852","coordinates moved up one row (one-row offset)","-26.640093 -50.130003","-26.64006 -49.949991"
2777,"IFFSC","Unidade Amostral Floresta 853","coordinates moved up one row (one-row offset)","-26.64006 -49.949991","-26.63998 -49.859877"
2778,"IFFSC","Unidade Amostral Floresta 856","coordinates moved up one row (one-row offset)","-26.63998 -49.859877","-26.639988 -49.590027"
2779,"IFFSC","Unidade Amostral Floresta 857","coordinates moved up one row (one-row offset)","-26.639988 -49.590027","-26.639996 -49.5"
2780,"IFFSC","Unidade Amostral Floresta 858","coordinates moved up one row (one-row offset)","-26.639996 -49.5","-26.638312 -49.411436"
2781,"IFFSC","Unidade Amostral Floresta 860","coordinates moved up one row (one-row offset)","-26.638312 -49.411436","-26.639996 -49.229995"
2782,"IFFSC","Unidade Amostral Floresta 865","coordinates moved up one row (one-row offset)","-26.639996 -49.229995","-26.64132 -48.784324"
2783,"IFFSC","Unidade Amostral Floresta 884","coordinates moved up one row (one-row offset)","-26.64132 -48.784324","-26.550262 -52.108858"
2784,"IFFSC","Unidade Amostral Floresta 886","coordinates moved up one row (one-row offset)","-26.550262 -52.108858","-27.852015 -51.033771"
2785,"IFFSC","Unidade Amostral Floresta 887","coordinates moved up one row (one-row offset)","-27.852015 -51.033771","-26.55349 -51.02787"
2786,"IFFSC","Unidade Amostral Floresta 894","coordinates moved up one row (one-row offset)","-26.55349 -51.02787","-26.547759 -50.39977"
2787,"IFFSC","Unidade Amostral Floresta 895","coordinates moved up one row (one-row offset)","-26.547759 -50.39977","-26.551456 -50.312691"
2788,"IFFSC","Unidade Amostral Floresta 899","coordinates moved up one row (one-row offset)","-26.551456 -50.312691","-26.549628 -49.946791"
2789,"IFFSC","Unidade Amostral Floresta 901","coordinates moved up one row (one-row offset)","-26.549628 -49.946791","-26.549889 -49.770818"
2790,"IFFSC","Unidade Amostral Floresta 902","coordinates moved up one row (one-row offset)","-26.549889 -49.770818","-26.550061 -49.680073"
2791,"IFFSC","Unidade Amostral Floresta 905","coordinates moved up one row (one-row offset)","-26.550061 -49.680073","-26.549984 -49.409925"
2792,"IFFSC","Unidade Amostral Floresta 906","coordinates moved up one row (one-row offset)","-26.549984 -49.409925","-26.550008 -49.320003"
2793,"IFFSC","Unidade Amostral Floresta 907","coordinates moved up one row (one-row offset)","-26.550008 -49.320003","-26.552281 -49.226035"
2794,"IFFSC","Unidade Amostral Floresta 909","coordinates moved up one row (one-row offset)","-26.552281 -49.226035","-26.550144 -49.050062"
2795,"IFFSC","Unidade Amostral Floresta 912","coordinates moved up one row (one-row offset)","-26.550144 -49.050062","-26.548291 -48.776893"
2796,"IFFSC","Unidade Amostral Floresta 913","coordinates moved up one row (one-row offset)","-26.548291 -48.776893","-26.552507 -48.689037"
2797,"IFFSC","Unidade Amostral Floresta 918","coordinates moved up one row (one-row offset)","-26.552507 -48.689037","-26.46119 -53.281482"
2798,"IFFSC","Unidade Amostral Floresta 926","coordinates moved up one row (one-row offset)","-26.46119 -53.281482","-26.460558 -52.564242"
2799,"IFFSC","Unidade Amostral Floresta 933","coordinates moved up one row (one-row offset)","-26.460558 -52.564242","-26.4601 -51.030005"
2800,"IFFSC","Unidade Amostral Floresta 934","coordinates moved up one row (one-row offset)","-26.4601 -51.030005","-26.461762 -50.940893"
2801,"IFFSC","Unidade Amostral Floresta 939","coordinates moved up one row (one-row offset)","-26.461762 -50.940893","-26.459677 -50.489075"
2802,"IFFSC","Unidade Amostral Floresta 941","coordinates moved up one row (one-row offset)","-26.459677 -50.489075","-27.810882 -51.121856"
2803,"IFFSC","Unidade Amostral Floresta 945","coordinates moved up one row (one-row offset)","-27.810882 -51.121856","-26.460407 -49.948858"
2804,"IFFSC","Unidade Amostral Floresta 946","coordinates moved up one row (one-row offset)","-26.460407 -49.948858","-26.459578 -49.85843"
2805,"IFFSC","Unidade Amostral Floresta 949","coordinates moved up one row (one-row offset)","-26.459578 -49.85843","-26.45983 -49.590434"
2806,"IFFSC","Unidade Amostral Floresta 951","coordinates moved up one row (one-row offset)","-26.45983 -49.590434","-26.460002 -49.40998"
2807,"IFFSC","Unidade Amostral Floresta 953","coordinates moved up one row (one-row offset)","-26.460002 -49.40998","-26.459997 -49.232898"
2808,"IFFSC","Unidade Amostral Floresta 955","coordinates moved up one row (one-row offset)","-26.459997 -49.232898","-26.462362 -49.051795"
2809,"IFFSC","Unidade Amostral Floresta 959","coordinates moved up one row (one-row offset)","-26.462362 -49.051795","-26.46 -48.689995"
2810,"IFFSC","Unidade Amostral Floresta 974","coordinates moved up one row (one-row offset)","-26.46 -48.689995","-26.371178 -50.938012"
2811,"IFFSC","Unidade Amostral Floresta 976","coordinates moved up one row (one-row offset)","-26.371178 -50.938012","-26.373158 -50.765957"
2812,"IFFSC","Unidade Amostral Floresta 978","coordinates moved up one row (one-row offset)","-26.373158 -50.765957","-26.381312 -50.580303"
2813,"IFFSC","Unidade Amostral Floresta 979","coordinates moved up one row (one-row offset)","-26.381312 -50.580303","-26.370856 -50.488584"
2814,"IFFSC","Unidade Amostral Floresta 982","coordinates moved up one row (one-row offset)","-26.370856 -50.488584","-26.370169 -50.220028"
2815,"IFFSC","Unidade Amostral Floresta 984","coordinates moved up one row (one-row offset)","-26.370169 -50.220028","-26.370077 -50.040023"
2816,"IFFSC","Unidade Amostral Floresta 991","coordinates moved up one row (one-row offset)","-26.370077 -50.040023","-26.369839 -49.410004"
2817,"IFFSC","Unidade Amostral Floresta 992","coordinates moved up one row (one-row offset)","-26.369839 -49.410004","-26.370663 -49.32015"
2818,"IFFSC","Unidade Amostral Floresta 993","coordinates moved up one row (one-row offset)","-26.370663 -49.32015","-26.370001 -49.23"
2819,"IFFSC","Unidade Amostral Floresta 994","coordinates moved up one row (one-row offset)","-26.370001 -49.23","-26.367982 -49.139805"
2820,"IFFSC","Unidade Amostral Floresta 995","coordinates moved up one row (one-row offset)","-26.367982 -49.139805","-26.369648 -49.048693"
2821,"IFFSC","Unidade Amostral Floresta 997","coordinates moved up one row (one-row offset)","-26.369648 -49.048693","-26.369998 -48.870001"
2822,"IFFSC","Unidade Amostral Floresta 1000","coordinates moved up one row (one-row offset)","-26.369998 -48.870001","-27.764093 -51.164103"
2823,"IFFSC","Unidade Amostral Floresta 1001","coordinates moved up one row (one-row offset)","-27.764093 -51.164103","-26.27984 -53.64031"
2824,"IFFSC","Unidade Amostral Floresta 1003","coordinates moved up one row (one-row offset)","-26.27984 -53.64031","-26.282328 -53.281735"
2825,"IFFSC","Unidade Amostral Floresta 1010","coordinates moved up one row (one-row offset)","-26.282328 -53.281735","-26.27881 -50.495598"
2826,"IFFSC","Unidade Amostral Floresta 1013","coordinates moved up one row (one-row offset)","-26.27881 -50.495598","-26.279997 -50.220001"
2827,"IFFSC","Unidade Amostral Floresta 1016","coordinates moved up one row (one-row offset)","-26.279997 -50.220001","-26.277101 -49.949854"
2828,"IFFSC","Unidade Amostral Floresta 1019","coordinates moved up one row (one-row offset)","-26.277101 -49.949854","-26.279381 -49.681358"
2829,"IFFSC","Unidade Amostral Floresta 1024","coordinates moved up one row (one-row offset)","-26.279381 -49.681358","-26.278033 -49.228334"
2830,"IFFSC","Unidade Amostral Floresta 1025","coordinates moved up one row (one-row offset)","-26.278033 -49.228334","-26.280003 -49.139999"
2831,"IFFSC","Unidade Amostral Floresta 1026","coordinates moved up one row (one-row offset)","-26.280003 -49.139999","-26.280009 -49.050025"
2832,"IFFSC","Unidade Amostral Floresta 1027","coordinates moved up one row (one-row offset)","-26.280009 -49.050025","-26.28013 -48.961944"
2833,"IFFSC","Unidade Amostral Floresta 1031","coordinates moved up one row (one-row offset)","-26.28013 -48.961944","-26.280001 -48.600001"
2834,"IFFSC","Unidade Amostral Floresta 1034","coordinates moved up one row (one-row offset)","-26.280001 -48.600001","-26.190623 -50.491175"
2835,"IFFSC","Unidade Amostral Floresta 1042","coordinates moved up one row (one-row offset)","-26.190623 -50.491175","-26.19003 -49.770076"
2836,"IFFSC","Unidade Amostral Floresta 1047","coordinates moved up one row (one-row offset)","-26.19003 -49.770076","-26.187328 -49.140824"
2837,"IFFSC","Unidade Amostral Floresta 1048","coordinates moved up one row (one-row offset)","-26.187328 -49.140824","-26.192614 -49.047891"
2838,"IFFSC","Unidade Amostral Floresta 1049","coordinates moved up one row (one-row offset)","-26.192614 -49.047891","-26.190004 -48.960004"
2839,"IFFSC","Unidade Amostral Floresta 1052","coordinates moved up one row (one-row offset)","-26.190004 -48.960004","-26.19 -48.690007"
2840,"IFFSC","Unidade Amostral Floresta 1055","coordinates moved up one row (one-row offset)","-26.19 -48.690007","-26.10079 -50.489104"
2841,"IFFSC","Unidade Amostral Floresta 1059","coordinates moved up one row (one-row offset)","-26.10079 -50.489104","-26.103016 -50.132936"
2842,"IFFSC","Unidade Amostral Floresta 1061","coordinates moved up one row (one-row offset)","-26.103016 -50.132936","-26.099712 -49.950813"
2843,"IFFSC","Unidade Amostral Floresta 1062","coordinates moved up one row (one-row offset)","-26.099712 -49.950813","-27.723394 -51.212513"
2844,"IFFSC","Unidade Amostral Floresta 1063","coordinates moved up one row (one-row offset)","-27.723394 -51.212513","-26.098843 -49.228674"
2845,"IFFSC","Unidade Amostral Floresta 1065","coordinates moved up one row (one-row offset)","-26.098843 -49.228674","-26.099977 -49.050002"
2846,"IFFSC","Unidade Amostral Floresta 1066","coordinates moved up one row (one-row offset)","-26.099977 -49.050002","-26.09961 -48.959586"
2847,"IFFSC","Unidade Amostral Floresta 1068","coordinates moved up one row (one-row offset)","-26.09961 -48.959586","-26.10023 -48.780368"
2848,"IFFSC","Unidade Amostral Floresta 1069","coordinates moved up one row (one-row offset)","-26.10023 -48.780368","-26.099634 -48.689597"
2849,"IFFSC","Unidade Amostral Floresta 1072","coordinates moved up one row (one-row offset)","-26.099634 -48.689597","-26.009996 -48.869998"
2850,"IFFSC","Unidade Amostral Floresta 1073","coordinates moved up one row (one-row offset)","-26.009996 -48.869998","-26.00866 -48.780046"
2851,"IFFSC","Unidade Amostral Floresta 1074","coordinates moved up one row (one-row offset)","-26.00866 -48.780046","-26.010002 -48.689996"
2852,"IFFSC","Unidade Amostral Floresta 1123","coordinates moved up one row (one-row offset)","-26.010002 -48.689996","-27.675028 -51.302608"
2853,"IFFSC","Unidade Amostral Floresta 1187","coordinates moved up one row (one-row offset)","-27.675028 -51.302608","-27.629683 -51.302017"
2854,"IFFSC","Unidade Amostral Floresta 1188","coordinates moved up one row (one-row offset)","-27.629683 -51.302017","-27.629181 -51.260407"
2855,"IFFSC","Unidade Amostral Floresta 1190","coordinates moved up one row (one-row offset)","-27.629181 -51.260407","-27.633365 -51.162762"
2856,"IFFSC","Unidade Amostral Floresta 1191","coordinates moved up one row (one-row offset)","-27.633365 -51.162762","-27.628208 -51.120598"
2857,"IFFSC","Unidade Amostral Floresta 1195","coordinates moved up one row (one-row offset)","-27.628208 -51.120598","-27.629999 -50.940004"
2858,"IFFSC","Unidade Amostral Floresta 1249","coordinates moved up one row (one-row offset)","-27.629999 -50.940004","-27.586808 -51.432694"
2859,"IFFSC","Unidade Amostral Floresta 1318","coordinates moved up one row (one-row offset)","-27.586808 -51.432694","-27.540195 -51.525069"
2860,"IFFSC","Unidade Amostral Floresta 1388","coordinates moved up one row (one-row offset)","-27.540195 -51.525069","-27.494134 -51.613785"
2861,"IFFSC","Unidade Amostral Floresta 1461","coordinates moved up one row (one-row offset)","-27.494134 -51.613785","-27.45021 -51.79501"
2862,"IFFSC","Unidade Amostral Floresta 1536","coordinates moved up one row (one-row offset)","-27.45021 -51.79501","-27.405781 -51.975011"
2863,"IFFSC","Unidade Amostral Floresta 1542","coordinates moved up one row (one-row offset)","-27.405781 -51.975011","-27.405073 -51.706008"
2864,"IFFSC","Unidade Amostral Floresta 1616","coordinates moved up one row (one-row offset)","-27.405073 -51.706008","-27.360205 -51.88499"
2865,"IFFSC","Unidade Amostral Floresta 1618","coordinates moved up one row (one-row offset)","-27.360205 -51.88499","-27.36001 -51.796013"
2866,"IFFSC","Unidade Amostral Floresta 1619","coordinates moved up one row (one-row offset)","-27.36001 -51.796013","-27.360625 -51.750043"
2867,"IFFSC","Unidade Amostral Floresta 1693","coordinates moved up one row (one-row offset)","-27.360625 -51.750043","-27.313974 -51.974703"
2868,"IFFSC","Unidade Amostral Floresta 1694","coordinates moved up one row (one-row offset)","-27.313974 -51.974703","-27.31502 -51.929929"
2869,"IFFSC","Unidade Amostral Floresta 1703","coordinates moved up one row (one-row offset)","-27.31502 -51.929929","-27.320084 -51.52605"
2870,"IFFSC","Unidade Amostral Floresta 1770","coordinates moved up one row (one-row offset)","-27.320084 -51.52605","-27.269907 -52.695145"
2871,"IFFSC","Unidade Amostral Floresta 1774","coordinates moved up one row (one-row offset)","-27.269907 -52.695145","-27.268846 -52.201183"
2872,"IFFSC","Unidade Amostral Floresta 1775","coordinates moved up one row (one-row offset)","-27.268846 -52.201183","-27.270002 -52.155009"
2873,"IFFSC","Unidade Amostral Floresta 1787","coordinates moved up one row (one-row offset)","-27.270002 -52.155009","-27.268075 -51.614357"
2874,"IFFSC","Unidade Amostral Floresta 1859","coordinates moved up one row (one-row offset)","-27.268075 -51.614357","-27.225 -52.515001"
2875,"IFFSC","Unidade Amostral Floresta 1861","coordinates moved up one row (one-row offset)","-27.225 -52.515001","-27.223019 -52.421525"
2876,"IFFSC","Unidade Amostral Floresta 1864","coordinates moved up one row (one-row offset)","-27.223019 -52.421525","-27.2245 -52.292002"
2877,"IFFSC","Unidade Amostral Floresta 1869","coordinates moved up one row (one-row offset)","-27.2245 -52.292002","-27.224135 -52.064945"
2878,"IFFSC","Unidade Amostral Floresta 1959","coordinates moved up one row (one-row offset)","-27.224135 -52.064945","-27.175783 -52.562286"
2879,"IFFSC","Unidade Amostral Floresta 1961","coordinates moved up one row (one-row offset)","-27.175783 -52.562286","-27.178283 -52.470565"
2880,"IFFSC","Unidade Amostral Floresta 1965","coordinates moved up one row (one-row offset)","-27.178283 -52.470565","-27.179997 -52.290005"
2881,"IFFSC","Unidade Amostral Floresta 1970","coordinates moved up one row (one-row offset)","-27.179997 -52.290005","-27.179023 -52.066404"
2882,"IFFSC","Unidade Amostral Floresta 1980","coordinates moved up one row (one-row offset)","-27.179023 -52.066404","-27.179402 -51.612487"
2883,"IFFSC","Unidade Amostral Floresta 2001","coordinates moved up one row (one-row offset)","-27.179402 -51.612487","-26.216573 -50.301857"
2884,"IFFSC","Unidade Amostral Floresta 2002","coordinates moved up one row (one-row offset)","-26.216573 -50.301857","-26.215737 -50.293403"
2885,"IFFSC","Unidade Amostral Floresta 2051","coordinates moved up one row (one-row offset)","-26.215737 -50.293403","-27.135309 -53.776088"
2886,"IFFSC","Unidade Amostral Floresta 2056","coordinates moved up one row (one-row offset)","-27.135309 -53.776088","-27.136209 -53.552872"
2887,"IFFSC","Unidade Amostral Floresta 2077","coordinates moved up one row (one-row offset)","-27.136209 -53.552872","-27.134997 -52.469998"
2888,"IFFSC","Unidade Amostral Floresta 2079","coordinates moved up one row (one-row offset)","-27.134997 -52.469998","-27.134059 -52.381029"
2889,"IFFSC","Unidade Amostral Floresta 2081","coordinates moved up one row (one-row offset)","-27.134059 -52.381029","-27.135006 -52.290003"
2890,"IFFSC","Unidade Amostral Floresta 2083","coordinates moved up one row (one-row offset)","-27.135006 -52.290003","-27.134312 -52.199248"
2891,"IFFSC","Unidade Amostral Floresta 2088","coordinates moved up one row (one-row offset)","-27.134312 -52.199248","-27.135001 -51.975002"
2892,"IFFSC","Unidade Amostral Floresta 2099","coordinates moved up one row (one-row offset)","-27.135001 -51.975002","-27.1348 -51.481073"
2893,"IFFSC","Unidade Amostral Floresta 2100","coordinates moved up one row (one-row offset)","-27.1348 -51.481073","-27.135004 -51.434998"
2894,"IFFSC","Unidade Amostral Floresta 2101","coordinates moved up one row (one-row offset)","-27.135004 -51.434998","-27.135814 -51.389733"
2895,"IFFSC","Unidade Amostral Floresta 2166","coordinates moved up one row (one-row offset)","-27.135814 -51.389733","-27.087986 -53.681889"
2896,"IFFSC","Unidade Amostral Floresta 2170","coordinates moved up one row (one-row offset)","-27.087986 -53.681889","-27.088608 -53.509047"
2897,"IFFSC","Unidade Amostral Floresta 2172","coordinates moved up one row (one-row offset)","-27.088608 -53.509047","-27.089044 -53.415137"
2898,"IFFSC","Unidade Amostral Floresta 2179","coordinates moved up one row (one-row offset)","-27.089044 -53.415137","-27.091454 -53.100085"
2899,"IFFSC","Unidade Amostral Floresta 2194","coordinates moved up one row (one-row offset)","-27.091454 -53.100085","-27.090285 -52.379403"
2900,"IFFSC","Unidade Amostral Floresta 2195","coordinates moved up one row (one-row offset)","-27.090285 -52.379403","-27.092684 -52.332856"
2901,"IFFSC","Unidade Amostral Floresta 2216","coordinates moved up one row (one-row offset)","-27.092684 -52.332856","-27.091425 -51.391889"
2902,"IFFSC","Unidade Amostral Floresta 2281","coordinates moved up one row (one-row offset)","-27.091425 -51.391889","-27.043878 -53.684991"
2903,"IFFSC","Unidade Amostral Floresta 2287","coordinates moved up one row (one-row offset)","-27.043878 -53.684991","-27.047439 -53.415968"
2904,"IFFSC","Unidade Amostral Floresta 2294","coordinates moved up one row (one-row offset)","-27.047439 -53.415968","-27.043863 -53.099622"
2905,"IFFSC","Unidade Amostral Floresta 2310","coordinates moved up one row (one-row offset)","-27.043863 -53.099622","-27.045031 -52.379575"
2906,"IFFSC","Unidade Amostral Floresta 2406","coordinates moved up one row (one-row offset)","-27.045031 -52.379575","-26.997446 -53.235783"
2907,"IFFSC","Unidade Amostral Floresta 2414","coordinates moved up one row (one-row offset)","-26.997446 -53.235783","-26.998713 -52.876348"
2908,"IFFSC","Unidade Amostral Floresta 2425","coordinates moved up one row (one-row offset)","-26.998713 -52.876348","-27 -52.380002"
2909,"IFFSC","Unidade Amostral Floresta 2510","coordinates moved up one row (one-row offset)","-27 -52.380002","-26.956534 -53.685675"
2910,"IFFSC","Unidade Amostral Floresta 2512","coordinates moved up one row (one-row offset)","-26.956534 -53.685675","-26.954985 -53.595452"
2911,"IFFSC","Unidade Amostral Floresta 2515","coordinates moved up one row (one-row offset)","-26.954985 -53.595452","-26.955692 -53.459905"
2912,"IFFSC","Unidade Amostral Floresta 2530","coordinates moved up one row (one-row offset)","-26.955692 -53.459905","-26.953829 -52.783777"
2913,"IFFSC","Unidade Amostral Floresta 2531","coordinates moved up one row (one-row offset)","-26.953829 -52.783777","-26.954999 -52.740002"
2914,"IFFSC","Unidade Amostral Floresta 2623","coordinates moved up one row (one-row offset)","-26.954999 -52.740002","-26.909576 -53.641385"
2915,"IFFSC","Unidade Amostral Floresta 2645","coordinates moved up one row (one-row offset)","-26.909576 -53.641385","-26.909251 -52.651533"
2916,"IFFSC","Unidade Amostral Floresta 2987","coordinates moved up one row (one-row offset)","-26.909251 -52.651533","-26.773474 -52.51587"
2917,"IFFSC","Unidade Amostral Floresta 3001","coordinates moved up one row (one-row offset)","-26.773474 -52.51587","-26.251303 -50.228433"
2918,"IFFSC","Unidade Amostral Floresta 3002","coordinates moved up one row (one-row offset)","-26.251303 -50.228433","-26.247251 -50.228881"
2919,"IFFSC","Unidade Amostral Floresta 3082","coordinates moved up one row (one-row offset)","-26.247251 -50.228881","-26.72888 -53.410384"
2920,"IFFSC","Unidade Amostral Floresta 3097","coordinates moved up one row (one-row offset)","-26.72888 -53.410384","-26.729946 -52.740002"
2921,"IFFSC","Unidade Amostral Floresta 3197","coordinates moved up one row (one-row offset)","-26.729946 -52.740002","-26.68552 -53.279252"
2922,"IFFSC","Unidade Amostral Floresta 3309","coordinates moved up one row (one-row offset)","-26.68552 -53.279252","-26.640546 -53.280557"
2923,"IFFSC","Unidade Amostral Floresta 3414","coordinates moved up one row (one-row offset)","-26.640546 -53.280557","-26.59188 -53.418026"
2924,"IFFSC","Unidade Amostral Floresta 3416","coordinates moved up one row (one-row offset)","-26.59188 -53.418026","-26.595782 -53.32693"
2925,"IFFSC","Unidade Amostral Floresta 3427","coordinates moved up one row (one-row offset)","-26.595782 -53.32693","-26.591394 -52.828834"
2926,"IFFSC","Unidade Amostral Floresta 3520","coordinates moved up one row (one-row offset)","-26.591394 -52.828834","-26.547662 -53.413706"
2927,"IFFSC","Unidade Amostral Floresta 4000","coordinates moved up one row (one-row offset)","-26.547662 -53.413706","-26.861249 -50.963991"
2928,"IFFSC","Unidade Amostral Floresta 5000","coordinates moved up one row (one-row offset)","-26.861249 -50.963991","-27.6909 -51.136681"
2929,"IFFSC","Unidade Amostral Floresta 6001","coordinates moved up one row (one-row offset)","-27.6909 -51.136681","-26.308971 -53.285612"
2930,"IFFSC","Unidade Amostral Floresta 6002","coordinates moved up one row (one-row offset)","-26.308971 -53.285612","-26.328532 -53.293898"
2931,"IFFSC","Unidade Amostral Floresta 6003","coordinates moved up one row (one-row offset)","-26.328532 -53.293898","-26.400648 -53.298529"
2932,"IFFSC","Unidade Amostral Floresta 6004","coordinates moved up one row (one-row offset)","-26.400648 -53.298529","-26.432752 -53.301782"
2933,"IFFSC","Unidade Amostral Floresta 6005","coordinates moved up one row (one-row offset)","-26.432752 -53.301782","-26.471861 -53.377456"
2934,"IFFSC","Unidade Amostral Floresta 7001","coordinates moved up one row (one-row offset)","-26.471861 -53.377456","-26.469806 -52.571278"
2935,"IFFSC","Unidade Amostral Floresta 7002","coordinates moved up one row (one-row offset)","-26.469806 -52.571278","-26.465317 -52.564086"
2936,"IFFSC","Unidade Amostral Floresta 8003","coordinates moved up one row (one-row offset)","-26.465317 -52.564086","-27.717488 -48.527578"
2937,"IFFSC","Unidade Amostral Floresta 8009","coordinates moved up one row (one-row offset)","-27.717488 -48.527578","-27.449935 -48.6876"
2938,"IFFSC","Unidade Amostral Floresta 8010","coordinates moved up one row (one-row offset)","-27.449935 -48.6876","-26.349745 -48.563254"
2939,"IFFSC","Unidade Amostral Floresta 8011","coordinates moved up one row (one-row offset)","-26.349745 -48.563254","-26.030286 -48.801947"
2940,"IFFSC","Unidade Amostral Floresta 8012","coordinates moved up one row (one-row offset)","-26.030286 -48.801947","-26.393337 -48.610557"
2941,"IFFSC","Unidade Amostral Floresta 8013","coordinates moved up one row (one-row offset)","-26.393337 -48.610557","-26.853616 -48.645008"
2942,"IFFSC","Unidade Amostral Floresta 397","coordinates moved up one row (one-row offset)","-26.853616 -48.645008","-27.359997 -51.659999"
2943,"IFFSC","Unidade Amostral Floresta 403","coordinates moved up one row (one-row offset)","-27.359997 -51.659999","-27.359997 -51.120003"
2944,"IFFSC","Unidade Amostral Floresta 405","coordinates moved up one row (one-row offset)","-27.359997 -51.120003","-27.36 -50.939998"
2945,"IFFSC","Unidade Amostral Floresta 491","coordinates moved up one row (one-row offset)","-27.36 -50.939998","-27.179999 -51.659997"
2946,"IFFSC","Unidade Amostral Floresta 930","coordinates moved up one row (one-row offset)","-27.179999 -51.659997","-26.460002 -52.200001"
2947,"IFFSC","Unidade Amostral Floresta 938","coordinates moved up one row (one-row offset)","-26.460002 -52.200001","-26.460001 -50.579998"
2948,"IFFSC","Unidade Amostral Floresta 1056","coordinates moved up one row (one-row offset)","-26.460001 -50.579998","-26.099996 -50.400004"
2949,"IFFSC","Unidade Amostral Floresta 863","coordinates moved up one row (one-row offset)","-26.099996 -50.400004","-26.639997 -48.960004"
2950,"IFFSC","Unidade Amostral Floresta 1021","coordinates moved up one row (one-row offset)","-26.639997 -48.960004","-26.280002 -49.500003"
2951,"IFFSC","Unidade Amostral Estágio inicial 610","coordinates moved up one row (one-row offset)","-26.280002 -49.500003","-27.000002 -51.480004"
2952,"IFFSC","Unidade Amostral Estágio inicial 276","coordinates moved up one row (one-row offset)","-27.000002 -51.480004","-27.719997 -49.680002"
2953,"IFFSC","Unidade Amostral Estágio inicial 616","coordinates moved up one row (one-row offset)","-27.719997 -49.680002","-27.000003 -50.939999"
2954,"IFFSC","Unidade Amostral Estágio inicial 68","coordinates moved up one row (one-row offset)","-27.000003 -50.939999","-28.440238 -50.070529"
2955,"IFFSC","Unidade Amostral Estágio inicial 72","coordinates moved up one row (one-row offset)","-28.440238 -50.070529","-28.439998 -49.68"
2956,"IFFSC","Unidade Amostral Estágio inicial 111","coordinates moved up one row (one-row offset)","-28.439998 -49.68","-28.26 -50.039995"
2957,"IFFSC","Unidade Amostral Estágio inicial 125","coordinates moved up one row (one-row offset)","-28.26 -50.039995","-28.260003 -48.780001"
2958,"IFFSC","Unidade Amostral Estágio inicial 158","coordinates moved up one row (one-row offset)","-28.260003 -48.780001","-28.08 -50.220002"
2959,"IFFSC","Unidade Amostral Estágio inicial 162","coordinates moved up one row (one-row offset)","-28.08 -50.220002","-28.08 -49.859999"
2960,"IFFSC","Unidade Amostral Estágio inicial 164","coordinates moved up one row (one-row offset)","-28.08 -49.859999","-28.080002 -49.680002"
2961,"IFFSC","Unidade Amostral Estágio inicial 168","coordinates moved up one row (one-row offset)","-28.080002 -49.680002","-28.080002 -49.32"
2962,"IFFSC","Unidade Amostral Estágio inicial 216","coordinates moved up one row (one-row offset)","-28.080002 -49.32","-27.899998 -49.679999"
2963,"IFFSC","Unidade Amostral Estágio inicial 222","coordinates moved up one row (one-row offset)","-27.899998 -49.679999","-27.900003 -49.139996"
2964,"IFFSC","Unidade Amostral Estágio inicial 258","coordinates moved up one row (one-row offset)","-27.900003 -49.139996","-27.72 -51.300003"
2965,"IFFSC","Unidade Amostral Estágio inicial 264","coordinates moved up one row (one-row offset)","-27.72 -51.300003","-27.72 -50.760002"
2966,"IFFSC","Unidade Amostral Estágio inicial 274","coordinates moved up one row (one-row offset)","-27.72 -50.760002","-27.72 -49.860003"
2967,"IFFSC","Unidade Amostral Estágio inicial 278","coordinates moved up one row (one-row offset)","-27.72 -49.860003","-27.719996 -49.499999"
2968,"IFFSC","Unidade Amostral Estágio inicial 280","coordinates moved up one row (one-row offset)","-27.719996 -49.499999","-27.720003 -49.320004"
2969,"IFFSC","Unidade Amostral Estágio inicial 327","coordinates moved up one row (one-row offset)","-27.720003 -49.320004","-27.54 -50.940002"
2970,"IFFSC","Unidade Amostral Estágio inicial 339","coordinates moved up one row (one-row offset)","-27.54 -50.940002","-27.539997 -49.860003"
2971,"IFFSC","Unidade Amostral Estágio inicial 393","coordinates moved up one row (one-row offset)","-27.539997 -49.860003","-27.359998 -52.019997"
2972,"IFFSC","Unidade Amostral Estágio inicial 399","coordinates moved up one row (one-row offset)","-27.359998 -52.019997","-27.36 -51.48"
2973,"IFFSC","Unidade Amostral Estágio inicial 407","coordinates moved up one row (one-row offset)","-27.36 -51.48","-27.359996 -50.760004"
2974,"IFFSC","Unidade Amostral Estágio inicial 417","coordinates moved up one row (one-row offset)","-27.359996 -50.760004","-27.359999 -49.860002"
2975,"IFFSC","Unidade Amostral Estágio inicial 474","coordinates moved up one row (one-row offset)","-27.359999 -49.860002","-27.18 -53.639999"
2976,"IFFSC","Unidade Amostral Estágio inicial 475","coordinates moved up one row (one-row offset)","-27.18 -53.639999","-27.180002 -53.279997"
2977,"IFFSC","Unidade Amostral Estágio inicial 477","coordinates moved up one row (one-row offset)","-27.180002 -53.279997","-27.179997 -52.920002"
2978,"IFFSC","Unidade Amostral Estágio inicial 511","coordinates moved up one row (one-row offset)","-27.179997 -52.920002","-27.179997 -49.86"
2979,"IFFSC","Unidade Amostral Estágio inicial 588","coordinates moved up one row (one-row offset)","-27.179997 -49.86","-26.999997 -53.460002"
2980,"IFFSC","Unidade Amostral Estágio inicial 608","coordinates moved up one row (one-row offset)","-26.999997 -53.460002","-26.999996 -51.660001"
2981,"IFFSC","Unidade Amostral Estágio inicial 618","coordinates moved up one row (one-row offset)","-26.999996 -51.660001","-27.000001 -50.759997"
2982,"IFFSC","Unidade Amostral Estágio inicial 626","coordinates moved up one row (one-row offset)","-27.000001 -50.759997","-27.000004 -50.040002"
2983,"IFFSC","Unidade Amostral Estágio inicial 701","coordinates moved up one row (one-row offset)","-27.000004 -50.040002","-26.82 -53.460004"
2984,"IFFSC","Unidade Amostral Estágio inicial 705","coordinates moved up one row (one-row offset)","-26.82 -53.460004","-26.819999 -53.100005"
2985,"IFFSC","Unidade Amostral Estágio inicial 735","coordinates moved up one row (one-row offset)","-26.819999 -53.100005","-26.820003 -50.400003"
2986,"IFFSC","Unidade Amostral Estágio inicial 813","coordinates moved up one row (one-row offset)","-26.820003 -50.400003","-26.639999 -53.64"
2987,"IFFSC","Unidade Amostral Estágio inicial 827","coordinates moved up one row (one-row offset)","-26.639999 -53.64","-26.640002 -52.379997"
2988,"IFFSC","Unidade Amostral Estágio inicial 829","coordinates moved up one row (one-row offset)","-26.640002 -52.379997","-26.640002 -52.199997"
2989,"IFFSC","Unidade Amostral Estágio inicial 831","coordinates moved up one row (one-row offset)","-26.640002 -52.199997","-26.639998 -52.02"
2990,"IFFSC","Unidade Amostral Estágio inicial 922","coordinates moved up one row (one-row offset)","-26.639998 -52.02","-26.46 -52.919996"
2991,"IFFSC","Unidade Amostral Estágio inicial 924","coordinates moved up one row (one-row offset)","-26.46 -52.919996","-26.459996 -52.740004"
2992,"IFFSC","Unidade Amostral Estágio inicial 940","coordinates moved up one row (one-row offset)","-26.459996 -52.740004","-26.459999 -50.400005"
2993,"IFFSC","Unidade Amostral Estágio inicial 1004","coordinates moved up one row (one-row offset)","-26.459999 -50.400005","-26.279998 -51.120003"
2994,"IFFSC","Unidade Amostral Estágio inicial 1009","coordinates moved up one row (one-row offset)","-26.279998 -51.120003","-26.280003 -50.579997"
2995,"IFFSC","Unidade Amostral Estágio inicial 1064","coordinates moved up one row (one-row offset)","-26.280003 -50.579997","-26.100001 -49.139997"
2996,"IFFSC","Unidade Amostral Estágio inicial 4303","coordinates moved up one row (one-row offset)","-26.100001 -49.139997","-27.179998 -52.38"
2997,"IFFSC","Unidade Amostral Estágio inicial 4304","coordinates moved up one row (one-row offset)","-27.179998 -52.38","-26.819996 -51.120003"
2998,"IFFSC","Unidade Amostral Estágio inicial 272","coordinates moved up one row (one-row offset)","-26.819996 -51.120003","-27.720002 -50.04"
2999,"IFFSC","Unidade Amostral Estágio inicial 630","coordinates moved up one row (one-row offset)","-27.720002 -50.04","-26.999998 -49.679999"
3000,"IFFSC","Unidade Amostral Estágio inicial 632","coordinates moved up one row (one-row offset)","-26.999998 -49.679999","-27.000001 -49.499998"
3001,"Igarapes","Reserva Florestal Adolpho Ducke","coordinates moved up one row (one-row offset)","-27.000001 -49.499998","-2.94 -59.96"
3002,"Igarapes","ARIEs PDBFF","coordinates moved up one row (one-row offset)","-2.94 -59.96","-2.45 -59.75"
3003,"Igarapes","APA de Alter do Chão","coordinates moved up one row (one-row offset)","-2.45 -59.75","2.5 -54.92"
3004,"LTER-CRSC_insects","Parque Nacional da Serra do Cipó_Sede Ibama","coordinates moved up one row (one-row offset)","2.5 -54.92","-19.35916667 -43.60805556"
3005,"LTER-CRSC_insects","Quadrante 16","coordinates moved up one row (one-row offset)","-19.35916667 -43.60805556","-19.29666667 -43.59083333"
3006,"LTER-CRSC_insects","Pedra do Elefante","coordinates moved up one row (one-row offset)","-19.29666667 -43.59083333","-19.29416667 -43.55527778"
3007,"LTER-CRSC_insects","Parque Nacional da Serra do Cipó_Alto Palácio","coordinates moved up one row (one-row offset)","-19.29416667 -43.55527778","-19.26833333 -43.535"
3008,"LTER-CRSC_insects","Capão 8","coordinates moved up one row (one-row offset)","-19.26833333 -43.535","-19.255367 -43.512689"
3009,"LTER-CRSC_insects","Capão 9","coordinates moved up one row (one-row offset)","-19.255367 -43.512689","-19.25501 -43.516946"
3010,"LTER-CRSC_insects","Capão 6","coordinates moved up one row (one-row offset)","-19.25501 -43.516946","-19.252991 -43.552071"
3011,"LTER-CRSC_insects","Capão 11","coordinates moved up one row (one-row offset)","-19.252991 -43.552071","-19.24794 -43.550889"
3012,"LTER-CRSC_insects","Capão 12","coordinates moved up one row (one-row offset)","-19.24794 -43.550889","-19.246232 -43.552304"
3013,"LTER-CRSC_insects","Capão 7","coordinates moved up one row (one-row offset)","-19.246232 -43.552304","-19.244698 -43.555735"
3014,"LTER-CRSC_insects","Capão 13","coordinates moved up one row (one-row offset)","-19.244698 -43.555735","-19.24394 -43.553965"
3015,"LTER-CRSC_insects","Capão 10","coordinates moved up one row (one-row offset)","-19.24394 -43.553965","-19.242884 -43.542312"
3016,"LTER-CRSC_insects","Capão 5","coordinates moved up one row (one-row offset)","-19.242884 -43.542312","-19.239234 -43.540586"
3017,"LTER-CRSC_insects","Cedro Cachoeira Indústria Têxtil","coordinates moved up one row (one-row offset)","-19.239234 -43.540586","-19.23277778 -43.57916667"
3018,"LTER-CRSC_insects","Capão 4","coordinates moved up one row (one-row offset)","-19.23277778 -43.57916667","-19.226279 -43.515548"
3019,"LTER-CRSC_insects","Capão 1","coordinates moved up one row (one-row offset)","-19.226279 -43.515548","-19.217215 -43.507964"
3020,"LTER-CRSC_insects","Capão 2","coordinates moved up one row (one-row offset)","-19.217215 -43.507964","-19.215346 -43.510812"
3021,"LTER-CRSC_insects","Capão 3","coordinates moved up one row (one-row offset)","-19.215346 -43.510812","-19.213237 -43.512836"
3022,"LTER-CRSC_insects","Capão 14","coordinates moved up one row (one-row offset)","-19.213237 -43.512836","-19.199496 -43.508773"
3023,"LTER-CRSC_insects","Usina","coordinates moved up one row (one-row offset)","-19.199496 -43.508773","-19.16178 -43.36181"
3024,"LTER-CRSC_insects","Serra Morena","coordinates moved up one row (one-row offset)","-19.16178 -43.36181","-19.15506 -43.35103"
3025,"Mam.P8","Parque Oito Cachoeiras","coordinates moved up one row (one-row offset)","-19.15506 -43.35103","-29.4554 -50.5559"
3026,"MBS","Rio Verde A ","coordinates moved up one row (one-row offset)","-29.4554 -50.5559","-20.896928 -52.187488"
3027,"MBS","Matão","coordinates moved up one row (one-row offset)","-20.896928 -52.187488","-20.431865 -51.859278"
3028,"MBS","Barra do Moeda ","coordinates moved up one row (one-row offset)","-20.431865 -51.859278","-20.956638 -51.821904"
3029,"MBS","Abasto","coordinates moved up one row (one-row offset)","-20.956638 -51.821904","-20.689294 -52.429447"
3030,"MBS","Duas Marias ","coordinates moved up one row (one-row offset)","-20.689294 -52.429447","-20.959067 -52.349303"
3031,"MBS","Bloco Boa Esperança","coordinates moved up one row (one-row offset)","-20.959067 -52.349303","-5.05623351 -47.69554325"
3032,"MBS","Bloco Jurema","coordinates moved up one row (one-row offset)","-5.05623351 -47.69554325","-20.956638 -51.821904"
3033,"MBS","Itabaiana","coordinates moved up one row (one-row offset)","-20.956638 -51.821904","-5.07993534 -52.429447"
3034,"MBS","São Bento","coordinates moved up one row (one-row offset)","-5.07993534 -52.429447","-20.959067 -47.80981427"
3035,"MBS","Santa Maria HM","coordinates moved up one row (one-row offset)","-20.959067 -47.80981427","-4.36 -47.9"
3036,"MBS","Chalé II","coordinates moved up one row (one-row offset)","-4.36 -47.9","-5.14 -48.35"
3037,"MBS","Califórnia","coordinates moved up one row (one-row offset)","-5.14 -48.35","-2.96477348 -47.26627441"
3038,"MBS","Paraíso","coordinates moved up one row (one-row offset)","-2.96477348 -47.26627441","-2.950716 -47.22953887"
3039,"MBS","Sayonara","coordinates moved up one row (one-row offset)","-2.950716 -47.22953887","-3.48 -47.61"
3040,"MBS","Senhor do Bonfim I","coordinates moved up one row (one-row offset)","-3.48 -47.61","-2.96 -47.15"
3041,"MBS","Senhor do Bonfim II","coordinates moved up one row (one-row offset)","-2.96 -47.15","-3.46799955 -47.14684519"
3042,"MBS","Tamboril","coordinates moved up one row (one-row offset)","-3.46799955 -47.14684519","-6.52537589 -47.91900168"
3043,"MBS","São Roque","coordinates moved up one row (one-row offset)","-6.52537589 -47.91900168","-6.68423925 -47.90051324"
3044,"MBS","Surpresa","coordinates moved up one row (one-row offset)","-6.68423925 -47.90051324","-4.25 -47.15"
3045,"MBS","Maab","coordinates moved up one row (one-row offset)","-4.25 -47.15","-6.44768469 -47.94354926"
3046,"MBS","Alcoprado","coordinates moved up one row (one-row offset)","-6.44768469 -47.94354926","-19.71138201 -39.99816672"
3047,"MBS","Complexo Aparaju","coordinates moved up one row (one-row offset)","-19.71138201 -39.99816672","-17.646387 -39.305255"
3048,"MBS","Complexo Rio Itanhentinga","coordinates moved up one row (one-row offset)","-17.646387 -39.305255","-17.379768 -39.290341"
3049,"MBS","Fábrica","coordinates moved up one row (one-row offset)","-17.379768 -39.290341","-18.086157 -39.92127"
3050,"MBS","Muçunungas de Juerana","coordinates moved up one row (one-row offset)","-18.086157 -39.92127","-17.682159 -39.479502"
3051,"MBS","Peruípe","coordinates moved up one row (one-row offset)","-17.682159 -39.479502","-17.78982227 -39.40979143"
3052,"MBS","Bloco 43 - CB","coordinates moved up one row (one-row offset)","-17.78982227 -39.40979143","-18.27617521 -39.79334464"
3053,"MBS","Bloco G8 ","coordinates moved up one row (one-row offset)","-18.27617521 -39.79334464","-18.34042844 -39.80089604"
3054,"MBS","Complexo RPPNs Mutum Preto e Recanto das Antas","coordinates moved up one row (one-row offset)","-18.34042844 -39.80089604","-19.05810582 -39.98436291"
3055,"MBS","Fazenda Agril","coordinates moved up one row (one-row offset)","-19.05810582 -39.98436291","-19.58066925 -39.99670529"
3056,"MBS","RPPN Restinga de Aracruz","coordinates moved up one row (one-row offset)","-19.58066925 -39.99670529","-19.7001909 -39.98805519"
3057,"MBS","Santa Helena I","coordinates moved up one row (one-row offset)","-19.7001909 -39.98805519","-18.35477872 -39.71732312"
3058,"MBS","Água Vermelha","coordinates moved up one row (one-row offset)","-18.35477872 -39.71732312","-18.21725122 -39.72674464"
3059,"MBS","Bloco 02","coordinates moved up one row (one-row offset)","-18.21725122 -39.72674464","-17.6679906 -39.36810449"
3060,"MBS","Bloco 34 ","coordinates moved up one row (one-row offset)","-17.6679906 -39.36810449","-17.9487975 -39.69177809"
3061,"MBS","Bloco 48","coordinates moved up one row (one-row offset)","-17.9487975 -39.69177809","-17.4316872 -39.37265591"
3062,"MBS","Brasília","coordinates moved up one row (one-row offset)","-17.4316872 -39.37265591","-17.5812874 -40.63420241"
3063,"MBS","Panorama","coordinates moved up one row (one-row offset)","-17.5812874 -40.63420241","-17.93608981 -40.42766052"
3064,"MBS","Entre Rios","coordinates moved up one row (one-row offset)","-17.93608981 -40.42766052","-23.263627 -48.446456"
3065,"MBS","São Sebastião do Rib. Grande","coordinates moved up one row (one-row offset)","-23.263627 -48.446456","-22.75230556 -45.46990128"
3066,"MBS","Tijuco","coordinates moved up one row (one-row offset)","-22.75230556 -45.46990128","-23.944308 -48.424403"
3067,"MBS","Suina","coordinates moved up one row (one-row offset)","-23.944308 -48.424403","-23.99057443 -48.46274802"
3068,"MBS","Rio Claro","coordinates moved up one row (one-row offset)","-23.99057443 -48.46274802","-22.77682477 -48.95297564"
3069,"MBS","Montes Claros","coordinates moved up one row (one-row offset)","-22.77682477 -48.95297564","-23.04390626 -46.03097569"
3070,"MBS","Siriema","coordinates moved up one row (one-row offset)","-23.04390626 -46.03097569","-22.25734265 -47.90460655"
3071,"MBS","Capanhão","coordinates moved up one row (one-row offset)","-22.25734265 -47.90460655","-23.66788698 -45.99392898"
3072,"MBS","Ibiti","coordinates moved up one row (one-row offset)","-23.66788698 -45.99392898","-24.26386695 -49.29688682"
3073,"MBS","Bloco Boa Esperança","coordinates moved up one row (one-row offset)","-24.26386695 -49.29688682","-5.05623351 -47.69554325"
3074,"MBS","Bloco Jurema","coordinates moved up one row (one-row offset)","-5.05623351 -47.69554325","-22.25734265 -47.90460655"
3075,"MBS","Itabaiana","coordinates moved up one row (one-row offset)","-22.25734265 -47.90460655","-5.07993534 -45.99392898"
3076,"MBS","São Bento","coordinates moved up one row (one-row offset)","-5.07993534 -45.99392898","-24.26386695 -47.80981427"
3077,"MBS","Santa Maria HM","coordinates moved up one row (one-row offset)","-24.26386695 -47.80981427","-4.36553972 -47.90752545"
3078,"MBS","Chalé II","coordinates moved up one row (one-row offset)","-4.36553972 -47.90752545","-5.14 -48.35"
3079,"MBS","Califórnia","coordinates moved up one row (one-row offset)","-5.14 -48.35","-2.96477348 -47.26627441"
3080,"MBS","Paraíso","coordinates moved up one row (one-row offset)","-2.96477348 -47.26627441","-2.950716 -47.22953887"
3081,"MBS","Sayonara","coordinates moved up one row (one-row offset)","-2.950716 -47.22953887","-3.48736105 -47.61078492"
3082,"MBS","Senhor do Bonfim I","coordinates moved up one row (one-row offset)","-3.48736105 -47.61078492","-2.96 -47.15"
3083,"MBS","Senhor do Bonfim II","coordinates moved up one row (one-row offset)","-2.96 -47.15","-3.46799955 -47.14684519"
3084,"MBS","Tamboril","coordinates moved up one row (one-row offset)","-3.46799955 -47.14684519","-6.52537589 -47.91900168"
3085,"MBS","São Roque","coordinates moved up one row (one-row offset)","-6.52537589 -47.91900168","-6.68423925 -47.90051324"
3086,"MBS","Surpresa","coordinates moved up one row (one-row offset)","-6.68423925 -47.90051324","-4.25 -47.15"
3087,"MBS","Maab","coordinates moved up one row (one-row offset)","-4.25 -47.15","-6.44768469 -47.94354926"
3088,"Mon.CEP","Estação Ecológica do Tapacurá","coordinates moved up one row (one-row offset)","-6.44768469 -47.94354926","-8.0378 -35.1967"
3089,"PCMCV","Parque Nacional da Chapada dos Veadeiros","coordinates moved up one row (one-row offset)","-8.0378 -35.1967","-14.0951 -47.7003"
3090,"Mon.RBSG","Reserva Biológica da Serra Geral","coordinates moved up one row (one-row offset)","-14.0951 -47.7003","-29.5871 -50.186"
3091,"Monit.Flittoralis","Parque Estadual da Costa do Sol - APA Massambaba - Araruama","coordinates moved up one row (one-row offset)","-29.5871 -50.186","-22.936578 -42.293264"
3092,"Monit.Flittoralis","Parque Estadual da Costa do Sol - APA Massambaba - Arraial do Cabo 1","coordinates moved up one row (one-row offset)","-22.936578 -42.293264","-22.943611 -42.083611"
3093,"Monit.Flittoralis","Parque Estadual da Costa do Sol - APA Massambaba - Arraial do Cabo 2","coordinates moved up one row (one-row offset)","-22.943611 -42.083611","-22.938611 -42.268889"
3094,"Monit.Flittoralis","Parque Estadual da Costa do Sol - Armação dos Búzios - Tucuns","coordinates moved up one row (one-row offset)","-22.938611 -42.268889","-22.804444 -41.931389"
3095,"Monit.Flittoralis","Arraial do Cabo - Ilha de Cabo Frio","coordinates moved up one row (one-row offset)","-22.804444 -41.931389","-23.002392 -42.00834"
3096,"Monit.Flittoralis","Parque Estadual da Costa do Sol - Cabo Frio - Praia das Conchas","coordinates moved up one row (one-row offset)","-23.002392 -42.00834","-22.871667 -41.986389"
3097,"Monit.Flittoralis","ARIE - Formigueiro do litoral - Jaconé - Saquarema","coordinates moved up one row (one-row offset)","-22.871667 -41.986389","-22.93176 -42.60292"
3098,"Monit.Flittoralis","Ponta Negra - Maricá","coordinates moved up one row (one-row offset)","-22.93176 -42.60292","-22.940833 -42.666389"
3099,"Monit.Flittoralis","Peró - Cabo Frio","coordinates moved up one row (one-row offset)","-22.940833 -42.666389","-22.8525 -41.991111"
3100,"Monit.Flittoralis","APA de Massambaba - Morro do Governo - Iguaba Grande","coordinates moved up one row (one-row offset)","-22.8525 -41.991111","-22.85383 -42.1969"
3101,"Monitora.Mar.Mgz","Nucleo de Gestão Integrada Antonina EA1","coordinates moved up one row (one-row offset)","-22.85383 -42.1969","-25.30477 -48.42397"
3102,"Monitora.Ter.Flo","Esec Alto Maués EA1","coordinates moved up one row (one-row offset)","-25.30477 -48.42397","-5.00907 -58.00059"
3103,"Monitora.Ter.Flo","Esec Alto Maués EA2","coordinates moved up one row (one-row offset)","-5.00907 -58.00059","-5.00028 -58.01202"
3104,"Monitora.Mar.Mgz","ESEC de Carijós Estação Amostral 1","coordinates moved up one row (one-row offset)","-5.00028 -58.01202","-27.46619 -48.52086"
3105,"Monitora.Mar.Mgz","ESEC de Carijós Estação Amostral 2","coordinates moved up one row (one-row offset)","-27.46619 -48.52086","-27.46752 -48.50495"
3106,"Monitora.Mar.Mgz","ESEC de Carijós Estação Amostral 3","coordinates moved up one row (one-row offset)","-27.46752 -48.50495","-27.55084 -48.50875"
3107,"Monitora.Mar.Mgz","Nucleo de Gestão Integrada Antonina EA2","coordinates moved up one row (one-row offset)","-27.55084 -48.50875","-25.31325 -48.36134"
3108,"Monitora.Ter.Flo","Esec Maracá EA1","coordinates moved up one row (one-row offset)","-25.31325 -48.36134","3.38715 -61.44206"
3109,"Monitora.Ter.Flo","Esec Maracá EA2","coordinates moved up one row (one-row offset)","3.38715 -61.44206","3.42947 -61.6447"
3110,"Monitora.Ter.Flo","Esec Maracá EA3","coordinates moved up one row (one-row offset)","3.42947 -61.6447","3.38628 -61.58929"
3111,"Monitora.Aq.Ig","ESEC Maracá EA1","coordinates moved up one row (one-row offset)","3.38628 -61.58929","3.379 -61.47492"
3112,"Monitora.Aq.Ig","ESEC Maracá EA2","coordinates moved up one row (one-row offset)","3.379 -61.47492","3.39306 -61.58386"
3113,"Monitora.Aq.Ig","ESEC Maracá EA3","coordinates moved up one row (one-row offset)","3.39306 -61.58386","3.39142 -61.6425"
3114,"Monitora.Aq.Ig","ESEC Maracá EA4","coordinates moved up one row (one-row offset)","3.39142 -61.6425","3.36956 -61.45286"
3115,"Monitora.Aq.Ig","ESEC Maracá EA5","coordinates moved up one row (one-row offset)","3.36956 -61.45286","3.40597 -61.47339"
3116,"Monitora.Aq.Ig","ESEC Maracá EA6","coordinates moved up one row (one-row offset)","3.40597 -61.47339","3.37158 -61.48861"
3117,"Monitora.Aq.Ig","ESEC Maracá EA7","coordinates moved up one row (one-row offset)","3.37158 -61.48861","3.40503 -61.45211"
3118,"Monitora.Aq.Ig","ESEC Maracá EA8","coordinates moved up one row (one-row offset)","3.40503 -61.45211","3.40342 -61.64475"
3119,"Monitora.Aq.Ig","ESEC Maracá EA9","coordinates moved up one row (one-row offset)","3.40342 -61.64475","3.38344 -61.66283"
3120,"Monitora.Ter","Esec Maracá Grid","coordinates moved up one row (one-row offset)","3.38344 -61.66283","3.38715 -61.44206"
3121,"Monitora.Mar.Mgz","ESEC de Maracá Jipioca Estação Amostral 1","coordinates moved up one row (one-row offset)","3.38715 -61.44206","1.92392 -50.46517"
3122,"Monitora.Mar.Mgz","ESEC de Maracá Jipioca Estação Amostral 2","coordinates moved up one row (one-row offset)","1.92392 -50.46517","1.91606 -50.46183"
3123,"Monitora.Mar.Mgz","ESEC de Maracá Jipioca Estação Amostral 3","coordinates moved up one row (one-row offset)","1.91606 -50.46183","2.11903 -50.43289"
3124,"Monitora.Mar.Pr","Estação Ecologica Maracá-Jipioca","coordinates moved up one row (one-row offset)","2.11903 -50.43289","2.12382 -50.44056"
3125,"Monitora.Ter.Flo","Esec Niquiá EA1","coordinates moved up one row (one-row offset)","2.12382 -50.44056","0.81556 -61.65003"
3126,"Monitora.Ter.Flo","Esec Riozinho do Anfrísio EA1","coordinates moved up one row (one-row offset)","0.81556 -61.65003","-4.97863 -54.62222"
3127,"Monitora.Ter.Flo","Esec Riozinho do Anfrísio EA2","coordinates moved up one row (one-row offset)","-4.97863 -54.62222","-4.92995 -55.15484"
3128,"Monitora.Ter.Flo","Esec Riozinho do Anfrísio EA3","coordinates moved up one row (one-row offset)","-4.92995 -55.15484","-5.24688 -55.30637"
3129,"Monitora.Ter.Flo","Esec Serra Geral do Tocantins EA1","coordinates moved up one row (one-row offset)","-5.24688 -55.30637","-10.71469 -45.98607"
3130,"Monitora.Ter.Flo","Esec Serra Geral do Tocantins EA2","coordinates moved up one row (one-row offset)","-10.71469 -45.98607","-10.66921 -45.96735"
3131,"Monitora.Ter.Flo","ESEC Terra do Meio EA1","coordinates moved up one row (one-row offset)","-10.66921 -45.96735","-4.75451 -53.60111"
3132,"Monitora.Ter.Flo","ESEC Terra do Meio EA2","coordinates moved up one row (one-row offset)","-4.75451 -53.60111","-4.78583 -53.53495"
3133,"Monitora.Ter.Flo","ESEC Terra do Meio EA3","coordinates moved up one row (one-row offset)","-4.78583 -53.53495","-4.64682 -53.57511"
3134,"Monitora.Ter","ESEC Terra do Meio Grid","coordinates moved up one row (one-row offset)","-4.64682 -53.57511","-4.69825 -53.57943"
3135,"Monitora.Ter","Flona Jamari - EA2 Grid Manejo Florestal","coordinates moved up one row (one-row offset)","-4.69825 -53.57943","-9.3721158 -63.0308809"
3136,"Monitora.Ter.Flo","Flona de Jamari EA1","coordinates moved up one row (one-row offset)","-9.3721158 -63.0308809","-9.44472 -62.82194"
3137,"Monitora.Ter.Flo","Flona de Jamari EA2","coordinates moved up one row (one-row offset)","-9.44472 -62.82194","-9.27889 -62.91306"
3138,"Monitora.Ter.Flo","Flona de Jamari EA3","coordinates moved up one row (one-row offset)","-9.27889 -62.91306","-9.02389 -62.92028"
3139,"Monitora.Ter.Flo","Flona de Jamari EA4","coordinates moved up one row (one-row offset)","-9.02389 -62.92028","-9.29584 -62.81891"
3140,"Monitora.Ter","Flona de Jamari Grid","coordinates moved up one row (one-row offset)","-9.29584 -62.81891","-9.257 -62.91501"
3141,"Monitora.Mar.Ilha","Monumento Natural das ilhas de Trindade e Martim Vaz e do Monte Columbia","coordinates moved up one row (one-row offset)","-9.257 -62.91501","-20.50465 -29.33115"
3142,"Monitora.Ter.Flo","Parna da Amazônia EA1","coordinates moved up one row (one-row offset)","-20.50465 -29.33115","-4.47825 -56.2895"
3143,"Monitora.Ter.Flo","Parna da Amazônia EA2","coordinates moved up one row (one-row offset)","-4.47825 -56.2895","-4.52974 -56.31263"
3144,"Monitora.Ter.Flo","Parna da Amazônia EA3","coordinates moved up one row (one-row offset)","-4.52974 -56.31263","-4.61752 -56.39309"
3145,"Monitora.Ter.Flo","Parna da Chapada dos Veadeiros EA1","coordinates moved up one row (one-row offset)","-4.61752 -56.39309","-14.06611 -47.638"
3146,"Monitora.Mar.Pr","Parque Nacional da Lagoa do Peixe - Estação Amostral 1","coordinates moved up one row (one-row offset)","-14.06611 -47.638","-31.1163 -50.84117"
3147,"Monitora.Mar.Pr","Parque Nacional da Lagoa do Peixe - Estação Amostral 2","coordinates moved up one row (one-row offset)","-31.1163 -50.84117","-31.25916 -50.97249"
3148,"Monitora.Mar.Pr","Parque Nacional da Lagoa do Peixe - Estação Amostral 3","coordinates moved up one row (one-row offset)","-31.25916 -50.97249","-31.24547 -50.89952"
3149,"Monitora.Mar.Pr","Parque Nacional da Lagoa do Peixe - Estação Amostral 4","coordinates moved up one row (one-row offset)","-31.24547 -50.89952","-31.27722 -50.93637"
3150,"Monitora.Mar.Pr","Parque Nacional da Lagoa do Peixe - Estação Amostral 5","coordinates moved up one row (one-row offset)","-31.27722 -50.93637","-31.35523 -51.04875"
3151,"Monitora.Mar.Pr","Parque Nacional da Restinga de Jurubatiba - Estação Amostral 1","coordinates moved up one row (one-row offset)","-31.35523 -51.04875","-22.2055 -41.46386"
3152,"Monitora.Mar.Pr","Parque Nacional da Restinga de Jurubatiba - Estação Amostral 2","coordinates moved up one row (one-row offset)","-22.2055 -41.46386","-22.21152 -41.49113"
3153,"Monitora.Mar.Pr","Parque Nacional da Restinga de Jurubatiba - Estação Amostral 3","coordinates moved up one row (one-row offset)","-22.21152 -41.49113","-22.20033 -41.45025"
3154,"Monitora.Mar.Pr","Parque Nacional da Restinga de Jurubatiba - Estação Amostral 4","coordinates moved up one row (one-row offset)","-22.20033 -41.45025","-22.19502 -41.43331"
3155,"Monitora.Mar.Pr","Parque Nacional da Restinga de Jurubatiba - Estação Amostral 5","coordinates moved up one row (one-row offset)","-22.19502 -41.43331","-22.19009 -41.41452"
3156,"Monitora.Mar.Pr","Parque Nacional da Restinga de Jurubatiba - Estação Amostral 6","coordinates moved up one row (one-row offset)","-22.19009 -41.41452","-22.18685 -41.39864"
3157,"Monitora.Mar.Pr","Parque Nacional da Restinga de Jurubatiba - Estação Amostral 7","coordinates moved up one row (one-row offset)","-22.18685 -41.39864","-22.18396 -41.38472"
3158,"Monitora.Mar.Pr","Parque Nacional da Restinga de Jurubatiba - Estação Amostral 8","coordinates moved up one row (one-row offset)","-22.18396 -41.38472","-22.16653 -41.32078"
3159,"Monitora.Mar.Pr","Parque Nacional da Restinga de Jurubatiba - Estação Amostral 9","coordinates moved up one row (one-row offset)","-22.16653 -41.32078","-22.14651 -41.24902"
3160,"Monitora.Ter.Flo","Parna da Serra da Bocaina EA1","coordinates moved up one row (one-row offset)","-22.14651 -41.24902","-22.82493 -44.62348"
3161,"Monitora.Ter.Flo","Parna da Serra da Bodoquena EA1","coordinates moved up one row (one-row offset)","-22.82493 -44.62348","-21.49906 -56.74328"
3162,"Monitora.Ter.Flo","Parna da Serra da Bodoquena EA2","coordinates moved up one row (one-row offset)","-21.49906 -56.74328","-21.10767 -56.64066"
3163,"Monitora.Ter.Flo","Parna da Serra da Cutia EA1","coordinates moved up one row (one-row offset)","-21.10767 -56.64066","-11.71836 -64.86731"
3164,"Monitora.Ter.Flo","Parna da Serra da Cutia EA2","coordinates moved up one row (one-row offset)","-11.71836 -64.86731","-11.75078 -64.84322"
3165,"Monitora.Ter.Flo","Parna da Serra da Cutia EA3","coordinates moved up one row (one-row offset)","-11.75078 -64.84322","-11.7935 -64.79917"
3166,"Monitora.Aq.Ig","Bloco Roraima - Ucs Baixo Rio Branco EA1","coordinates moved up one row (one-row offset)","-11.7935 -64.79917","1.382 -61.68367"
3167,"Monitora.Aq.Ig","Bloco Roraima - Ucs Baixo Rio Branco EA2","coordinates moved up one row (one-row offset)","1.382 -61.68367","1.39583 -61.66917"
3168,"Monitora.Aq.Ig","Bloco Roraima - Ucs Baixo Rio Branco EA3","coordinates moved up one row (one-row offset)","1.39583 -61.66917","1.08728 -61.82964"
3169,"Monitora.Aq.Ig","Bloco Roraima - Ucs Baixo Rio Branco EA4","coordinates moved up one row (one-row offset)","1.08728 -61.82964","1.12803 -61.73947"
3170,"Monitora.Ter.Flo","Parna da Serra do Cipó EA1 ","coordinates moved up one row (one-row offset)","1.12803 -61.73947","-19.35507 -43.61085"
3171,"Monitora.Ter.Flo","Parna da Serra do Divisor EA1","coordinates moved up one row (one-row offset)","-19.35507 -43.61085","-7.4921 -73.72737"
3172,"Monitora.Ter.Flo","Parna da Serra do Divisor EA2","coordinates moved up one row (one-row offset)","-7.4921 -73.72737","-7.56393 -73.8056"
3173,"Monitora.Ter.Flo","PARNA da Serra dos Órgãos Estação Amostral 1","coordinates moved up one row (one-row offset)","-7.56393 -73.8056","-22.46062 -43.00875"
3174,"Monitora.Ter.Flo","PARNA da Serra dos Órgãos Estação Amostral 2","coordinates moved up one row (one-row offset)","-22.46062 -43.00875","-22.477 -43.11"
3175,"Monitora.Ter","PARNA da Serra dos Órgãos Grid","coordinates moved up one row (one-row offset)","-22.477 -43.11","-22.48444 -43.06087"
3176,"Monitora.Ter.CS","Parna de Brasília EA1","coordinates moved up one row (one-row offset)","-22.48444 -43.06087","-15.71246 -47.99195"
3177,"Monitora.Ter.Flo","Parna de Brasília EA1","coordinates moved up one row (one-row offset)","-15.71246 -47.99195","-15.60954 -47.97278"
3178,"Monitora.Ter.Flo","Parna de Pacaas Novos EA1","coordinates moved up one row (one-row offset)","-15.60954 -47.97278","-10.7927 -63.64229"
3179,"Monitora.Ter.Flo","Parna de Pacaas Novos EA2","coordinates moved up one row (one-row offset)","-10.7927 -63.64229","-10.73555 -63.60771"
3180,"Monitora.Ter.Flo","Parna de Pacaas Novos EA3","coordinates moved up one row (one-row offset)","-10.73555 -63.60771","-10.54308 -63.95999"
3181,"Monitora.Ter.Flo","Parna do Cabo Orange EA1","coordinates moved up one row (one-row offset)","-10.54308 -63.95999","2.88 -51.15938"
3182,"Monitora.Ter.Flo","Parna do Cabo Orange EA2","coordinates moved up one row (one-row offset)","2.88 -51.15938","2.85188 -51.22125"
3183,"Monitora.Ter.Flo","Parna do Cabo Orange EA3","coordinates moved up one row (one-row offset)","2.85188 -51.22125","3.0825 -51.24938"
3184,"Monitora.Mar.Pr","Parque Nacional do Cabo Orange","coordinates moved up one row (one-row offset)","3.0825 -51.24938","4.06573 -51.35075"
3185,"Monitora.Ter.Flo","Parna do Iguaçu EA1","coordinates moved up one row (one-row offset)","4.06573 -51.35075","-25.60564 -54.41983"
3186,"Monitora.Aq.Al","Parna Jau EA1 (Cachoeira)","coordinates moved up one row (one-row offset)","-25.60564 -54.41983","-1.893 -61.68339"
3187,"Monitora.Aq.Al","Parna Jau EA2 (Foz Jaú)","coordinates moved up one row (one-row offset)","-1.893 -61.68339","-1.90369 -61.40222"
3188,"Monitora.Aq.Al","Parna Jau EA3 (Seringalzinho)","coordinates moved up one row (one-row offset)","-1.90369 -61.40222","-1.85833 -61.605278"
3189,"Monitora.Ter.Flo","Parna do Jaú EA1","coordinates moved up one row (one-row offset)","-1.85833 -61.605278","-1.77772 -61.62231"
3190,"Monitora.Ter.Flo","Parna do Jaú EA2","coordinates moved up one row (one-row offset)","-1.77772 -61.62231","-1.90742 -61.6718"
3191,"Monitora.Ter.Flo","Parna do Jaú EA3","coordinates moved up one row (one-row offset)","-1.90742 -61.6718","-1.86392 -61.72389"
3192,"Monitora.Ter.Flo","Parna do Juruena EA1","coordinates moved up one row (one-row offset)","-1.86392 -61.72389","-9.02088 -58.62943"
3193,"Monitora.Ter.Flo","Parna do Juruena EA2","coordinates moved up one row (one-row offset)","-9.02088 -58.62943","-8.97409 -58.61105"
3194,"Monitora.Ter.Flo","Parna do Juruena EA3","coordinates moved up one row (one-row offset)","-8.97409 -58.61105","-8.96869 -58.54042"
3195,"Monitora.Aq.Ig","PARNA Juruena EA1","coordinates moved up one row (one-row offset)","-8.96869 -58.54042","-8.96322 -58.54053"
3196,"Monitora.Aq.Ig","PARNA Juruena EA2","coordinates moved up one row (one-row offset)","-8.96322 -58.54053","-8.92222 -58.57336"
3197,"Monitora.Aq.Ig","PARNA Juruena EA3","coordinates moved up one row (one-row offset)","-8.92222 -58.57336","-8.94928 -58.5685"
3198,"Monitora.Aq.Ig","PARNA Juruena EA4","coordinates moved up one row (one-row offset)","-8.94928 -58.5685","-9.01483 -58.64981"
3199,"Monitora.Aq.Ig","PARNA Juruena EA5","coordinates moved up one row (one-row offset)","-9.01483 -58.64981","-8.94992 -58.56961"
3200,"Monitora.Aq.Ig","PARNA Juruena EA6","coordinates moved up one row (one-row offset)","-8.94992 -58.56961","-8.97825 -58.53911"
3201,"Monitora.Ter","Parna do Juruena Grid","coordinates moved up one row (one-row offset)","-8.97825 -58.53911","-8.99016 -58.57993"
3202,"Monitora.Ter.Flo","Parna do Monte Roraima EA1","coordinates moved up one row (one-row offset)","-8.99016 -58.57993","5.12359 -60.59827"
3203,"Monitora.Ter.Flo","Parna do Monte Roraima EA2","coordinates moved up one row (one-row offset)","5.12359 -60.59827","4.98019 -60.29679"
3204,"Monitora.Mar.Mgz","Nucleo de Gestão Integrada Antonina EA3","coordinates moved up one row (one-row offset)","4.98019 -60.29679","-25.30891 -48.16926"
3205,"Monitora.Ter.Flo","Parna do Superagui EA1","coordinates moved up one row (one-row offset)","-25.30891 -48.16926","-25.39125 -48.27371"
3206,"Monitora.Ter.Flo","Parna do Superagui EA2","coordinates moved up one row (one-row offset)","-25.39125 -48.27371","-25.44186 -48.21177"
3207,"Monitora.Ter.Flo","Parna do Superagui EA3","coordinates moved up one row (one-row offset)","-25.44186 -48.21177","-25.48581 -48.29039"
3208,"Monitora.Ter.Flo","Parna do Viruá EA1","coordinates moved up one row (one-row offset)","-25.48581 -48.29039","1.48689 -61.01129"
3209,"Monitora.Ter.Flo","Parna do Viruá EA2","coordinates moved up one row (one-row offset)","1.48689 -61.01129","1.56075 -61.22418"
3210,"Monitora.Aq.Ig","Bloco Roraima - Ucs Baixo Rio Branco EA5","coordinates moved up one row (one-row offset)","1.56075 -61.22418","1.50861 -61.23"
3211,"Monitora.Aq.Ig","Bloco Roraima - Ucs Baixo Rio Branco EA6","coordinates moved up one row (one-row offset)","1.50861 -61.23","1.4715 -61.01211"
3212,"Monitora.Ter","Parna do Viruá Grid","coordinates moved up one row (one-row offset)","1.4715 -61.01211","1.48689 -61.01129"
3213,"Monitora.Aq.Ig","PARNA Campos Amazonicos EA1","coordinates moved up one row (one-row offset)","1.48689 -61.01129","-8.07276 -61.05081"
3214,"Monitora.Aq.Ig","PARNA Campos Amazonicos EA2","coordinates moved up one row (one-row offset)","-8.07276 -61.05081","-8.19532 -61.03683"
3215,"Monitora.Aq.Ig","PARNA Campos Amazonicos EA3","coordinates moved up one row (one-row offset)","-8.19532 -61.03683","-8.20195 -60.95326"
3216,"Monitora.Aq.Ig","PARNA Campos Amazonicos EA4","coordinates moved up one row (one-row offset)","-8.20195 -60.95326","-7.99883 -60.98943"
3217,"Monitora.Aq.Ig","PARNA Campos Amazonicos EA5","coordinates moved up one row (one-row offset)","-7.99883 -60.98943","-8.23362 -60.95358"
3218,"Monitora.Aq.Ig","PARNA Campos Amazonicos EA6","coordinates moved up one row (one-row offset)","-8.23362 -60.95358","-8.24678 -60.93097"
3219,"Monitora.Ter.Flo","Parna dos Campos Amazônicos EA1","coordinates moved up one row (one-row offset)","-8.24678 -60.93097","-8.00723 -61.00433"
3220,"Monitora.Ter.Flo","Parna dos Campos Amazônicos EA2","coordinates moved up one row (one-row offset)","-8.00723 -61.00433","-8.00776 -61.00617"
3221,"Monitora.Ter.Flo","Parna dos Campos Amazônicos EA3","coordinates moved up one row (one-row offset)","-8.00776 -61.00617","-8.00069 -61.00365"
3222,"Monitora.Ter.CS","PARNA Mapinguari EA1","coordinates moved up one row (one-row offset)","-8.00069 -61.00365","-8.03777 -63.77588"
3223,"Monitora.Ter.Flo","Parna Mapinguari EA1","coordinates moved up one row (one-row offset)","-8.03777 -63.77588","-7.87436 -63.8705"
3224,"Monitora.Ter.Flo","Parna Mapinguari EA2","coordinates moved up one row (one-row offset)","-7.87436 -63.8705","-7.77737 -63.84228"
3225,"Monitora.Ter.Flo","Parna Mapinguari EA3","coordinates moved up one row (one-row offset)","-7.77737 -63.84228","-7.76269 -63.81572"
3226,"Monitora.Ter.Flo","Parna Mapinguari EA4","coordinates moved up one row (one-row offset)","-7.76269 -63.81572","-9.24924 -64.66926"
3227,"Monitora.Ter.Flo","Parna Mapinguari EA5","coordinates moved up one row (one-row offset)","-9.24924 -64.66926","-9.23931 -64.7013"
3228,"Monitora.Ter.Flo","Parna Mapinguari EA6","coordinates moved up one row (one-row offset)","-9.23931 -64.7013","-9.31122 -64.72708"
3229,"Monitora.Aq.Ig","Parna Mapinguari EA1","coordinates moved up one row (one-row offset)","-9.31122 -64.72708","-7.88042 -63.90003"
3230,"Monitora.Aq.Ig","Parna Mapinguari EA2","coordinates moved up one row (one-row offset)","-7.88042 -63.90003","-7.54844 -63.76947"
3231,"Monitora.Aq.Ig","Parna Mapinguari EA3","coordinates moved up one row (one-row offset)","-7.54844 -63.76947","-7.72594 -63.83644"
3232,"Monitora.Aq.Ig","Parna Mapinguari EA4","coordinates moved up one row (one-row offset)","-7.72594 -63.83644","-7.78847 -63.82731"
3233,"Monitora.Aq.Ig","Parna Mapinguari EA5","coordinates moved up one row (one-row offset)","-7.78847 -63.82731","-8.22459 -64.13295"
3234,"Monitora.Aq.Ig","Parna Mapinguari EA6","coordinates moved up one row (one-row offset)","-8.22459 -64.13295","-8.09356 -64.14378"
3235,"Monitora.Ter","Parna Mapinguari Grid","coordinates moved up one row (one-row offset)","-8.09356 -64.14378","-7.71542 -63.83942"
3236,"Monitora.Mar.Ilha","Fernando de Noronha","coordinates moved up one row (one-row offset)","-7.71542 -63.83942","-3.84589 -32.39996"
3237,"Monitora.Mar.Ilha","Parque Nacional Marinho dos Abrolhos","coordinates moved up one row (one-row offset)","-3.84589 -32.39996","-17.96268 -38.7024"
3238,"Monitora.Ter.Flo","Parna Montanhas do Tumucumaque EA1","coordinates moved up one row (one-row offset)","-17.96268 -38.7024","1.19291 -52.37535"
3239,"Monitora.Ter.Flo","Parna Montanhas do Tumucumaque EA2","coordinates moved up one row (one-row offset)","1.19291 -52.37535","1.23395 -52.38589"
3240,"Monitora.Ter.Flo","Parna Montanhas do Tumucumaque EA3","coordinates moved up one row (one-row offset)","1.23395 -52.38589","1.24621 -52.42571"
3241,"Monitora.Ter.Flo","Parna Nascentes do Lago Jari EA1","coordinates moved up one row (one-row offset)","1.24621 -52.42571","-5.52431 -62.14192"
3242,"Monitora.Ter.Flo","Parna Nascentes do Lago Jari EA2","coordinates moved up one row (one-row offset)","-5.52431 -62.14192","-5.71023 -62.2904"
3243,"Monitora.Ter.Flo","Parna Nascentes do Lago Jari EA3","coordinates moved up one row (one-row offset)","-5.71023 -62.2904","-5.95748 -62.48903"
3244,"Monitora.Ter.Flo","Parna Serra da Mocidade EA1","coordinates moved up one row (one-row offset)","-5.95748 -62.48903","1.11373 -61.74003"
3245,"Monitora.Ter.Flo","Parna Serra do Pardo EA1","coordinates moved up one row (one-row offset)","1.11373 -61.74003","-5.77922 -52.63064"
3246,"Monitora.Ter.Flo","Parna Serra do Pardo EA2","coordinates moved up one row (one-row offset)","-5.77922 -52.63064","-5.89635 -52.61874"
3247,"Monitora.Ter.Flo","Parna Serra do Pardo EA3","coordinates moved up one row (one-row offset)","-5.89635 -52.61874","-5.6667 -52.7022"
3248,"Monitora.Ter.CS","REBio Contagem EA1","coordinates moved up one row (one-row offset)","-5.6667 -52.7022","-15.65406 -47.87073"
3249,"Monitora.Aq.Al","REBIO Abufari EA1 (Pupunha)","coordinates moved up one row (one-row offset)","-15.65406 -47.87073","-5.27656 -62.91167"
3250,"Monitora.Aq.Al","REBIO Abufari EA2 (Tambaquizinho)","coordinates moved up one row (one-row offset)","-5.27656 -62.91167","-5.15984 -62.94248"
3251,"Monitora.Aq.Al","REBIO Abufari EA3 (Fazenda)","coordinates moved up one row (one-row offset)","-5.15984 -62.94248","-5.31044 -63.20602"
3252,"Monitora.Aq.Al","REBIO Abufari EA4 (Taurimi)","coordinates moved up one row (one-row offset)","-5.31044 -63.20602","-5.4348 -62.96726"
3253,"Monitora.Aq.Al","REBIO Abufari EA5 (Macapá)","coordinates moved up one row (one-row offset)","-5.4348 -62.96726","-5.3822 -62.99279"
3254,"Monitora.Mar.Pr","Reserva Biológica do Lago Piratuba","coordinates moved up one row (one-row offset)","-5.3822 -62.99279","1.64159 -50.13826"
3255,"Monitora.Ter.Flo","Rebio Trombetas EA1","coordinates moved up one row (one-row offset)","1.64159 -50.13826","-1.305 -56.655"
3256,"Monitora.Ter.Flo","Rebio Trombetas EA2","coordinates moved up one row (one-row offset)","-1.305 -56.655","-1.31349 -56.7544"
3257,"Monitora.Ter.Flo","Rebio Trombetas EA3","coordinates moved up one row (one-row offset)","-1.31349 -56.7544","-1.36333 -56.84088"
3258,"Monitora.Aq.Al","Rebio Trombetas EA1","coordinates moved up one row (one-row offset)","-1.36333 -56.84088","-1.32355 -56.53078"
3259,"Monitora.Aq.Al","Rebio Trombetas EA2","coordinates moved up one row (one-row offset)","-1.32355 -56.53078","-1.33144 -56.61174"
3260,"Monitora.Aq.Al","Rebio Trombetas EA3","coordinates moved up one row (one-row offset)","-1.33144 -56.61174","-1.3361 -56.6521"
3261,"Monitora.Aq.Al","Rebio Trombetas EA4","coordinates moved up one row (one-row offset)","-1.3361 -56.6521","-1.34006 -56.57419"
3262,"Monitora.Aq.Al","Rebio Trombetas EA5","coordinates moved up one row (one-row offset)","-1.34006 -56.57419","-1.34537 -56.53531"
3263,"Monitora.Aq.Al","Rebio Trombetas EA6","coordinates moved up one row (one-row offset)","-1.34537 -56.53531","-1.35722 -56.4538"
3264,"Monitora.Aq.Al","Rebio Trombetas EA7","coordinates moved up one row (one-row offset)","-1.35722 -56.4538","-1.36938 -56.46379"
3265,"Monitora.Ter.CS","REBio Guaporé EA1","coordinates moved up one row (one-row offset)","-1.36938 -56.46379","-12.30341 -63.29059"
3266,"Monitora.Ter.CS","REBio Guaporé EA2","coordinates moved up one row (one-row offset)","-12.30341 -63.29059","-12.29716 -63.39501"
3267,"Monitora.Ter.Flo","Rebio Guaribas EA1 ","coordinates moved up one row (one-row offset)","-12.29716 -63.39501","-6.73228 -35.14137"
3268,"Monitora.Ter","Rebio Gurupi Grid","coordinates moved up one row (one-row offset)","-6.73228 -35.14137","-3.67 -46.7803"
3269,"Monitora.Ter.Flo","Rebio Gurupi EA1","coordinates moved up one row (one-row offset)","-3.67 -46.7803","-3.6223 -46.8109"
3270,"Monitora.Ter.Flo","Rebio Gurupi EA2","coordinates moved up one row (one-row offset)","-3.6223 -46.8109","-3.2516 -46.7595"
3271,"Monitora.Ter.Flo","Rebio Jaru EA1","coordinates moved up one row (one-row offset)","-3.2516 -46.7595","-9.5999 -61.64828"
3272,"Monitora.Ter.Flo","Rebio Jaru EA2","coordinates moved up one row (one-row offset)","-9.5999 -61.64828","-9.62481 -61.65686"
3273,"Monitora.Ter.Flo","Rebio Jaru EA3","coordinates moved up one row (one-row offset)","-9.62481 -61.65686","-9.6866 -61.6674"
3274,"Monitora.Ter.Flo","Rebio Jaru EA4","coordinates moved up one row (one-row offset)","-9.6866 -61.6674","-10.06394 -61.96032"
3275,"Monitora.Aq.Ig","REBIO Jarú EA1","coordinates moved up one row (one-row offset)","-10.06394 -61.96032","-9.57844 -61.61669"
3276,"Monitora.Aq.Ig","REBIO Jarú EA2","coordinates moved up one row (one-row offset)","-9.57844 -61.61669","-9.59643 -61.65069"
3277,"Monitora.Aq.Ig","REBIO Jarú EA3","coordinates moved up one row (one-row offset)","-9.59643 -61.65069","-9.61675 -61.64517"
3278,"Monitora.Aq.Ig","REBIO Jarú EA4","coordinates moved up one row (one-row offset)","-9.61675 -61.64517","-9.62611 -61.67461"
3279,"Monitora.Aq.Ig","REBIO Jarú EA5","coordinates moved up one row (one-row offset)","-9.62611 -61.67461","-9.67297 -61.67775"
3280,"Monitora.Aq.Ig","REBIO Jarú EA6","coordinates moved up one row (one-row offset)","-9.67297 -61.67775","-9.68009 -61.64694"
3281,"Monitora.Ter.Flo","Rebio Tapirapé EA1","coordinates moved up one row (one-row offset)","-9.68009 -61.64694","-5.68457 -50.32486"
3282,"Monitora.Ter.Flo","Rebio Tapirapé EA2","coordinates moved up one row (one-row offset)","-5.68457 -50.32486","-5.66182 -50.35954"
3283,"Monitora.Ter.Flo","Rebio Tapirapé EA3","coordinates moved up one row (one-row offset)","-5.66182 -50.35954","-5.6301 -50.39171"
3284,"Monitora.Ter.Flo","Rebio Uatumã EA1","coordinates moved up one row (one-row offset)","-5.6301 -50.39171","-1.79249 -59.26647"
3285,"Monitora.Ter.Flo","Rebio Uatumã EA2","coordinates moved up one row (one-row offset)","-1.79249 -59.26647","-1.57337 -59.36401"
3286,"Monitora.Ter.Flo","Rebio Uatumã EA3","coordinates moved up one row (one-row offset)","-1.57337 -59.36401","-1.53491 -59.4401"
3287,"Monitora.Aq.Al","RDS Itatupã-Baquia EA1 (Belo Horizonte)","coordinates moved up one row (one-row offset)","-1.53491 -59.4401","-0.68122 -51.27339"
3288,"Monitora.Aq.Al","RDS Itatupã-Baquia EA2 (Santa Luzia do Urucuri)","coordinates moved up one row (one-row offset)","-0.68122 -51.27339","-0.68033 -51.28528"
3289,"Monitora.Aq.Al","RDS Itatupã-Baquia EA3 (São Francisco do Piracuí)","coordinates moved up one row (one-row offset)","-0.68033 -51.28528","-0.77914 -51.23372"
3290,"Monitora.Aq.Al","RDS Itatupã-Baquia EA4 (Santa Maria)","coordinates moved up one row (one-row offset)","-0.77914 -51.23372","-0.69969 -51.19003"
3291,"Monitora.Aq.Al","RDS Itatupã-Baquia EA5 (São João do Jaburu)","coordinates moved up one row (one-row offset)","-0.69969 -51.19003","-0.65914 -51.40317"
3292,"Monitora.Ter.Flo","Resex Alto Tarauaca EA1","coordinates moved up one row (one-row offset)","-0.65914 -51.40317","-8.93894 -71.86575"
3293,"Monitora.Ter.Flo","Resex Alto Tarauaca EA2","coordinates moved up one row (one-row offset)","-8.93894 -71.86575","-8.9845 -71.91947"
3294,"Monitora.Ter.Flo","Resex Alto Tarauaca EA3","coordinates moved up one row (one-row offset)","-8.9845 -71.91947","-8.98853 -71.93217"
3295,"Monitora.Ter.Flo","Resex Arapixi EA1","coordinates moved up one row (one-row offset)","-8.98853 -71.93217","-8.85731 -67.83624"
3296,"Monitora.Ter.Flo","Resex Arapixi EA2","coordinates moved up one row (one-row offset)","-8.85731 -67.83624","-8.85392 -67.76518"
3297,"Monitora.Aq.Al","RESEX Auatí-Paraná EA1 (Barreirinha de Baixo)","coordinates moved up one row (one-row offset)","-8.85392 -67.76518","-2.09934 -66.46194"
3298,"Monitora.Aq.Al","RESEX Auatí-Paraná EA2 (Boa Vista do Curimata)","coordinates moved up one row (one-row offset)","-2.09934 -66.46194","-2.03789 -66.3096"
3299,"Monitora.Aq.Al","RESEX Auatí-Paraná EA3 (Boa Vista do Pema)","coordinates moved up one row (one-row offset)","-2.03789 -66.3096","-1.98433 -66.1658"
3300,"Monitora.Aq.Al","RESEX Auatí-Paraná EA4 (Castelo)","coordinates moved up one row (one-row offset)","-1.98433 -66.1658","-2.01901 -66.31711"
3301,"Monitora.Aq.Al","RESEX Auatí-Paraná EA5 (Cordeiro)","coordinates moved up one row (one-row offset)","-2.01901 -66.31711","-2.0811 -66.33957"
3302,"Monitora.Aq.Al","RESEX Auatí-Paraná EA6 (Curimata de Baixo)","coordinates moved up one row (one-row offset)","-2.0811 -66.33957","-2.02779 -66.29455"
3303,"Monitora.Aq.Al","RESEX Auatí-Paraná EA7 (Miriti)","coordinates moved up one row (one-row offset)","-2.02779 -66.29455","-1.99118 -66.01707"
3304,"Monitora.Aq.Al","RESEX Auatí-Paraná EA8 (Monte das Oliveiras)","coordinates moved up one row (one-row offset)","-1.99118 -66.01707","-2.11396 -66.48901"
3305,"Monitora.Aq.Al","RESEX Auatí-Paraná EA9 (Murinzal)","coordinates moved up one row (one-row offset)","-2.11396 -66.48901","-2.02221 -66.26515"
3306,"Monitora.Aq.Al","RESEX Auatí-Paraná EA10 (Nova Esperança)","coordinates moved up one row (one-row offset)","-2.02221 -66.26515","-2.10034 -66.45297"
3307,"Monitora.Aq.Al","RESEX Auatí-Paraná EA11 (São José do Inambé)","coordinates moved up one row (one-row offset)","-2.10034 -66.45297","-2.18852 -66.63313"
3308,"Monitora.Aq.Al","RESEX Auatí-Paraná EA12 (São Luiz)","coordinates moved up one row (one-row offset)","-2.18852 -66.63313","-2.14921 -66.52297"
3309,"Monitora.Aq.Al","RESEX Auatí-Paraná EA 13 (São Raimundo do Inambé)","coordinates moved up one row (one-row offset)","-2.14921 -66.52297","-2.14964 -66.55061"
3310,"Monitora.Aq.Al","RESEX Auatí-Paraná EA14 (Vencedor)","coordinates moved up one row (one-row offset)","-2.14964 -66.55061","-2.00042 -66.20796"
3311,"Monitora.Ter.Flo","Resex Barreiro das Antas EA1","coordinates moved up one row (one-row offset)","-2.00042 -66.20796","-11.36331 -64.78906"
3312,"Monitora.Ter.Flo","Resex Barreiro das Antas EA2","coordinates moved up one row (one-row offset)","-11.36331 -64.78906","-11.48103 -64.65781"
3313,"Monitora.Ter.Flo","Resex Barreiro das Antas EA3","coordinates moved up one row (one-row offset)","-11.48103 -64.65781","-11.43414 -64.67142"
3314,"Monitora.Ter.Flo","Resex Cazumbá-Iracema EA1","coordinates moved up one row (one-row offset)","-11.43414 -64.67142","-9.26497 -68.96941"
3315,"Monitora.Ter.Flo","Resex Cazumbá-Iracema EA2","coordinates moved up one row (one-row offset)","-9.26497 -68.96941","-9.16628 -68.95103"
3316,"Monitora.Ter.Flo","Resex Cazumbá-Iracema EA3","coordinates moved up one row (one-row offset)","-9.16628 -68.95103","-9.18357 -69.26162"
3317,"Monitora.Ter.Flo","Resex Chico Mendes EA1","coordinates moved up one row (one-row offset)","-9.18357 -69.26162","-10.29158 -68.10816"
3318,"Monitora.Ter.Flo","Resex Chico Mendes EA2","coordinates moved up one row (one-row offset)","-10.29158 -68.10816","-10.26669 -68.15228"
3319,"Monitora.Ter.Flo","Resex Chico Mendes EA3","coordinates moved up one row (one-row offset)","-10.26669 -68.15228","-10.21958 -68.14062"
3320,"Monitora.Mar.Mgz","RESEX Chocoaré-Mato Grosso Estação 1","coordinates moved up one row (one-row offset)","-10.21958 -68.14062","-0.85156 -47.38625"
3321,"Monitora.Mar.Mgz","RESEX Chocoaré-Mato Grosso Estação 2","coordinates moved up one row (one-row offset)","-0.85156 -47.38625","-0.90325 -47.40886"
3322,"Monitora.Mar.Mgz","RESEX Chocoaré-Mato Grosso Estação 3","coordinates moved up one row (one-row offset)","-0.90325 -47.40886","-0.94217 -47.41958"
3323,"Monitora.Mar","RESEX Chocoaré-Mato Grosso EA1 (Porto Sede)","coordinates moved up one row (one-row offset)","-0.94217 -47.41958","-0.92763 -47.40271"
3324,"Monitora.Mar","RESEX Chocoaré-Mato Grosso EA 2 (Porto Pedrinhas)","coordinates moved up one row (one-row offset)","-0.92763 -47.40271","-0.86738 -47.37901"
3325,"Monitora.Mar","RESEX Chocoaré-Mato Grosso EA3 (Bacuriteua)","coordinates moved up one row (one-row offset)","-0.86738 -47.37901","-0.96172 -47.3938"
3326,"Monitora.Mar","RESEX Chocoaré-Mato Grosso EA4 (Sobrado)","coordinates moved up one row (one-row offset)","-0.96172 -47.3938","-0.85901 -47.3476"
3327,"Monitora.Mar.Mgz","RESEX de Canavieiras Estação 1","coordinates moved up one row (one-row offset)","-0.85901 -47.3476","-15.47599 -38.97535"
3328,"Monitora.Mar.Mgz","RESEX de Canavieiras Estação 2","coordinates moved up one row (one-row offset)","-15.47599 -38.97535","-15.55699 -38.98996"
3329,"Monitora.Mar.Mgz","RESEX de Canavieiras Estação 3","coordinates moved up one row (one-row offset)","-15.55699 -38.98996","-15.74906 -38.91507"
3330,"Monitora.Mar","RESEX de Canavieiras Estação 1 (Pedras de Una)","coordinates moved up one row (one-row offset)","-15.74906 -38.91507","-15.23782 -39.00189"
3331,"Monitora.Mar","RESEX de Canavieiras Estação 2 (Km 18)","coordinates moved up one row (one-row offset)","-15.23782 -39.00189","-15.56196 -39.00421"
3332,"Monitora.Mar","RESEX de Canavieiras Estação 3 (Curva do Leão)","coordinates moved up one row (one-row offset)","-15.56196 -39.00421","-15.58996 -38.97792"
3333,"Monitora.Mar","RESEX de Canavieiras Estação 4 (Campos do Arroz)","coordinates moved up one row (one-row offset)","-15.58996 -38.97792","-15.62052 -38.9892"
3334,"Monitora.Mar","RESEX de Canavieiras Estação 5 (Canavieiras - sede)","coordinates moved up one row (one-row offset)","-15.62052 -38.9892","-15.64251 -38.95961"
3335,"Monitora.Mar","RESEX de Canavieiras Estação 6 (Rio de Dentro)","coordinates moved up one row (one-row offset)","-15.64251 -38.95961","-15.65496 -38.96745"
3336,"Monitora.Mar","RESEX de Canavieiras Estação 7 (Rio Salsa/Pardo)","coordinates moved up one row (one-row offset)","-15.65496 -38.96745","-15.69578 -38.99569"
3337,"Monitora.Mar","RESEX de Canavieiras Estação 8 (Campinhos)","coordinates moved up one row (one-row offset)","-15.69578 -38.99569","-15.76038 -38.92065"
3338,"Monitora.Mar","RESEX de Canavieiras Estação 9 (Manema)","coordinates moved up one row (one-row offset)","-15.76038 -38.92065","-15.70553 -38.95438"
3339,"Monitora.Mar","RESEX de Canavieiras Estação 10 (Belmonte - sede)","coordinates moved up one row (one-row offset)","-15.70553 -38.95438","-15.85516 -38.87756"
3340,"Monitora.Mar","RESEX de Canavieiras Estação 11 (Barra Velha)","coordinates moved up one row (one-row offset)","-15.85516 -38.87756","-15.53802 -38.967"
3341,"Monitora.Mar.Mgz","RESEX de Cassurubá Estação 1","coordinates moved up one row (one-row offset)","-15.53802 -38.967","-17.7559 -39.28215"
3342,"Monitora.Mar.Mgz","RESEX de Cassurubá Estação 2","coordinates moved up one row (one-row offset)","-17.7559 -39.28215","-17.71519 -39.28113"
3343,"Monitora.Mar.Mgz","RESEX de Cassurubá Estação 3","coordinates moved up one row (one-row offset)","-17.71519 -39.28113","-17.72162 -39.29353"
3344,"Monitora.Mar","RESEX de Cassurubá Estação 1 (Alcobaça)","coordinates moved up one row (one-row offset)","-17.72162 -39.29353","-17.52719 -39.1917"
3345,"Monitora.Mar","RESEX de Cassurubá Estação 2 (Barra de Caravelas)","coordinates moved up one row (one-row offset)","-17.52719 -39.1917","-17.73586 -39.19054"
3346,"Monitora.Mar","RESEX de Cassurubá Estação 3 (Caravelas)","coordinates moved up one row (one-row offset)","-17.73586 -39.19054","-17.73407 -39.26545"
3347,"Monitora.Mar","RESEX de Cassurubá Estação 4 (Ilha do Cassurubá)","coordinates moved up one row (one-row offset)","-17.73407 -39.26545","-17.82428 -39.28833"
3348,"Monitora.Mar","RESEX de Cassurubá Estação 5 (Rio dos Macacos)","coordinates moved up one row (one-row offset)","-17.82428 -39.28833","-17.71844 -39.25997"
3349,"Monitora.Mar","RESEX de Cassurubá Estação 6 (Rio do Cupido)","coordinates moved up one row (one-row offset)","-17.71844 -39.25997","-17.72041 -39.32502"
3350,"Monitora.Mar","RESEX de Cassurubá Estação 7 (Tapera)","coordinates moved up one row (one-row offset)","-17.72041 -39.32502","-17.74543 -39.28326"
3351,"Monitora.Mar","RESEX de Cassurubá Estação 8 (Caribê de Cima)","coordinates moved up one row (one-row offset)","-17.74543 -39.28326","-17.78044 -39.29436"
3352,"Monitora.Mar","RESEX de Cassurubá Estação 9 (Caribê do Meio)","coordinates moved up one row (one-row offset)","-17.78044 -39.29436","-17.76791 -39.27698"
3353,"Monitora.Mar","RESEX de Cassurubá Estação 10 (Francisca Lopes)","coordinates moved up one row (one-row offset)","-17.76791 -39.27698","-17.7148 -39.28207"
3354,"Monitora.Mar","RESEX de Cassurubá Estação 11 (Nova Viçosa)","coordinates moved up one row (one-row offset)","-17.7148 -39.28207","-17.90094 -39.37164"
3355,"Monitora.Mar","RESEX de Cassurubá Estação 12 (Ponta de Areia)","coordinates moved up one row (one-row offset)","-17.90094 -39.37164","-17.74822 -39.22601"
3356,"Monitora.Aq.Al","RESEX Baixo Juruá EA1 (Botafogo)","coordinates moved up one row (one-row offset)","-17.74822 -39.22601","-3.1966 -65.96947"
3357,"Monitora.Aq.Al","RESEX Baixo Juruá EA2 (Antonina)","coordinates moved up one row (one-row offset)","-3.1966 -65.96947","-3.25205 -66.01644"
3358,"Monitora.Aq.Al","RESEX Baixo Juruá EA3 (Socó)","coordinates moved up one row (one-row offset)","-3.25205 -66.01644","-3.60454 -66.0795"
3359,"Monitora.Aq.Al","RESEX Baixo Juruá EA4 (Cumaru)","coordinates moved up one row (one-row offset)","-3.60454 -66.0795","-3.75523 -66.08952"
3360,"Monitora.Aq.Al","RESEX Baixo Juruá EA5 (Forte das Graças)","coordinates moved up one row (one-row offset)","-3.75523 -66.08952","-3.63975 -66.09879"
3361,"Monitora.Aq.Al","RESEX Baixo Juruá EA6 (Morada Nova)","coordinates moved up one row (one-row offset)","-3.63975 -66.09879","-3.39241 -66.02758"
3362,"Monitora.Aq.Al","RESEX Baixo Juruá E8 (Vai Quem Quer)","coordinates moved up one row (one-row offset)","-3.39241 -66.02758","-3.30119 -65.99822"
3363,"Monitora.Aq.Al","RESEX Baixo Juruá EA7 (Andirá)","coordinates moved up one row (one-row offset)","-3.30119 -65.99822","-3.79761 -66.09233"
3364,"Monitora.Ter.Flo.Cast","Resex Cazumbá-Iracema  EA1.Coletivo ","coordinates moved up one row (one-row offset)","-3.79761 -66.09233","-9.14226546 -68.94109054"
3365,"Monitora.Ter.Flo.Cast","Resex Cazumbá-Iracema  EA2.Davi ","coordinates moved up one row (one-row offset)","-9.14226546 -68.94109054","-9.15553025 -68.9441033"
3366,"Monitora.Ter.Flo.Cast","Resex Cazumbá-Iracema  EA3.Damiã ","coordinates moved up one row (one-row offset)","-9.15553025 -68.9441033","-9.27587902 -69.01124505"
3367,"Monitora.Ter.Flo.Cast","Resex Cazumbá-Iracema  EA4. Iracema","coordinates moved up one row (one-row offset)","-9.27587902 -69.01124505","-9.11950711 -68.98755227"
3368,"Monitora.Ter.Flo.Cast","Resex Cazumbá-Iracema  EA5. Irmãos Gama","coordinates moved up one row (one-row offset)","-9.11950711 -68.98755227","-9.27737248 -69.00205525"
3369,"Monitora.Ter.Flo.Cast","Resex Cazumbá-Iracema  EA6. Mariazinha ","coordinates moved up one row (one-row offset)","-9.27737248 -69.00205525","-9.13969127 -68.94334343"
3370,"Monitora.Ter.Flo.Cast","Resex Cazumbá-Iracema  EA7. Mariazan","coordinates moved up one row (one-row offset)","-9.13969127 -68.94334343","-9.27369763 -69.01101229"
3371,"Monitora.Ter.Flo.Cast","Resex Cazumbá-Iracema  EA8. Zequinha","coordinates moved up one row (one-row offset)","-9.27369763 -69.01101229","-9.13705015 -68.94565431"
3372,"Monitora.Ter.Flo.Cast","Resex Cazumbá-Iracema  EA9. Zirmão","coordinates moved up one row (one-row offset)","-9.13705015 -68.94565431","-9.14924278 -68.9577593"
3373,"Monitora.Ter.Flo.Cast","Resex Cazumbá-Iracema  EA10. Zirmão2","coordinates moved up one row (one-row offset)","-9.14924278 -68.9577593","-9.13618583 -68.95957651"
3374,"Monitora.Aq.Al","RESEX Médio Juruá EA1 (Facão)","coordinates moved up one row (one-row offset)","-9.13618583 -68.95957651","-5.06355 -67.11346"
3375,"Monitora.Aq.Al","RESEX Médio Juruá EA2 (Novo Horizonte)","coordinates moved up one row (one-row offset)","-5.06355 -67.11346","-5.06433 -67.14572"
3376,"Monitora.Aq.Al","RESEX Médio Juruá EA3 (Pupuaí)","coordinates moved up one row (one-row offset)","-5.06433 -67.14572","-5.05555 -67.15188"
3377,"Monitora.Aq.Al","RESEX Médio Juruá EA4 (Nova Esperança)","coordinates moved up one row (one-row offset)","-5.05555 -67.15188","-5.0911 -67.17085"
3378,"Monitora.Aq.Al","RESEX Médio Juruá EA5 (Fortuna)","coordinates moved up one row (one-row offset)","-5.0911 -67.17085","-5.16411 -67.27792"
3379,"Monitora.Aq.Al","RESEX Médio Juruá EA6 (Imperatriz e Bom Jesus)","coordinates moved up one row (one-row offset)","-5.16411 -67.27792","-5.32883 -67.19944"
3380,"Monitora.Aq.Al","RESEX Médio Juruá EA7 (Nova União)","coordinates moved up one row (one-row offset)","-5.32883 -67.19944","-5.3773 -67.41038"
3381,"Monitora.Aq.Al","RESEX Médio Juruá EA8 (São Raimundo)","coordinates moved up one row (one-row offset)","-5.3773 -67.41038","-5.41866 -67.5203"
3382,"Monitora.Aq.Al","RESEX Médio Juruá EA9 (Manariã)","coordinates moved up one row (one-row offset)","-5.41866 -67.5203","-5.47379 -67.47879"
3383,"Monitora.Aq.Al","RESEX Médio Juruá EA10 (Boa Vista do Tó) ","coordinates moved up one row (one-row offset)","-5.47379 -67.47879","-5.52585 -67.51476"
3384,"Monitora.Aq.Al","RESEX Médio Juruá EA11 (Morada Nova) ","coordinates moved up one row (one-row offset)","-5.52585 -67.51476","-5.54838 -67.58277"
3385,"Monitora.Aq.Al","RESEX Médio Juruá EA12 (Tabuleiro) ","coordinates moved up one row (one-row offset)","-5.54838 -67.58277","-5.52301 -67.67704"
3386,"Monitora.Aq.Al","RESEX Médio Juruá EA13 (Roque)","coordinates moved up one row (one-row offset)","-5.52301 -67.67704","-5.12832 -67.21263"
3387,"Monitora.Aq.Al","RESEX Médio Juruá e RDS Uacari EA1","coordinates moved up one row (one-row offset)","-5.12832 -67.21263","-5.41417 -67.30222"
3388,"Monitora.Aq.Al","RESEX Médio Juruá e RDS Uacari EA10","coordinates moved up one row (one-row offset)","-5.41417 -67.30222","-5.14444 -67.11917"
3389,"Monitora.Aq.Al","RESEX Médio Juruá e RDS Uacari EA11","coordinates moved up one row (one-row offset)","-5.14444 -67.11917","-5.16667 -67.18778"
3390,"Monitora.Aq.Al","RESEX Médio Juruá e RDS Uacari EA12","coordinates moved up one row (one-row offset)","-5.16667 -67.18778","-5.80306 -67.82667"
3391,"Monitora.Aq.Al","RESEX Médio Juruá e RDS Uacari EA13","coordinates moved up one row (one-row offset)","-5.80306 -67.82667","-5.5 -67.48139"
3392,"Monitora.Aq.Al","RESEX Médio Juruá e RDS Uacari EA14","coordinates moved up one row (one-row offset)","-5.5 -67.48139","-5.99389 -67.79889"
3393,"Monitora.Aq.Al","RESEX Médio Juruá e RDS Uacari EA2","coordinates moved up one row (one-row offset)","-5.99389 -67.79889","-5.84491 -67.84351"
3394,"Monitora.Aq.Al","RESEX Médio Juruá e RDS Uacari EA3","coordinates moved up one row (one-row offset)","-5.84491 -67.84351","-6.00611 -67.83306"
3395,"Monitora.Aq.Al","RESEX Médio Juruá e RDS Uacari EA4","coordinates moved up one row (one-row offset)","-6.00611 -67.83306","-5.41694 -67.37417"
3396,"Monitora.Aq.Al","RESEX Médio Juruá e RDS Uacari EA5","coordinates moved up one row (one-row offset)","-5.41694 -67.37417","-5.08694 -67.11583"
3397,"Monitora.Aq.Al","RESEX Médio Juruá e RDS Uacari EA6","coordinates moved up one row (one-row offset)","-5.08694 -67.11583","-5.76333 -67.83"
3398,"Monitora.Aq.Al","RESEX Médio Juruá e RDS Uacari EA7","coordinates moved up one row (one-row offset)","-5.76333 -67.83","-5.895 -67.83833"
3399,"Monitora.Aq.Al","RESEX Médio Juruá e RDS Uacari EA8","coordinates moved up one row (one-row offset)","-5.895 -67.83833","-5.74056 -67.75833"
3400,"Monitora.Aq.Al","RESEX Médio Juruá e RDS Uacari EA9","coordinates moved up one row (one-row offset)","-5.74056 -67.75833","-5.895 -67.83833"
3401,"Monitora.Ter","Resex do Rio Iriri Grid","coordinates moved up one row (one-row offset)","-5.895 -67.83833","-4.47065 -53.72236"
3402,"Monitora.Ter.Flo","Resex do Rio Ouro Preto EA1","coordinates moved up one row (one-row offset)","-4.47065 -53.72236","-10.82466 -65.03397"
3403,"Monitora.Ter.Flo","Resex do Rio Ouro Preto EA2","coordinates moved up one row (one-row offset)","-10.82466 -65.03397","-10.79056 -64.97274"
3404,"Monitora.Ter.Flo","Resex do Rio Ouro Preto EA3","coordinates moved up one row (one-row offset)","-10.79056 -64.97274","-10.68681 -64.83424"
3405,"Monitora.Ter.Flo.Cast","Resex Rio Ouro Preto - EA1.324","coordinates moved up one row (one-row offset)","-10.68681 -64.83424","-10.8972998 -65.07363116"
3406,"Monitora.Ter.Flo.Cast","Resex Rio Ouro Preto - EA2.BKT ","coordinates moved up one row (one-row offset)","-10.8972998 -65.07363116","-10.9171 -65.04251328"
3407,"Monitora.Ter.Flo.Cast","Resex Rio Ouro Preto - EA3.101","coordinates moved up one row (one-row offset)","-10.9171 -65.04251328","-10.9171 -65.04245829"
3408,"Monitora.Ter.Flo.Cast","Resex Rio Ouro Preto - EA4.DAI301 ","coordinates moved up one row (one-row offset)","-10.9171 -65.04245829","-10.8867998 -65.06690721"
3409,"Monitora.Ter.Flo.Cast","Resex Rio Ouro Preto - EA5.100","coordinates moved up one row (one-row offset)","-10.8867998 -65.06690721","-10.9165001 -65.04276428"
3410,"Monitora.Ter.Flo.Cast","Resex Rio Ouro Preto - EA6.DAI304","coordinates moved up one row (one-row offset)","-10.9165001 -65.04276428","-10.8882999 -65.0686902"
3411,"Monitora.Ter.Flo.Cast","Resex Rio Ouro Preto - EA7.Dona Deise","coordinates moved up one row (one-row offset)","-10.8882999 -65.0686902","-10.8842001 -65.06689422"
3412,"Monitora.Ter.Flo.Cast","Resex Rio Ouro Preto - EA8.Inácio Cas Itiauba","coordinates moved up one row (one-row offset)","-10.8842001 -65.06689422","-10.8936005 -65.07185218"
3413,"Monitora.Ter.Flo.Cast","Resex Rio Ouro Preto - EA9 79","coordinates moved up one row (one-row offset)","-10.8936005 -65.07185218","-10.9145002 -65.04295529"
3414,"Monitora.Aq.Al","RESEX Rio Unini EA1 (Setor2)","coordinates moved up one row (one-row offset)","-10.9145002 -65.04295529","-1.57208 -63.01292"
3415,"Monitora.Aq.Al","RESEX Rio Unini EA2 (Tapiira)","coordinates moved up one row (one-row offset)","-1.57208 -63.01292","-1.77572 -62.26817"
3416,"Monitora.Aq.Al","RESEX Rio Unini EA3 (Vista Alegre)","coordinates moved up one row (one-row offset)","-1.77572 -62.26817","-1.69644 -62.81892"
3417,"Monitora.Aq.Al","RESEX Rio Unini EA4 (Lago das Pombas)","coordinates moved up one row (one-row offset)","-1.69644 -62.81892","-1.86653 -62.54153"
3418,"Monitora.Aq.Al","RESEX Rio Unini EA5 (Vila Nunes)","coordinates moved up one row (one-row offset)","-1.86653 -62.54153","-1.62197 -62.94411"
3419,"Monitora.Aq.Al","RESEX Rio Unini EA6 (Floresta)","coordinates moved up one row (one-row offset)","-1.62197 -62.94411","-1.61647 -62.95686"
3420,"Monitora.Aq.Al","RESEX Rio Unini EA7 (Patauá)","coordinates moved up one row (one-row offset)","-1.61647 -62.95686","-1.71833 -61.96861"
3421,"Monitora.Aq.Al","RESEX Rio Unini EA8 (Terra Nova)","coordinates moved up one row (one-row offset)","-1.71833 -61.96861","-1.67086 -61.79622"
3422,"Monitora.Aq.Al","RESEX Rio Unini EA9 (Lago das Pedras)","coordinates moved up one row (one-row offset)","-1.67086 -61.79622","-1.71833 -61.96861"
3423,"Monitora.Ter.Flo","Resex Ipaú Anilzinho EA1","coordinates moved up one row (one-row offset)","-1.71833 -61.96861","-3.00673 -49.83767"
3424,"Monitora.Ter.Flo","Resex Ituxi EA1","coordinates moved up one row (one-row offset)","-3.00673 -49.83767","-8.14 -65.34478"
3425,"Monitora.Ter.Flo","Resex Ituxi EA2","coordinates moved up one row (one-row offset)","-8.14 -65.34478","-8.13433 -65.39057"
3426,"Monitora.Ter.Flo","Resex Ituxi EA3","coordinates moved up one row (one-row offset)","-8.13433 -65.39057","-8.06829 -65.35022"
3427,"Monitora.Mar.Mgz","RESEX-MAR Caeté-Taperaçu Estação 2","coordinates moved up one row (one-row offset)","-8.06829 -65.35022","-0.93078 -46.63069"
3428,"Monitora.Mar.Mgz","RESEX-MAR Caeté-Taperaçu Estação 3","coordinates moved up one row (one-row offset)","-0.93078 -46.63069","-0.86719 -46.75447"
3429,"Monitora.Mar.Mgz","RESEX-MAR Caeté-Taperaçu Estação Amostral 1","coordinates moved up one row (one-row offset)","-0.86719 -46.75447","-0.91828 -46.72361"
3430,"Monitora.Mar.Mgz","RESEX-MAR da Lagoa do Jequiá Estação 1","coordinates moved up one row (one-row offset)","-0.91828 -46.72361","-10.01917 -36.0275"
3431,"Monitora.Mar.Mgz","RESEX-MAR da Lagoa do Jequiá Estação 2","coordinates moved up one row (one-row offset)","-10.01917 -36.0275","-10.03306 -36.02861"
3432,"Monitora.Mar.Mgz","RESEX-MAR da Lagoa do Jequiá Estação 3","coordinates moved up one row (one-row offset)","-10.03306 -36.02861","-10.04056 -36.02583"
3433,"Monitora.Mar.Mgz","RESEX-MAR de Gurupi-Piriá Estação 1","coordinates moved up one row (one-row offset)","-10.04056 -36.02583","-1.03392 -46.28258"
3434,"Monitora.Mar.Mgz","RESEX-MAR de Gurupi-Piriá Estação 2","coordinates moved up one row (one-row offset)","-1.03392 -46.28258","-1.13119 -46.08758"
3435,"Monitora.Mar.Mgz","RESEX-MAR Mestre Lucindo Estação 1","coordinates moved up one row (one-row offset)","-1.13119 -46.08758","-0.73477 -47.74286"
3436,"Monitora.Mar.Mgz","RESEX-MAR Mestre Lucindo Estação 2","coordinates moved up one row (one-row offset)","-0.73477 -47.74286","-0.77998 -47.73578"
3437,"Monitora.Mar.Mgz","RESEX-MAR Pirajubaé Estação 1","coordinates moved up one row (one-row offset)","-0.77998 -47.73578","-27.65569 -48.55774"
3438,"Monitora.Mar.Mgz","RESEX-MAR Pirajubaé Estação 2","coordinates moved up one row (one-row offset)","-27.65569 -48.55774","-27.6493 -48.53355"
3439,"Monitora.Mar.Mgz","RESEX-MAR Pirajubaé Estação 3","coordinates moved up one row (one-row offset)","-27.6493 -48.53355","-27.65744 -48.52011"
3440,"Monitora.Ter.Flo","Resex Renascer EA1","coordinates moved up one row (one-row offset)","-27.65744 -48.52011","-2.27138 -53.45098"
3441,"Monitora.Ter.Flo","Resex Renascer EA2","coordinates moved up one row (one-row offset)","-2.27138 -53.45098","-2.28862 -53.39896"
3442,"Monitora.Ter.Flo","Resex Renascer EA3","coordinates moved up one row (one-row offset)","-2.28862 -53.39896","-2.24184 -53.33239"
3443,"Monitora.Aq.Ig","RESEX Cajarí EA1","coordinates moved up one row (one-row offset)","-2.24184 -53.33239","-0.60726 -52.1273"
3444,"Monitora.Aq.Ig","RESEX Cajarí EA2","coordinates moved up one row (one-row offset)","-0.60726 -52.1273","-0.58939 -52.15885"
3445,"Monitora.Aq.Ig","RESEX Cajarí EA3","coordinates moved up one row (one-row offset)","-0.58939 -52.15885","-0.58985 -52.22885"
3446,"Monitora.Aq.Ig","RESEX Cajarí EA4","coordinates moved up one row (one-row offset)","-0.58985 -52.22885","-0.59793 -52.2928"
3447,"Monitora.Aq.Ig","RESEX Cajarí EA5","coordinates moved up one row (one-row offset)","-0.59793 -52.2928","-0.5968 -52.31013"
3448,"Monitora.Ter.Flo","RESEX Rio Cautário EA1","coordinates moved up one row (one-row offset)","-0.5968 -52.31013","-11.890825 -64.194575"
3449,"Monitora.Ter.Flo","RESEX Rio Cautário EA2","coordinates moved up one row (one-row offset)","-11.890825 -64.194575","-11.919164 -64.234108"
3450,"Monitora.Ter.Flo","RESEX Rio Cautário EA3","coordinates moved up one row (one-row offset)","-11.919164 -64.234108","-11.9208 -64.284239"
3451,"Monitora.Ter.Flo.Cast","Resex Rio Cautário EA1 Louro1","coordinates moved up one row (one-row offset)","-11.9208 -64.284239","-11.9125338 -64.1361008"
3452,"Monitora.Ter.Flo","Resex Riozinho da Liberdade EA1","coordinates moved up one row (one-row offset)","-11.9125338 -64.1361008","-7.97269 -71.99406"
3453,"Monitora.Ter.Flo","Resex Riozinho da Liberdade EA2","coordinates moved up one row (one-row offset)","-7.97269 -71.99406","-7.99694 -72.08861"
3454,"Monitora.Ter.Flo","Resex Riozinho da Liberdade EA3","coordinates moved up one row (one-row offset)","-7.99694 -72.08861","-8.03903 -71.99711"
3455,"Monitora.Ter.Flo","Resex Tapajós-Arapiuns EA1 (Boim)","coordinates moved up one row (one-row offset)","-8.03903 -71.99711","-3.13669 -55.51047"
3456,"Monitora.Ter.Flo","Resex Tapajós-Arapiuns EA2 (Cametá)","coordinates moved up one row (one-row offset)","-3.13669 -55.51047","-3.31467 -55.32245"
3457,"Monitora.Ter.Flo","Resex Tapajós-Arapiuns EA3 (Escrivão)","coordinates moved up one row (one-row offset)","-3.31467 -55.32245","-3.44541 -55.38611"
3458,"Monitora.Ter.Flo","Resex Tapajós-Arapiuns EA4 (São Tome)","coordinates moved up one row (one-row offset)","-3.44541 -55.38611","-3.06961 -55.25938"
3459,"Monitora.Ter.Flo","Resex Tapajós-Arapiuns EA6 (Anaã)","coordinates moved up one row (one-row offset)","-3.06961 -55.25938","-2.41088 -55.07968"
3460,"Monitora.Ter.Flo","Resex Tapajós-Arapiuns EA7 (São Pedro)","coordinates moved up one row (one-row offset)","-2.41088 -55.07968","-2.67955 -55.44582"
3461,"Monitora.Ter.Flo","Resex Tapajós-Arapiuns EA8 (Pascoal)","coordinates moved up one row (one-row offset)","-2.67955 -55.44582","-2.74284 -55.48305"
3462,"Monitora.Ter.Flo","Resex Tapajós-Arapiuns EA9 (Prainha)","coordinates moved up one row (one-row offset)","-2.74284 -55.48305","-2.94737 -55.63276"
3463,"Monitora.Aq.Ig","RESEX Tapajós-Arapiuns EA1","coordinates moved up one row (one-row offset)","-2.94737 -55.63276","-2.81818 -55.26484"
3464,"Monitora.Aq.Ig","RESEX Tapajós-Arapiuns EA4","coordinates moved up one row (one-row offset)","-2.81818 -55.26484","-3.41447 -55.39609"
3465,"Monitora.Aq.Ig","RESEX Tapajós-Arapiuns EA6","coordinates moved up one row (one-row offset)","-3.41447 -55.39609","-2.67323 -55.56372"
3466,"Monitora.Aq.Ig","RESEX Tapajós-Arapiuns EA7","coordinates moved up one row (one-row offset)","-2.67323 -55.56372","-2.62192 -55.43881"
3467,"Monitora.Aq.Ig","RESEX Tapajós-Arapiuns EA8","coordinates moved up one row (one-row offset)","-2.62192 -55.43881","-3.04527 -55.247"
3468,"Monitora.Aq.Ig","ESEC Maracá EA1","coordinates moved up one row (one-row offset)","-3.04527 -55.247","3.379 -61.47492"
3469,"Monitora.Aq.Ig","ESEC Maracá EA2","coordinates moved up one row (one-row offset)","3.379 -61.47492","3.39306 -61.58386"
3470,"Monitora.Aq.Ig","ESEC Maracá EA3","coordinates moved up one row (one-row offset)","3.39306 -61.58386","3.39142 -61.6425"
3471,"Monitora.Aq.Ig","ESEC Maracá EA4","coordinates moved up one row (one-row offset)","3.39142 -61.6425","3.36956 -61.45286"
3472,"Monitora.Aq.Ig","ESEC Maracá EA5","coordinates moved up one row (one-row offset)","3.36956 -61.45286","3.40597 -61.47339"
3473,"Monitora.Aq.Ig","ESEC Maracá EA6","coordinates moved up one row (one-row offset)","3.40597 -61.47339","3.37158 -61.48861"
3474,"Monitora.Aq.Ig","ESEC Maracá EA7","coordinates moved up one row (one-row offset)","3.37158 -61.48861","3.40503 -61.45211"
3475,"Monitora.Aq.Ig","ESEC Maracá EA8","coordinates moved up one row (one-row offset)","3.40503 -61.45211","3.40342 -61.64475"
3476,"Monitora.Aq.Ig","ESEC Maracá EA9","coordinates moved up one row (one-row offset)","3.40342 -61.64475","3.38344 -61.66283"
3477,"Monitora.Aq.Ig","Bloco Roraima - Ucs Baixo Rio Branco EA1","coordinates moved up one row (one-row offset)","3.38344 -61.66283","1.382 -61.68367"
3478,"Monitora.Aq.Ig","Bloco Roraima - Ucs Baixo Rio Branco EA2","coordinates moved up one row (one-row offset)","1.382 -61.68367","1.39583 -61.66917"
3479,"Monitora.Aq.Ig","Bloco Roraima - Ucs Baixo Rio Branco EA3","coordinates moved up one row (one-row offset)","1.39583 -61.66917","1.08728 -61.82964"
3480,"Monitora.Aq.Ig","Bloco Roraima - Ucs Baixo Rio Branco EA4","coordinates moved up one row (one-row offset)","1.08728 -61.82964","1.12803 -61.73947"
3481,"Monitora.Aq.Ig","PARNA Juruena EA1","coordinates moved up one row (one-row offset)","1.12803 -61.73947","-8.96322 -58.54053"
3482,"Monitora.Aq.Ig","PARNA Juruena EA2","coordinates moved up one row (one-row offset)","-8.96322 -58.54053","-8.92222 -58.57336"
3483,"Monitora.Aq.Ig","PARNA Juruena EA3","coordinates moved up one row (one-row offset)","-8.92222 -58.57336","-8.94928 -58.5685"
3484,"Monitora.Aq.Ig","PARNA Juruena EA4","coordinates moved up one row (one-row offset)","-8.94928 -58.5685","-9.01483 -58.64981"
3485,"Monitora.Aq.Ig","PARNA Juruena EA5","coordinates moved up one row (one-row offset)","-9.01483 -58.64981","-8.94992 -58.56961"
3486,"Monitora.Aq.Ig","PARNA Juruena EA6","coordinates moved up one row (one-row offset)","-8.94992 -58.56961","-8.97825 -58.53911"
3487,"Monitora.Aq.Ig","Bloco Roraima - Ucs Baixo Rio Branco EA5","coordinates moved up one row (one-row offset)","-8.97825 -58.53911","1.50861 -61.23"
3488,"Monitora.Aq.Ig","Bloco Roraima - Ucs Baixo Rio Branco EA6","coordinates moved up one row (one-row offset)","1.50861 -61.23","1.4715 -61.01211"
3489,"Monitora.Aq.Ig","PARNA Campos Amazonicos EA1","coordinates moved up one row (one-row offset)","1.4715 -61.01211","-8.07276 -61.05081"
3490,"Monitora.Aq.Ig","PARNA Campos Amazonicos EA2","coordinates moved up one row (one-row offset)","-8.07276 -61.05081","-8.19532 -61.03683"
3491,"Monitora.Aq.Ig","PARNA Campos Amazonicos EA3","coordinates moved up one row (one-row offset)","-8.19532 -61.03683","-8.20195 -60.95326"
3492,"Monitora.Aq.Ig","PARNA Campos Amazonicos EA4","coordinates moved up one row (one-row offset)","-8.20195 -60.95326","-7.99883 -60.98943"
3493,"Monitora.Aq.Ig","PARNA Campos Amazonicos EA5","coordinates moved up one row (one-row offset)","-7.99883 -60.98943","-8.23362 -60.95358"
3494,"Monitora.Aq.Ig","PARNA Campos Amazonicos EA6","coordinates moved up one row (one-row offset)","-8.23362 -60.95358","-8.24678 -60.93097"
3495,"Monitora.Aq.Ig","Parna Mapinguari EA1","coordinates moved up one row (one-row offset)","-8.24678 -60.93097","-7.88042 -63.90003"
3496,"Monitora.Aq.Ig","Parna Mapinguari EA2","coordinates moved up one row (one-row offset)","-7.88042 -63.90003","-7.54844 -63.76947"
3497,"Monitora.Aq.Ig","Parna Mapinguari EA3","coordinates moved up one row (one-row offset)","-7.54844 -63.76947","-7.72594 -63.83644"
3498,"Monitora.Aq.Ig","Parna Mapinguari EA4","coordinates moved up one row (one-row offset)","-7.72594 -63.83644","-7.78847 -63.82731"
3499,"Monitora.Aq.Ig","Parna Mapinguari EA5","coordinates moved up one row (one-row offset)","-7.78847 -63.82731","-8.22459 -64.13295"
3500,"Monitora.Aq.Ig","Parna Mapinguari EA6","coordinates moved up one row (one-row offset)","-8.22459 -64.13295","-8.09356 -64.14378"
3501,"Monitora.Aq.Ig","REBIO Jarú EA1","coordinates moved up one row (one-row offset)","-8.09356 -64.14378","-9.57844 -61.61669"
3502,"Monitora.Aq.Ig","REBIO Jarú EA2","coordinates moved up one row (one-row offset)","-9.57844 -61.61669","-9.59643 -61.65069"
3503,"Monitora.Aq.Ig","REBIO Jarú EA3","coordinates moved up one row (one-row offset)","-9.59643 -61.65069","-9.61675 -61.64517"
3504,"Monitora.Aq.Ig","REBIO Jarú EA4","coordinates moved up one row (one-row offset)","-9.61675 -61.64517","-9.62611 -61.67461"
3505,"Monitora.Aq.Ig","REBIO Jarú EA5","coordinates moved up one row (one-row offset)","-9.62611 -61.67461","-9.67297 -61.67775"
3506,"Monitora.Aq.Ig","REBIO Jarú EA6","coordinates moved up one row (one-row offset)","-9.67297 -61.67775","-9.68009 -61.64694"
3507,"Monitora.Aq.Ig","RESEX Cajarí EA1","coordinates moved up one row (one-row offset)","-9.68009 -61.64694","-0.60726 -52.1273"
3508,"Monitora.Aq.Ig","RESEX Cajarí EA2","coordinates moved up one row (one-row offset)","-0.60726 -52.1273","-0.58939 -52.15885"
3509,"Monitora.Aq.Ig","RESEX Cajarí EA3","coordinates moved up one row (one-row offset)","-0.58939 -52.15885","-0.58985 -52.22885"
3510,"Monitora.Aq.Ig","RESEX Cajarí EA4","coordinates moved up one row (one-row offset)","-0.58985 -52.22885","-0.59793 -52.2928"
3511,"Monitora.Aq.Ig","RESEX Cajarí EA5","coordinates moved up one row (one-row offset)","-0.59793 -52.2928","-0.5968 -52.31013"
3512,"Monitora.Aq.Ig","RESEX Tapajós-Arapiuns EA1","coordinates moved up one row (one-row offset)","-0.5968 -52.31013","-2.81818 -55.26484"
3513,"Monitora.Aq.Ig","RESEX Tapajós-Arapiuns EA4","coordinates moved up one row (one-row offset)","-2.81818 -55.26484","-3.41447 -55.39609"
3514,"Monitora.Aq.Ig","RESEX Tapajós-Arapiuns EA6","coordinates moved up one row (one-row offset)","-3.41447 -55.39609","-2.67323 -55.56372"
3515,"Monitora.Aq.Ig","RESEX Tapajós-Arapiuns EA7","coordinates moved up one row (one-row offset)","-2.67323 -55.56372","-2.62192 -55.43881"
3516,"Monitora.Aq.Ig","RESEX Tapajós-Arapiuns EA8","coordinates moved up one row (one-row offset)","-2.62192 -55.43881","-3.04527 -55.247"
3517,"Monitora.FLO","Parque Nacional da Serra dos Órgãos Estação Amostral 1","coordinates moved up one row (one-row offset)","-3.04527 -55.247","-22.46062 -43.00875"
3518,"Monitora.FLO","Parque Nacional da Serra dos Órgãos Estação Amostral 2","coordinates moved up one row (one-row offset)","-22.46062 -43.00875","-22.47700006 -43.11000003"
3519,"Monitora.Mar","RESEX Chocoaré-Mato Grosso EA1 (Porto Sede)","coordinates moved up one row (one-row offset)","-22.47700006 -43.11000003","-0.92763 -47.40271"
3520,"Monitora.Mar","RESEX Chocoaré-Mato Grosso EA 2 (Porto Pedrinhas)","coordinates moved up one row (one-row offset)","-0.92763 -47.40271","-0.86738 -47.37901"
3521,"Monitora.Mar","RESEX Chocoaré-Mato Grosso EA3 (Bacuriteua)","coordinates moved up one row (one-row offset)","-0.86738 -47.37901","-0.96172 -47.3938"
3522,"Monitora.Mar","RESEX Chocoaré-Mato Grosso EA4 (Sobrado)","coordinates moved up one row (one-row offset)","-0.96172 -47.3938","-0.85901 -47.3476"
3523,"Monitora.Mar","RESEX de Canavieiras Estação 1 (Pedras de Una)","coordinates moved up one row (one-row offset)","-0.85901 -47.3476","-15.23782 -39.00189"
3524,"Monitora.Mar","RESEX de Canavieiras Estação 2 (Km 18)","coordinates moved up one row (one-row offset)","-15.23782 -39.00189","-15.56196 -39.00421"
3525,"Monitora.Mar","RESEX de Canavieiras Estação 3 (Curva do Leão)","coordinates moved up one row (one-row offset)","-15.56196 -39.00421","-15.58996 -38.97792"
3526,"Monitora.Mar","RESEX de Canavieiras Estação 4 (Campos do Arroz)","coordinates moved up one row (one-row offset)","-15.58996 -38.97792","-15.62052 -38.9892"
3527,"Monitora.Mar","RESEX de Canavieiras Estação 5 (Canavieiras - sede)","coordinates moved up one row (one-row offset)","-15.62052 -38.9892","-15.64251 -38.95961"
3528,"Monitora.Mar","RESEX de Canavieiras Estação 6 (Rio de Dentro)","coordinates moved up one row (one-row offset)","-15.64251 -38.95961","-15.65496 -38.96745"
3529,"Monitora.Mar","RESEX de Canavieiras Estação 7 (Rio Salsa/Pardo)","coordinates moved up one row (one-row offset)","-15.65496 -38.96745","-15.69578 -38.99569"
3530,"Monitora.Mar","RESEX de Canavieiras Estação 8 (Campinhos)","coordinates moved up one row (one-row offset)","-15.69578 -38.99569","-15.76038 -38.92065"
3531,"Monitora.Mar","RESEX de Canavieiras Estação 9 (Manema)","coordinates moved up one row (one-row offset)","-15.76038 -38.92065","-15.70553 -38.95438"
3532,"Monitora.Mar","RESEX de Canavieiras Estação 10 (Belmonte - sede)","coordinates moved up one row (one-row offset)","-15.70553 -38.95438","-15.85516 -38.87756"
3533,"Monitora.Mar","RESEX de Canavieiras Estação 11 (Barra Velha)","coordinates moved up one row (one-row offset)","-15.85516 -38.87756","-15.53802 -38.967"
3534,"Monitora.Mar","RESEX de Cassurubá Estação 1 (Alcobaça)","coordinates moved up one row (one-row offset)","-15.53802 -38.967","-17.52719 -39.1917"
3535,"Monitora.Mar","RESEX de Cassurubá Estação 2 (Barra de Caravelas)","coordinates moved up one row (one-row offset)","-17.52719 -39.1917","-17.73586 -39.19054"
3536,"Monitora.Mar","RESEX de Cassurubá Estação 3 (Caravelas)","coordinates moved up one row (one-row offset)","-17.73586 -39.19054","-17.73407 -39.26545"
3537,"Monitora.Mar","RESEX de Cassurubá Estação 4 (Ilha do Cassurubá)","coordinates moved up one row (one-row offset)","-17.73407 -39.26545","-17.82428 -39.28833"
3538,"Monitora.Mar","RESEX de Cassurubá Estação 5 (Rio dos Macacos)","coordinates moved up one row (one-row offset)","-17.82428 -39.28833","-17.71844 -39.25997"
3539,"Monitora.Mar","RESEX de Cassurubá Estação 6 (Rio do Cupido)","coordinates moved up one row (one-row offset)","-17.71844 -39.25997","-17.72041 -39.32502"
3540,"Monitora.Mar","RESEX de Cassurubá Estação 7 (Tapera)","coordinates moved up one row (one-row offset)","-17.72041 -39.32502","-17.74543 -39.28326"
3541,"Monitora.Mar","RESEX de Cassurubá Estação 8 (Caribê de Cima)","coordinates moved up one row (one-row offset)","-17.74543 -39.28326","-17.78044 -39.29436"
3542,"Monitora.Mar","RESEX de Cassurubá Estação 9 (Caribê do Meio)","coordinates moved up one row (one-row offset)","-17.78044 -39.29436","-17.76791 -39.27698"
3543,"Monitora.Mar","RESEX de Cassurubá Estação 10 (Francisca Lopes)","coordinates moved up one row (one-row offset)","-17.76791 -39.27698","-17.7148 -39.28207"
3544,"Monitora.Mar","RESEX de Cassurubá Estação 11 (Nova Viçosa)","coordinates moved up one row (one-row offset)","-17.7148 -39.28207","-17.90094 -39.37164"
3545,"Monitora.Mar","RESEX de Cassurubá Estação 12 (Ponta de Areia)","coordinates moved up one row (one-row offset)","-17.90094 -39.37164","-17.74822 -39.22601"
3546,"Monitora.Mar.Ilha","Monumento Natural das ilhas de Trindade e Martim Vaz e do Monte Columbia","coordinates moved up one row (one-row offset)","-17.74822 -39.22601","-20.50465 -29.33115"
3547,"Monitora.Mar.Ilha","Fernando de Noronha","coordinates moved up one row (one-row offset)","-20.50465 -29.33115","-3.84589 -32.39996"
3548,"Monitora.Mar.Ilha","Parque Nacional Marinho dos Abrolhos","coordinates moved up one row (one-row offset)","-3.84589 -32.39996","-17.96268 -38.7024"
3549,"Monitora.Mar.Mgz","Nucleo de Gestão Integrada Antonina EA1","coordinates moved up one row (one-row offset)","-17.96268 -38.7024","-25.30477 -48.42397"
3550,"Monitora.Mar.Mgz","ESEC de Carijós Estação Amostral 1","coordinates moved up one row (one-row offset)","-25.30477 -48.42397","-27.46619 -48.52086"
3551,"Monitora.Mar.Mgz","ESEC de Carijós Estação Amostral 2","coordinates moved up one row (one-row offset)","-27.46619 -48.52086","-27.46752 -48.50495"
3552,"Monitora.Mar.Mgz","ESEC de Carijós Estação Amostral 3","coordinates moved up one row (one-row offset)","-27.46752 -48.50495","-27.55084 -48.50875"
3553,"Monitora.Mar.Mgz","Nucleo de Gestão Integrada Antonina EA2","coordinates moved up one row (one-row offset)","-27.55084 -48.50875","-25.31325 -48.36134"
3554,"Monitora.Mar.Mgz","ESEC de Maracá Jipioca Estação Amostral 1","coordinates moved up one row (one-row offset)","-25.31325 -48.36134","1.92392 -50.46517"
3555,"Monitora.Mar.Mgz","ESEC de Maracá Jipioca Estação Amostral 2","coordinates moved up one row (one-row offset)","1.92392 -50.46517","1.91606 -50.46183"
3556,"Monitora.Mar.Mgz","ESEC de Maracá Jipioca Estação Amostral 3","coordinates moved up one row (one-row offset)","1.91606 -50.46183","2.11903 -50.43289"
3557,"Monitora.Mar.Mgz","Nucleo de Gestão Integrada Antonina EA3","coordinates moved up one row (one-row offset)","2.11903 -50.43289","-25.30891 -48.16926"
3558,"Monitora.Mar.Mgz","RESEX Chocoaré-Mato Grosso Estação 1","coordinates moved up one row (one-row offset)","-25.30891 -48.16926","-0.85156 -47.38625"
3559,"Monitora.Mar.Mgz","RESEX Chocoaré-Mato Grosso Estação 2","coordinates moved up one row (one-row offset)","-0.85156 -47.38625","-0.90325 -47.40886"
3560,"Monitora.Mar.Mgz","RESEX Chocoaré-Mato Grosso Estação 3","coordinates moved up one row (one-row offset)","-0.90325 -47.40886","-0.94217 -47.41958"
3561,"Monitora.Mar.Mgz","RESEX de Canavieiras Estação 1","coordinates moved up one row (one-row offset)","-0.94217 -47.41958","-15.47599 -38.97535"
3562,"Monitora.Mar.Mgz","RESEX de Canavieiras Estação 2","coordinates moved up one row (one-row offset)","-15.47599 -38.97535","-15.55699 -38.98996"
3563,"Monitora.Mar.Mgz","RESEX de Canavieiras Estação 3","coordinates moved up one row (one-row offset)","-15.55699 -38.98996","-15.74906 -38.91507"
3564,"Monitora.Mar.Mgz","RESEX de Cassurubá Estação 1","coordinates moved up one row (one-row offset)","-15.74906 -38.91507","-17.7559 -39.28215"
3565,"Monitora.Mar.Mgz","RESEX de Cassurubá Estação 2","coordinates moved up one row (one-row offset)","-17.7559 -39.28215","-17.71519 -39.28113"
3566,"Monitora.Mar.Mgz","RESEX de Cassurubá Estação 3","coordinates moved up one row (one-row offset)","-17.71519 -39.28113","-17.72162 -39.29353"
3567,"Monitora.Mar.Mgz","RESEX-MAR Caeté-Taperaçu Estação 2","coordinates moved up one row (one-row offset)","-17.72162 -39.29353","-0.93078 -46.63069"
3568,"Monitora.Mar.Mgz","RESEX-MAR Caeté-Taperaçu Estação 3","coordinates moved up one row (one-row offset)","-0.93078 -46.63069","-0.86719 -46.75447"
3569,"Monitora.Mar.Mgz","RESEX-MAR Caeté-Taperaçu Estação Amostral 1","coordinates moved up one row (one-row offset)","-0.86719 -46.75447","-0.91828 -46.72361"
3570,"Monitora.Mar.Mgz","RESEX-MAR da Lagoa do Jequiá Estação 1","coordinates moved up one row (one-row offset)","-0.91828 -46.72361","-10.01917 -36.0275"
3571,"Monitora.Mar.Mgz","RESEX-MAR da Lagoa do Jequiá Estação 2","coordinates moved up one row (one-row offset)","-10.01917 -36.0275","-10.03306 -36.02861"
3572,"Monitora.Mar.Mgz","RESEX-MAR da Lagoa do Jequiá Estação 3","coordinates moved up one row (one-row offset)","-10.03306 -36.02861","-10.04056 -36.02583"
3573,"Monitora.Mar.Mgz","RESEX-MAR de Gurupi-Piriá Estação 1","coordinates moved up one row (one-row offset)","-10.04056 -36.02583","-1.03392 -46.28258"
3574,"Monitora.Mar.Mgz","RESEX-MAR de Gurupi-Piriá Estação 2","coordinates moved up one row (one-row offset)","-1.03392 -46.28258","-1.13119 -46.08758"
3575,"Monitora.Mar.Mgz","RESEX-MAR Mestre Lucindo Estação 1","coordinates moved up one row (one-row offset)","-1.13119 -46.08758","-0.73477 -47.74286"
3576,"Monitora.Mar.Mgz","RESEX-MAR Mestre Lucindo Estação 2","coordinates moved up one row (one-row offset)","-0.73477 -47.74286","-0.77998 -47.73578"
3577,"Monitora.Mar.Mgz","RESEX-MAR Pirajubaé Estação 1","coordinates moved up one row (one-row offset)","-0.77998 -47.73578","-27.65569 -48.55774"
3578,"Monitora.Mar.Mgz","RESEX-MAR Pirajubaé Estação 2","coordinates moved up one row (one-row offset)","-27.65569 -48.55774","-27.6493 -48.53355"
3579,"Monitora.Mar.Mgz","RESEX-MAR Pirajubaé Estação 3","coordinates moved up one row (one-row offset)","-27.6493 -48.53355","-27.65744 -48.52011"
3580,"Monitora.Mar.Pr","Estação Ecologica Maracá-Jipioca","coordinates moved up one row (one-row offset)","-27.65744 -48.52011","2.12382 -50.44056"
3581,"Monitora.Mar.Pr","Parque Nacional da Lagoa do Peixe - Estação Amostral 1","coordinates moved up one row (one-row offset)","2.12382 -50.44056","-31.1163 -50.84117"
3582,"Monitora.Mar.Pr","Parque Nacional da Lagoa do Peixe - Estação Amostral 2","coordinates moved up one row (one-row offset)","-31.1163 -50.84117","-31.25916 -50.97249"
3583,"Monitora.Mar.Pr","Parque Nacional da Lagoa do Peixe - Estação Amostral 3","coordinates moved up one row (one-row offset)","-31.25916 -50.97249","-31.24547 -50.89952"
3584,"Monitora.Mar.Pr","Parque Nacional da Lagoa do Peixe - Estação Amostral 4","coordinates moved up one row (one-row offset)","-31.24547 -50.89952","-31.27722 -50.93637"
3585,"Monitora.Mar.Pr","Parque Nacional da Lagoa do Peixe - Estação Amostral 5","coordinates moved up one row (one-row offset)","-31.27722 -50.93637","-31.35523 -51.04875"
3586,"Monitora.Mar.Pr","Parque Nacional da Restinga de Jurubatiba - Estação Amostral 1","coordinates moved up one row (one-row offset)","-31.35523 -51.04875","-22.2055 -41.46386"
3587,"Monitora.Mar.Pr","Parque Nacional da Restinga de Jurubatiba - Estação Amostral 2","coordinates moved up one row (one-row offset)","-22.2055 -41.46386","-22.21152 -41.49113"
3588,"Monitora.Mar.Pr","Parque Nacional da Restinga de Jurubatiba - Estação Amostral 3","coordinates moved up one row (one-row offset)","-22.21152 -41.49113","-22.20033 -41.45025"
3589,"Monitora.Mar.Pr","Parque Nacional da Restinga de Jurubatiba - Estação Amostral 4","coordinates moved up one row (one-row offset)","-22.20033 -41.45025","-22.19502 -41.43331"
3590,"Monitora.Mar.Pr","Parque Nacional da Restinga de Jurubatiba - Estação Amostral 5","coordinates moved up one row (one-row offset)","-22.19502 -41.43331","-22.19009 -41.41452"
3591,"Monitora.Mar.Pr","Parque Nacional da Restinga de Jurubatiba - Estação Amostral 6","coordinates moved up one row (one-row offset)","-22.19009 -41.41452","-22.18685 -41.39864"
3592,"Monitora.Mar.Pr","Parque Nacional da Restinga de Jurubatiba - Estação Amostral 7","coordinates moved up one row (one-row offset)","-22.18685 -41.39864","-22.18396 -41.38472"
3593,"Monitora.Mar.Pr","Parque Nacional da Restinga de Jurubatiba - Estação Amostral 8","coordinates moved up one row (one-row offset)","-22.18396 -41.38472","-22.16653 -41.32078"
3594,"Monitora.Mar.Pr","Parque Nacional da Restinga de Jurubatiba - Estação Amostral 9","coordinates moved up one row (one-row offset)","-22.16653 -41.32078","-22.14651 -41.24902"
3595,"Monitora.Mar.Pr","Parque Nacional do Cabo Orange","coordinates moved up one row (one-row offset)","-22.14651 -41.24902","4.06573 -51.35075"
3596,"Monitora.Mar.Pr","Reserva Biológica do Lago Piratuba","coordinates moved up one row (one-row offset)","4.06573 -51.35075","1.64159 -50.13826"
3597,"Monitora.Ter.CS","Parna de Brasília EA1","coordinates moved up one row (one-row offset)","1.64159 -50.13826","-15.71246 -47.99195"
3598,"Monitora.Ter.CS","PARNA Mapinguari EA1","coordinates moved up one row (one-row offset)","-15.71246 -47.99195","-8.03777 -63.77588"
3599,"Monitora.Ter.CS","REBio Contagem EA1","coordinates moved up one row (one-row offset)","-8.03777 -63.77588","-15.65406 -47.87073"
3600,"Monitora.Ter.CS","REBio Guaporé EA1","coordinates moved up one row (one-row offset)","-15.65406 -47.87073","-12.30341 -63.29059"
3601,"Monitora.Ter.CS","REBio Guaporé EA2","coordinates moved up one row (one-row offset)","-12.30341 -63.29059","-12.29716 -63.39501"
3602,"Monitora.Ter","Esec Maracá Grid","coordinates moved up one row (one-row offset)","-12.29716 -63.39501","3.38715 -61.44206"
3603,"Monitora.Ter","ESEC Terra do Meio Grid","coordinates moved up one row (one-row offset)","3.38715 -61.44206","-4.69825 -53.57943"
3604,"Monitora.Ter","Flona Jamari - EA2 Grid Manejo Florestal","coordinates moved up one row (one-row offset)","-4.69825 -53.57943","-9.37212 -63.03088"
3605,"Monitora.Ter","Flona de Jamari Grid","coordinates moved up one row (one-row offset)","-9.37212 -63.03088","-9.257 -62.91501"
3606,"Monitora.Ter","PARNA da Serra dos Órgãos Grid","coordinates moved up one row (one-row offset)","-9.257 -62.91501","-22.48444 -43.06087"
3607,"Monitora.Ter","Parna do Juruena Grid","coordinates moved up one row (one-row offset)","-22.48444 -43.06087","-8.99016 -58.57993"
3608,"Monitora.Ter","Parna do Viruá Grid","coordinates moved up one row (one-row offset)","-8.99016 -58.57993","1.48689 -61.01129"
3609,"Monitora.Ter","Parna Mapinguari Grid","coordinates moved up one row (one-row offset)","1.48689 -61.01129","-7.71542 -63.83942"
3610,"Monitora.Ter","Rebio Gurupi Grid","coordinates moved up one row (one-row offset)","-7.71542 -63.83942","-3.67 -46.7803"
3611,"Monitora.Ter","Resex do Rio Iriri Grid","coordinates moved up one row (one-row offset)","-3.67 -46.7803","-4.47065 -53.72236"
3612,"Monitora.Ter.Flo","Esec Alto Maués EA1","coordinates moved up one row (one-row offset)","-4.47065 -53.72236","-5.00907 -58.00059"
3613,"Monitora.Ter.Flo","Esec Alto Maués EA2","coordinates moved up one row (one-row offset)","-5.00907 -58.00059","-5.00028 -58.01202"
3614,"Monitora.Ter.Flo","Esec Maracá EA1","coordinates moved up one row (one-row offset)","-5.00028 -58.01202","3.38715 -61.44206"
3615,"Monitora.Ter.Flo","Esec Maracá EA2","coordinates moved up one row (one-row offset)","3.38715 -61.44206","3.42947 -61.6447"
3616,"Monitora.Ter.Flo","Esec Maracá EA3","coordinates moved up one row (one-row offset)","3.42947 -61.6447","3.38628 -61.58929"
3617,"Monitora.Ter.Flo","Esec Niquiá EA1","coordinates moved up one row (one-row offset)","3.38628 -61.58929","0.81556 -61.65003"
3618,"Monitora.Ter.Flo","Esec Riozinho do Anfrísio EA1","coordinates moved up one row (one-row offset)","0.81556 -61.65003","-4.97863 -54.62222"
3619,"Monitora.Ter.Flo","Esec Riozinho do Anfrísio EA2","coordinates moved up one row (one-row offset)","-4.97863 -54.62222","-4.92995 -55.15484"
3620,"Monitora.Ter.Flo","Esec Riozinho do Anfrísio EA3","coordinates moved up one row (one-row offset)","-4.92995 -55.15484","-5.24688 -55.30637"
3621,"Monitora.Ter.Flo","Esec Serra Geral do Tocantins EA1","coordinates moved up one row (one-row offset)","-5.24688 -55.30637","-10.71469 -45.98607"
3622,"Monitora.Ter.Flo","Esec Serra Geral do Tocantins EA2","coordinates moved up one row (one-row offset)","-10.71469 -45.98607","-10.66921 -45.96735"
3623,"Monitora.Ter.Flo","ESEC Terra do Meio EA1","coordinates moved up one row (one-row offset)","-10.66921 -45.96735","-4.75451 -53.60111"
3624,"Monitora.Ter.Flo","ESEC Terra do Meio EA2","coordinates moved up one row (one-row offset)","-4.75451 -53.60111","-4.78583 -53.53495"
3625,"Monitora.Ter.Flo","ESEC Terra do Meio EA3","coordinates moved up one row (one-row offset)","-4.78583 -53.53495","-4.64682 -53.57511"
3626,"Monitora.Ter.Flo","Flona de Jamari EA1","coordinates moved up one row (one-row offset)","-4.64682 -53.57511","-9.44472 -62.82194"
3627,"Monitora.Ter.Flo","Flona de Jamari EA2","coordinates moved up one row (one-row offset)","-9.44472 -62.82194","-9.27889 -62.91306"
3628,"Monitora.Ter.Flo","Flona de Jamari EA3","coordinates moved up one row (one-row offset)","-9.27889 -62.91306","-9.02389 -62.92028"
3629,"Monitora.Ter.Flo","Flona de Jamari EA4","coordinates moved up one row (one-row offset)","-9.02389 -62.92028","-9.29584 -62.81891"
3630,"Monitora.Ter.Flo","Parna da Amazônia EA1","coordinates moved up one row (one-row offset)","-9.29584 -62.81891","-4.47825 -56.2895"
3631,"Monitora.Ter.Flo","Parna da Amazônia EA2","coordinates moved up one row (one-row offset)","-4.47825 -56.2895","-4.52974 -56.31263"
3632,"Monitora.Ter.Flo","Parna da Amazônia EA3","coordinates moved up one row (one-row offset)","-4.52974 -56.31263","-4.61752 -56.39309"
3633,"Monitora.Ter.Flo","Parna da Chapada dos Veadeiros EA1","coordinates moved up one row (one-row offset)","-4.61752 -56.39309","-14.06611 -47.638"
3634,"Monitora.Ter.Flo","Parna da Serra da Bocaina EA1","coordinates moved up one row (one-row offset)","-14.06611 -47.638","-22.82493 -44.62348"
3635,"Monitora.Ter.Flo","Parna da Serra da Bodoquena EA1","coordinates moved up one row (one-row offset)","-22.82493 -44.62348","-21.49906 -56.74328"
3636,"Monitora.Ter.Flo","Parna da Serra da Bodoquena EA2","coordinates moved up one row (one-row offset)","-21.49906 -56.74328","-21.10767 -56.64066"
3637,"Monitora.Ter.Flo","Parna da Serra da Cutia EA1","coordinates moved up one row (one-row offset)","-21.10767 -56.64066","-11.71836 -64.86731"
3638,"Monitora.Ter.Flo","Parna da Serra da Cutia EA2","coordinates moved up one row (one-row offset)","-11.71836 -64.86731","-11.75078 -64.84322"
3639,"Monitora.Ter.Flo","Parna da Serra da Cutia EA3","coordinates moved up one row (one-row offset)","-11.75078 -64.84322","-11.7935 -64.79917"
3640,"Monitora.Ter.Flo","Parna da Serra do Cipó EA1 ","coordinates moved up one row (one-row offset)","-11.7935 -64.79917","-19.35507 -43.61085"
3641,"Monitora.Ter.Flo","Parna da Serra do Divisor EA1","coordinates moved up one row (one-row offset)","-19.35507 -43.61085","-7.4921 -73.72737"
3642,"Monitora.Ter.Flo","Parna da Serra do Divisor EA2","coordinates moved up one row (one-row offset)","-7.4921 -73.72737","-7.56393 -73.8056"
3643,"Monitora.Ter.Flo","PARNA da Serra dos Órgãos Estação Amostral 1","coordinates moved up one row (one-row offset)","-7.56393 -73.8056","-22.46062 -43.00875"
3644,"Monitora.Ter.Flo","PARNA da Serra dos Órgãos Estação Amostral 2","coordinates moved up one row (one-row offset)","-22.46062 -43.00875","-22.477 -43.11"
3645,"Monitora.Ter.Flo","Parna de Brasília EA1","coordinates moved up one row (one-row offset)","-22.477 -43.11","-15.60954 -47.97278"
3646,"Monitora.Ter.Flo","Parna de Pacaas Novos EA1","coordinates moved up one row (one-row offset)","-15.60954 -47.97278","-10.7927 -63.64229"
3647,"Monitora.Ter.Flo","Parna de Pacaas Novos EA2","coordinates moved up one row (one-row offset)","-10.7927 -63.64229","-10.73555 -63.60771"
3648,"Monitora.Ter.Flo","Parna de Pacaas Novos EA3","coordinates moved up one row (one-row offset)","-10.73555 -63.60771","-10.54308 -63.95999"
3649,"Monitora.Ter.Flo","Parna do Cabo Orange EA1","coordinates moved up one row (one-row offset)","-10.54308 -63.95999","2.88 -51.15938"
3650,"Monitora.Ter.Flo","Parna do Cabo Orange EA2","coordinates moved up one row (one-row offset)","2.88 -51.15938","2.85188 -51.22125"
3651,"Monitora.Ter.Flo","Parna do Cabo Orange EA3","coordinates moved up one row (one-row offset)","2.85188 -51.22125","3.0825 -51.24938"
3652,"Monitora.Ter.Flo","Parna do Iguaçu EA1","coordinates moved up one row (one-row offset)","3.0825 -51.24938","-25.60564 -54.41983"
3653,"Monitora.Ter.Flo","Parna do Jaú EA1","coordinates moved up one row (one-row offset)","-25.60564 -54.41983","-1.77772 -61.62231"
3654,"Monitora.Ter.Flo","Parna do Jaú EA2","coordinates moved up one row (one-row offset)","-1.77772 -61.62231","-1.90742 -61.6718"
3655,"Monitora.Ter.Flo","Parna do Jaú EA3","coordinates moved up one row (one-row offset)","-1.90742 -61.6718","-1.86392 -61.72389"
3656,"Monitora.Ter.Flo","Parna do Juruena EA1","coordinates moved up one row (one-row offset)","-1.86392 -61.72389","-9.02088 -58.62943"
3657,"Monitora.Ter.Flo","Parna do Juruena EA2","coordinates moved up one row (one-row offset)","-9.02088 -58.62943","-8.97409 -58.61105"
3658,"Monitora.Ter.Flo","Parna do Juruena EA3","coordinates moved up one row (one-row offset)","-8.97409 -58.61105","-8.96869 -58.54042"
3659,"Monitora.Ter.Flo","Parna do Monte Roraima EA1","coordinates moved up one row (one-row offset)","-8.96869 -58.54042","5.12359 -60.59827"
3660,"Monitora.Ter.Flo","Parna do Monte Roraima EA2","coordinates moved up one row (one-row offset)","5.12359 -60.59827","4.98019 -60.29679"
3661,"Monitora.Ter.Flo","Parna do Superagui EA1","coordinates moved up one row (one-row offset)","4.98019 -60.29679","-25.39125 -48.27371"
3662,"Monitora.Ter.Flo","Parna do Superagui EA2","coordinates moved up one row (one-row offset)","-25.39125 -48.27371","-25.44186 -48.21177"
3663,"Monitora.Ter.Flo","Parna do Superagui EA3","coordinates moved up one row (one-row offset)","-25.44186 -48.21177","-25.48581 -48.29039"
3664,"Monitora.Ter.Flo","Parna do Viruá EA1","coordinates moved up one row (one-row offset)","-25.48581 -48.29039","1.48689 -61.01129"
3665,"Monitora.Ter.Flo","Parna do Viruá EA2","coordinates moved up one row (one-row offset)","1.48689 -61.01129","1.56075 -61.22418"
3666,"Monitora.Ter.Flo","Parna dos Campos Amazônicos EA1","coordinates moved up one row (one-row offset)","1.56075 -61.22418","-8.00723 -61.00433"
3667,"Monitora.Ter.Flo","Parna dos Campos Amazônicos EA2","coordinates moved up one row (one-row offset)","-8.00723 -61.00433","-8.00776 -61.00617"
3668,"Monitora.Ter.Flo","Parna dos Campos Amazônicos EA3","coordinates moved up one row (one-row offset)","-8.00776 -61.00617","-8.00069 -61.00365"
3669,"Monitora.Ter.Flo","Parna Mapinguari EA1","coordinates moved up one row (one-row offset)","-8.00069 -61.00365","-7.87436 -63.8705"
3670,"Monitora.Ter.Flo","Parna Mapinguari EA2","coordinates moved up one row (one-row offset)","-7.87436 -63.8705","-7.77737 -63.84228"
3671,"Monitora.Ter.Flo","Parna Mapinguari EA3","coordinates moved up one row (one-row offset)","-7.77737 -63.84228","-7.76269 -63.81572"
3672,"Monitora.Ter.Flo","Parna Mapinguari EA4","coordinates moved up one row (one-row offset)","-7.76269 -63.81572","-9.24924 -64.66926"
3673,"Monitora.Ter.Flo","Parna Mapinguari EA5","coordinates moved up one row (one-row offset)","-9.24924 -64.66926","-9.23931 -64.7013"
3674,"Monitora.Ter.Flo","Parna Mapinguari EA6","coordinates moved up one row (one-row offset)","-9.23931 -64.7013","-9.31122 -64.72708"
3675,"Monitora.Ter.Flo","Parna Montanhas do Tumucumaque EA1","coordinates moved up one row (one-row offset)","-9.31122 -64.72708","1.19291 -52.37535"
3676,"Monitora.Ter.Flo","Parna Montanhas do Tumucumaque EA2","coordinates moved up one row (one-row offset)","1.19291 -52.37535","1.23395 -52.38589"
3677,"Monitora.Ter.Flo","Parna Montanhas do Tumucumaque EA3","coordinates moved up one row (one-row offset)","1.23395 -52.38589","1.24621 -52.42571"
3678,"Monitora.Ter.Flo","Parna Nascentes do Lago Jari EA1","coordinates moved up one row (one-row offset)","1.24621 -52.42571","-5.52431 -62.14192"
3679,"Monitora.Ter.Flo","Parna Nascentes do Lago Jari EA2","coordinates moved up one row (one-row offset)","-5.52431 -62.14192","-5.71023 -62.2904"
3680,"Monitora.Ter.Flo","Parna Nascentes do Lago Jari EA3","coordinates moved up one row (one-row offset)","-5.71023 -62.2904","-5.95748 -62.48903"
3681,"Monitora.Ter.Flo","Parna Serra da Mocidade EA1","coordinates moved up one row (one-row offset)","-5.95748 -62.48903","1.11373 -61.74003"
3682,"Monitora.Ter.Flo","Parna Serra do Pardo EA1","coordinates moved up one row (one-row offset)","1.11373 -61.74003","-5.77922 -52.63064"
3683,"Monitora.Ter.Flo","Parna Serra do Pardo EA2","coordinates moved up one row (one-row offset)","-5.77922 -52.63064","-5.89635 -52.61874"
3684,"Monitora.Ter.Flo","Parna Serra do Pardo EA3","coordinates moved up one row (one-row offset)","-5.89635 -52.61874","-5.6667 -52.7022"
3685,"Monitora.Ter.Flo","Rebio Trombetas EA1","coordinates moved up one row (one-row offset)","-5.6667 -52.7022","-1.305 -56.655"
3686,"Monitora.Ter.Flo","Rebio Trombetas EA2","coordinates moved up one row (one-row offset)","-1.305 -56.655","-1.31349 -56.7544"
3687,"Monitora.Ter.Flo","Rebio Trombetas EA3","coordinates moved up one row (one-row offset)","-1.31349 -56.7544","-1.36333 -56.84088"
3688,"Monitora.Ter.Flo","Rebio Guaribas EA1 ","coordinates moved up one row (one-row offset)","-1.36333 -56.84088","-6.73228 -35.14137"
3689,"Monitora.Ter.Flo","Rebio Gurupi EA1","coordinates moved up one row (one-row offset)","-6.73228 -35.14137","-3.6223 -46.8109"
3690,"Monitora.Ter.Flo","Rebio Gurupi EA2","coordinates moved up one row (one-row offset)","-3.6223 -46.8109","-3.2516 -46.7595"
3691,"Monitora.Ter.Flo","Rebio Jaru EA1","coordinates moved up one row (one-row offset)","-3.2516 -46.7595","-9.5999 -61.64828"
3692,"Monitora.Ter.Flo","Rebio Jaru EA2","coordinates moved up one row (one-row offset)","-9.5999 -61.64828","-9.62481 -61.65686"
3693,"Monitora.Ter.Flo","Rebio Jaru EA3","coordinates moved up one row (one-row offset)","-9.62481 -61.65686","-9.6866 -61.6674"
3694,"Monitora.Ter.Flo","Rebio Jaru EA4","coordinates moved up one row (one-row offset)","-9.6866 -61.6674","-10.06394 -61.96032"
3695,"Monitora.Ter.Flo","Rebio Tapirapé EA1","coordinates moved up one row (one-row offset)","-10.06394 -61.96032","-5.68457 -50.32486"
3696,"Monitora.Ter.Flo","Rebio Tapirapé EA2","coordinates moved up one row (one-row offset)","-5.68457 -50.32486","-5.66182 -50.35954"
3697,"Monitora.Ter.Flo","Rebio Tapirapé EA3","coordinates moved up one row (one-row offset)","-5.66182 -50.35954","-5.6301 -50.39171"
3698,"Monitora.Ter.Flo","Rebio Uatumã EA1","coordinates moved up one row (one-row offset)","-5.6301 -50.39171","-1.79249 -59.26647"
3699,"Monitora.Ter.Flo","Rebio Uatumã EA2","coordinates moved up one row (one-row offset)","-1.79249 -59.26647","-1.57337 -59.36401"
3700,"Monitora.Ter.Flo","Rebio Uatumã EA3","coordinates moved up one row (one-row offset)","-1.57337 -59.36401","-1.53491 -59.4401"
3701,"Monitora.Ter.Flo","Resex Alto Tarauaca EA1","coordinates moved up one row (one-row offset)","-1.53491 -59.4401","-8.93894 -71.86575"
3702,"Monitora.Ter.Flo","Resex Alto Tarauaca EA2","coordinates moved up one row (one-row offset)","-8.93894 -71.86575","-8.9845 -71.91947"
3703,"Monitora.Ter.Flo","Resex Alto Tarauaca EA3","coordinates moved up one row (one-row offset)","-8.9845 -71.91947","-8.98853 -71.93217"
3704,"Monitora.Ter.Flo","Resex Arapixi EA1","coordinates moved up one row (one-row offset)","-8.98853 -71.93217","-8.85731 -67.83624"
3705,"Monitora.Ter.Flo","Resex Arapixi EA2","coordinates moved up one row (one-row offset)","-8.85731 -67.83624","-8.85392 -67.76518"
3706,"Monitora.Ter.Flo","Resex Barreiro das Antas EA1","coordinates moved up one row (one-row offset)","-8.85392 -67.76518","-11.36331 -64.78906"
3707,"Monitora.Ter.Flo","Resex Barreiro das Antas EA2","coordinates moved up one row (one-row offset)","-11.36331 -64.78906","-11.48103 -64.65781"
3708,"Monitora.Ter.Flo","Resex Barreiro das Antas EA3","coordinates moved up one row (one-row offset)","-11.48103 -64.65781","-11.43414 -64.67142"
3709,"Monitora.Ter.Flo","Resex Cazumbá-Iracema EA1","coordinates moved up one row (one-row offset)","-11.43414 -64.67142","-9.26497 -68.96941"
3710,"Monitora.Ter.Flo","Resex Cazumbá-Iracema EA2","coordinates moved up one row (one-row offset)","-9.26497 -68.96941","-9.16628 -68.95103"
3711,"Monitora.Ter.Flo","Resex Cazumbá-Iracema EA3","coordinates moved up one row (one-row offset)","-9.16628 -68.95103","-9.18357 -69.26162"
3712,"Monitora.Ter.Flo","Resex Chico Mendes EA1","coordinates moved up one row (one-row offset)","-9.18357 -69.26162","-10.29158 -68.10816"
3713,"Monitora.Ter.Flo","Resex Chico Mendes EA2","coordinates moved up one row (one-row offset)","-10.29158 -68.10816","-10.26669 -68.15228"
3714,"Monitora.Ter.Flo","Resex Chico Mendes EA3","coordinates moved up one row (one-row offset)","-10.26669 -68.15228","-10.21958 -68.14062"
3715,"Monitora.Ter.Flo","Resex do Rio Ouro Preto EA1","coordinates moved up one row (one-row offset)","-10.21958 -68.14062","-10.82466 -65.03397"
3716,"Monitora.Ter.Flo","Resex do Rio Ouro Preto EA2","coordinates moved up one row (one-row offset)","-10.82466 -65.03397","-10.79056 -64.97274"
3717,"Monitora.Ter.Flo","Resex do Rio Ouro Preto EA3","coordinates moved up one row (one-row offset)","-10.79056 -64.97274","-10.68681 -64.83424"
3718,"Monitora.Ter.Flo","Resex Ipaú Anilzinho EA1","coordinates moved up one row (one-row offset)","-10.68681 -64.83424","-3.00673 -49.83767"
3719,"Monitora.Ter.Flo","Resex Ituxi EA1","coordinates moved up one row (one-row offset)","-3.00673 -49.83767","-8.14 -65.34478"
3720,"Monitora.Ter.Flo","Resex Ituxi EA2","coordinates moved up one row (one-row offset)","-8.14 -65.34478","-8.13433 -65.39057"
3721,"Monitora.Ter.Flo","Resex Ituxi EA3","coordinates moved up one row (one-row offset)","-8.13433 -65.39057","-8.06829 -65.35022"
3722,"Monitora.Ter.Flo","Resex Renascer EA1","coordinates moved up one row (one-row offset)","-8.06829 -65.35022","-2.27138 -53.45098"
3723,"Monitora.Ter.Flo","Resex Renascer EA2","coordinates moved up one row (one-row offset)","-2.27138 -53.45098","-2.28862 -53.39896"
3724,"Monitora.Ter.Flo","Resex Renascer EA3","coordinates moved up one row (one-row offset)","-2.28862 -53.39896","-2.24184 -53.33239"
3725,"Monitora.Ter.Flo","RESEX Rio Cautário EA1","coordinates moved up one row (one-row offset)","-2.24184 -53.33239","-11.89083 -64.19458"
3726,"Monitora.Ter.Flo","RESEX Rio Cautário EA2","coordinates moved up one row (one-row offset)","-11.89083 -64.19458","-11.91916 -64.23411"
3727,"Monitora.Ter.Flo","RESEX Rio Cautário EA3","coordinates moved up one row (one-row offset)","-11.91916 -64.23411","-11.9208 -64.28424"
3728,"Monitora.Ter.Flo","Resex Riozinho da Liberdade EA1","coordinates moved up one row (one-row offset)","-11.9208 -64.28424","-7.97269 -71.99406"
3729,"Monitora.Ter.Flo","Resex Riozinho da Liberdade EA2","coordinates moved up one row (one-row offset)","-7.97269 -71.99406","-7.99694 -72.08861"
3730,"Monitora.Ter.Flo","Resex Riozinho da Liberdade EA3","coordinates moved up one row (one-row offset)","-7.99694 -72.08861","-8.03903 -71.99711"
3731,"Monitora.Ter.Flo","Resex Tapajós-Arapiuns EA1 (Boim)","coordinates moved up one row (one-row offset)","-8.03903 -71.99711","-3.13669 -55.51047"
3732,"Monitora.Ter.Flo","Resex Tapajós-Arapiuns EA2 (Cametá)","coordinates moved up one row (one-row offset)","-3.13669 -55.51047","-3.31467 -55.32245"
3733,"Monitora.Ter.Flo","Resex Tapajós-Arapiuns EA3 (Escrivão)","coordinates moved up one row (one-row offset)","-3.31467 -55.32245","-3.44541 -55.38611"
3734,"Monitora.Ter.Flo","Resex Tapajós-Arapiuns EA4 (São Tome)","coordinates moved up one row (one-row offset)","-3.44541 -55.38611","-3.06961 -55.25938"
3735,"Monitora.Ter.Flo","Resex Tapajós-Arapiuns EA6 (Anaã)","coordinates moved up one row (one-row offset)","-3.06961 -55.25938","-2.41088 -55.07968"
3736,"Monitora.Ter.Flo","Resex Tapajós-Arapiuns EA7 (São Pedro)","coordinates moved up one row (one-row offset)","-2.41088 -55.07968","-2.67955 -55.44582"
3737,"Monitora.Ter.Flo","Resex Tapajós-Arapiuns EA8 (Pascoal)","coordinates moved up one row (one-row offset)","-2.67955 -55.44582","-2.74284 -55.48305"
3738,"Monitora.Ter.Flo","Resex Tapajós-Arapiuns EA9 (Prainha)","coordinates moved up one row (one-row offset)","-2.74284 -55.48305","-2.94737 -55.63276"
3739,"Monitora.Ter.Flo.Cast","Resex Cazumbá-Iracema  EA1.Coletivo ","coordinates moved up one row (one-row offset)","-2.94737 -55.63276","-9.14227 -68.94109"
3740,"Monitora.Ter.Flo.Cast","Resex Cazumbá-Iracema  EA2.Davi ","coordinates moved up one row (one-row offset)","-9.14227 -68.94109","-9.15553 -68.9441"
3741,"Monitora.Ter.Flo.Cast","Resex Cazumbá-Iracema  EA3.Damiã ","coordinates moved up one row (one-row offset)","-9.15553 -68.9441","-9.27588 -69.01125"
3742,"Monitora.Ter.Flo.Cast","Resex Cazumbá-Iracema  EA4. Iracema","coordinates moved up one row (one-row offset)","-9.27588 -69.01125","-9.11951 -68.98755"
3743,"Monitora.Ter.Flo.Cast","Resex Cazumbá-Iracema  EA5. Irmãos Gama","coordinates moved up one row (one-row offset)","-9.11951 -68.98755","-9.27737 -69.00206"
3744,"Monitora.Ter.Flo.Cast","Resex Cazumbá-Iracema  EA6. Mariazinha ","coordinates moved up one row (one-row offset)","-9.27737 -69.00206","-9.13969 -68.94334"
3745,"Monitora.Ter.Flo.Cast","Resex Cazumbá-Iracema  EA7. Mariazan","coordinates moved up one row (one-row offset)","-9.13969 -68.94334","-9.2737 -69.01101"
3746,"Monitora.Ter.Flo.Cast","Resex Cazumbá-Iracema  EA8. Zequinha","coordinates moved up one row (one-row offset)","-9.2737 -69.01101","-9.13705 -68.94565"
3747,"Monitora.Ter.Flo.Cast","Resex Cazumbá-Iracema  EA9. Zirmão","coordinates moved up one row (one-row offset)","-9.13705 -68.94565","-9.14924 -68.95776"
3748,"Monitora.Ter.Flo.Cast","Resex Cazumbá-Iracema  EA10. Zirmão2","coordinates moved up one row (one-row offset)","-9.14924 -68.95776","-9.13619 -68.95958"
3749,"Monitora.Ter.Flo.Cast","Resex Rio Ouro Preto - EA1.324","coordinates moved up one row (one-row offset)","-9.13619 -68.95958","-10.8973 -65.07363"
3750,"Monitora.Ter.Flo.Cast","Resex Rio Ouro Preto - EA2.BKT ","coordinates moved up one row (one-row offset)","-10.8973 -65.07363","-10.9171 -65.04251"
3751,"Monitora.Ter.Flo.Cast","Resex Rio Ouro Preto - EA3.101","coordinates moved up one row (one-row offset)","-10.9171 -65.04251","-10.9171 -65.04246"
3752,"Monitora.Ter.Flo.Cast","Resex Rio Ouro Preto - EA4.DAI301 ","coordinates moved up one row (one-row offset)","-10.9171 -65.04246","-10.8868 -65.06691"
3753,"Monitora.Ter.Flo.Cast","Resex Rio Ouro Preto - EA5.100","coordinates moved up one row (one-row offset)","-10.8868 -65.06691","-10.9165 -65.04276"
3754,"Monitora.Ter.Flo.Cast","Resex Rio Ouro Preto - EA6.DAI304","coordinates moved up one row (one-row offset)","-10.9165 -65.04276","-10.8883 -65.06869"
3755,"Monitora.Ter.Flo.Cast","Resex Rio Ouro Preto - EA7.Dona Deise","coordinates moved up one row (one-row offset)","-10.8883 -65.06869","-10.8842 -65.06689"
3756,"Monitora.Ter.Flo.Cast","Resex Rio Ouro Preto - EA8.Inácio Cas Itiauba","coordinates moved up one row (one-row offset)","-10.8842 -65.06689","-10.8936 -65.07185"
3757,"Monitora.Ter.Flo.Cast","Resex Rio Ouro Preto - EA9 79","coordinates moved up one row (one-row offset)","-10.8936 -65.07185","-10.9145 -65.04296"
3758,"Monitora.Ter.Flo.Cast","Resex Rio Cautário EA1 Louro1","coordinates moved up one row (one-row offset)","-10.9145 -65.04296","-11.91253 -64.1361"
3759,"Monitoramento_Barcarena","PC01","coordinates moved up one row (one-row offset)","-11.91253 -64.1361","-1.57347 -48.70998"
3760,"Monitoramento_Barcarena","PC02","coordinates moved up one row (one-row offset)","-1.57347 -48.70998","-1.54204 -48.69567"
3761,"Monitoramento_Barcarena","PC03","coordinates moved up one row (one-row offset)","-1.54204 -48.69567","-1.56102 -48.71892"
3762,"Monitoramento_Barcarena","PC05","coordinates moved up one row (one-row offset)","-1.56102 -48.71892","-1.55977 -48.69648"
3763,"Monitoramento_Barcarena","PC06","coordinates moved up one row (one-row offset)","-1.55977 -48.69648","-1.63771 -48.66938"
3764,"Monitoramento_Barcarena","PC07","coordinates moved up one row (one-row offset)","-1.63771 -48.66938","-1.57869 -48.69283"
3765,"Monitoramento_Barcarena","PC08","coordinates moved up one row (one-row offset)","-1.57869 -48.69283","-1.61792 -48.69891"
3766,"Monitoramento_Barcarena","PC09","coordinates moved up one row (one-row offset)","-1.61792 -48.69891","-1.62949 -48.69445"
3767,"Monitoramento_Barcarena","PM01","coordinates moved up one row (one-row offset)","-1.62949 -48.69445","-1.54774 -48.72586"
3768,"Monitoramento_Barcarena","PM02","coordinates moved up one row (one-row offset)","-1.54774 -48.72586","-1.54194 -48.72439"
3769,"Monitoramento_Barcarena","PM03","coordinates moved up one row (one-row offset)","-1.54194 -48.72439","-1.53031 -48.7162"
3770,"Monitoramento_Barcarena","PM04","coordinates moved up one row (one-row offset)","-1.53031 -48.7162","-1.5305 -48.71277"
3771,"Monitoramento_Barcarena","PM05","coordinates moved up one row (one-row offset)","-1.5305 -48.71277","-1.52556 -48.70502"
3772,"PAAMA","Rio Paraibuna, PESM - núcleo Sta Virgínia, Cachoeira do Salto Grande, região de portage do rafting","coordinates moved up one row (one-row offset)","-1.52556 -48.70502","-23.343 -45.156"
3773,"PAAMA","Rio Paraibuna, PESM - núcleo Sta Virgínia, montante do rafting, margem direita fora da UC","coordinates moved up one row (one-row offset)","-23.343 -45.156","-23.328 -45.14"
3774,"PAAMA","Rio Paraibuna, PESM - núcleo Sta Virgínia, Lajeado, montante do rafting, ambas margens na UC","coordinates moved up one row (one-row offset)","-23.328 -45.14","-23.313 -45.122"
3775,"PAAMA","Rio Paraibuna, PESM-núcleo Cunha, Cachoeira do rio Paraibuna","coordinates moved up one row (one-row offset)","-23.313 -45.122","-23.235 -45.023"
3776,"PAAMA","Rio Ipiranga, PESM - núcleo Sta Virgínia","coordinates moved up one row (one-row offset)","-23.235 -45.023","-23.344 -45.134"
3777,"PAAMA","Cór. A, PESM - núcleo Sta Virgínia, trilha do Pirapitinga, trecho do rafting, montante da trilha","coordinates moved up one row (one-row offset)","-23.344 -45.134","-23.343 -45.155"
3778,"PAAMA","Cór. A, PESM - núcleo Sta Virgínia, trilha do Pirapitinga, trecho do rafting, jusante da trilha","coordinates moved up one row (one-row offset)","-23.343 -45.155","-23.343 -45.155"
3779,"PAAMA","Cór. B, PESM - núcleo Sta Virgínia, trilha do Pirapitinga, trecho do rafting, montante da trilha","coordinates moved up one row (one-row offset)","-23.343 -45.155","-23.344 -45.156"
3780,"PAAMA","Cór. B, PESM - núcleo Sta Virgínia, trilha do Pirapitinga, trecho do rafting, jusante da trilha","coordinates moved up one row (one-row offset)","-23.344 -45.156","-23.344 -45.156"
3781,"PAAMA","Cór. D, PESM - núcleo Sta Virgínia, trilha do Pirapitinga, trecho do rafting, montante da trilha","coordinates moved up one row (one-row offset)","-23.344 -45.156","-23.346 -45.147"
3782,"PAAMA","Cór. D, PESM - núcleo Sta Virgínia, trilha do Pirapitinga, trecho do rafting, jusante da trilha","coordinates moved up one row (one-row offset)","-23.346 -45.147","-23.346 -45.147"
3783,"PAAMA","Cór, Pau de Bala, PESM - núcleo Sta Virgínia, trilha do Pito, de caminhada, montante da trilha","coordinates moved up one row (one-row offset)","-23.346 -45.147","-23.326 -45.133"
3784,"PAAMA","Cór, Pau de Bala, PESM - núcleo Sta Virgínia, trilha do Pito, de caminhada, jusante da trilha","coordinates moved up one row (one-row offset)","-23.326 -45.133","-23.326 -45.133"
3785,"PAAMA","Cór. do Cocho, PESM - núcleo Sta Virgínia, trilha do Pito, de caminhada, montante da trilha","coordinates moved up one row (one-row offset)","-23.326 -45.133","-23.321 -45.131"
3786,"PAAMA","Cór. do Cocho, PESM - núcleo Sta Virgínia, trilha do Pito, de caminhada, jusante da trilha","coordinates moved up one row (one-row offset)","-23.321 -45.131","-23.321 -45.131"
3787,"PAAMA","Rib. Grande, PESM - núcleo Sta Virgínia","coordinates moved up one row (one-row offset)","-23.321 -45.131","-23.434 -45.243"
3788,"PAAMA","Rio da Prata","coordinates moved up one row (one-row offset)","-23.434 -45.243","-23.355 -45.207"
3789,"PAAMA","Rio Paraibuna, PESM - núcleo Sta Virgínia, Corredeira dos Bancos, Km 70 da rod. Osvaldo Cruz, margem direita fora da UC","coordinates moved up one row (one-row offset)","-23.355 -45.207","-23.358 -45.207"
3790,"PAAMA","Rio Paraitinga","coordinates moved up one row (one-row offset)","-23.358 -45.207","-23.138 -45.205"
3791,"PAAMA","Rio Cachoeira, Cachoeira dos Pretos","coordinates moved up one row (one-row offset)","-23.138 -45.205","-22.965 -46.172"
3792,"PAAMA","Rio Jacaré-pepira, Parque dos Saltos","coordinates moved up one row (one-row offset)","-22.965 -46.172","-22.292 -48.133"
3793,"PAAMA","Rio Mogi-guaçú, Cachoeira de Emas","coordinates moved up one row (one-row offset)","-22.292 -48.133","-21.926 -47.368"
3794,"PAAMA","Rio Corumbataí, Salto Major Levy","coordinates moved up one row (one-row offset)","-21.926 -47.368","-22.133 -47.662"
3795,"PAAMA","Rio Piracicaba, Corredeiras do Piracicaba","coordinates moved up one row (one-row offset)","-22.133 -47.662","-22.719 -47.655"
3796,"PAAMA","Rio do Peixe, Hotel Recanto da Cachoeira","coordinates moved up one row (one-row offset)","-22.719 -47.655","-22.566 -46.535"
3797,"PAAMA","Rio Perequê,  no PEP","coordinates moved up one row (one-row offset)","-22.566 -46.535","-23.848 -46.417"
3798,"PAAMA","Rio Perequê,  fora do PEP","coordinates moved up one row (one-row offset)","-23.848 -46.417","-23.854 -46.418"
3799,"PAAMA","Rio Betari, no PETAR","coordinates moved up one row (one-row offset)","-23.854 -46.418","-24.547 -48.683"
3800,"PAAMA","Rio Betari, fora do PETAR","coordinates moved up one row (one-row offset)","-24.547 -48.683","-24.581 -48.59"
3801,"PAAMA","Rib. Iporanga, no PETAR","coordinates moved up one row (one-row offset)","-24.581 -48.59","-24.514 -48.582"
3802,"PAAMA","Rib. Iporanga, fora do PETAR","coordinates moved up one row (one-row offset)","-24.514 -48.582","-24.581 -48.59"
3803,"PAAMA","Rio Moji, jusante da estação de bombas","coordinates moved up one row (one-row offset)","-24.581 -48.59","-23.837 -46.371"
3804,"PAAMA","Rio Guaraú","coordinates moved up one row (one-row offset)","-23.837 -46.371","-24.782 -48.088"
3805,"PAAMA","Rio do Serrote, PECJ","coordinates moved up one row (one-row offset)","-24.782 -48.088","-22.663 -45.433"
3806,"PAAMA","Rio Sapucaí, PECJ","coordinates moved up one row (one-row offset)","-22.663 -45.433","-22.687 -45.479"
3807,"PAAMA","Cór. Tanquinho","coordinates moved up one row (one-row offset)","-22.687 -45.479","-21.175 -47.782"
3808,"PAAMA","Rib. Preto","coordinates moved up one row (one-row offset)","-21.175 -47.782","-21.09 -47.813"
3809,"PAAMA","Cór. Paulicéia, PEV","coordinates moved up one row (one-row offset)","-21.09 -47.813","-21.649 -47.64"
3810,"PAAMA","Cór. Monjolinho","coordinates moved up one row (one-row offset)","-21.649 -47.64","-22.023 -47.927"
3811,"PAAMA","Cór. afluente do Pedregulho, PEFBJ","coordinates moved up one row (one-row offset)","-22.023 -47.927","-20.204 -47.414"
3812,"PAAMA","Cór. Pedregulho, PEFBJ","coordinates moved up one row (one-row offset)","-20.204 -47.414","-20.244 -47.465"
3813,"PAAMA","Cór. Água do Burro, EEAvaré","coordinates moved up one row (one-row offset)","-20.244 -47.465","-23.006 -48.821"
3814,"PAAMA","Cór. Campestre, EEAssis","coordinates moved up one row (one-row offset)","-23.006 -48.821","-22.597 -50.369"
3815,"PAAMA","Cór. da Onça, PEMD","coordinates moved up one row (one-row offset)","-22.597 -50.369","-22.604 -52.3"
3816,"PAAMA","Rib. Bonito, PEMD","coordinates moved up one row (one-row offset)","-22.604 -52.3","-22.503 -52.358"
3817,"PAAMA","Cór. do Geraldo, EExItirapina","coordinates moved up one row (one-row offset)","-22.503 -52.358","-22.203 -47.818"
3818,"PAAMA","Cór. da Água Branca, EExItirapina","coordinates moved up one row (one-row offset)","-22.203 -47.818","-22.246 -47.825"
3819,"PAAMA","Rio Parateí","coordinates moved up one row (one-row offset)","-22.246 -47.825","-23.429 -46.27"
3820,"PAAMA","Cór. do Rodeio","coordinates moved up one row (one-row offset)","-23.429 -46.27","-23.073 -44.957"
3821,"PCMCV","Parque Nacional da Chapada dos Veadeiros","coordinates moved up one row (one-row offset)","-23.073 -44.957","-14.0951 -47.7003"
3822,"PELDFORR","Parque Nacional do Viruá - grid PPBio","coordinates moved up one row (one-row offset)","-14.0951 -47.7003","1.48583 -61.03861"
3823,"PELDFORR","Estação Ecológica de Maracá - grid PPBio","coordinates moved up one row (one-row offset)","1.48583 -61.03861","3.40722 -61.48694"
3824,"PELDFORR","Castanhal Itã - parcela 1","coordinates moved up one row (one-row offset)","3.40722 -61.48694","1.81611 -61.12806"
3825,"PELDFORR","Castanhal Itã - parcela 2","coordinates moved up one row (one-row offset)","1.81611 -61.12806","1.81611 -61.12806"
3826,"PELDFORR","Castanhal Cujubim - parcela 1","coordinates moved up one row (one-row offset)","1.81611 -61.12806","1.85072 -61.0085"
3827,"PELDFORR","Castanhal Cujubim - parcela 2","coordinates moved up one row (one-row offset)","1.85072 -61.0085","1.85072 -61.0085"
3828,"PELDFORR","Castanhal São João da Baliza","coordinates moved up one row (one-row offset)","1.85072 -61.0085","0.95 -59.91"
3829,"PELD - IAFA","Reserva Ducke","coordinates moved up one row (one-row offset)","0.95 -59.91","-2.55 -59.59"
3830,"PELD - IAFA","PDBFF","coordinates moved up one row (one-row offset)","-2.55 -59.59","-2.44 -59.93"
3831,"PELD - IAFA","ZF2 Forest Management Station","coordinates moved up one row (one-row offset)","-2.44 -59.93","-2.61 -60.18"
3832,"Pirarucu.AM","Acordo de Pesca de Atalaia do Norte","coordinates moved up one row (one-row offset)","-2.61 -60.18","-4.610369 -70.255753"
3833,"Pirarucu.AM","Acordo de Pesca Arumanduba Tarara","coordinates moved up one row (one-row offset)","-4.610369 -70.255753","-2.490167 -66.579611"
3834,"Pirarucu.AM","Acordo de Pesca do Baixo e Médio Copeá","coordinates moved up one row (one-row offset)","-2.490167 -66.579611","-3.7153 -63.4698"
3835,"Pirarucu.AM","Acordo de Pesca Campina","coordinates moved up one row (one-row offset)","-3.7153 -63.4698","-2.634058 -66.389286"
3836,"Pirarucu.AM","Acordo de Pesca do Complexo Altamira","coordinates moved up one row (one-row offset)","-2.634058 -66.389286","-1.782197 -66.545383"
3837,"Pirarucu.AM","Acordo de pesca Complexo Lagos Massauari","coordinates moved up one row (one-row offset)","-1.782197 -66.545383","-3.095667 -57.512"
3838,"Pirarucu.AM"," Acordo de Pesca do Capivara","coordinates moved up one row (one-row offset)","-3.095667 -57.512","-3.2834 -64.6203"
3839,"Pirarucu.AM","Acordo de Pesca Dururuá","coordinates moved up one row (one-row offset)","-3.2834 -64.6203","-3.879833 -63.018583"
3840,"Pirarucu.AM","Acordo de Pesca Ilha da Paciênica","coordinates moved up one row (one-row offset)","-3.879833 -63.018583","-3.022556 -60.166925"
3841,"Pirarucu.AM","Acordo de Pesca Juruparari Grande","coordinates moved up one row (one-row offset)","-3.022556 -60.166925","-3.023061 -65.103389"
3842,"Pirarucu.AM","Acordo de Pesca lago Serrado","coordinates moved up one row (one-row offset)","-3.023061 -65.103389","-4.575122 -66.629925"
3843,"Pirarucu.AM","Acordo de Pesca Macaponi","coordinates moved up one row (one-row offset)","-4.575122 -66.629925","-2.592194 -65.456614"
3844,"Pirarucu.AM","RDSM_ Setor Maiana","coordinates moved up one row (one-row offset)","-2.592194 -65.456614","-2.419 -66.2376"
3845,"Pirarucu.AM","Acordo de Pesca Mineruá","coordinates moved up one row (one-row offset)","-2.419 -66.2376","-2.9113 -66.08525"
3846,"Pirarucu.AM","Acordo de Pesca do Mameloca","coordinates moved up one row (one-row offset)","-2.9113 -66.08525","-1.850389 -67.304581"
3847,"Pirarucu.AM","Acordo de Pesca Rio Abufari","coordinates moved up one row (one-row offset)","-1.850389 -67.304581","-5.55375 -63.385447"
3848,"Pirarucu.AM","Acordo de Pesca do Rio Arari","coordinates moved up one row (one-row offset)","-5.55375 -63.385447","-3.326389 -58.290278"
3849,"Pirarucu.AM","Acordo de Pesca Rio Copeá Setor A e B","coordinates moved up one row (one-row offset)","-3.326389 -58.290278","-3.655314 -66.714828"
3850,"Pirarucu.AM","Acordo de Pesca do Seringa","coordinates moved up one row (one-row offset)","-3.655314 -66.714828","-2.168711 -65.10385"
3851,"Pirarucu.AM","Acordo de Pesca Santo Antônio Iça","coordinates moved up one row (one-row offset)","-2.168711 -65.10385","-2.882281 -68.769364"
3852,"Pirarucu.AM","Acordo de Pesca Sitio Fortaleza","coordinates moved up one row (one-row offset)","-2.882281 -68.769364","-2.980861 -65.157333"
3853,"Pirarucu.AM","Acordo de Pesca de Tonantins","coordinates moved up one row (one-row offset)","-2.980861 -65.157333","-2.521436 -67.374108"
3854,"Pirarucu.AM","TERRA INDIGENA DENI","coordinates moved up one row (one-row offset)","-2.521436 -67.374108","-7.089722 -68.6725"
3855,"Pirarucu.AM","TERRA INDIGENA ITIXI MITARI","coordinates moved up one row (one-row offset)","-7.089722 -68.6725","-4.736219 -62.577561"
3856,"Pirarucu.AM","TERRA INDIGENA LAGO DO AIAPUÁ","coordinates moved up one row (one-row offset)","-4.736219 -62.577561","-4.38473 -62.15992"
3857,"Pirarucu.AM","Terra Indigena Setor III- M/E Rio Solimões","coordinates moved up one row (one-row offset)","-4.38473 -62.15992","-2.807892 -67.697872"
3858,"Pirarucu.AM","Terra Indigena Setor II- Paraná do Jacapari","coordinates moved up one row (one-row offset)","-2.807892 -67.697872","-2.616833 -67.367806"
3859,"Pirarucu.AM","TERRA INDIGENA PAUMARI","coordinates moved up one row (one-row offset)","-2.616833 -67.367806","-5.978219 -64.757292"
3860,"Pirarucu.AM","Terra Indigena Setor I-UATI PARANÁ","coordinates moved up one row (one-row offset)","-5.978219 -64.757292","-2.626806 -67.479556"
3861,"Pirarucu.AM","Floresta Estadual de Canutama","coordinates moved up one row (one-row offset)","-2.626806 -67.479556","-5.950258 -64.41535"
3862,"Pirarucu.AM","RDSM_ Setor Arumanduba","coordinates moved up one row (one-row offset)","-5.950258 -64.41535","-2.555222 -66.404611"
3863,"Pirarucu.AM","RDSM_ Setor Solimões de Baixo","coordinates moved up one row (one-row offset)","-2.555222 -66.404611","-2.469639 -66.971667"
3864,"Pirarucu.AM","RDSM_ Setor Solimões de Cima I","coordinates moved up one row (one-row offset)","-2.469639 -66.971667","-2.502811 -66.6268"
3865,"Pirarucu.AM","RDSM_ Setor Solimões de Cima II","coordinates moved up one row (one-row offset)","-2.502811 -66.6268","-2.638483 -66.614042"
3866,"Pirarucu.AM","RDSM_ Setor  Guedes","coordinates moved up one row (one-row offset)","-2.638483 -66.614042","-2.487661 -65.429294"
3867,"Pirarucu.AM","RDSM_ Setor Panauã de Baixo","coordinates moved up one row (one-row offset)","-2.487661 -65.429294","-2.348933 -65.330717"
3868,"Pirarucu.AM","RDSM_ Setor Panauã de Cima","coordinates moved up one row (one-row offset)","-2.348933 -65.330717","-2.112694 -66.040861"
3869,"Pirarucu.AM","RESEX AUATI PARANA","coordinates moved up one row (one-row offset)","-2.112694 -66.040861","-2.157333 -66.497722"
3870,"Pirarucu.AM","RDSM Acordo de Pesca do Acapu","coordinates moved up one row (one-row offset)","-2.157333 -66.497722","-1.8561 -65.5811"
3871,"Pirarucu.AM","RDSM Acordo de Pesca do Caruara","coordinates moved up one row (one-row offset)","-1.8561 -65.5811","-2.1783 -65.2256"
3872,"Pirarucu.AM","RDSM Acordo de Pesca do Jutai-Cleto","coordinates moved up one row (one-row offset)","-2.1783 -65.2256","-2.2696 -65.1786"
3873,"Pirarucu.AM","RDSA Acordo de Pesca do complexo Pantaleão","coordinates moved up one row (one-row offset)","-2.2696 -65.1786","-2.902042 -64.852286"
3874,"Pirarucu.AM","RDSA Acordo de Pesca do Paraná Velho","coordinates moved up one row (one-row offset)","-2.902042 -64.852286","-2.7235 -64.6461"
3875,"Pirarucu.AM","RDSA Acordo de Pesca do Setor São José","coordinates moved up one row (one-row offset)","-2.7235 -64.6461","-2.7652 -64.7216"
3876,"Pirarucu.AM","RDS Buá buá","coordinates moved up one row (one-row offset)","-2.7652 -64.7216","-1.721192 -66.375275"
3877,"Pirarucu.AM","Resex Baixo Juruá","coordinates moved up one row (one-row offset)","-1.721192 -66.375275","-3.196361 -65.969333"
3878,"Pirarucu.AM","RDS Cujubim","coordinates moved up one row (one-row offset)","-3.196361 -65.969333","-4.667306 -68.146389"
3879,"Pirarucu.AM","RDSM_Comunidade Nova Jerusalem do Caruara","coordinates moved up one row (one-row offset)","-4.667306 -68.146389","-2.061639 -65.257028"
3880,"Pirarucu.AM","Resex Médio Juruá","coordinates moved up one row (one-row offset)","-2.061639 -65.257028","-5.32475 -67.407889"
3881,"Pirarucu.AM","Resex Médio Purus","coordinates moved up one row (one-row offset)","-5.32475 -67.407889","-7.587972 -66.439111"
3882,"Pirarucu.AM","RDS Peixe Boi","coordinates moved up one row (one-row offset)","-7.587972 -66.439111","-2.844644 -66.935403"
3883,"Pirarucu.AM","RDS Piagaçu Purus","coordinates moved up one row (one-row offset)","-2.844644 -66.935403","-4.297269 -61.811808"
3884,"Pirarucu.AM","Resex Rio Ituxi","coordinates moved up one row (one-row offset)","-4.297269 -61.811808","-7.855444 -65.155"
3885,"Pirarucu.AM","Resex Rio Unini","coordinates moved up one row (one-row offset)","-7.855444 -65.155","-1.682778 -61.82375"
3886,"Pirarucu.AM","RDSM_ Setor Auati Paraná de Cima","coordinates moved up one row (one-row offset)","-1.682778 -61.82375","-2.234747 -66.884536"
3887,"Pirarucu.AM","RDSA Setor Coraci","coordinates moved up one row (one-row offset)","-2.234747 -66.884536","-3.1232 -64.724"
3888,"Pirarucu.AM","RDSM Setor Itauba","coordinates moved up one row (one-row offset)","-3.1232 -64.724","-2.089972 -65.577694"
3889,"Pirarucu.AM","RDSM Setor Jarauá","coordinates moved up one row (one-row offset)","-2.089972 -65.577694","-2.865347 -64.927403"
3890,"Pirarucu.AM","RDSM Setor Maiana e Solimões do Meio","coordinates moved up one row (one-row offset)","-2.865347 -64.927403","-2.330778 -66.401583"
3891,"Pirarucu.AM"," RDSM_Setor solimões de Baixo","coordinates moved up one row (one-row offset)","-2.330778 -66.401583","-2.674361 -66.818194"
3892,"Pirarucu.AM","RDSM_Setor solimões de Cima","coordinates moved up one row (one-row offset)","-2.674361 -66.818194","-2.716472 -67.075139"
3893,"Pirarucu.AM","RDSM_Setor solimões de Cima","coordinates moved up one row (one-row offset)","-2.716472 -67.075139","-2.716472 -67.075139"
3894,"Pirarucu.AM","RDSM_ Setor Solimões do Meio","coordinates moved up one row (one-row offset)","-2.716472 -67.075139","-2.532581 -66.2577"
3895,"Pirarucu.AM","RDSM_SETOR Tijuaca","coordinates moved up one row (one-row offset)","-2.532581 -66.2577","-2.6463 -64.9904"
3896,"Pirarucu.AM","RDSM Setor TIGRE, PRETO e ITAÚBA","coordinates moved up one row (one-row offset)","-2.6463 -64.9904","-1.8561 -65.5811"
3897,"Pirarucu.AM","RDS Uacari","coordinates moved up one row (one-row offset)","-1.8561 -65.5811","-5.93775 -67.754222"
3898,"Pirizal","SALD-Pirizal","coordinates moved up one row (one-row offset)","-5.93775 -67.754222","-16.34746 -56.32253"
3899,"Planta","Rio Cipó","coordinates moved up one row (one-row offset)","-16.34746 -56.32253","-19.21352 -43.36252"
3900,"Planta","Quadrante 16","coordinates moved up one row (one-row offset)","-19.21352 -43.36252","-19.17495 -43.35282"
3901,"Planta","Pedra do Elefante","coordinates moved up one row (one-row offset)","-19.17495 -43.35282","-19.1743 -43.33174"
3902,"Planta","Alto Palácio","coordinates moved up one row (one-row offset)","-19.1743 -43.33174","-19.16593 -43.32089"
3903,"Planta","Usina","coordinates moved up one row (one-row offset)","-19.16593 -43.32089","-19.16178 -43.36181"
3904,"Planta","Serra Morena","coordinates moved up one row (one-row offset)","-19.16178 -43.36181","-19.15506 -43.35103"
3905,"Planta","Cedro","coordinates moved up one row (one-row offset)","-19.15506 -43.35103","-19.13565 -43.34348"
3906,"PPBio AmOc","Parque Estadual Chandless","coordinates moved up one row (one-row offset)","-19.13565 -43.34348","-9.3791 -69.918"
3907,"PPBio AmOc","Fazenda Experimental Catuaba","coordinates moved up one row (one-row offset)","-9.3791 -69.918","-10.0613 -67.3828"
3908,"PPBio AmOc","Reserva Florestal Humaitá","coordinates moved up one row (one-row offset)","-10.0613 -67.3828","-9.7618 -67.7118"
3909,"PPBio AmOc","Campinaranas do Sudoeste da Amazônia","coordinates moved up one row (one-row offset)","-9.7618 -67.7118","-7.4806 -72.9003"
3910,"POPA APAF","APA_Alter_do_Chao_Mataraí","coordinates moved up one row (one-row offset)","-7.4806 -72.9003","-2.47232 -54.96292"
3911,"POPA APAF","APA_Alter_do_Chao_Arioca","coordinates moved up one row (one-row offset)","-2.47232 -54.96292","-2.48375 -54.9645"
3912,"POPA APAF","APA_Alter_do_Chao_Bufalo","coordinates moved up one row (one-row offset)","-2.48375 -54.9645","-2.48765 -54.95524"
3913,"POPA APAF","APA_Alter_do_Chao_Pirarucuri","coordinates moved up one row (one-row offset)","-2.48765 -54.95524","-2.49195 -54.95488"
3914,"POPA APAF","APA_Alter_do_Chao_Miritiapina","coordinates moved up one row (one-row offset)","-2.49195 -54.95488","-2.47826 -54.95219"
3915,"POPA APAF","APA_Alter_do_Chao_Jucá","coordinates moved up one row (one-row offset)","-2.47826 -54.95219","-2.48304 -54.9463"
3916,"POPA APAF","APA_Alter_do_Chao_Miritiapina-atras","coordinates moved up one row (one-row offset)","-2.48304 -54.9463","-2.4734 -54.95222"
3917,"POPA APAF","APA_Alter_do_Chao_Mucaim/HelenaTapajos","coordinates moved up one row (one-row offset)","-2.4734 -54.95222","-2.46458 -54.94626"
3918,"POPA APAF","APA_Alter_do_Chao_Macaco1","coordinates moved up one row (one-row offset)","-2.46458 -54.94626","-2.45923 -54.91492"
3919,"POPA APAF","APA_Alter_do_Chao_Mucaim-D.Helena","coordinates moved up one row (one-row offset)","-2.45923 -54.91492","-2.46683 -54.93402"
3920,"POPA APAF","APA_Alter_do_Chao_Cambeua","coordinates moved up one row (one-row offset)","-2.46683 -54.93402","-2.45545 -54.93324"
3921,"POPA APAF","APA_Alter_do_Chao_Caapiranga-Lago","coordinates moved up one row (one-row offset)","-2.45545 -54.93324","-2.48115 -54.92392"
3922,"POPA APAF","APA_Alter_do_Chao_Caapiranga","coordinates moved up one row (one-row offset)","-2.48115 -54.92392","-2.48508 -54.91916"
3923,"POPA APAF","APA_Alter_do_Chao_Norato","coordinates moved up one row (one-row offset)","-2.48508 -54.91916","-2.49296 -54.92893"
3924,"POPA APAF","APA_Alter_do_Chao_Saru","coordinates moved up one row (one-row offset)","-2.49296 -54.92893","-2.47996 -54.93384"
3925,"POPA APAF","APA_Alter_do_Chao_Sta Luzia","coordinates moved up one row (one-row offset)","-2.47996 -54.93384","-2.49425 -54.93947"
3926,"POPA APAF","APA_Alter_do_Chao_Taracua","coordinates moved up one row (one-row offset)","-2.49425 -54.93947","-2.4953 -54.91359"
3927,"POPA APAF","APA_Alter_do_Chao_Parana","coordinates moved up one row (one-row offset)","-2.4953 -54.91359","-2.50954 -54.921"
3928,"POPA APAF","APA_Alter_do_Chao_Ilha Grande","coordinates moved up one row (one-row offset)","-2.50954 -54.921","-2.4987 -54.90245"
3929,"POPA APAF","APA_Alter_do_Chao_Seringa","coordinates moved up one row (one-row offset)","-2.4987 -54.90245","-2.48647 -54.89592"
3930,"POPA APAF","APA_Alter_do_Chao_Paraiso","coordinates moved up one row (one-row offset)","-2.48647 -54.89592","-2.46923 -54.89251"
3931,"POPA APAF","APA_Alter_do_Chao_Jacú","coordinates moved up one row (one-row offset)","-2.46923 -54.89251","-2.45735 -54.89819"
3932,"POPA APAF","APA_Alter_do_Chao_Ilha da roça","coordinates moved up one row (one-row offset)","-2.45735 -54.89819","-2.45586 -54.89073"
3933,"POPA APAF","APA_Alter_do_Chao_Mureta","coordinates moved up one row (one-row offset)","-2.45586 -54.89073","-2.5314 -54.97554"
3934,"POPA APAF","APA_Alter_do_Chao_Jurucui","coordinates moved up one row (one-row offset)","-2.5314 -54.97554","-2.54306 -54.96405"
3935,"POPA APAF","APA_Alter_do_Chao_Mucaim-Estrada","coordinates moved up one row (one-row offset)","-2.54306 -54.96405","-2.47089 -54.94989"
3936,"POPA APAF","APA_Alter_do_Chao_São Luiz","coordinates moved up one row (one-row offset)","-2.47089 -54.94989","-2.54107 -54.95714"
3937,"POPA APAF","APA_Alter_do_Chao_São Vicente","coordinates moved up one row (one-row offset)","-2.54107 -54.95714","-2.53578 -54.92504"
3938,"POPA APAF","APA_Alter_do_Chao_Anisio","coordinates moved up one row (one-row offset)","-2.53578 -54.92504","-2.53654 -54.91146"
3939,"POPA APAF","APA_Alter_do_Chao_Caratinga","coordinates moved up one row (one-row offset)","-2.53654 -54.91146","-2.52992 -54.95477"
3940,"POPA APAF","APA_Alter_do_Chao_São Raimundo","coordinates moved up one row (one-row offset)","-2.52992 -54.95477","-2.57722 -54.91579"
3941,"POPA APAF","APA_Alter_do_Chao_Serra do Mocoto","coordinates moved up one row (one-row offset)","-2.57722 -54.91579","-2.54674 -54.94904"
3942,"POPA APAF","APA_Alter_do_Chao_Murajuba","coordinates moved up one row (one-row offset)","-2.54674 -54.94904","-2.54858 -54.89786"
3943,"POPA APAF","APA_Alter_do_Chao_Andiroba-Advogado","coordinates moved up one row (one-row offset)","-2.54858 -54.89786","-2.50315 -54.85775"
3944,"POPA FNT","Modulo_Acaratinga_500S","coordinates moved up one row (one-row offset)","-2.50315 -54.85775","-2.84722 -55.03917"
3945,"POPA FNT","Modulo_Acaratinga_1500S","coordinates moved up one row (one-row offset)","-2.84722 -55.03917","-2.84722 -55.03917"
3946,"POPA FNT","Modulo_Acaratinga_2500S","coordinates moved up one row (one-row offset)","-2.84722 -55.03917","-2.84722 -55.03917"
3947,"POPA FNT","Modulo_Acaratinga_3500S","coordinates moved up one row (one-row offset)","-2.84722 -55.03917","-2.84722 -55.03917"
3948,"POPA FNT","Modulo_Acaratinga_4500S","coordinates moved up one row (one-row offset)","-2.84722 -55.03917","-2.84722 -55.03917"
3949,"POPA FNT","Modulo_Acaratinga_500N","coordinates moved up one row (one-row offset)","-2.84722 -55.03917","-2.84722 -55.03917"
3950,"POPA FNT","Modulo_Acaratinga_1500N","coordinates moved up one row (one-row offset)","-2.84722 -55.03917","-2.84722 -55.03917"
3951,"POPA FNT","Modulo_Acaratinga_2500N","coordinates moved up one row (one-row offset)","-2.84722 -55.03917","-2.84722 -55.03917"
3952,"POPA FNT","Modulo_Acaratinga_3500N","coordinates moved up one row (one-row offset)","-2.84722 -55.03917","-2.84722 -55.03917"
3953,"POPA FNT","Modulo_Acaratinga_4500N","coordinates moved up one row (one-row offset)","-2.84722 -55.03917","-2.84722 -55.03917"
3954,"POPA FNT","Modulo_Jaguarari_500N","coordinates moved up one row (one-row offset)","-2.84722 -55.03917","-2.89417 -55.05806"
3955,"POPA FNT","Modulo_Jaguarari_1500S","coordinates moved up one row (one-row offset)","-2.89417 -55.05806","-2.89417 -55.05806"
3956,"POPA FNT","Modulo_Jaguarari_2500S","coordinates moved up one row (one-row offset)","-2.89417 -55.05806","-2.89417 -55.05806"
3957,"POPA FNT","Modulo_Jaguarari_3500S","coordinates moved up one row (one-row offset)","-2.89417 -55.05806","-2.89417 -55.05806"
3958,"POPA FNT","Modulo_Jaguarari_4500S","coordinates moved up one row (one-row offset)","-2.89417 -55.05806","-2.89417 -55.05806"
3959,"POPA FNT","Modulo_km67_500S","coordinates moved up one row (one-row offset)","-2.89417 -55.05806","-2.84534 -54.91067"
3960,"POPA FNT","Modulo_km67_1500S","coordinates moved up one row (one-row offset)","-2.84534 -54.91067","-2.84534 -54.91067"
3961,"POPA FNT","Modulo_km67_2500S","coordinates moved up one row (one-row offset)","-2.84534 -54.91067","-2.84534 -54.91067"
3962,"POPA FNT","Modulo_km67_3500S","coordinates moved up one row (one-row offset)","-2.84534 -54.91067","-2.84534 -54.91067"
3963,"POPA FNT","Modulo_km67_4500S","coordinates moved up one row (one-row offset)","-2.84534 -54.91067","-2.84534 -54.91067"
3964,"POPA FNT","Modulo_km67_500N","coordinates moved up one row (one-row offset)","-2.84534 -54.91067","-2.84534 -54.91067"
3965,"POPA FNT","Modulo_km67_1500N","coordinates moved up one row (one-row offset)","-2.84534 -54.91067","-2.84534 -54.91067"
3966,"POPA FNT","Modulo_km67_2500N","coordinates moved up one row (one-row offset)","-2.84534 -54.91067","-2.84534 -54.91067"
3967,"POPA FNT","Modulo_km67_3500N","coordinates moved up one row (one-row offset)","-2.84534 -54.91067","-2.84534 -54.91067"
3968,"POPA FNT","Modulo_km67_4500N","coordinates moved up one row (one-row offset)","-2.84534 -54.91067","-2.84534 -54.91067"
3969,"POPA FNT","Modulo_km117A_500E","coordinates moved up one row (one-row offset)","-2.84534 -54.91067","-3.36698 -54.95106"
3970,"POPA FNT","Modulo_km117A_1500E","coordinates moved up one row (one-row offset)","-3.36698 -54.95106","-3.36698 -54.95106"
3971,"POPA FNT","Modulo_km117A_2500E","coordinates moved up one row (one-row offset)","-3.36698 -54.95106","-3.36698 -54.95106"
3972,"POPA FNT","Modulo_km117A_3500E","coordinates moved up one row (one-row offset)","-3.36698 -54.95106","-3.36698 -54.95106"
3973,"POPA FNT","Modulo_km117A_4500E","coordinates moved up one row (one-row offset)","-3.36698 -54.95106","-3.36698 -54.95106"
3974,"POPA FNT","Modulo_km117A_500W","coordinates moved up one row (one-row offset)","-3.36698 -54.95106","-3.36698 -54.95106"
3975,"POPA FNT","Modulo_km117A_1500W","coordinates moved up one row (one-row offset)","-3.36698 -54.95106","-3.36698 -54.95106"
3976,"POPA FNT","Modulo_km117A_2500W","coordinates moved up one row (one-row offset)","-3.36698 -54.95106","-3.36698 -54.95106"
3977,"POPA FNT","Modulo_km117A_3500W","coordinates moved up one row (one-row offset)","-3.36698 -54.95106","-3.36698 -54.95106"
3978,"POPA FNT","Modulo_km117A_4500W","coordinates moved up one row (one-row offset)","-3.36698 -54.95106","-3.36698 -54.95106"
3979,"POPA FNT","Modulo_km134_500S","coordinates moved up one row (one-row offset)","-3.36698 -54.95106","-3.47135 -54.90811"
3980,"POPA FNT","Modulo_km134_1500S","coordinates moved up one row (one-row offset)","-3.47135 -54.90811","-3.47135 -54.90811"
3981,"POPA FNT","Modulo_km134_2500S","coordinates moved up one row (one-row offset)","-3.47135 -54.90811","-3.47135 -54.90811"
3982,"POPA FNT","Modulo_km134_3500S","coordinates moved up one row (one-row offset)","-3.47135 -54.90811","-3.47135 -54.90811"
3983,"POPA FNT","Modulo_km134_4500S","coordinates moved up one row (one-row offset)","-3.47135 -54.90811","-3.47135 -54.90811"
3984,"POPA FNT","Modulo_km134_500N","coordinates moved up one row (one-row offset)","-3.47135 -54.90811","-3.47135 -54.90811"
3985,"POPA FNT","Modulo_km134_1500N","coordinates moved up one row (one-row offset)","-3.47135 -54.90811","-3.47135 -54.90811"
3986,"POPA FNT","Modulo_km134_2500N","coordinates moved up one row (one-row offset)","-3.47135 -54.90811","-3.47135 -54.90811"
3987,"POPA FNT","Modulo_km134_3500N","coordinates moved up one row (one-row offset)","-3.47135 -54.90811","-3.47135 -54.90811"
3988,"POPA FNT","Modulo_km134_4500N","coordinates moved up one row (one-row offset)","-3.47135 -54.90811","-3.47135 -54.90811"
3989,"POPA APAS","APA_Alter_do_Chao_S01","coordinates moved up one row (one-row offset)","-3.47135 -54.90811","-2.48896 -54.96246"
3990,"POPA APAS","APA_Alter_do_Chao_S02","coordinates moved up one row (one-row offset)","-2.48896 -54.96246","-2.49166 -54.93709"
3991,"POPA APAS","APA_Alter_do_Chao_S04","coordinates moved up one row (one-row offset)","-2.49166 -54.93709","-2.53554 -54.97435"
3992,"POPA APAS","APA_Alter_do_Chao_S05","coordinates moved up one row (one-row offset)","-2.53554 -54.97435","-2.54489 -54.97569"
3993,"POPA APAS","APA_Alter_do_Chao_S06","coordinates moved up one row (one-row offset)","-2.54489 -54.97569","-2.47456 -54.92815"
3994,"POPA APAS","APA_Alter_do_Chao_S07","coordinates moved up one row (one-row offset)","-2.47456 -54.92815","-2.51197 -54.92709"
3995,"POPA APAS","APA_Alter_do_Chao_S08","coordinates moved up one row (one-row offset)","-2.51197 -54.92709","-2.53557 -54.9013"
3996,"POPA APAS","APA_Alter_do_Chao_S09","coordinates moved up one row (one-row offset)","-2.53557 -54.9013","-2.48653 -54.95977"
3997,"POPA APAS","APA_Alter_do_Chao_S10","coordinates moved up one row (one-row offset)","-2.48653 -54.95977","-2.53071 -54.90686"
3998,"POPA APAS","APA_Alter_do_Chao_S13","coordinates moved up one row (one-row offset)","-2.53071 -54.90686","-2.45056 -54.90017"
3999,"POPA APAS","APA_Alter_do_Chao_S14","coordinates moved up one row (one-row offset)","-2.45056 -54.90017","-2.494 -54.89826"
4000,"POPA APAS","APA_Alter_do_Chao_S15","coordinates moved up one row (one-row offset)","-2.494 -54.89826","-2.52674 -54.90431"
4001,"POPA APAS","APA_Alter_do_Chao_S16","coordinates moved up one row (one-row offset)","-2.52674 -54.90431","-2.52688 -54.91019"
4002,"POPA APAS","APA_Alter_do_Chao_S17","coordinates moved up one row (one-row offset)","-2.52688 -54.91019","-2.54015 -54.97463"
4003,"POPA APAS","APA_Alter_do_Chao_S18","coordinates moved up one row (one-row offset)","-2.54015 -54.97463","-2.52518 -54.97478"
4004,"POPA APAS","APA_Alter_do_Chao_S19","coordinates moved up one row (one-row offset)","-2.52518 -54.97478","-2.47526 -54.92032"
4005,"POPA APAS","APA_Alter_do_Chao_S20","coordinates moved up one row (one-row offset)","-2.47526 -54.92032","-2.47256 -54.92114"
4006,"POPA APAS","APA_Alter_do_Chao_S21","coordinates moved up one row (one-row offset)","-2.47256 -54.92114","-2.49213 -54.93205"
4007,"POPA APAS","APA_Alter_do_Chao_S22","coordinates moved up one row (one-row offset)","-2.49213 -54.93205","-2.48498 -54.93451"
4008,"POPA APAS","APA_Alter_do_Chao_S23","coordinates moved up one row (one-row offset)","-2.48498 -54.93451","-2.49846 -54.93275"
4009,"POPA APAS","APA_Alter_do_Chao_S24","coordinates moved up one row (one-row offset)","-2.49846 -54.93275","-2.49459 -54.92114"
4010,"POPA APAS","APA_Alter_do_Chao_S25","coordinates moved up one row (one-row offset)","-2.49459 -54.92114","-2.51316 -54.91787"
4011,"POPA APAS","APA_Alter_do_Chao_S26","coordinates moved up one row (one-row offset)","-2.51316 -54.91787","-2.50552 -54.92764"
4012,"POPA APAS","APA_Alter_do_Chao_S27","coordinates moved up one row (one-row offset)","-2.50552 -54.92764","-2.50493 -54.92099"
4013,"POPA APAS","APA_Alter_do_Chao_S28","coordinates moved up one row (one-row offset)","-2.50493 -54.92099","-2.5089 -54.91165"
4014,"POPA APAS","APA_Alter_do_Chao_S29","coordinates moved up one row (one-row offset)","-2.5089 -54.91165","-2.45372 -54.90329"
4015,"POPA APAS","APA_Alter_do_Chao_S31","coordinates moved up one row (one-row offset)","-2.45372 -54.90329","-2.46902 -54.89699"
4016,"POPA APAS","APA_Alter_do_Chao_S32","coordinates moved up one row (one-row offset)","-2.46902 -54.89699","-2.48394 -54.89569"
4017,"POPA APAS","APA_Alter_do_Chao_S33","coordinates moved up one row (one-row offset)","-2.48394 -54.89569","-2.49541 -54.90542"
4018,"POPA APAS","APA_Alter_do_Chao_S34","coordinates moved up one row (one-row offset)","-2.49541 -54.90542","-2.47326 -54.90272"
4019,"POPA APAS","APA_Alter_do_Chao_S35","coordinates moved up one row (one-row offset)","-2.47326 -54.90272","-2.45907 -54.88808"
4020,"POPA APAS","APA_Alter_do_Chao_S36","coordinates moved up one row (one-row offset)","-2.45907 -54.88808","-2.46798 -54.88327"
4021,"POPA APAS","APA_Alter_do_Chao_S37","coordinates moved up one row (one-row offset)","-2.46798 -54.88327","-2.47527 -54.89378"
4022,"POPA APAS","APA_Alter_do_Chao_S38","coordinates moved up one row (one-row offset)","-2.47527 -54.89378","-2.45767 -54.8776"
4023,"POPA APAS","APA_Alter_do_Chao_S39","coordinates moved up one row (one-row offset)","-2.45767 -54.8776","-2.46564 -54.87619"
4024,"POPA APAS","APA_Alter_do_Chao_S40","coordinates moved up one row (one-row offset)","-2.46564 -54.87619","-2.4596 -54.90284"
4025,"POPA ervas","Floresta Nacional do Tapajós - POPA","coordinates moved up one row (one-row offset)","-2.4596 -54.90284","-3.36982 -54.94344"
4026,"PPBioSinop","Parque Estadual do Cristalino","coordinates moved up one row (one-row offset)","-3.36982 -54.94344","-9.461503 -55.805451"
4027,"PPBioSinop","ESEC do Rio Ronuro ","coordinates moved up one row (one-row offset)","-9.461503 -55.805451","-13.090886 -54.434708"
4028,"PPBioSinop","Fazenda São Nicolau_Cotriguaçu","coordinates moved up one row (one-row offset)","-13.090886 -54.434708","-9.819834 -58.258877"
4029,"PPBioSinop","Fazenda Continental 1","coordinates moved up one row (one-row offset)","-9.819834 -58.258877","-11.58167 -55.28767"
4030,"PPBioSinop","Fazenda Continental 2","coordinates moved up one row (one-row offset)","-11.58167 -55.28767","-11.41078 -55.32478"
4031,"PPBioSinop","Fazenda Iracema","coordinates moved up one row (one-row offset)","-11.41078 -55.32478","-11.65261 -55.081833"
4032,"PPBioAM","BR-319","coordinates moved up one row (one-row offset)","-11.65261 -55.081833","-7.27516 -63.13414"
4033,"PPBioAM","BR-319","coordinates moved up one row (one-row offset)","-7.27516 -63.13414","-7.475167 -63.234611"
4034,"PPBioAM","BR-319","coordinates moved up one row (one-row offset)","-7.475167 -63.234611","-7.274288 -63.131994"
4035,"PPBioAm-NRR","Campus do Cauamé - UFRR","coordinates moved up one row (one-row offset)","-7.274288 -63.131994","2.8833 -60.71519"
4036,"PPBioAm-NRR","Campus do Cauamé - UFRR","coordinates moved up one row (one-row offset)","2.8833 -60.71519","2.87875 -60.71073"
4037,"PPBioAm-NRR","Campus do Cauamé - UFRR","coordinates moved up one row (one-row offset)","2.87875 -60.71073","2.87876 -60.71074"
4038,"PPBioAm-NRR","Campus do Cauamé - UFRR","coordinates moved up one row (one-row offset)","2.87876 -60.71074","2.87881 -60.71972"
4039,"PPBioAm-NRR","Campus do Cauamé - UFRR","coordinates moved up one row (one-row offset)","2.87881 -60.71972","2.87882 -60.72426"
4040,"PPBioAm-NRR","Campus do Cauamé - UFRR","coordinates moved up one row (one-row offset)","2.87882 -60.72426","2.87426 -60.71526"
4041,"PPBioAm-NRR","Campus do Cauamé - UFRR","coordinates moved up one row (one-row offset)","2.87426 -60.71526","2.8743 -60.71975"
4042,"PPBioAm-NRR","Campus do Cauamé - UFRR","coordinates moved up one row (one-row offset)","2.8743 -60.71975","2.8743 -60.72428"
4043,"PPBioAm-NRR","Campus do Cauamé - UFRR","coordinates moved up one row (one-row offset)","2.8743 -60.72428","2.8743 -60.72877"
4044,"PPBioAm-NRR","Campus do Cauamé - UFRR","coordinates moved up one row (one-row offset)","2.8743 -60.72877","2.86977 -60.71979"
4045,"PPBioAm-NRR","Campus do Cauamé - UFRR","coordinates moved up one row (one-row offset)","2.86977 -60.71979","2.86978 -60.72428"
4046,"PPBioAm-NRR","Campus do Cauamé - UFRR","coordinates moved up one row (one-row offset)","2.86978 -60.72428","2.86978 -60.72878"
4047,"PPBioAm-NRR","Campus do Cauamé - UFRR","coordinates moved up one row (one-row offset)","2.86978 -60.72878","2.86525 -60.71979"
4048,"PPBioAm-NRR","Campus do Cauamé - UFRR","coordinates moved up one row (one-row offset)","2.86525 -60.71979","2.86526 -60.72429"
4049,"PPBioAm-NRR","Campus do Cauamé - UFRR","coordinates moved up one row (one-row offset)","2.86526 -60.72429","2.86526 -60.72878"
4050,"PPBioAm-NRR","Campus do Cauamé - UFRR","coordinates moved up one row (one-row offset)","2.86526 -60.72878","2.86527 -60.73328"
4051,"PPBioAm-NRR","Campo Experimental Água Boa - Embrapa Roraima","coordinates moved up one row (one-row offset)","2.86527 -60.73328","2.66427 -60.85513"
4052,"PPBioAm-NRR","Campo Experimental Água Boa - Embrapa Roraima","coordinates moved up one row (one-row offset)","2.66427 -60.85513","2.66426 -60.85064"
4053,"PPBioAm-NRR","Campo Experimental Água Boa - Embrapa Roraima","coordinates moved up one row (one-row offset)","2.66426 -60.85064","2.66426 -60.84614"
4054,"PPBioAm-NRR","Campo Experimental Água Boa - Embrapa Roraima","coordinates moved up one row (one-row offset)","2.66426 -60.84614","2.66425 -60.84164"
4055,"PPBioAm-NRR","Campo Experimental Água Boa - Embrapa Roraima","coordinates moved up one row (one-row offset)","2.66425 -60.84164","2.65978 -60.86862"
4056,"PPBioAm-NRR","Campo Experimental Água Boa - Embrapa Roraima","coordinates moved up one row (one-row offset)","2.65978 -60.86862","2.65977 -60.86412"
4057,"PPBioAm-NRR","Campo Experimental Água Boa - Embrapa Roraima","coordinates moved up one row (one-row offset)","2.65977 -60.86412","2.65977 -60.85963"
4058,"PPBioAm-NRR","Campo Experimental Água Boa - Embrapa Roraima","coordinates moved up one row (one-row offset)","2.65977 -60.85963","2.65976 -60.85513"
4059,"PPBioAm-NRR","Campo Experimental Água Boa - Embrapa Roraima","coordinates moved up one row (one-row offset)","2.65976 -60.85513","2.65975 -60.85064"
4060,"PPBioAm-NRR","Campo Experimental Água Boa - Embrapa Roraima","coordinates moved up one row (one-row offset)","2.65975 -60.85064","2.65974 -60.84614"
4061,"PPBioAm-NRR","Campo Experimental Água Boa - Embrapa Roraima","coordinates moved up one row (one-row offset)","2.65974 -60.84614","2.65974 -60.84165"
4062,"PPBioAm-NRR","Campo Experimental Água Boa - Embrapa Roraima","coordinates moved up one row (one-row offset)","2.65974 -60.84165","2.65973 -60.83715"
4063,"PPBioAm-NRR","Campo Experimental Água Boa - Embrapa Roraima","coordinates moved up one row (one-row offset)","2.65973 -60.83715","2.65972 -60.83266"
4064,"PPBioAm-NRR","Campo Experimental Água Boa - Embrapa Roraima","coordinates moved up one row (one-row offset)","2.65972 -60.83266","2.65524 -60.85964"
4065,"PPBioAm-NRR","Campo Experimental Água Boa - Embrapa Roraima","coordinates moved up one row (one-row offset)","2.65524 -60.85964","2.65524 -60.85514"
4066,"PPBioAm-NRR","Campo Experimental Água Boa - Embrapa Roraima","coordinates moved up one row (one-row offset)","2.65524 -60.85514","2.65523 -60.85065"
4067,"PPBioAm-NRR","Campo Experimental Água Boa - Embrapa Roraima","coordinates moved up one row (one-row offset)","2.65523 -60.85065","2.65522 -60.84615"
4068,"PPBioAm-NRR","Campo Experimental Água Boa - Embrapa Roraima","coordinates moved up one row (one-row offset)","2.65522 -60.84615","2.65521 -60.84165"
4069,"PPBioAm-NRR","Campo Experimental Água Boa - Embrapa Roraima","coordinates moved up one row (one-row offset)","2.65521 -60.84165","2.65521 -60.83716"
4070,"PPBioAm-NRR","Campo Experimental Água Boa - Embrapa Roraima","coordinates moved up one row (one-row offset)","2.65521 -60.83716","2.6552 -60.83266"
4071,"PPBioAm-NRR","Campo Experimental Água Boa - Embrapa Roraima","coordinates moved up one row (one-row offset)","2.6552 -60.83266","2.6507 -60.84616"
4072,"PPBioAm-NRR","Campo Experimental Água Boa - Embrapa Roraima","coordinates moved up one row (one-row offset)","2.6507 -60.84616","2.65069 -60.84166"
4073,"PPBioAm-NRR","Campo Experimental Água Boa - Embrapa Roraima","coordinates moved up one row (one-row offset)","2.65069 -60.84166","2.65069 -60.83717"
4074,"PPBioMA","Ilha Grande - Módulo Leste","coordinates moved up one row (one-row offset)","2.65069 -60.83717","-23.09571 -44.18921"
4075,"PPBioMA","Ilha Grande - Módulo Oeste","coordinates moved up one row (one-row offset)","-23.09571 -44.18921","-23.14423 -44.30957"
4076,"PPBioMA","Parque Nacional de São Joaquim - Módulo Santa Bárbara","coordinates moved up one row (one-row offset)","-23.14423 -44.30957","-28.1533 -49.64112"
4077,"PPBioMA","Parque Nacional de São Joaquim - Módulo Morro da Igreja (?)","coordinates moved up one row (one-row offset)","-28.1533 -49.64112","-28.09639 -49.49067"
4078,"PPBioMA","Parque Nacional de São Joaquim - Módulo Serra Furada","coordinates moved up one row (one-row offset)","-28.09639 -49.49067","-28.17814 -49.39429"
4079,"PPBioMA_RES_GUA","Reserva Guaricica 1","coordinates moved up one row (one-row offset)","-28.17814 -49.39429","-25.29 -48.68"
4080,"PPBioMA_RES_GUA","Reserva Guaricica 1","coordinates moved up one row (one-row offset)","-25.29 -48.68","-25.29 -48.68"
4081,"PPBioMA_RES_GUA","Reserva Guaricica 2","coordinates moved up one row (one-row offset)","-25.29 -48.68","-25.3 -48.67"
4082,"PPBioMA_RES_GUA","Reserva Guaricica 2","coordinates moved up one row (one-row offset)","-25.3 -48.67","-25.3 -48.67"
4083,"PPBioMA_RES_GUA","Reserva Guaricica 3","coordinates moved up one row (one-row offset)","-25.3 -48.67","-25.28 -48.67"
4084,"PPBioMA_RES_GUA","Reserva Guaricica 3","coordinates moved up one row (one-row offset)","-25.28 -48.67","-25.28 -48.67"
4085,"PPBioMA_RES_GUA","Reserva Guaricica 4","coordinates moved up one row (one-row offset)","-25.28 -48.67","-25.29 -48.66"
4086,"PPBioMA_RES_GUA","Reserva Guaricica 4","coordinates moved up one row (one-row offset)","-25.29 -48.66","-25.29 -48.66"
4087,"PPBioMA_RES_GUA","Reserva Guaricica 5","coordinates moved up one row (one-row offset)","-25.29 -48.66","-25.28 -48.66"
4088,"PPBioMA_RES_GUA","Reserva Guaricica 5","coordinates moved up one row (one-row offset)","-25.28 -48.66","-25.28 -48.66"
4089,"PPBioMA_RES_GUA","Reserva Guaricica 6","coordinates moved up one row (one-row offset)","-25.28 -48.66","-25.29 -48.65"
4090,"PPBioMA_RES_GUA","Reserva Guaricica 6","coordinates moved up one row (one-row offset)","-25.29 -48.65","-25.29 -48.65"
4091,"PPBioMA_RES_GUA","Reserva Guaricica 7","coordinates moved up one row (one-row offset)","-25.29 -48.65","-25.27 -48.65"
4092,"PPBioMA_RES_GUA","Reserva Guaricica 7","coordinates moved up one row (one-row offset)","-25.27 -48.65","-25.27 -48.65"
4093,"PPBioMA_RES_GUA","Reserva Guaricica 8","coordinates moved up one row (one-row offset)","-25.27 -48.65","-25.28 -48.65"
4094,"PPBioMA_RES_GUA","Reserva Guaricica 8","coordinates moved up one row (one-row offset)","-25.28 -48.65","-25.28 -48.65"
4095,"PPBioMA_RES_GUA","Reserva Guaricica 9","coordinates moved up one row (one-row offset)","-25.28 -48.65","-25.27 -48.64"
4096,"PPBioMA_RES_GUA","Reserva Guaricica 9","coordinates moved up one row (one-row offset)","-25.27 -48.64","-25.27 -48.64"
4097,"PPBioMA_RES_GUA","Reserva Guaricica 10","coordinates moved up one row (one-row offset)","-25.27 -48.64","-25.28 -48.64"
4098,"PPBioMA_RES_GUA","Reserva Guaricica 10","coordinates moved up one row (one-row offset)","-25.28 -48.64","-25.28 -48.64"
4099,"PPBioMA","Ilha Grande - Módulo Leste","coordinates moved up one row (one-row offset)","-25.28 -48.64","-23.09571 -44.18921"
4100,"PPBioMA","Ilha Grande - Módulo Oeste","coordinates moved up one row (one-row offset)","-23.09571 -44.18921","-23.14423 -44.30957"
4101,"PPBioMA","Parque Nacional de São Joaquim - Módulo Santa Bárbara","coordinates moved up one row (one-row offset)","-23.14423 -44.30957","-28.1533 -49.64112"
4102,"PPBioMA","Parque Nacional de São Joaquim - Módulo Morro da Igreja (?)","coordinates moved up one row (one-row offset)","-28.1533 -49.64112","-28.09639 -49.49067"
4103,"PPBioMA","Parque Nacional de São Joaquim - Módulo Serra Furada","coordinates moved up one row (one-row offset)","-28.09639 -49.49067","-28.17814 -49.39429"
4104,"PPBioMA","Reserva Natural Vale - Oiticica","coordinates moved up one row (one-row offset)","-28.17814 -49.39429","-19.15701 -40.01931"
4105,"PPBioMA","Reserva Natural Vale - Flamengo","coordinates moved up one row (one-row offset)","-19.15701 -40.01931","-19.17293 -39.94335"
4106,"PPBioMA","Reserva Natural Vale - Imbiruçu","coordinates moved up one row (one-row offset)","-19.17293 -39.94335","-19.22898 -39.96939"
4107,"PPBioMA","Reserva Natural Vale - Boleira","coordinates moved up one row (one-row offset)","-19.22898 -39.96939","-19.11667 -39.95187"
4108,"PPBioMA","Tinguá - Módulo 1","coordinates moved up one row (one-row offset)","-19.11667 -39.95187","-22.56755 -43.398048"
4109,"PPBioMA","Tinguá - Bordas Orbell 1","coordinates moved up one row (one-row offset)","-22.56755 -43.398048","-22.56937 -43.46863"
4110,"PPBioMA","Tinguá - Bordas Orbell 2","coordinates moved up one row (one-row offset)","-22.56937 -43.46863","-22.53735 -43.42597"
4111,"PPBioMA","Tinguá Interior 1","coordinates moved up one row (one-row offset)","-22.53735 -43.42597","-22.545133 -43.46072"
4112,"PPBioMA","Tinguá Interior 2","coordinates moved up one row (one-row offset)","-22.545133 -43.46072","-22.54147 -43.43448"
4113,"PPBioMA","Ilha Grande - Módulo Leste","coordinates moved up one row (one-row offset)","-22.54147 -43.43448","-23.09571 -44.18921"
4114,"PPBioMA","Ilha Grande - Módulo Oeste","coordinates moved up one row (one-row offset)","-23.09571 -44.18921","-23.14423 -44.30957"
4115,"PPBioMA","Tinguá - Módulo 1","coordinates moved up one row (one-row offset)","-23.14423 -44.30957","-22.56 -43.39"
4116,"PPBioMA","Tinguá - Bordas Orbell 1","coordinates moved up one row (one-row offset)","-22.56 -43.39","-22.56 -43.46"
4117,"PPBioMA","Tinguá Bordas Orbell 2","coordinates moved up one row (one-row offset)","-22.56 -43.46","-22.53 -43.42"
4118,"PPBioMA","Tinguá Interior 1","coordinates moved up one row (one-row offset)","-22.53 -43.42","-22.54 -43.46"
4119,"PPBioMA","Tinguá Interior 2","coordinates moved up one row (one-row offset)","-22.54 -43.46","-22.54 -43.43"
4120,"PPBioMA","Parque Nacional de São Joaquim - Módulo Santa Bárbara","coordinates moved up one row (one-row offset)","-22.54 -43.43","-28.15 -49.64"
4121,"PPBioMA","Parque Nacional de São Joaquim - Módulo Morro da Igreja (?)","coordinates moved up one row (one-row offset)","-28.15 -49.64","-28.09 -49.49067"
4122,"PPBioMA","Parque Nacional de São Joaquim - Módulo Serra Furada","coordinates moved up one row (one-row offset)","-28.09 -49.49067","-28.17814 -49.39429"
4123,"PPBioMA","Módulo Guaxindiba","coordinates moved up one row (one-row offset)","-28.17814 -49.39429","-21.39 -41.09"
4124,"PPBioRO","Estação Ecológica do Cuniã ","coordinates moved up one row (one-row offset)","-21.39 -41.09","-8.0986 -63.35652"
4125,"PPBioTermites","Parque Nacional do Viruá","coordinates moved up one row (one-row offset)","-8.0986 -63.35652","-21.39 -41.09"
4126,"PPBioTermites","Estação Ecologica de Maracá","coordinates moved up one row (one-row offset)","-21.39 -41.09","-21.55 -41.2"
4127,"PPBioTermites","Reserva Ducke","coordinates moved up one row (one-row offset)","-21.55 -41.2","-21.32 -41.1"
4128,"PPBioTermites","Fazenda Experimental da UFAM","coordinates moved up one row (one-row offset)","-21.32 -41.1","-21.29 -41.09"
4129,"PPBioTermites","Campus da UFAM","coordinates moved up one row (one-row offset)","-21.29 -41.09","3 59.9766"
4130,"PPBioTermites","Parque Nacional do Jaú","coordinates moved up one row (one-row offset)","3 59.9766","-21.33 -41.13"
4131,"PPBioTermites","BR319 - Modulo Purú-Purú","coordinates moved up one row (one-row offset)","-21.33 -41.13","-21.32 -41.11"
4132,"PPBioTermites","BR319 - Modulo Igapó-Açu","coordinates moved up one row (one-row offset)","-21.32 -41.11","-4.62 -61.24"
4133,"PPBioTermites","UHE - Santo Antônio - Ilha de Bufalo","coordinates moved up one row (one-row offset)","-4.62 -61.24","-9.14 -64.61"
4134,"PPBioTermites","UHE - Santo Antônio - Ilha da Pedra","coordinates moved up one row (one-row offset)","-9.14 -64.61","-9.18 -64.61"
4135,"PPBioTermites","UHE - Santo Antônio - Jací Paraná","coordinates moved up one row (one-row offset)","-9.18 -64.61","-9.46 -64.39"
4136,"PPBioTermites","UHE - Santo Antônio - Novo Jací","coordinates moved up one row (one-row offset)","-9.46 -64.39","-9.46 -64.39"
4137,"PPBioTermites","UHE - Santo Antônio - Vila Teotônio","coordinates moved up one row (one-row offset)","-9.46 -64.39","-8.88 -64.06"
4138,"PPEEEG","EEEG","coordinates moved up one row (one-row offset)","-8.88 -64.06","-21.39 -41.09"
4139,"PPFunil","Fragmento Funil","coordinates moved up one row (one-row offset)","-21.39 -41.09","-21.55 -41.2"
4140,"PPImburi","Fragmento Imburi","coordinates moved up one row (one-row offset)","-21.55 -41.2","-21.32 -41.1"
4141,"PPInMaP/2019","Estação Ecológica da Serra das Araras - Rede mamíferos","coordinates moved up one row (one-row offset)","-21.32 -41.1","-15.65 -57.23"
4142,"PPInMaP/2020","Estação Ecológica da Serra das Araras - Rede mamíferos","coordinates moved up one row (one-row offset)","-15.65 -57.23","-15.65 -57.21"
4143,"PPPalmeiras","Fragmento Palmeiras","coordinates moved up one row (one-row offset)","-15.65 -57.21","-21.29 -41.09"
4144,"PPRebioUnião","Rebio União Gas","coordinates moved up one row (one-row offset)","-21.29 -41.09","-22.44658 -42.05412"
4145,"PPRebioUnião","Rebio União Rede","coordinates moved up one row (one-row offset)","-22.44658 -42.05412","-22.43543 -42.04965"
4146,"PPRebioUnião","Rebio União Interior","coordinates moved up one row (one-row offset)","-22.43543 -42.04965","-22.40742 -42.03918"
4147,"PPRio Branco","Rio Branco","coordinates moved up one row (one-row offset)","-22.40742 -42.03918","-12.199232 -61.748266"
4148,"PPRio Branco","Rio Branco","coordinates moved up one row (one-row offset)","-12.199232 -61.748266","-12.140729 -61.781778"
4149,"PPRio Branco","Rio Branco","coordinates moved up one row (one-row offset)","-12.140729 -61.781778","-11.971318 -61.883358"
4150,"PPRio Branco","Rio Branco","coordinates moved up one row (one-row offset)","-11.971318 -61.883358","-11.95494 -62.012878"
4151,"PPRio Branco","Rio Branco","coordinates moved up one row (one-row offset)","-11.95494 -62.012878","-11.937965 -62.032023"
4152,"PPRio Branco","Rio Branco","coordinates moved up one row (one-row offset)","-11.937965 -62.032023","-11.906192 -62.195646"
4153,"PPRio Branco","Rio Branco","coordinates moved up one row (one-row offset)","-11.906192 -62.195646","-11.902282 -62.242232"
4154,"PPRio Branco","Rio Branco","coordinates moved up one row (one-row offset)","-11.902282 -62.242232","-11.9266 -62.41154"
4155,"PPRio Branco","Rio Branco","coordinates moved up one row (one-row offset)","-11.9266 -62.41154","-11.956457 -62.440048"
4156,"PPRio Branco","Rio Branco","coordinates moved up one row (one-row offset)","-11.956457 -62.440048","-11.997725 -62.170919"
4157,"PPRio Branco","Rio Branco","coordinates moved up one row (one-row offset)","-11.997725 -62.170919","-12.049384 -62.169977"
4158,"PPSantana","Fragmento Santana","coordinates moved up one row (one-row offset)","-12.049384 -62.169977","-21.33 -41.13"
4159,"PPSAntonio","Fragmento Santo Antônio","coordinates moved up one row (one-row offset)","-21.33 -41.13","-21.32 -41.11"
4160,"QAISP-F","Res. Santa Branca, no meio do corpo central, na junção dos braços Capivari e Paraibuna.","coordinates moved up one row (one-row offset)","-21.32 -41.11","-23.335 -45.795"
4161,"QAISP-F","Rio Cachoeira, na ponte sobre o Rio Cachoeira na estrada que liga a Rod. D. Pedro I a Piracaia.","coordinates moved up one row (one-row offset)","-23.335 -45.795","-23.095 -46.442"
4162,"QAISP-F","Rio, Claro, na captação ETA I -Rio Claro, próximo do Horto Florestal","coordinates moved up one row (one-row offset)","-23.095 -46.442","-22.409 -47.54"
4163,"QAISP-F","Rio Atibaia, na captação de Sumaré,  perto do Mini-Pantanal de Paulinia.","coordinates moved up one row (one-row offset)","-22.409 -47.54","-22.761 -47.173"
4164,"QAISP-F","Rio Corumbataí, na captação da SEMAE de Piracicaba.","coordinates moved up one row (one-row offset)","-22.761 -47.173","-22.634 -47.683"
4165,"QAISP-F","Rio Corumbataí, na captação da ETA II de Rio Claro.","coordinates moved up one row (one-row offset)","-22.634 -47.683","-22.325 -47.559"
4166,"QAISP-F","Rio Capivari, na captação de Campinas-ETA Capivari na Rodovia dos Bandeirantes.","coordinates moved up one row (one-row offset)","-22.325 -47.559","-23.006 -47.1"
4167,"QAISP-F","Rio Jaguari, na ponte da rodovia SP-332, próximo às captações de Paulínia e Hortolândia.","coordinates moved up one row (one-row offset)","-23.006 -47.1","-22.699 -47.152"
4168,"QAISP-F","Rio Jaguari, na ponte na SP - 381 (Fernão Dias),  a jusante do reservatório da SABESP.","coordinates moved up one row (one-row offset)","-22.699 -47.152","-22.915 -46.428"
4169,"QAISP-F","Rio Jaguari, na Ponte sobre o Rio Jaguari, no Km 2.","coordinates moved up one row (one-row offset)","-22.915 -46.428","-22.881 -46.391"
4170,"QAISP-F","Rio Jundiaí Mirim. Na captação de Jundiaí.","coordinates moved up one row (one-row offset)","-22.881 -46.391","-23.158 -46.909"
4171,"QAISP-F","Rio Piraí, Na barragem de captação dos municípios de Salto e Indaiatuba.","coordinates moved up one row (one-row offset)","-23.158 -46.909","-23.183 -47.244"
4172,"QAISP-F","Res. Jundiaí, no canal de interligação do Res. do Rio Jundiaí com o reservatório Taiaçupeba.","coordinates moved up one row (one-row offset)","-23.183 -47.244","-23.649 -46.198"
4173,"QAISP-F","Res. Rio Rgande, 1 Km depois da desembocadura do Rio Grande ou Jurubatuba, próximo a transposição da SABESP.","coordinates moved up one row (one-row offset)","-23.649 -46.198","-23.742 -46.416"
4174,"QAISP-F","Res. Tanque Grande, junto à barragem, no município de Guarulhos.","coordinates moved up one row (one-row offset)","-23.742 -46.416","-23.377 -46.46"
4175,"QAISP-F","Res. Cabuçú, junto à barragem da captação do município de Guarulhos (SAEE).","coordinates moved up one row (one-row offset)","-23.377 -46.46","-23.405 -46.533"
4176,"QAISP-F","Res. Billings, no meio do corpo central, cerca de 1,5 km da Barragem de Pedreira","coordinates moved up one row (one-row offset)","-23.405 -46.533","-23.718 -46.664"
4177,"QAISP-F","Res. Billings, no meio do corpo central, sob a ponte da rodovia dos Imigrantes.","coordinates moved up one row (one-row offset)","-23.718 -46.664","-23.791 -46.598"
4178,"QAISP-F","Res. Billings, próximo à barragem reguladora Biliings-Pedras (Summit Control).","coordinates moved up one row (one-row offset)","-23.791 -46.598","-23.818 -46.524"
4179,"QAISP-F","Canal de fuga II da Usina Hidroelétrica Henry Borden, na saída da turbina da Usina Externa.","coordinates moved up one row (one-row offset)","-23.818 -46.524","-23.877 -46.453"
4180,"QAISP-F","Res. Capivari-Monos, junto à Estação de Recalque da SABESP.","coordinates moved up one row (one-row offset)","-23.877 -46.453","-23.923 -46.729"
4181,"QAISP-F","No Pier do Reservatório Aguas Claras- SABESP,  na Serra da Cantareira.Estrada Sta Inês s/n, junto a EF-09 CETESB.","coordinates moved up one row (one-row offset)","-23.923 -46.729","-23.398 -46.658"
4182,"QAISP-F","Córrego Rico, na captação de Jaboticabal (SAAEJ).","coordinates moved up one row (one-row offset)","-23.398 -46.658","-21.31 -48.323"
4183,"QAISP-F","Reservatório Cachoeira de Cima, a montante da barragem da AES - Usina Elétrica de Mogi Guaçú","coordinates moved up one row (one-row offset)","-21.31 -48.323","-22.378 -46.9"
4184,"QAISP-F","Res. Itupararanga, no meio do corpo central, lado esquerdo da Praia do Escritório, em frente a uma ilha.","coordinates moved up one row (one-row offset)","-22.378 -46.9","-23.607 -47.296"
4185,"QAISP-F","Ribeirão Pirapitingui, ao lado da  captação Aguas de Itu, junto a  barragem do condomínio Terras de São José.","coordinates moved up one row (one-row offset)","-23.607 -47.296","-23.292 -47.278"
4186,"QAISP-F","Rio Sorocamirim, na Ponte na estrada do Cangüera, na captação da SABESP de São Roque","coordinates moved up one row (one-row offset)","-23.292 -47.278","-23.626 -47.189"
4187,"QAISP-F","Rio Ribeira, na ponte na Rod. Empei Hiraide, ao lado da captação da SABESP de Sete Barras, junto do Posto Flu 4F-015.","coordinates moved up one row (one-row offset)","-23.626 -47.189","-24.393 -47.928"
4188,"QAISP-F","Córrego Água Branca, na Ponte na Rod. Mun. Airton Sena, a jusante da ETE de Itirapina.","coordinates moved up one row (one-row offset)","-24.393 -47.928","-22.231 -47.853"
4189,"QAISP-F","Rio São Miguel Arcanjo, na ponte na estrada SP-250, que liga S.Miguel Arcanjo à Capão Bonito, à jusante da ETE SABESP, na altura da faz. Pinhalzinho","coordinates moved up one row (one-row offset)","-22.231 -47.853","-23.888 -48.026"
4190,"QAISP-F","Res. do Córrego Marinheirinho, no pier da captação do SAEV de Votuporanga.","coordinates moved up one row (one-row offset)","-23.888 -48.026","-20.405 -49.957"
4191,"QAISP-F","Res. do Rio Preto, na captação da ETA de São José do Rio Preto.","coordinates moved up one row (one-row offset)","-20.405 -49.957","-20.809 -49.376"
4192,"QAISP-F","Braço do Ribeirão da Fartura, No corpo central, em frente a Prainha de Ubarana.","coordinates moved up one row (one-row offset)","-20.809 -49.376","-21.192 -49.688"
4193,"QAISP-F","Braço do Rio Barra Mansa, Ponte na SP-304, na divisa do município Mendonça e Sales
municipal de Mendonça /
Sales.","coordinates moved up one row (one-row offset)","-21.192 -49.688","-21.232 -49.529"
4194,"QAISP-F","Braço do Rib.Santa Bárbara,No píer do Náutico Clube Buritama.","coordinates moved up one row (one-row offset)","-21.232 -49.529","-21.078 -50.111"
4195,"QAISP-F","Córrego do Esgotão, na ponte na SP-381, na entrada de Sabino.","coordinates moved up one row (one-row offset)","-21.078 -50.111","-21.462 -49.584"
4196,"QAISP-F","Res. Promissão, na ponte na rodovia SP-333, no trecho que liga Pongaí a Borborema.","coordinates moved up one row (one-row offset)","-21.462 -49.584","-21.64 -49.285"
4197,"QAISP-F","Res. Promissão, a montante da barragem de Promissão, próximo do vertedouro.","coordinates moved up one row (one-row offset)","-21.64 -49.285","-21.297 -49.783"
4198,"QAISP-F","Braço do Rio São José dos Dourados, na ponte na Rodovia dos Barrageiros entre os municípios de Ilha Solteira/Três Fronteiras.","coordinates moved up one row (one-row offset)","-21.297 -49.783","-20.433 -51.258"
4199,"QAISP-F","Res. Cascata, no Manancial de captação  de Marília, no  Bairro Maria Isabel.","coordinates moved up one row (one-row offset)","-20.433 -51.258","-22.213 -49.923"
4200,"QAISP-F","Res. do Rio Arrependido, na captação de Marília.","coordinates moved up one row (one-row offset)","-22.213 -49.923","-22.319 -50.023"
4201,"QAISP-F-M","Res. Jaguari, próximo da ponte da rod. SP056 que liga Santa Isabel a Igaratá","coordinates moved up one row (one-row offset)","-22.319 -50.023","-23.29 -46.234"
4202,"QAISP-F-M","Rio Atibaia, na captação da Campinas, na divisa entre os municípios de Campinas e Valinhos","coordinates moved up one row (one-row offset)","-23.29 -46.234","-22.904 -46.974"
4203,"QAISP-F-M","Res. Salto Grande, no corpo central do reservatório, em frente à praia Azul","coordinates moved up one row (one-row offset)","-22.904 -46.974","-22.725 -47.23"
4204,"QAISP-F-M","Rio Atibainha, proximo da Ponte sobre o Rio Atibainha na estrada que liga a Rod. D. Pedro a Piracaia","coordinates moved up one row (one-row offset)","-22.725 -47.23","-23.113 -46.479"
4205,"QAISP-F-M","Res. Cachoeira, no meio do corpo central, cerca de 3,5 km da barragem","coordinates moved up one row (one-row offset)","-23.113 -46.479","-23.034 -46.29"
4206,"QAISP-F-M"," Rio Piracicaba, na margem esquerda, 2,5 Km a jusante da foz do Rib. Piracicamirim, na captação de Piracicaba.","coordinates moved up one row (one-row offset)","-23.034 -46.29","-22.712 -47.649"
4207,"QAISP-F-M","Res. Taiaçupeba, No corpo central do reservatório, a 1 Km da barragem","coordinates moved up one row (one-row offset)","-22.712 -47.649","-23.578 -46.284"
4208,"QAISP-F-M","Res. Rio Grande, 1 Km depois da desembocadura do Rio Grande ou Jurubatuba","coordinates moved up one row (one-row offset)","-23.578 -46.284","-23.742 -46.416"
4209,"QAISP-F-M","Res. Rio Grande, no Clube Prainha Tahiti Camping Náutica, na altura do Km 42 da rodovia SP-31.","coordinates moved up one row (one-row offset)","-23.742 -46.416","-23.74 -46.446"
4210,"QAISP-F-M","Res. Rio Grande, no corpo central do reservatório, a 2 Km da barragem, em frente ao clube Banespa","coordinates moved up one row (one-row offset)","-23.74 -46.446","-23.769 -46.525"
4211,"QAISP-F-M","Res. Billings, no braço do rio Pequeno, a aproximadamente 2 km à montante da Rodovia Caminhos do Mar","coordinates moved up one row (one-row offset)","-23.769 -46.525","-23.791 -46.471"
4212,"QAISP-F-M","Res. das Graças, cerca de 50 m da captação do Alto Cotia","coordinates moved up one row (one-row offset)","-23.791 -46.471","-23.653 -46.968"
4213,"QAISP-F-M","Res. Cabuçú, no meio do lago, cerca de 1,5 da barragem","coordinates moved up one row (one-row offset)","-23.653 -46.968","-23.394 -46.529"
4214,"QAISP-F-M","Res. Itupararanga, no corpo central do reservatório, a 2 Km da barragem","coordinates moved up one row (one-row offset)","-23.394 -46.529","-23.632 -47.382"
4215,"QAISP-F-M","Res. França, no corpo central, em frente ao braço do rib. das Laranjeiras","coordinates moved up one row (one-row offset)","-23.632 -47.382","-23.933 -47.157"
4216,"QAISP-F-M","Res. Broa, no corpo central, cerca de 1 km da Barragem","coordinates moved up one row (one-row offset)","-23.933 -47.157","-22.177 -47.899"
4217,"QAISP-F-M","Res. Três Irmãos, Ponte na rodovia SP-463 , no trecho que liga Araçatuba a Jales, a 1 km da captação de Araçatuba.","coordinates moved up one row (one-row offset)","-22.177 -47.899","-21.049 -50.456"
4218,"QAISP-F-M","Rib. Marrecas, próximo da ponte na entrada da cidade na Rodovia Comandante João Ribeiro de Barros","coordinates moved up one row (one-row offset)","-21.049 -50.456","-21.35 -51.852"
4219,"QAISP-F-M","Rio Paraná, Na barragem do reservatório do Porto Primavera.","coordinates moved up one row (one-row offset)","-21.35 -51.852","-22.479 -52.939"
4220,"QAISP-M","Rio Sapucaí-guaçú, próximo da ponte do bairro de Descansópolis","coordinates moved up one row (one-row offset)","-22.479 -52.939","-22.699 -45.526"
4221,"QAISP-M","Rio Sapucaí-guaçú, ponte na estrada de acesso ao Borboletário, a jusante da ETE de Campos do Jordão","coordinates moved up one row (one-row offset)","-22.699 -45.526","-22.694 -45.505"
4222,"QAISP-M","Rio Piracuama, no Balneário de Piracuama","coordinates moved up one row (one-row offset)","-22.694 -45.505","-22.875 -45.582"
4223,"QAISP-M","Rio Jacuí, ponte na SP 171 - Rod. Paulo Virgílio, cerca de 6 km antes de Cunha","coordinates moved up one row (one-row offset)","-22.875 -45.582","-23.041 -45.013"
4224,"QAISP-M","Res. Paraibuna, na junção dos braços do rio Paraibuna e dos rios da serra","coordinates moved up one row (one-row offset)","-23.041 -45.013","-23.418 -45.571"
4225,"QAISP-M","Res. Santa Branca, a aproximadamente 1,3 Km da barragem","coordinates moved up one row (one-row offset)","-23.418 -45.571","-23.371 -45.86"
4226,"QAISP-M","Res. Jaguari, No meio do corpo central, no trecho próximo das  Chácaras Eldorado. Próximo a Av. Terezinha de Lima Bueno","coordinates moved up one row (one-row offset)","-23.371 -45.86","-23.288 -46.219"
4227,"QAISP-M","Rio Paraíba do Sul, na futura régua do DAEE, a montante da rua do Porto, no bairro do Menino Jesus","coordinates moved up one row (one-row offset)","-23.288 -46.219","-23.083 -45.719"
4228,"QAISP-M","Rio Paraíba do Sul, a cerca de 2 km a jusante da BASF, antes do antigo Porto de areia Luciano","coordinates moved up one row (one-row offset)","-23.083 -45.719","-22.746 -45.147"
4229,"QAISP-M","Rio Paraíba do Sul, no ponto 140 do monitoramento regional, altura do Km 4 da BR-116","coordinates moved up one row (one-row offset)","-22.746 -45.147","-22.522 -44.706"
4230,"QAISP-M","Rio Claro, a jusante da captação da SABESP","coordinates moved up one row (one-row offset)","-22.522 -44.706","-23.697 -45.483"
4231,"QAISP-M","Rio Pirassununga, a 500m de sua foz com o rio Claro","coordinates moved up one row (one-row offset)","-23.697 -45.483","-23.687 -45.455"
4232,"QAISP-M","Rio Juqueriquerê, a montante da ETE da SABESP","coordinates moved up one row (one-row offset)","-23.687 -45.455","-23.688 -45.424"
4233,"QAISP-M","Res. Euclides da Cunha, a cerca de 2 km da Barragem","coordinates moved up one row (one-row offset)","-23.688 -45.424","-21.602 -46.944"
4234,"QAISP-M","Rio Pardo, próximo a ponte da Rod. SP 340, no trecho que liga Casa Branca a Mococa, a jusante da PCH Limoeiro","coordinates moved up one row (one-row offset)","-21.602 -46.944","-21.623 -47.043"
4235,"QAISP-M","Rio Pardo, 2 km a montante da ponte da rodovia que liga Pontal à Cândia ","coordinates moved up one row (one-row offset)","-21.623 -47.043","-20.978 -48.016"
4236,"QAISP-M","Res. Graminha, a aproximadamente 2km da barragem","coordinates moved up one row (one-row offset)","-20.978 -48.016","-21.585 -46.618"
4237,"QAISP-M","Rio Atibaia, a jusante do lançamento da Societal S/A (antiga Shell)","coordinates moved up one row (one-row offset)","-21.585 -46.618","-22.753 -47.155"
4238,"QAISP-M","Rio Camanducaia, 600 m a montante da PCH Freixos","coordinates moved up one row (one-row offset)","-22.753 -47.155","-22.703 -46.848"
4239,"QAISP-M","Rio Corumbataí, na fazenda São José, no bairro da Assistência","coordinates moved up one row (one-row offset)","-22.703 -46.848","-22.495 -47.602"
4240,"QAISP-M","Rio Jaguari, na foz do rio Jaguari","coordinates moved up one row (one-row offset)","-22.495 -47.602","-22.692 -47.281"
4241,"QAISP-M","Rio Jundiaí Mirim, próximo a ponte na Estrada Jundiaí/Jarinu, em frente ao Condomínio Campo Verde","coordinates moved up one row (one-row offset)","-22.692 -47.281","-23.146 -46.806"
4242,"QAISP-M","Rio Jundiaí, próximo da  ETA III do SAEE de Indaiatuba","coordinates moved up one row (one-row offset)","-23.146 -46.806","-23.14 -47.22"
4243,"QAISP-M","Rio Jundiaí, na área urbana de Salto, a montante da estação do KFw, próximo à foz com o Rio Tietê","coordinates moved up one row (one-row offset)","-23.14 -47.22","-23.209 -47.288"
4244,"QAISP-M","Rib. Claro, próximo a ponte sobre o rio, no Horto Florestal Navarro de Andrade","coordinates moved up one row (one-row offset)","-23.209 -47.288","-22.412 -47.544"
4245,"QAISP-M","Rio Quilombo, na Foz do Rio Quilombo, logo abaixo da ETE de Americana","coordinates moved up one row (one-row offset)","-22.412 -47.544","-22.714 -47.334"
4246,"QAISP-M","Rio Piracicaba, 1 Km a jusante do ribeirão Quilombo e a montante do ribeirão Tatu","coordinates moved up one row (one-row offset)","-22.714 -47.334","-22.709 -47.34"
4247,"QAISP-M","Rio Piracicaba, 300 m a jusante do ribeirão Tatu","coordinates moved up one row (one-row offset)","-22.709 -47.34","-22.682 -47.369"
4248,"QAISP-M","Res. Ponte Nova, no corpo central do reservatório, a 2 Km da barragem","coordinates moved up one row (one-row offset)","-22.682 -47.369","-23.581 -45.962"
4249,"QAISP-M","Rio Claro, a jusante da captação da SABESP","coordinates moved up one row (one-row offset)","-23.581 -45.962","-23.634 -45.942"
4250,"QAISP-M","Rio Tietê, na captação de Biritiba Mirim","coordinates moved up one row (one-row offset)","-23.634 -45.942","-23.565 -46.016"
4251,"QAISP-M","Res. Jundiaí, no corpo central do reservatório, a aproximadamente 2,5 Km da barragem","coordinates moved up one row (one-row offset)","-23.565 -46.016","-23.634 -46.175"
4252,"QAISP-M","Rio Grande, no bairro Vila Conde, final da rua das Margaridas, á jus. Solvay","coordinates moved up one row (one-row offset)","-23.634 -46.175","-23.744 -46.387"
4253,"QAISP-M","Rio Grande, próximo à ponte da avenida Santo André (SP-122), na estrada de Rio Grande da Serra","coordinates moved up one row (one-row offset)","-23.744 -46.387","-23.746 -46.404"
4254,"QAISP-M","Res. Rio Grande, na foz do rib. Pires","coordinates moved up one row (one-row offset)","-23.746 -46.404","-23.721 -46.437"
4255,"QAISP-M","Res. Rio Grande, entre a foz do ribeirão Pires e o pier do Parque Municipal Milton Marinho","coordinates moved up one row (one-row offset)","-23.721 -46.437","-23.724 -46.44"
4256,"QAISP-M","Res. Rio Grande, a 1500 m do clube Tahiti, à jusante do ribeirão Pires","coordinates moved up one row (one-row offset)","-23.724 -46.44","-23.741 -46.464"
4257,"QAISP-M","Res. Rio Grande, no corpo central, próximo ao linhão da Eletropaulo","coordinates moved up one row (one-row offset)","-23.741 -46.464","-23.754 -46.469"
4258,"QAISP-M","Rio Pinheiros, a montante da ponte da linha de trem e à jusante da Usina Elevatória de Pedreira","coordinates moved up one row (one-row offset)","-23.754 -46.469","-23.701 -46.684"
4259,"QAISP-M","Res. Águas Claras, na Serra da Cantareira. A cerca de 50m da barragem","coordinates moved up one row (one-row offset)","-23.701 -46.684","-23.398 -46.658"
4260,"QAISP-M","Rib. Cristais, na captação de Cajamar","coordinates moved up one row (one-row offset)","-23.398 -46.658","-23.332 -46.825"
4261,"QAISP-M","Lago 1, junto à portaria I do Parque Estadual do Jaraguá","coordinates moved up one row (one-row offset)","-23.332 -46.825","-23.459 -46.756"
4262,"QAISP-M","Lago 2, junto à portaria II do Parque Estadual do Jaraguá","coordinates moved up one row (one-row offset)","-23.459 -46.756","-23.463 -46.755"
4263,"QAISP-M","Rio Itapanhaú, na captação da SABESP de Bertioga-Estação de Tratamento de Água Itapanhaú  e captação da Riviera de São Lourenzo","coordinates moved up one row (one-row offset)","-23.463 -46.755","-23.777 -46.053"
4264,"QAISP-M","Rio Branco, cerca de 1 km à jusante do Parque das Bandeiras, próximo à ponte da estrada de terra","coordinates moved up one row (one-row offset)","-23.777 -46.053","-23.985 -46.509"
4265,"QAISP-M","Rio Moji, a montante da barragem da Fosfértil","coordinates moved up one row (one-row offset)","-23.985 -46.509","-23.836 -46.371"
4266,"QAISP-M","Rio Sapucaí, 300 m a montante do canal da PCH Dourados","coordinates moved up one row (one-row offset)","-23.836 -46.371","-20.642 -47.673"
4267,"QAISP-M","Rio Sapucaí, na fazenda Córrego do Rico, na altura da ponte da SP-425 que liga Guaíra a  Miguelópolis","coordinates moved up one row (one-row offset)","-20.642 -47.673","-20.217 -48.206"
4268,"QAISP-M","Rio Sapucaí, 3,5 Km a jusante da ponte da SP-425 que liga Guaíra a  Miguelópolis","coordinates moved up one row (one-row offset)","-20.217 -48.206","-20.214 -48.228"
4269,"QAISP-M","Rio Peixe, ponte na Foz do rio do Peixe, na Estr. de Piraporinha x Estrada Luiz Cavinague","coordinates moved up one row (one-row offset)","-20.214 -48.228","-22.398 -46.847"
4270,"QAISP-M","Res. Cachoeira de Cima, cerca de 1,5 km a montante da barragem, no meio do reservatório","coordinates moved up one row (one-row offset)","-22.398 -46.847","-22.379 -46.895"
4271,"QAISP-M","Rio Mogi Mirim, na sua foz, próximo a confluência com o Rio Mogi-guaçu","coordinates moved up one row (one-row offset)","-22.379 -46.895","-22.363 -46.999"
4272,"QAISP-M","Rio Mogi Guaçú, em frente a foz do Rib. dos Porcos","coordinates moved up one row (one-row offset)","-22.363 -46.999","-22.297 -46.791"
4273,"QAISP-M","Rio Mogi Guaçú, a jusante do lançamento da International Paper (antiga Champion)","coordinates moved up one row (one-row offset)","-22.297 -46.791","-22.346 -47.007"
4274,"QAISP-M","Rio Mogi Guaçú, 1 Km a montante da barragem de Cachoeira das Emas","coordinates moved up one row (one-row offset)","-22.346 -47.007","-21.924 -47.359"
4275,"QAISP-M","Cór. Rico, ponte de madeira na estrada de terra a jusante da ETE córrego do Rico","coordinates moved up one row (one-row offset)","-21.924 -47.359","-21.312 -48.449"
4276,"QAISP-M","Rib. das Onças, em frente a rampa da industria Santa Cruz, na divisa entre Barrinha e Dumont","coordinates moved up one row (one-row offset)","-21.312 -48.449","-21.282 -48.018"
4277,"QAISP-M","Res. Itupararanga, no corpo central do reservatório, a 1 Km da barragem, em frenta a prainha da ACM","coordinates moved up one row (one-row offset)","-21.282 -48.018","-23.619 -47.389"
4278,"QAISP-M","Rio Sorocaba, na captação de Cerquilho","coordinates moved up one row (one-row offset)","-23.619 -47.389","-23.159 -47.795"
4279,"QAISP-M","Res. Barra Bonita, no corpo central do reservatório, a jusante da confluência dos rios Tietê e Piracicaba","coordinates moved up one row (one-row offset)","-23.159 -47.795","-22.604 -48.359"
4280,"QAISP-M","Res. Barra Bonita, no corpo central do reservatório, a 300 m da barragem","coordinates moved up one row (one-row offset)","-22.604 -48.359","-22.525 -48.533"
4281,"QAISP-M","Rio Juquiá, em frente a ponte do sítio de rafting CANOAR, na estrada dos Carmos","coordinates moved up one row (one-row offset)","-22.525 -48.533","-23.939 -47.104"
4282,"QAISP-M","Res. França, 1Km após entrada no res. do França","coordinates moved up one row (one-row offset)","-23.939 -47.104","-23.932 -47.131"
4283,"QAISP-M","Rio Betari, ponte na estrada para o bairro da Serra","coordinates moved up one row (one-row offset)","-23.932 -47.131","-24.604 -48.611"
4284,"QAISP-M","Rib. Jacupiranguinha, 800m a jusante da Bunge Fertilizantes","coordinates moved up one row (one-row offset)","-24.604 -48.611","-24.716 -48.082"
4285,"QAISP-M","Rio Ribeira, a jusante do ribeirão Iporanga","coordinates moved up one row (one-row offset)","-24.716 -48.082","-24.583 -48.587"
4286,"QAISP-M","Rio Ribeira, próximo da balsa para o Bairro de Pilões, em Poço Grande","coordinates moved up one row (one-row offset)","-24.583 -48.587","-24.546 -48.499"
4287,"QAISP-M","Rio Ribeira, no bairro dos Meninos, próximo a segunda balsa em Itapeúna","coordinates moved up one row (one-row offset)","-24.546 -48.499","-24.596 -48.222"
4288,"QAISP-M","Rio Ribeira, a montante da barragem do Valo Grande","coordinates moved up one row (one-row offset)","-24.596 -48.222","-24.686 -47.565"
4289,"QAISP-M","Rio Pardo, em frente ao rancho de pesca da fazenda Pindorama","coordinates moved up one row (one-row offset)","-24.686 -47.565","-20.479 -48.435"
4290,"QAISP-M","Rio Jacaré-guaçú, na foz do rio, a jusante do córrego São Joaquim","coordinates moved up one row (one-row offset)","-20.479 -48.435","-21.822 -48.825"
4291,"QAISP-M","Rio Lençóis, a 1 km da foz com o Tietê","coordinates moved up one row (one-row offset)","-21.822 -48.825","-22.504 -48.626"
4292,"QAISP-M","Res. Bariri, no corpo central do reservatório, a cerca de 4 Km da barragem","coordinates moved up one row (one-row offset)","-22.504 -48.626","-22.171 -48.729"
4293,"QAISP-M","Res. Bariri, braço do rio Jau, embaixo do linhão, próximo a ponte da Marambaia","coordinates moved up one row (one-row offset)","-22.171 -48.729","-22.191 -48.687"
4294,"QAISP-M","Res. Ibitinga, no corpo central, a cerca de 2 km da barragem de Ibitinga","coordinates moved up one row (one-row offset)","-22.191 -48.687","-21.76 -48.971"
4295,"QAISP-M","Rib. Guareí, faz. Ilha do Gavião, bairro do Aterradinho, Km 229 da Raposo Tavares","coordinates moved up one row (one-row offset)","-21.76 -48.971","-23.469 -48.613"
4296,"QAISP-M","Rio Itapetininga, 700 m a jusante do Rib. Ponte Alta","coordinates moved up one row (one-row offset)","-23.469 -48.613","-23.613 -48.133"
4297,"QAISP-M","Res. Jurumirim, no corpo central, a jusante da ponte da rod. João Mellão","coordinates moved up one row (one-row offset)","-23.613 -48.133","-23.274 -49.068"
4298,"QAISP-M","Rio Itararé, 3,5 Km a montante de Salto do Itararé, Paraná","coordinates moved up one row (one-row offset)","-23.274 -49.068","-23.639 -49.616"
4299,"QAISP-M","Res. Chavantes, cerca de 6 km da barragem, em frente a ilha","coordinates moved up one row (one-row offset)","-23.639 -49.616","-23.163 -49.691"
4300,"QAISP-M","Rio Preto, a montante da ponte da estrada que liga o distrito de Ibiporanga (Tanabi) à Palestina, na Fazenda Boa Sorte","coordinates moved up one row (one-row offset)","-23.163 -49.691","-20.443 -49.543"
4301,"QAISP-M","Rib. São Domingos, 100 m a montante da ponte da estrada que liga Uchoa à Tabapuã","coordinates moved up one row (one-row offset)","-20.443 -49.543","-20.935 -49.107"
4302,"QAISP-M","Rib. São Domingos, na foz do ribeirão, a 100 m do rio Turvo","coordinates moved up one row (one-row offset)","-20.935 -49.107","-20.812 -49.078"
4303,"QAISP-M","Res. Água Vermelha, braço do córrego do Tomazinho, em frenta a caixa de areia da ETE","coordinates moved up one row (one-row offset)","-20.812 -49.078","-20.062 -49.919"
4304,"QAISP-M","Rio Batalha, na área de lazer da Aldeia Kopenoty,  limite norte da Terra Indigena, na divisa com a  Fazenda Phenix","coordinates moved up one row (one-row offset)","-20.062 -49.919","-22.24 -49.334"
4305,"QAISP-M","Res. Promissão, corpo central, cerca de 2 Km da barragem","coordinates moved up one row (one-row offset)","-22.24 -49.334","-21.314 -49.764"
4306,"QAISP-M","Rio Pardo, na foz do Rio Pardo, 300 m a montante da ponte ferroviária","coordinates moved up one row (one-row offset)","-21.314 -49.764","-22.911 -49.957"
4307,"QAISP-M","Res. Salto Grande, no corpo central do reservatório, a 1 Km da barragem","coordinates moved up one row (one-row offset)","-22.911 -49.957","-22.909 -49.972"
4308,"QAISP-M","Rio São José dos Dourados, próximo à ponte da estrada de terra de Duas Pontes, a jusante da ETE de Monte Aprazível","coordinates moved up one row (one-row offset)","-22.909 -49.972","-20.717 -49.767"
4309,"QAISP-M","Res. Ilha Solteira, 4 km à montante da barragem de Ilha Solteira","coordinates moved up one row (one-row offset)","-20.717 -49.767","-20.346 -51.342"
4310,"QAISP-M","Res. Jupiá, a cerca de 2 Km da barragem","coordinates moved up one row (one-row offset)","-20.346 -51.342","-20.749 -51.613"
4311,"QAISP-M","Rio Tibiriçá, próximo à ponte do distrito de Rosalia","coordinates moved up one row (one-row offset)","-20.749 -51.613","-21.945 -49.953"
4312,"QAISP-M","Rio Aguapeí, a aproximadamente 150m a montante da ponte na rod. BR-153, que liga Lins a Getulina","coordinates moved up one row (one-row offset)","-21.945 -49.953","-21.745 -49.858"
4313,"QAISP-M","Rio Peixe, próximo à ponte da rodovia que liga Marília à Assis, no distrito de Amadeu Amaral","coordinates moved up one row (one-row offset)","-21.745 -49.858","-22.303 -50.048"
4314,"QAISP-M","Rep. Laranja Doce, no meio do corpo central","coordinates moved up one row (one-row offset)","-22.303 -50.048","-22.242 -51.155"
4315,"QAISP-M","Rio Santo Anastácio, a jusante da ponte da estrada vicinal Estrada Vicinal KM 8,5 Pres. Epitacio X Planalto do Sul, proximo a pousada Cururu","coordinates moved up one row (one-row offset)","-22.242 -51.155","-21.847 -52.165"
4316,"QAISP-M","Rib. Caiuá, próximo da ponte na vicinal SPV-71, perto da Delegacia fluvial de Pres. Epitácio","coordinates moved up one row (one-row offset)","-21.847 -52.165","-21.761 -52.097"
4317,"QAISP-M","Res. Capivara, a 5 km da barragem, entre os mun. de Taciba (SP) e de Porecatu (PR).","coordinates moved up one row (one-row offset)","-21.761 -52.097","-22.666 -51.311"
4318,"QAISP-M","Rio Paraná, a jusante da usina de Porto Primavera","coordinates moved up one row (one-row offset)","-22.666 -51.311","-22.503 -52.979"
4319,"RAINFOR","Parque Nacional Serra da Mocidade","coordinates moved up one row (one-row offset)","-22.503 -52.979","1.39391 -61.66989"
4320,"RAINFOR","Parque Nacional Serra da Mocidade","coordinates moved up one row (one-row offset)","1.39391 -61.66989","1.38878 -61.66719"
4321,"RAINFOR","Parque Nacional Serra da Mocidade","coordinates moved up one row (one-row offset)","1.38878 -61.66719","1.38666 -61.66324"
4322,"RAINFOR","Projeto de Assentamento Nova Amazônia I - Ilhas de Mata","coordinates moved up one row (one-row offset)","1.38666 -61.66324","3.09899 -60.82564"
4323,"RAINFOR","Projeto de Assentamento Nova Amazônia I - Ilhas de Mata","coordinates moved up one row (one-row offset)","3.09899 -60.82564","3.13122 -60.85214"
4324,"RAINFOR","Projeto de Assentamento Nova Amazônia I - Ilhas de Mata","coordinates moved up one row (one-row offset)","3.13122 -60.85214","3.11532 -60.87038"
4325,"RAINFOR","Projeto de Assentamento Nova Amazônia I - Ilhas de Mata","coordinates moved up one row (one-row offset)","3.11532 -60.87038","3.09381 -60.92709"
4326,"RAINFOR","Projeto de Assentamento Nova Amazônia I - Ilhas de Mata","coordinates moved up one row (one-row offset)","3.09381 -60.92709","3.12095 -60.83312"
4327,"RAINFOR","Projeto de Assentamento Nova Amazônia I - Ilhas de Mata","coordinates moved up one row (one-row offset)","3.12095 -60.83312","3.13743 -60.84397"
4328,"RAINFOR","Projeto de Assentamento Nova Amazônia I - Ilhas de Mata","coordinates moved up one row (one-row offset)","3.13743 -60.84397","3.03728 -60.8646"
4329,"RAINFOR","Projeto de Assentamento Nova Amazônia I - Ilhas de Mata","coordinates moved up one row (one-row offset)","3.03728 -60.8646","3.10932 -60.90854"
4330,"RAINFOR","Projeto de Assentamento Nova Amazônia I - Ilhas de Mata","coordinates moved up one row (one-row offset)","3.10932 -60.90854","3.10992 -60.82733"
4331,"RAINFOR","Projeto de Assentamento Nova Amazônia I - Ilhas de Mata","coordinates moved up one row (one-row offset)","3.10992 -60.82733","3.12976 -60.8486"
4332,"RAINFOR","Projeto de Assentamento Nova Amazônia I - Ilhas de Mata","coordinates moved up one row (one-row offset)","3.12976 -60.8486","3.0163 -60.88488"
4333,"RAINFOR","Projeto de Assentamento Nova Amazônia I - Ilhas de Mata","coordinates moved up one row (one-row offset)","3.0163 -60.88488","3.10094 -60.9169"
4334,"RAINFOR","Estação Ecológica de Maracá","coordinates moved up one row (one-row offset)","3.10094 -60.9169","3.40501 -61.44942"
4335,"RAINFOR","Estação Ecológica de Maracá","coordinates moved up one row (one-row offset)","3.40501 -61.44942","3.40501 -61.45122"
4336,"RAINFOR","Estação Ecológica de Maracá","coordinates moved up one row (one-row offset)","3.40501 -61.45122","3.40502 -61.45302"
4337,"RAINFOR","Estação Ecológica de Maracá","coordinates moved up one row (one-row offset)","3.40502 -61.45302","3.40501 -61.45482"
4338,"RAINFOR","Estação Ecológica de Maracá","coordinates moved up one row (one-row offset)","3.40501 -61.45482","3.40502 -61.46022"
4339,"RAINFOR","Estação Ecológica de Maracá","coordinates moved up one row (one-row offset)","3.40502 -61.46022","3.40502 -61.46202"
4340,"RAINFOR","Estação Ecológica de Maracá","coordinates moved up one row (one-row offset)","3.40502 -61.46202","3.40502 -61.46382"
4341,"RAINFOR","Estação Ecológica de Maracá","coordinates moved up one row (one-row offset)","3.40502 -61.46382","3.40503 -61.46562"
4342,"RAINFOR","Estação Ecológica de Maracá","coordinates moved up one row (one-row offset)","3.40503 -61.46562","3.40504 -61.46922"
4343,"RAINFOR","Estação Ecológica de Maracá","coordinates moved up one row (one-row offset)","3.40504 -61.46922","3.40504 -61.47102"
4344,"RAINFOR","Estação Ecológica de Maracá","coordinates moved up one row (one-row offset)","3.40504 -61.47102","3.40504 -61.47327"
4345,"RAINFOR","Estação Ecológica de Maracá","coordinates moved up one row (one-row offset)","3.40504 -61.47327","3.40503 -61.47507"
4346,"RAINFOR","Estação Ecológica de Maracá","coordinates moved up one row (one-row offset)","3.40503 -61.47507","3.40505 -61.47687"
4347,"RAINFOR","Estação Ecológica de Maracá","coordinates moved up one row (one-row offset)","3.40505 -61.47687","3.40505 -61.47867"
4348,"RAINFOR","Estação Ecológica de Maracá","coordinates moved up one row (one-row offset)","3.40505 -61.47867","3.40505 -61.48047"
4349,"RAINFOR","Estação Ecológica de Maracá","coordinates moved up one row (one-row offset)","3.40505 -61.48047","3.40506 -61.48227"
4350,"RAINFOR","Estação Ecológica de Maracá","coordinates moved up one row (one-row offset)","3.40506 -61.48227","3.40506 -61.48407"
4351,"RAINFOR","Estação Ecológica de Maracá","coordinates moved up one row (one-row offset)","3.40506 -61.48407","3.40506 -61.48586"
4352,"RAINFOR","Estação Ecológica de Maracá","coordinates moved up one row (one-row offset)","3.40506 -61.48586","3.39596 -61.45033"
4353,"RAINFOR","Estação Ecológica de Maracá","coordinates moved up one row (one-row offset)","3.39596 -61.45033","3.39597 -61.45213"
4354,"RAINFOR","Estação Ecológica de Maracá","coordinates moved up one row (one-row offset)","3.39597 -61.45213","3.39597 -61.45393"
4355,"RAINFOR","Estação Ecológica de Maracá","coordinates moved up one row (one-row offset)","3.39597 -61.45393","3.39598 -61.45573"
4356,"RAINFOR","Estação Ecológica de Maracá","coordinates moved up one row (one-row offset)","3.39598 -61.45573","3.39598 -61.45753"
4357,"RAINFOR","Estação Ecológica de Maracá","coordinates moved up one row (one-row offset)","3.39598 -61.45753","3.39597 -61.45934"
4358,"RAINFOR","Estação Ecológica de Maracá","coordinates moved up one row (one-row offset)","3.39597 -61.45934","3.39599 -61.46158"
4359,"RAINFOR","Estação Ecológica de Maracá","coordinates moved up one row (one-row offset)","3.39599 -61.46158","3.39599 -61.46338"
4360,"RAINFOR","Estação Ecológica de Maracá","coordinates moved up one row (one-row offset)","3.39599 -61.46338","3.39599 -61.46563"
4361,"RAINFOR","Estação Ecológica de Maracá","coordinates moved up one row (one-row offset)","3.39599 -61.46563","3.39599 -61.46743"
4362,"RAINFOR","Estação Ecológica de Maracá","coordinates moved up one row (one-row offset)","3.39599 -61.46743","3.396 -61.46968"
4363,"RAINFOR","Estação Ecológica de Maracá","coordinates moved up one row (one-row offset)","3.396 -61.46968","3.396 -61.47283"
4364,"RAINFOR","Estação Ecológica de Maracá","coordinates moved up one row (one-row offset)","3.396 -61.47283","3.39601 -61.47463"
4365,"RAINFOR","Estação Ecológica de Maracá","coordinates moved up one row (one-row offset)","3.39601 -61.47463","3.39601 -61.47643"
4366,"RAINFOR","Estação Ecológica de Maracá","coordinates moved up one row (one-row offset)","3.39601 -61.47643","3.39601 -61.47823"
4367,"RAINFOR","Estação Ecológica de Maracá","coordinates moved up one row (one-row offset)","3.39601 -61.47823","3.39601 -61.48003"
4368,"RAINFOR","Estação Ecológica de Maracá","coordinates moved up one row (one-row offset)","3.39601 -61.48003","3.39601 -61.48183"
4369,"RAINFOR","Estação Ecológica de Maracá","coordinates moved up one row (one-row offset)","3.39601 -61.48183","3.39602 -61.48363"
4370,"RAINFOR","Estação Ecológica de Maracá","coordinates moved up one row (one-row offset)","3.39602 -61.48363","3.39602 -61.48543"
4371,"RAINFOR","Estação Ecológica de Maracá","coordinates moved up one row (one-row offset)","3.39602 -61.48543","3.38692 -61.45035"
4372,"RAINFOR","Estação Ecológica de Maracá","coordinates moved up one row (one-row offset)","3.38692 -61.45035","3.38692 -61.45215"
4373,"RAINFOR","Estação Ecológica de Maracá","coordinates moved up one row (one-row offset)","3.38692 -61.45215","3.38692 -61.45395"
4374,"RAINFOR","Estação Ecológica de Maracá","coordinates moved up one row (one-row offset)","3.38692 -61.45395","3.38693 -61.45575"
4375,"RAINFOR","Estação Ecológica de Maracá","coordinates moved up one row (one-row offset)","3.38693 -61.45575","3.38693 -61.45754"
4376,"RAINFOR","Estação Ecológica de Maracá","coordinates moved up one row (one-row offset)","3.38693 -61.45754","3.38693 -61.45935"
4377,"RAINFOR","Estação Ecológica de Maracá","coordinates moved up one row (one-row offset)","3.38693 -61.45935","3.38694 -61.4616"
4378,"RAINFOR","Estação Ecológica de Maracá","coordinates moved up one row (one-row offset)","3.38694 -61.4616","3.38694 -61.46339"
4379,"RAINFOR","Estação Ecológica de Maracá","coordinates moved up one row (one-row offset)","3.38694 -61.46339","3.38695 -61.46519"
4380,"RAINFOR","Estação Ecológica de Maracá","coordinates moved up one row (one-row offset)","3.38695 -61.46519","3.38695 -61.467"
4381,"RAINFOR","Estação Ecológica de Maracá","coordinates moved up one row (one-row offset)","3.38695 -61.467","3.38695 -61.4688"
4382,"RAINFOR","Estação Ecológica de Maracá","coordinates moved up one row (one-row offset)","3.38695 -61.4688","3.38695 -61.47059"
4383,"RAINFOR","Estação Ecológica de Maracá","coordinates moved up one row (one-row offset)","3.38695 -61.47059","3.38695 -61.47239"
4384,"RAINFOR","Estação Ecológica de Maracá","coordinates moved up one row (one-row offset)","3.38695 -61.47239","3.38696 -61.47419"
4385,"RAINFOR","Estação Ecológica de Maracá","coordinates moved up one row (one-row offset)","3.38696 -61.47419","3.38697 -61.47824"
4386,"RAINFOR","Estação Ecológica de Maracá","coordinates moved up one row (one-row offset)","3.38697 -61.47824","3.38697 -61.48005"
4387,"RAINFOR","Estação Ecológica de Maracá","coordinates moved up one row (one-row offset)","3.38697 -61.48005","3.38698 -61.48185"
4388,"RAINFOR","Estação Ecológica de Maracá","coordinates moved up one row (one-row offset)","3.38698 -61.48185","3.38698 -61.48364"
4389,"RAINFOR","Estação Ecológica de Maracá","coordinates moved up one row (one-row offset)","3.38698 -61.48364","3.38698 -61.48545"
4390,"RAINFOR","Estação Ecológica de Maracá","coordinates moved up one row (one-row offset)","3.38698 -61.48545","3.37786 -61.44271"
4391,"RAINFOR","Estação Ecológica de Maracá","coordinates moved up one row (one-row offset)","3.37786 -61.44271","3.37787 -61.44451"
4392,"RAINFOR","Estação Ecológica de Maracá","coordinates moved up one row (one-row offset)","3.37787 -61.44451","3.37788 -61.44631"
4393,"RAINFOR","Estação Ecológica de Maracá","coordinates moved up one row (one-row offset)","3.37788 -61.44631","3.37788 -61.44811"
4394,"RAINFOR","Estação Ecológica de Maracá","coordinates moved up one row (one-row offset)","3.37788 -61.44811","3.37788 -61.44992"
4395,"RAINFOR","Estação Ecológica de Maracá","coordinates moved up one row (one-row offset)","3.37788 -61.44992","3.37788 -61.45171"
4396,"RAINFOR","Estação Ecológica de Maracá","coordinates moved up one row (one-row offset)","3.37788 -61.45171","3.37789 -61.45351"
4397,"RAINFOR","Estação Ecológica de Maracá","coordinates moved up one row (one-row offset)","3.37789 -61.45351","3.37789 -61.45531"
4398,"RAINFOR","Estação Ecológica de Maracá","coordinates moved up one row (one-row offset)","3.37789 -61.45531","3.37789 -61.45891"
4399,"RAINFOR","Estação Ecológica de Maracá","coordinates moved up one row (one-row offset)","3.37789 -61.45891","3.3779 -61.46071"
4400,"RAINFOR","Estação Ecológica de Maracá","coordinates moved up one row (one-row offset)","3.3779 -61.46071","3.37789 -61.46251"
4401,"RAINFOR","Estação Ecológica de Maracá","coordinates moved up one row (one-row offset)","3.37789 -61.46251","3.3779 -61.46431"
4402,"RAINFOR","Estação Ecológica de Maracá","coordinates moved up one row (one-row offset)","3.3779 -61.46431","3.3779 -61.46611"
4403,"RAINFOR","Estação Ecológica de Maracá","coordinates moved up one row (one-row offset)","3.3779 -61.46611","3.37791 -61.46791"
4404,"RAINFOR","Estação Ecológica de Maracá","coordinates moved up one row (one-row offset)","3.37791 -61.46791","3.37791 -61.46971"
4405,"RAINFOR","Estação Ecológica de Maracá","coordinates moved up one row (one-row offset)","3.37791 -61.46971","3.37792 -61.47196"
4406,"RAINFOR","Estação Ecológica de Maracá","coordinates moved up one row (one-row offset)","3.37792 -61.47196","3.37792 -61.47376"
4407,"RAINFOR","Estação Ecológica de Maracá","coordinates moved up one row (one-row offset)","3.37792 -61.47376","3.37792 -61.47646"
4408,"RAINFOR","Estação Ecológica de Maracá","coordinates moved up one row (one-row offset)","3.37792 -61.47646","3.37793 -61.47826"
4409,"RAINFOR","Estação Ecológica de Maracá","coordinates moved up one row (one-row offset)","3.37793 -61.47826","3.37792 -61.48006"
4410,"RAINFOR","Estação Ecológica de Maracá","coordinates moved up one row (one-row offset)","3.37792 -61.48006","3.37793 -61.48185"
4411,"RAINFOR","Estação Ecológica de Maracá","coordinates moved up one row (one-row offset)","3.37793 -61.48185","3.37793 -61.48366"
4412,"RAINFOR","Estação Ecológica de Maracá","coordinates moved up one row (one-row offset)","3.37793 -61.48366","3.37793 -61.48591"
4413,"RAINFOR","Estação Ecológica de Maracá","coordinates moved up one row (one-row offset)","3.37793 -61.48591","3.36882 -61.44273"
4414,"RAINFOR","Estação Ecológica de Maracá","coordinates moved up one row (one-row offset)","3.36882 -61.44273","3.36883 -61.44408"
4415,"RAINFOR","Estação Ecológica de Maracá","coordinates moved up one row (one-row offset)","3.36883 -61.44408","3.36882 -61.44543"
4416,"RAINFOR","Estação Ecológica de Maracá","coordinates moved up one row (one-row offset)","3.36882 -61.44543","3.36883 -61.44683"
4417,"RAINFOR","Estação Ecológica de Maracá","coordinates moved up one row (one-row offset)","3.36883 -61.44683","3.36883 -61.44812"
4418,"RAINFOR","Estação Ecológica de Maracá","coordinates moved up one row (one-row offset)","3.36883 -61.44812","3.36883 -61.45083"
4419,"RAINFOR","Estação Ecológica de Maracá","coordinates moved up one row (one-row offset)","3.36883 -61.45083","3.36884 -61.45263"
4420,"RAINFOR","Estação Ecológica de Maracá","coordinates moved up one row (one-row offset)","3.36884 -61.45263","3.36884 -61.45398"
4421,"RAINFOR","Estação Ecológica de Maracá","coordinates moved up one row (one-row offset)","3.36884 -61.45398","3.36885 -61.45532"
4422,"RAINFOR","Estação Ecológica de Maracá","coordinates moved up one row (one-row offset)","3.36885 -61.45532","3.36885 -61.45668"
4423,"RAINFOR","Estação Ecológica de Maracá","coordinates moved up one row (one-row offset)","3.36885 -61.45668","3.36885 -61.45802"
4424,"RAINFOR","Estação Ecológica de Maracá","coordinates moved up one row (one-row offset)","3.36885 -61.45802","3.36885 -61.45937"
4425,"RAINFOR","Estação Ecológica de Maracá","coordinates moved up one row (one-row offset)","3.36885 -61.45937","3.36885 -61.46073"
4426,"RAINFOR","Estação Ecológica de Maracá","coordinates moved up one row (one-row offset)","3.36885 -61.46073","3.36885 -61.46208"
4427,"RAINFOR","Estação Ecológica de Maracá","coordinates moved up one row (one-row offset)","3.36885 -61.46208","3.36886 -61.46343"
4428,"RAINFOR","Estação Ecológica de Maracá","coordinates moved up one row (one-row offset)","3.36886 -61.46343","3.36886 -61.46567"
4429,"RAINFOR","Estação Ecológica de Maracá","coordinates moved up one row (one-row offset)","3.36886 -61.46567","3.36886 -61.46703"
4430,"RAINFOR","Estação Ecológica de Maracá","coordinates moved up one row (one-row offset)","3.36886 -61.46703","3.36886 -61.46837"
4431,"RAINFOR","Estação Ecológica de Maracá","coordinates moved up one row (one-row offset)","3.36886 -61.46837","3.36887 -61.46973"
4432,"RAINFOR","Estação Ecológica de Maracá","coordinates moved up one row (one-row offset)","3.36887 -61.46973","3.36887 -61.47242"
4433,"RAINFOR","Estação Ecológica de Maracá","coordinates moved up one row (one-row offset)","3.36887 -61.47242","3.36887 -61.47377"
4434,"RAINFOR","Estação Ecológica de Maracá","coordinates moved up one row (one-row offset)","3.36887 -61.47377","3.36887 -61.47512"
4435,"RAINFOR","Estação Ecológica de Maracá","coordinates moved up one row (one-row offset)","3.36887 -61.47512","3.36887 -61.47647"
4436,"RAINFOR","Estação Ecológica de Maracá","coordinates moved up one row (one-row offset)","3.36887 -61.47647","3.36888 -61.47782"
4437,"RAINFOR","Estação Ecológica de Maracá","coordinates moved up one row (one-row offset)","3.36888 -61.47782","3.36888 -61.48007"
4438,"RAINFOR","Estação Ecológica de Maracá","coordinates moved up one row (one-row offset)","3.36888 -61.48007","3.36889 -61.48188"
4439,"RAINFOR","Estação Ecológica de Maracá","coordinates moved up one row (one-row offset)","3.36889 -61.48188","3.36889 -61.48367"
4440,"RAINFOR","Estação Ecológica de Maracá","coordinates moved up one row (one-row offset)","3.36889 -61.48367","3.36889 -61.48547"
4441,"RAINFOR","Estação Ecológica de Maracá","coordinates moved up one row (one-row offset)","3.36889 -61.48547","3.36889 -61.48681"
4442,"RAINFOR","Estação Ecológica de Maracá","coordinates moved up one row (one-row offset)","3.36889 -61.48681","3.35979 -61.44319"
4443,"RAINFOR","Estação Ecológica de Maracá","coordinates moved up one row (one-row offset)","3.35979 -61.44319","3.35979 -61.44499"
4444,"RAINFOR","Estação Ecológica de Maracá","coordinates moved up one row (one-row offset)","3.35979 -61.44499","3.35979 -61.44679"
4445,"RAINFOR","Estação Ecológica de Maracá","coordinates moved up one row (one-row offset)","3.35979 -61.44679","3.35979 -61.44859"
4446,"RAINFOR","Estação Ecológica de Maracá","coordinates moved up one row (one-row offset)","3.35979 -61.44859","3.3598 -61.45039"
4447,"RAINFOR","Estação Ecológica de Maracá","coordinates moved up one row (one-row offset)","3.3598 -61.45039","3.3598 -61.45219"
4448,"RAINFOR","Estação Ecológica de Maracá","coordinates moved up one row (one-row offset)","3.3598 -61.45219","3.3598 -61.45399"
4449,"RAINFOR","Estação Ecológica de Maracá","coordinates moved up one row (one-row offset)","3.3598 -61.45399","3.35981 -61.45579"
4450,"RAINFOR","Estação Ecológica de Maracá","coordinates moved up one row (one-row offset)","3.35981 -61.45579","3.35982 -61.45759"
4451,"RAINFOR","Estação Ecológica de Maracá","coordinates moved up one row (one-row offset)","3.35982 -61.45759","3.3598 -61.45939"
4452,"RAINFOR","Estação Ecológica de Maracá","coordinates moved up one row (one-row offset)","3.3598 -61.45939","3.35982 -61.46164"
4453,"RAINFOR","Estação Ecológica de Maracá","coordinates moved up one row (one-row offset)","3.35982 -61.46164","3.35982 -61.46344"
4454,"RAINFOR","Estação Ecológica de Maracá","coordinates moved up one row (one-row offset)","3.35982 -61.46344","3.35982 -61.46524"
4455,"RAINFOR","Estação Ecológica de Maracá","coordinates moved up one row (one-row offset)","3.35982 -61.46524","3.35983 -61.46704"
4456,"RAINFOR","Estação Ecológica de Maracá","coordinates moved up one row (one-row offset)","3.35983 -61.46704","3.35982 -61.46884"
4457,"RAINFOR","Estação Ecológica de Maracá","coordinates moved up one row (one-row offset)","3.35982 -61.46884","3.35983 -61.47199"
4458,"RAINFOR","Estação Ecológica de Maracá","coordinates moved up one row (one-row offset)","3.35983 -61.47199","3.35983 -61.47379"
4459,"RAINFOR","Estação Ecológica de Maracá","coordinates moved up one row (one-row offset)","3.35983 -61.47379","3.35983 -61.47559"
4460,"RAINFOR","Estação Ecológica de Maracá","coordinates moved up one row (one-row offset)","3.35983 -61.47559","3.35984 -61.47964"
4461,"RAINFOR","Estação Ecológica de Maracá","coordinates moved up one row (one-row offset)","3.35984 -61.47964","3.35985 -61.48144"
4462,"RAINFOR","Estação Ecológica de Maracá","coordinates moved up one row (one-row offset)","3.35985 -61.48144","3.35984 -61.48459"
4463,"Rainfor","Reserva Extrativista Alto Juruá, Base da Restauração","coordinates moved up one row (one-row offset)","3.35984 -61.48459","-9.1635 -72.2164"
4464,"Rainfor","Parque Estadual Chandless","coordinates moved up one row (one-row offset)","-9.1635 -72.2164","-9.3791 -69.918"
4465,"Rainfor","Parque Nacional Serra do Divisor, Rio Juruá","coordinates moved up one row (one-row offset)","-9.3791 -69.918","-8.88 -72.79"
4466,"Rainfor","Parque Nacional Serra do Divisor, Rio das Minas","coordinates moved up one row (one-row offset)","-8.88 -72.79","-8.5717 -72.9063"
4467,"Rainfor","Reserva Extrativista Chico Mendes, Seringal Dois Irmãos","coordinates moved up one row (one-row offset)","-8.5717 -72.9063","10.566 -68.3162"
4468,"Rainfor","Reserva Extrativista Chico Mendes, Seringal Dois Irmãos","coordinates moved up one row (one-row offset)","10.566 -68.3162","-10.5479 -68.3066"
4469,"Rainfor","Reserva Extrativista Chico Mendes, Seringal Porongaba","coordinates moved up one row (one-row offset)","-10.5479 -68.3066","-10.8219 -68.771"
4470,"Rainfor","Reserva Extrativista Chico Mendes, Seringal Porongaba","coordinates moved up one row (one-row offset)","-10.8219 -68.771","-10.7977 -68.7694"
4471,"Rainfor","Fazenda Experimental Catuaba","coordinates moved up one row (one-row offset)","-10.7977 -68.7694","-10.0772 -67.6244"
4472,"Rainfor","Reserva Florestal Humaitá","coordinates moved up one row (one-row offset)","-10.0772 -67.6244","-9.75 -67.67"
4473,"Rancho Frio","Parque Nacional da Serra dos Órgãos - Rancho-Frio","coordinates moved up one row (one-row offset)","-9.75 -67.67","-2.245 -43"
4474,"REDE.AVA","RPPN Ava Canoeiro","coordinates moved up one row (one-row offset)","-2.245 -43","-13.8094 -47.5081"
4475,"Rede.Biomar-Coral.Vivo","Ilha Galé","coordinates moved up one row (one-row offset)","-13.8094 -47.5081","-27.17167 -48.40778"
4476,"Rede.Biomar-Coral.Vivo","Ilha Anchieta","coordinates moved up one row (one-row offset)","-27.17167 -48.40778","-23.53392 -45.08026"
4477,"Rede.Biomar-Coral.Vivo","Arquipélago de Alcatrazes","coordinates moved up one row (one-row offset)","-23.53392 -45.08026","-24.09487 -45.69217"
4478,"Rede.Biomar-Coral.Vivo","Praia do Forno - Arraial do Cabo","coordinates moved up one row (one-row offset)","-24.09487 -45.69217","-22.76275 -41.87514"
4479,"Rede.Biomar-Coral.Vivo","Ilha rasa de fora","coordinates moved up one row (one-row offset)","-22.76275 -41.87514","-20.67706 -40.3666"
4480,"Rede.Biomar-Coral.Vivo","Praia da Tartaruga","coordinates moved up one row (one-row offset)","-20.67706 -40.3666","-22.75 -41.9"
4481,"Rede.Biomar-Coral.Vivo","Arquipélago de Abrolhos","coordinates moved up one row (one-row offset)","-22.75 -41.9","-17.97206 -38.70844"
4482,"Rede.Biomar-Coral.Vivo","Recife de Fora","coordinates moved up one row (one-row offset)","-17.97206 -38.70844","-16.40964 -39.04568"
4483,"Rede.Biomar-Coral.Vivo","Baía de Todos os Santos","coordinates moved up one row (one-row offset)","-16.40964 -39.04568","-13.11385 -38.75413"
4484,"Rede.Biomar-Coral.Vivo","Maragogi - Apa Costa dos Corais","coordinates moved up one row (one-row offset)","-13.11385 -38.75413","-9.01143 -35.21739"
4485,"Rede.Biomar-Coral.Vivo","Coroa Grande - Apa Costa dos Corais","coordinates moved up one row (one-row offset)","-9.01143 -35.21739","-8.89609 -35.13806"
4486,"Rede.Biomar-Coral.Vivo","Porto de Galinhas","coordinates moved up one row (one-row offset)","-8.89609 -35.13806","-8.78165 -35.09814"
4487,"Rede.Biomar-Coral.Vivo","Rio do Fogo","coordinates moved up one row (one-row offset)","-8.78165 -35.09814","-5.2724 -35.38013"
4488,"Rede.Biomar-Coral.Vivo","Atol das Rocas","coordinates moved up one row (one-row offset)","-5.2724 -35.38013","-3.86067 -33.79868"
4489,"Rede.Biomar-Coral.Vivo","Pontinha","coordinates moved up one row (one-row offset)","-3.86067 -33.79868","-3.85109 -32.39084"
4490,"Rede.Biomar-Meros","Parque Nacional Marinho Ilhas dos Currais RAMs","coordinates moved up one row (one-row offset)","-3.85109 -32.39084","-25.73903 -48.35661"
4491,"Rede.Biomar-Meros","Ilha da Figueira","coordinates moved up one row (one-row offset)","-25.73903 -48.35661","-25.3593 -48.03746"
4492,"Rede.Biomar-Meros","Recife Artificial Marinho","coordinates moved up one row (one-row offset)","-25.3593 -48.03746","-25.8188 -48.39046"
4493,"Rede.Biomar-Meros","Ilha de Itacolomis","coordinates moved up one row (one-row offset)","-25.8188 -48.39046","-25.84271 -48.40877"
4494,"Rede.Biomar-Meros","Bota Fora Porto de São Francisco do Sul","coordinates moved up one row (one-row offset)","-25.84271 -48.40877","-26.14027 -48.46375"
4495,"Rede.Biomar-Meros","Arquipélago das Graças","coordinates moved up one row (one-row offset)","-26.14027 -48.46375","-26.18485 -48.48962"
4496,"Rede.Biomar-Meros","Monobóia São Francisco do Sul","coordinates moved up one row (one-row offset)","-26.18485 -48.48962","-26.23236 -48.43077"
4497,"Rede.Biomar-Meros","Parque Estadual Acaraí","coordinates moved up one row (one-row offset)","-26.23236 -48.43077","-26.36978 -48.52462"
4498,"Rede.Biomar-Meros","Ilha dos Lobos","coordinates moved up one row (one-row offset)","-26.36978 -48.52462","-26.51294 -48.56631"
4499,"Rede.Biomar-Meros","Canal do Linguado","coordinates moved up one row (one-row offset)","-26.51294 -48.56631","-26.43621 -48.62553"
4500,"Rede.Biomar-Meros","Rio do Trigo","coordinates moved up one row (one-row offset)","-26.43621 -48.62553","-26.21655 -48.58631"
4501,"REMAR","Ilha de Maraca, Município de Amapá, AP","coordinates moved up one row (one-row offset)","-26.21655 -48.58631","2.08879 -50.50671"
4502,"REMAR","Ilha de Marajó, Município de Soure, PA","coordinates moved up one row (one-row offset)","2.08879 -50.50671","-0.70243 -48.49042"
4503,"REMAR","Rio Caete, Município de Bragança, PA","coordinates moved up one row (one-row offset)","-0.70243 -48.49042","-0.92353 -46.69307"
4504,"REMAR","Rio Mamanguape, Município de Rio Tinto, PB","coordinates moved up one row (one-row offset)","-0.92353 -46.69307","-6.77683 -34.95022"
4505,"REMAR","Aracaré, Município de Pacatuba, SE","coordinates moved up one row (one-row offset)","-6.77683 -34.95022","-10.53578 -36.53162"
4506,"REMAR","Cassurubá, Município de Caravelas, BA","coordinates moved up one row (one-row offset)","-10.53578 -36.53162","-17.75839 -39.21458"
4507,"REMAR","Piraquê, Município de Aracruz, ES","coordinates moved up one row (one-row offset)","-17.75839 -39.21458","-19.94549 -40.17595"
4508,"REMAR","Guapimirim, Município de Guapimirim, RJ","coordinates moved up one row (one-row offset)","-19.94549 -40.17595","-22.70666 -43.02657"
4509,"REMAR","Rio Estrela, Município de Magé, RJ","coordinates moved up one row (one-row offset)","-22.70666 -43.02657","-22.72578 -43.21869"
4510,"REMAR","Baía de Paranaguá, Guaraqueçaba, PR","coordinates moved up one row (one-row offset)","-22.72578 -43.21869","-25.92361 -48.69167"
4511,"REMAR","Rio Ratones, Município de Florianópolis, SC","coordinates moved up one row (one-row offset)","-25.92361 -48.69167","-27.44934 -48.52476"
4512,"REMAR","Rio São João, Município de Rio das Ostras, RJ","coordinates moved up one row (one-row offset)","-27.44934 -48.52476","-22.56921 -42.0426"
4513,"REMAR","Fernando de Noronha, PE","coordinates moved up one row (one-row offset)","-22.56921 -42.0426","-3.87167 -32.42487"
4514,"RAS","160_10","coordinates moved up one row (one-row offset)","-3.87167 -32.42487","-2.818885 -54.882268"
4515,"RAS","260_1","coordinates moved up one row (one-row offset)","-2.818885 -54.882268","-3.002285 -54.894624"
4516,"RAS","260_4","coordinates moved up one row (one-row offset)","-3.002285 -54.894624","-3.01984 -54.856559"
4517,"RAS","260_5","coordinates moved up one row (one-row offset)","-3.01984 -54.856559","-2.983684 -54.87849"
4518,"RAS","260_6","coordinates moved up one row (one-row offset)","-2.983684 -54.87849","-2.999882 -54.876831"
4519,"RAS","261_10","coordinates moved up one row (one-row offset)","-2.999882 -54.876831","-3.018342 -55.004753"
4520,"RAS","261_10","coordinates moved up one row (one-row offset)","-3.018342 -55.004753","-3.018342 -55.004753"
4521,"RAS","261_8","coordinates moved up one row (one-row offset)","-3.018342 -55.004753","-3.02868 -55.011119"
4522,"RAS","261_8","coordinates moved up one row (one-row offset)","-3.02868 -55.011119","-3.02868 -55.011119"
4523,"RAS","261_9","coordinates moved up one row (one-row offset)","-3.02868 -55.011119","-3.039979 -55.014759"
4524,"RAS","261_9","coordinates moved up one row (one-row offset)","-3.039979 -55.014759","-3.039979 -55.014759"
4525,"RAS","307_3","coordinates moved up one row (one-row offset)","-3.039979 -55.014759","-3.130318 -54.856734"
4526,"RAS","307_7","coordinates moved up one row (one-row offset)","-3.130318 -54.856734","-3.147068 -54.83828"
4527,"RAS","357_4","coordinates moved up one row (one-row offset)","-3.147068 -54.83828","-3.282664 -54.854228"
4528,"RAS","363_3","coordinates moved up one row (one-row offset)","-3.282664 -54.854228","-3.296349 -54.963263"
4529,"RAS","363_5","coordinates moved up one row (one-row offset)","-3.296349 -54.963263","-3.336879 -54.984133"
4530,"RAS","363_5","coordinates moved up one row (one-row offset)","-3.336879 -54.984133","-3.336879 -54.984133"
4531,"RAS","363_6","coordinates moved up one row (one-row offset)","-3.336879 -54.984133","-3.335934 -54.955877"
4532,"RAS","363_6","coordinates moved up one row (one-row offset)","-3.335934 -54.955877","-3.335934 -54.955877"
4533,"RAS","363_7","coordinates moved up one row (one-row offset)","-3.335934 -54.955877","-3.320031 -54.960309"
4534,"RAS","363_7","coordinates moved up one row (one-row offset)","-3.320031 -54.960309","-3.320031 -54.960309"
4535,"RAS","363_8","coordinates moved up one row (one-row offset)","-3.320031 -54.960309","-3.32907 -54.972355"
4536,"RAS","363_8","coordinates moved up one row (one-row offset)","-3.32907 -54.972355","-3.32907 -54.972355"
4537,"RAS","399_10","coordinates moved up one row (one-row offset)","-3.32907 -54.972355","-3.464411 -54.807256"
4538,"RAS","399_7","coordinates moved up one row (one-row offset)","-3.464411 -54.807256","-3.42946 -54.84253"
4539,"RAS","399_8","coordinates moved up one row (one-row offset)","-3.42946 -54.84253","-3.481967 -54.86197"
4540,"RAS","ExtraSTM_2","coordinates moved up one row (one-row offset)","-3.481967 -54.86197","-2.938294 -54.988026"
4541,"RAS","ExtraSTM_3","coordinates moved up one row (one-row offset)","-2.938294 -54.988026","-2.928384 -55.002396"
4542,"RAS","129_10","coordinates moved up one row (one-row offset)","-2.928384 -55.002396","-2.725951 -54.776635"
4543,"RAS","129_11","coordinates moved up one row (one-row offset)","-2.725951 -54.776635","-2.705519 -54.78595"
4544,"RAS","157_2","coordinates moved up one row (one-row offset)","-2.705519 -54.78595","-2.831865 -54.464434"
4545,"RAS","157_8","coordinates moved up one row (one-row offset)","-2.831865 -54.464434","-2.802586 -54.50429"
4546,"RAS","112_12","coordinates moved up one row (one-row offset)","-2.802586 -54.50429","-2.69273 -54.451517"
4547,"RAS","112_8","coordinates moved up one row (one-row offset)","-2.69273 -54.451517","-2.693246 -54.495395"
4548,"RAS","69_11","coordinates moved up one row (one-row offset)","-2.693246 -54.495395","-2.573649 -54.670787"
4549,"RAS","69_8","coordinates moved up one row (one-row offset)","-2.573649 -54.670787","-2.514592 -54.674865"
4550,"RAS","81_3","coordinates moved up one row (one-row offset)","-2.514592 -54.674865","-2.613812 -54.54327"
4551,"RAS","ALE_01","coordinates moved up one row (one-row offset)","-2.613812 -54.54327","-1.1413 -46.7301"
4552,"RAS","APA_01","coordinates moved up one row (one-row offset)","-1.1413 -46.7301","-5.94619 -50.20469"
4553,"RAS","APA_02","coordinates moved up one row (one-row offset)","-5.94619 -50.20469","-5.95239 -50.18419"
4554,"RAS","ATO_01","coordinates moved up one row (one-row offset)","-5.95239 -50.18419","-5.70106 -49.22903"
4555,"RAS","CBL_01","coordinates moved up one row (one-row offset)","-5.70106 -49.22903","-6.43125 -49.78236"
4556,"RAS","CHK_01","coordinates moved up one row (one-row offset)","-6.43125 -49.78236","-6.27536 -49.85419"
4557,"RAS","DNA_01","coordinates moved up one row (one-row offset)","-6.27536 -49.85419","-5.66394 -49.17378"
4558,"RAS","DNA_02","coordinates moved up one row (one-row offset)","-5.66394 -49.17378","-5.65985 -49.17986"
4559,"RAS","FRE_01","coordinates moved up one row (one-row offset)","-5.65985 -49.17986","-1.53428 -46.62722"
4560,"RAS","GDA_01","coordinates moved up one row (one-row offset)","-1.53428 -46.62722","-5.63286 -49.13492"
4561,"RAS","GDA_02","coordinates moved up one row (one-row offset)","-5.63286 -49.13492","-5.63125 -49.13833"
4562,"RAS","JBI_01","coordinates moved up one row (one-row offset)","-5.63125 -49.13833","-5.78456 -48.91522"
4563,"RAS","JCO_01","coordinates moved up one row (one-row offset)","-5.78456 -48.91522","-1.12572 -46.70347"
4564,"RAS","JSO_01","coordinates moved up one row (one-row offset)","-1.12572 -46.70347","-1.25897 -46.69692"
4565,"RAS","MHO_01","coordinates moved up one row (one-row offset)","-1.25897 -46.69692","-1.1775 -46.66492"
4566,"RAS","PCE_01","coordinates moved up one row (one-row offset)","-1.1775 -46.66492","-1.21609 -46.69947"
4567,"RAS","PET_01","coordinates moved up one row (one-row offset)","-1.21609 -46.69947","-5.63367 -49.21072"
4568,"RAS","RUT_01","coordinates moved up one row (one-row offset)","-5.63367 -49.21072","-1.12447 -46.72675"
4569,"RAS","TBR_01","coordinates moved up one row (one-row offset)","-1.12447 -46.72675","-5.65453 -49.15656"
4570,"RAS","VAV_01","coordinates moved up one row (one-row offset)","-5.65453 -49.15656","-1.17939 -46.68168"
4571,"RAS","MHO_02","coordinates moved up one row (one-row offset)","-1.17939 -46.68168","-1.1775 -46.66492"
4572,"RAS","CAJ_01","coordinates moved up one row (one-row offset)","-1.1775 -46.66492","-6.069146 -50.03176"
4573,"RAS","CAJ_02","coordinates moved up one row (one-row offset)","-6.069146 -50.03176","-6.043648 -50.091782"
4574,"RAS","CAJ_03","coordinates moved up one row (one-row offset)","-6.043648 -50.091782","-6.06837 -50.24895"
4575,"RAS","125_9","coordinates moved up one row (one-row offset)","-6.06837 -50.24895","-2.804077 -54.56829"
4576,"RAS","129_5","coordinates moved up one row (one-row offset)","-2.804077 -54.56829","-2.714346 -54.748544"
4577,"RAS","357_2","coordinates moved up one row (one-row offset)","-2.714346 -54.748544","-3.305383 -54.911978"
4578,"RAS","357_6","coordinates moved up one row (one-row offset)","-3.305383 -54.911978","-3.256891 -54.888286"
4579,"RAS","357_9","coordinates moved up one row (one-row offset)","-3.256891 -54.888286","-3.263338 -54.892798"
4580,"RAS","81_15","coordinates moved up one row (one-row offset)","-3.263338 -54.892798","-2.657675 -54.4665"
4581,"RLS","San Roman","coordinates moved up one row (one-row offset)","-2.657675 -54.4665","-42.26 -64.23"
4582,"RLS","Los Bollones","coordinates moved up one row (one-row offset)","-42.26 -64.23","-42.93 -64.5"
4583,"RLS","Punta la Islita","coordinates moved up one row (one-row offset)","-42.93 -64.5","-41.96 -65.06"
4584,"RLS","La Islita","coordinates moved up one row (one-row offset)","-41.96 -65.06","-41.95 -65.06"
4585,"RLS","Alejos Crack","coordinates moved up one row (one-row offset)","-41.95 -65.06","-41.94 -65.06"
4586,"RLS","Pafer","coordinates moved up one row (one-row offset)","-41.94 -65.06","-42.63 -64.26"
4587,"RLS","PNU","coordinates moved up one row (one-row offset)","-42.63 -64.26","-42.62 -64.28"
4588,"RLS","Colombo","coordinates moved up one row (one-row offset)","-42.62 -64.28","-42.63 -64.24"
4589,"RLS","Wreck Mirralles","coordinates moved up one row (one-row offset)","-42.63 -64.24","-42.77 -64.97"
4590,"RLS","Punta Este","coordinates moved up one row (one-row offset)","-42.77 -64.97","-42.78 -64.95"
4591,"RLS","Sitio Top Secret","coordinates moved up one row (one-row offset)","-42.78 -64.95","-42.77 -64.94"
4592,"RLS","El Bosque","coordinates moved up one row (one-row offset)","-42.77 -64.94","-42.94 -64.46"
4593,"RLS","El Pedral","coordinates moved up one row (one-row offset)","-42.94 -64.46","-42.95 -64.43"
4594,"RLS","CBC 30 N","coordinates moved up one row (one-row offset)","-42.95 -64.43","16.8 -88.08"
4595,"RLS","CBC 30 S","coordinates moved up one row (one-row offset)","16.8 -88.08","16.8 -88.08"
4596,"RLS","Golden Reef","coordinates moved up one row (one-row offset)","16.8 -88.08","16.81 -88.09"
4597,"RLS","Pelican Reef","coordinates moved up one row (one-row offset)","16.81 -88.09","16.75 -88.1"
4598,"RLS","Curlew Wall","coordinates moved up one row (one-row offset)","16.75 -88.1","16.79 -88.08"
4599,"RLS","CB Highway","coordinates moved up one row (one-row offset)","16.79 -88.08","16.81 -88.08"
4600,"RLS","South Reef","coordinates moved up one row (one-row offset)","16.81 -88.08","16.78 -88.08"
4601,"RLS","Tobacco Reef 30","coordinates moved up one row (one-row offset)","16.78 -88.08","16.87 -88.07"
4602,"RLS","Curlew patch reef","coordinates moved up one row (one-row offset)","16.87 -88.07","16.78 -88.1"
4603,"RLS","CBC Reef","coordinates moved up one row (one-row offset)","16.78 -88.1","16.8 -88.08"
4604,"RLS","CBC Lagoon 15","coordinates moved up one row (one-row offset)","16.8 -88.08","16.81 -88.09"
4605,"RLS","CBC House Reef","coordinates moved up one row (one-row offset)","16.81 -88.09","16.8 -88.08"
4606,"RLS","PAB04","coordinates moved up one row (one-row offset)","16.8 -88.08","-17.96 -38.66"
4607,"RLS","PA1","coordinates moved up one row (one-row offset)","-17.96 -38.66","-17.7 -38.94"
4608,"RLS","PAB03","coordinates moved up one row (one-row offset)","-17.7 -38.94","-18 -38.67"
4609,"RLS","Lighthouse Santa Barbara","coordinates moved up one row (one-row offset)","-18 -38.67","-17.97 -38.69"
4610,"RLS","PAB2","coordinates moved up one row (one-row offset)","-17.97 -38.69","-17.98 -38.67"
4611,"RLS","Juarita Isla","coordinates moved up one row (one-row offset)","-17.98 -38.67","-17.96 -38.69"
4612,"RLS","Isla Santa Barbara","coordinates moved up one row (one-row offset)","-17.96 -38.69","-17.96 -38.7"
4613,"RLS","TIM2","coordinates moved up one row (one-row offset)","-17.96 -38.7","-17.48 -39.03"
4614,"RLS","Near ARENG","coordinates moved up one row (one-row offset)","-17.48 -39.03","-17.66 -39"
4615,"RLS","ARENG","coordinates moved up one row (one-row offset)","-17.66 -39","-17.67 -39"
4616,"RLS","S2 Serrana","coordinates moved up one row (one-row offset)","-17.67 -39","14.31 -80.37"
4617,"RLS","S10 Serrana","coordinates moved up one row (one-row offset)","14.31 -80.37","14.36 -80.28"
4618,"RLS","Gardens","coordinates moved up one row (one-row offset)","14.36 -80.28","14.35 -80.22"
4619,"RLS","S35 Serrana","coordinates moved up one row (one-row offset)","14.35 -80.22","14.36 -80.23"
4620,"RLS","S25Serrana","coordinates moved up one row (one-row offset)","14.36 -80.23","14.41 -80.19"
4621,"RLS","S30 Serrana","coordinates moved up one row (one-row offset)","14.41 -80.19","14.46 -80.26"
4622,"RLS","S18Serrana","coordinates moved up one row (one-row offset)","14.46 -80.26","14.46 -80.24"
4623,"RLS","Little Nirvana","coordinates moved up one row (one-row offset)","14.46 -80.24","14.3 -80.36"
4624,"RLS","Grand Cayman anchorage","coordinates moved up one row (one-row offset)","14.3 -80.36","19.31 -81.39"
4625,"RLS","Islote Marchand","coordinates moved up one row (one-row offset)","19.31 -81.39","-54.93 -67.68"
4626,"RLS","Pena Blanca offshore","coordinates moved up one row (one-row offset)","-54.93 -67.68","-33.36 -71.7"
4627,"RLS","Pena Blanca","coordinates moved up one row (one-row offset)","-33.36 -71.7","-33.36 -71.69"
4628,"RLS","Algarrobo","coordinates moved up one row (one-row offset)","-33.36 -71.69","-33.36 -71.67"
4629,"RLS","Algarrobo Marina","coordinates moved up one row (one-row offset)","-33.36 -71.67","-33.37 -71.68"
4630,"RLS","ECIM South","coordinates moved up one row (one-row offset)","-33.37 -71.68","-33.5 -71.63"
4631,"RLS","ECIM Reserve South","coordinates moved up one row (one-row offset)","-33.5 -71.63","-33.5 -71.63"
4632,"RLS","ECIM Medio","coordinates moved up one row (one-row offset)","-33.5 -71.63","-33.5 -71.63"
4633,"RLS","ECIM Norte","coordinates moved up one row (one-row offset)","-33.5 -71.63","-33.5 -71.64"
4634,"RLS","Bahï¿½ï¿½a Oeste Puerto Williams","coordinates moved up one row (one-row offset)","-33.5 -71.64","-54.92 -67.78"
4635,"RLS","Ramuntcho3","coordinates moved up one row (one-row offset)","-54.92 -67.78","-36.75 -73.19"
4636,"RLS","Ramuntcho4","coordinates moved up one row (one-row offset)","-36.75 -73.19","-36.74 -73.19"
4637,"RLS","Islas Gemelos","coordinates moved up one row (one-row offset)","-36.74 -73.19","-54.92 -67.36"
4638,"RLS","Puerto Williams este","coordinates moved up one row (one-row offset)","-54.92 -67.36","-54.93 -67.41"
4639,"RLS","Puerto Navarino oeste","coordinates moved up one row (one-row offset)","-54.93 -67.41","-54.92 -68.37"
4640,"RLS","Murray Channel NW","coordinates moved up one row (one-row offset)","-54.92 -68.37","-54.95 -68.4"
4641,"RLS","Ponsonby Bay NW","coordinates moved up one row (one-row offset)","-54.95 -68.4","-55.04 -68.44"
4642,"RLS","Ponsonby Bay central east","coordinates moved up one row (one-row offset)","-55.04 -68.44","-55.05 -68.42"
4643,"RLS","South Bay East","coordinates moved up one row (one-row offset)","-55.05 -68.42","-26.47 -105.36"
4644,"RLS","Hanga Roa Pt Nth Easter Island","coordinates moved up one row (one-row offset)","-26.47 -105.36","-27.11 -109.42"
4645,"RLS","The Moai Easter Island","coordinates moved up one row (one-row offset)","-27.11 -109.42","-27.15 -109.44"
4646,"RLS","Hanga Roa Sth Easter Island","coordinates moved up one row (one-row offset)","-27.15 -109.44","-27.15 -109.44"
4647,"RLS","Hanga Roa SW Easter Island","coordinates moved up one row (one-row offset)","-27.15 -109.44","-27.15 -109.44"
4648,"RLS","Anchor Reef Easter Island","coordinates moved up one row (one-row offset)","-27.15 -109.44","-27.14 -109.44"
4649,"RLS","MotuTautara Sth EasterIsland","coordinates moved up one row (one-row offset)","-27.14 -109.44","-27.11 -109.42"
4650,"RLS","Pta Hanga Piko Easter Island","coordinates moved up one row (one-row offset)","-27.11 -109.42","-27.16 -109.45"
4651,"RLS","MotuTautara Easter Island","coordinates moved up one row (one-row offset)","-27.16 -109.45","-27.11 -109.42"
4652,"RLS","Nth Bay Sal y Gomez","coordinates moved up one row (one-row offset)","-27.11 -109.42","-26.47 -105.36"
4653,"RLS","South Bay West","coordinates moved up one row (one-row offset)","-26.47 -105.36","-26.47 -105.36"
4654,"RLS","East Bommie Sal y Gomez","coordinates moved up one row (one-row offset)","-26.47 -105.36","-26.47 -105.36"
4655,"RLS","South West Point","coordinates moved up one row (one-row offset)","-26.47 -105.36","-26.47 -105.37"
4656,"RLS","NE Ridge Sal y Gomez","coordinates moved up one row (one-row offset)","-26.47 -105.37","-26.47 -105.36"
4657,"RLS","North Bay","coordinates moved up one row (one-row offset)","-26.47 -105.36","-26.47 -105.36"
4658,"RLS","Sth Point Sal y Gomez","coordinates moved up one row (one-row offset)","-26.47 -105.36","-26.47 -105.36"
4659,"RLS","Pta Cook Easter Island","coordinates moved up one row (one-row offset)","-26.47 -105.36","-27.13 -109.43"
4660,"RLS","Punta Huinay","coordinates moved up one row (one-row offset)","-27.13 -109.43","-42.37 -72.43"
4661,"RLS","Shipwreck,Lagartija Island","coordinates moved up one row (one-row offset)","-42.37 -72.43","-41.81 -73.29"
4662,"RLS","X Huinay","coordinates moved up one row (one-row offset)","-41.81 -73.29","-42.39 -72.46"
4663,"RLS","Lilihuapi Wall","coordinates moved up one row (one-row offset)","-42.39 -72.46","-42.16 -72.6"
4664,"RLS","Huinay Muelle","coordinates moved up one row (one-row offset)","-42.16 -72.6","-42.38 -72.42"
4665,"RLS","Fjord Cahuelmo S entrance","coordinates moved up one row (one-row offset)","-42.38 -72.42","-42.27 -72.45"
4666,"RLS","Fjord Cahuelmo N entrance","coordinates moved up one row (one-row offset)","-42.27 -72.45","-42.26 -72.43"
4667,"RLS","Punta Gruesa","coordinates moved up one row (one-row offset)","-42.26 -72.43","-42.41 -72.42"
4668,"RLS","SWALL","coordinates moved up one row (one-row offset)","-42.41 -72.42","-42.32 -72.46"
4669,"RLS","Punta Llonco","coordinates moved up one row (one-row offset)","-42.32 -72.46","-42.34 -72.46"
4670,"RLS","Morro Gonzalo","coordinates moved up one row (one-row offset)","-42.34 -72.46","-39.85 -73.45"
4671,"RLS","Bahï¿½ï¿½a Guacamaya  Costa Rica","coordinates moved up one row (one-row offset)","-39.85 -73.45","10.52 -85.79"
4672,"RLS","Monkeys Head Costa Rica","coordinates moved up one row (one-row offset)","10.52 -85.79","10.61 -85.7"
4673,"RLS","Punta Ulloa (d) Cocos","coordinates moved up one row (one-row offset)","10.61 -85.7","5.55 -87.03"
4674,"RLS","Isla Paraja (s) Cocos","coordinates moved up one row (one-row offset)","5.55 -87.03","5.55 -87.05"
4675,"RLS","Isla Manuelita afuera (s) Cocos","coordinates moved up one row (one-row offset)","5.55 -87.05","5.56 -87.05"
4676,"RLS","Punta Maria (d) Cocos","coordinates moved up one row (one-row offset)","5.56 -87.05","5.53 -87.09"
4677,"RLS","Punta Maria (s) Cocos","coordinates moved up one row (one-row offset)","5.53 -87.09","5.53 -87.09"
4678,"RLS","Bahï¿½ï¿½a Western (s) Cocos","coordinates moved up one row (one-row offset)","5.53 -87.09","5.55 -87.05"
4679,"RLS","Punta Ulloa","coordinates moved up one row (one-row offset)","5.55 -87.05","5.55 -87.03"
4680,"RLS","Isla Manuelita","coordinates moved up one row (one-row offset)","5.55 -87.03","5.56 -87.05"
4681,"RLS","Manuelita Afuera","coordinates moved up one row (one-row offset)","5.56 -87.05","5.56 -87.05"
4682,"RLS","Isla Pajara - Bird Island","coordinates moved up one row (one-row offset)","5.56 -87.05","5.55 -87.05"
4683,"RLS","Rodolitos","coordinates moved up one row (one-row offset)","5.55 -87.05","5.55 -87.03"
4684,"RLS","Atrevido","coordinates moved up one row (one-row offset)","5.55 -87.03","5.53 -87.03"
4685,"RLS","Punta Maria","coordinates moved up one row (one-row offset)","5.53 -87.03","5.54 -87.09"
4686,"RLS","Roca Sucia","coordinates moved up one row (one-row offset)","5.54 -87.09","5.55 -87.08"
4687,"RLS","Punta Gissler","coordinates moved up one row (one-row offset)","5.55 -87.08","5.54 -87.07"
4688,"RLS","Punta Presidio","coordinates moved up one row (one-row offset)","5.54 -87.07","5.55 -87.06"
4689,"RLS","Roca Sumergida","coordinates moved up one row (one-row offset)","5.55 -87.06","5.5 -87.08"
4690,"RLS","Bahï¿½ï¿½a Wafer","coordinates moved up one row (one-row offset)","5.5 -87.08","5.55 -87.06"
4691,"RLS","Silverado Norte","coordinates moved up one row (one-row offset)","5.55 -87.06","5.55 -87.03"
4692,"RLS","Dos Amigos","coordinates moved up one row (one-row offset)","5.55 -87.03","5.51 -87.1"
4693,"RLS","Roca Aleta de Tiburï¿½ï¿½n","coordinates moved up one row (one-row offset)","5.51 -87.1","5.49 -87.09"
4694,"RLS","Punta Leonel","coordinates moved up one row (one-row offset)","5.49 -87.09","5.52 -87.1"
4695,"RLS","Bahï¿½ï¿½a Iglesias","coordinates moved up one row (one-row offset)","5.52 -87.1","5.51 -87.07"
4696,"RLS","Bahï¿½ï¿½a Inutil","coordinates moved up one row (one-row offset)","5.51 -87.07","5.52 -87.05"
4697,"RLS","Bahï¿½ï¿½a Carrillo 1","coordinates moved up one row (one-row offset)","5.52 -87.05","9.86 -85.49"
4698,"RLS","Isla Chora","coordinates moved up one row (one-row offset)","9.86 -85.49","9.86 -85.52"
4699,"RLS","Bahï¿½ï¿½a Carrillo 2 (NW)","coordinates moved up one row (one-row offset)","9.86 -85.52","9.87 -85.5"
4700,"RLS","Bahï¿½ï¿½a Carrillo 3 (N)","coordinates moved up one row (one-row offset)","9.87 -85.5","9.86 -85.49"
4701,"RLS","Bahï¿½ï¿½a Carrillo 4","coordinates moved up one row (one-row offset)","9.86 -85.49","9.86 -85.5"
4702,"RLS","Punta Muneco","coordinates moved up one row (one-row offset)","9.86 -85.5","9.85 -85.47"
4703,"RLS","Camaronal Este","coordinates moved up one row (one-row offset)","9.85 -85.47","9.85 -85.42"
4704,"RLS","Bahï¿½ï¿½a Islita","coordinates moved up one row (one-row offset)","9.85 -85.42","9.85 -85.4"
4705,"RLS","Punta Islita","coordinates moved up one row (one-row offset)","9.85 -85.4","9.84 -85.4"
4706,"RLS","Bahï¿½ï¿½a Camaronal","coordinates moved up one row (one-row offset)","9.84 -85.4","9.85 -85.46"
4707,"RLS","Punta Corsalito","coordinates moved up one row (one-row offset)","9.85 -85.46","9.84 -85.37"
4708,"RLS","Coyote Caves","coordinates moved up one row (one-row offset)","9.84 -85.37","9.77 -85.27"
4709,"RLS","Punta Bejuco","coordinates moved up one row (one-row offset)","9.77 -85.27","9.82 -85.33"
4710,"RLS","Caletas","coordinates moved up one row (one-row offset)","9.82 -85.33","9.76 -85.27"
4711,"RLS","CaletasN","coordinates moved up one row (one-row offset)","9.76 -85.27","9.76 -85.27"
4712,"RLS","Punta San Josï¿½ï¿½","coordinates moved up one row (one-row offset)","9.76 -85.27","8.68 -83.72"
4713,"RLS","Chorro","coordinates moved up one row (one-row offset)","8.68 -83.72","8.71 -83.87"
4714,"RLS","Pharo","coordinates moved up one row (one-row offset)","8.71 -83.87","8.7 -83.9"
4715,"RLS","The Garden","coordinates moved up one row (one-row offset)","8.7 -83.9","8.71 -83.88"
4716,"RLS","Station West","coordinates moved up one row (one-row offset)","8.71 -83.88","8.71 -83.89"
4717,"RLS","Ship Wreck","coordinates moved up one row (one-row offset)","8.71 -83.89","8.72 -83.88"
4718,"RLS","Cano Coral Gardens","coordinates moved up one row (one-row offset)","8.72 -83.88","8.72 -83.87"
4719,"RLS","Caulerpa Gardens","coordinates moved up one row (one-row offset)","8.72 -83.87","8.7 -83.89"
4720,"RLS","Diablo","coordinates moved up one row (one-row offset)","8.7 -83.89","8.7 -83.91"
4721,"RLS","Paradiso","coordinates moved up one row (one-row offset)","8.7 -83.91","8.73 -83.83"
4722,"RLS","Punta San Pedro","coordinates moved up one row (one-row offset)","8.73 -83.83","8.64 -83.74"
4723,"RLS","Roca Matapalo","coordinates moved up one row (one-row offset)","8.64 -83.74","8.37 -83.29"
4724,"RLS","Acuario, Isla de la Plata","coordinates moved up one row (one-row offset)","8.37 -83.29","-1.27 -81.05"
4725,"RLS","Ahorcado","coordinates moved up one row (one-row offset)","-1.27 -81.05","-1.67 -80.83"
4726,"RLS","Arco Darwin","coordinates moved up one row (one-row offset)","-1.67 -80.83","1.67 -91.99"
4727,"RLS","Arrecife Antiguo","coordinates moved up one row (one-row offset)","1.67 -91.99","1.67 -91.99"
4728,"RLS","Arrecife Escondido","coordinates moved up one row (one-row offset)","1.67 -91.99","1.68 -92.01"
4729,"RLS","Bahï¿½ï¿½a Darwin Pared Este","coordinates moved up one row (one-row offset)","1.68 -92.01","0.3 -89.95"
4730,"RLS","Bahï¿½ï¿½a Darwin Pared Norte","coordinates moved up one row (one-row offset)","0.3 -89.95","0.31 -89.95"
4731,"RLS","Bahï¿½ï¿½a Gardner Norte (1)","coordinates moved up one row (one-row offset)","0.31 -89.95","-1.34 -89.67"
4732,"RLS","Bahï¿½ï¿½a Gardner Norte (2)","coordinates moved up one row (one-row offset)","-1.34 -89.67","-1.35 -89.66"
4733,"RLS","Bahï¿½ï¿½a Gardner Sur","coordinates moved up one row (one-row offset)","-1.35 -89.66","-1.37 -89.63"
4734,"RLS","Bahï¿½ï¿½a Raya, Isla de la Plata","coordinates moved up one row (one-row offset)","-1.37 -89.63","-1.28 -81.07"
4735,"RLS","Bahï¿½ï¿½a Sullivan","coordinates moved up one row (one-row offset)","-1.28 -81.07","-0.28 -90.57"
4736,"RLS","Bajo Gardner","coordinates moved up one row (one-row offset)","-0.28 -90.57","-1.35 -89.64"
4737,"RLS","Bartolomï¿½ï¿½","coordinates moved up one row (one-row offset)","-1.35 -89.64","-0.28 -90.54"
4738,"RLS","Cabo Douglas Fondeadero","coordinates moved up one row (one-row offset)","-0.28 -90.54","-0.3 -91.65"
4739,"RLS","Cabo Douglas Piedra Blanca","coordinates moved up one row (one-row offset)","-0.3 -91.65","-0.3 -91.65"
4740,"RLS","Cabo Douglas Sur (1)","coordinates moved up one row (one-row offset)","-0.3 -91.65","-0.32 -91.67"
4741,"RLS","Cabo Douglas Sur (2)","coordinates moved up one row (one-row offset)","-0.32 -91.67","-0.31 -91.66"
4742,"RLS","Caleta Tagus Turismo (1)","coordinates moved up one row (one-row offset)","-0.31 -91.66","-0.26 -91.38"
4743,"RLS","Caleta Tagus Turismo (2)","coordinates moved up one row (one-row offset)","-0.26 -91.38","-0.27 -91.37"
4744,"RLS","Caseta PNG (1)","coordinates moved up one row (one-row offset)","-0.27 -91.37","-0.3 -91.36"
4745,"RLS","Caseta PNG (2)","coordinates moved up one row (one-row offset)","-0.3 -91.36","-0.31 -91.35"
4746,"RLS","Cerro Colorado","coordinates moved up one row (one-row offset)","-0.31 -91.35","-1.38 -89.62"
4747,"RLS","Corona del Diablo Norte","coordinates moved up one row (one-row offset)","-1.38 -89.62","-1.22 -90.42"
4748,"RLS","Corona del Diablo Sur","coordinates moved up one row (one-row offset)","-1.22 -90.42","-1.22 -90.42"
4749,"RLS","Darwin Fondeadero Norte","coordinates moved up one row (one-row offset)","-1.22 -90.42","1.68 -92"
4750,"RLS","Darwin Fondeadero Sur","coordinates moved up one row (one-row offset)","1.68 -92","1.68 -92"
4751,"RLS","El Muerto","coordinates moved up one row (one-row offset)","1.68 -92","-0.3 -90.55"
4752,"RLS","Faro Isla de la Plata","coordinates moved up one row (one-row offset)","-0.3 -90.55","-1.26 -81.06"
4753,"RLS","Genovesa Fondeadero Norte (1)","coordinates moved up one row (one-row offset)","-1.26 -81.06","0.34 -89.97"
4754,"RLS","Genovesa Fondeadero Norte (2)","coordinates moved up one row (one-row offset)","0.34 -89.97","0.34 -89.98"
4755,"RLS","Genovesa Protecciï¿½ï¿½n Este","coordinates moved up one row (one-row offset)","0.34 -89.98","0.3 -89.94"
4756,"RLS","Genovesa Protecciï¿½ï¿½n Oeste","coordinates moved up one row (one-row offset)","0.3 -89.94","0.31 -89.97"
4757,"RLS","Horno de Pan","coordinates moved up one row (one-row offset)","0.31 -89.97","-1.49 -80.81"
4758,"RLS","Isla Gardner","coordinates moved up one row (one-row offset)","-1.49 -80.81","-1.34 -89.64"
4759,"RLS","Isla Sombrerito","coordinates moved up one row (one-row offset)","-1.34 -89.64","-1.4 -80.77"
4760,"RLS","Islote Espejo","coordinates moved up one row (one-row offset)","-1.4 -80.77","0.31 -90.4"
4761,"RLS","Islote Sucre","coordinates moved up one row (one-row offset)","0.31 -90.4","-1.47 -80.78"
4762,"RLS","Islote Xarifa Sur","coordinates moved up one row (one-row offset)","-1.47 -80.78","-1.36 -89.64"
4763,"RLS","La Botella","coordinates moved up one row (one-row offset)","-1.36 -89.64","-1.29 -90.5"
4764,"RLS","Las Cuevas Norte","coordinates moved up one row (one-row offset)","-1.29 -90.5","-1.25 -90.37"
4765,"RLS","Las Cuevas Sur","coordinates moved up one row (one-row offset)","-1.25 -90.37","-1.26 -90.36"
4766,"RLS","Llorona","coordinates moved up one row (one-row offset)","-1.26 -90.36","-1.47 -80.79"
4767,"RLS","Los Caï¿½ï¿½ones Pesca (1)","coordinates moved up one row (one-row offset)","-1.47 -80.79","-0.33 -91.34"
4768,"RLS","Los Caï¿½ï¿½ones Pesca (2)","coordinates moved up one row (one-row offset)","-0.33 -91.34","-0.33 -91.34"
4769,"RLS","Los Islotes Salango","coordinates moved up one row (one-row offset)","-0.33 -91.34","-1.6 -80.86"
4770,"RLS","Palo Santo Isla de la Plata","coordinates moved up one row (one-row offset)","-1.6 -80.86","-1.28 -81.05"
4771,"RLS","Paraï¿½ï¿½so de Pedro","coordinates moved up one row (one-row offset)","-1.28 -81.05","-0.33 -91.66"
4772,"RLS","Pedernales Machalilla","coordinates moved up one row (one-row offset)","-0.33 -91.66","-1.5 -80.8"
4773,"RLS","Playa Tortuga Negra (1)","coordinates moved up one row (one-row offset)","-1.5 -80.8","-0.26 -91.39"
4774,"RLS","Playa Tortuga Negra (2)","coordinates moved up one row (one-row offset)","-0.26 -91.39","-0.26 -91.39"
4775,"RLS","Punta Aeropuerto Isla de la Plata","coordinates moved up one row (one-row offset)","-0.26 -91.39","-1.28 -81.08"
4776,"RLS","Punta Ballena Isla de la Plata","coordinates moved up one row (one-row offset)","-1.28 -81.08","-1.28 -81.05"
4777,"RLS","Punta Calle Este","coordinates moved up one row (one-row offset)","-1.28 -81.05","0.28 -90.49"
4778,"RLS","Punta Calle Oeste","coordinates moved up one row (one-row offset)","0.28 -90.49","0.29 -90.5"
4779,"RLS","Punta Cormorï¿½ï¿½n","coordinates moved up one row (one-row offset)","0.29 -90.5","-1.23 -90.42"
4780,"RLS","Punta Espinosa Norte (1)","coordinates moved up one row (one-row offset)","-1.23 -90.42","-0.27 -91.44"
4781,"RLS","Punta Espinosa Norte (2)","coordinates moved up one row (one-row offset)","-0.27 -91.44","-0.26 -91.44"
4782,"RLS","Punta Espinosa Sur (1)","coordinates moved up one row (one-row offset)","-0.26 -91.44","-0.27 -91.44"
4783,"RLS","Punta Espinosa Sur (2)","coordinates moved up one row (one-row offset)","-0.27 -91.44","-0.27 -91.43"
4784,"RLS","Punta Luz de Dï¿½ï¿½a","coordinates moved up one row (one-row offset)","-0.27 -91.43","-1.23 -90.47"
4785,"RLS","Punta Luz de Dï¿½ï¿½a Oeste","coordinates moved up one row (one-row offset)","-1.23 -90.47","-1.23 -90.47"
4786,"RLS","Punta Machete Isla de la Plata","coordinates moved up one row (one-row offset)","-1.23 -90.47","-1.26 -81.07"
4787,"RLS","Punta Mala","coordinates moved up one row (one-row offset)","-1.26 -81.07","-1.52 -80.82"
4788,"RLS","Punta Moreno Pesca (1)","coordinates moved up one row (one-row offset)","-1.52 -80.82","-0.69 -91.32"
4789,"RLS","Punta Moreno Pesca (2)","coordinates moved up one row (one-row offset)","-0.69 -91.32","-0.69 -91.32"
4790,"RLS","Punta Moreno Prot (1)","coordinates moved up one row (one-row offset)","-0.69 -91.32","-0.72 -91.34"
4791,"RLS","Punta Moreno Prot (2)","coordinates moved up one row (one-row offset)","-0.72 -91.34","-0.73 -91.35"
4792,"RLS","Punta Moreno Turismo (1)","coordinates moved up one row (one-row offset)","-0.73 -91.35","-0.7 -91.33"
4793,"RLS","Punta Moreno Turismo (2)","coordinates moved up one row (one-row offset)","-0.7 -91.33","-0.7 -91.33"
4794,"RLS","Punta Priscila (1)","coordinates moved up one row (one-row offset)","-0.7 -91.33","-0.37 -91.38"
4795,"RLS","Punta Priscila (2)","coordinates moved up one row (one-row offset)","-0.37 -91.38","-0.37 -91.38"
4796,"RLS","Punta Vicente Roca Pesca (1)","coordinates moved up one row (one-row offset)","-0.37 -91.38","-0.04 -91.53"
4797,"RLS","Punta Vicente Roca Pesca (2)","coordinates moved up one row (one-row offset)","-0.04 -91.53","-0.04 -91.52"
4798,"RLS","Punta Vicente Roca Prot (1)","coordinates moved up one row (one-row offset)","-0.04 -91.52","-0.05 -91.55"
4799,"RLS","Punta Vicente Roca Prot (2)","coordinates moved up one row (one-row offset)","-0.05 -91.55","-0.05 -91.54"
4800,"RLS","Punta Vicente Roca Turismo (1)","coordinates moved up one row (one-row offset)","-0.05 -91.54","-0.05 -91.56"
4801,"RLS","Punta Vicente Roca Turismo (2)","coordinates moved up one row (one-row offset)","-0.05 -91.56","-0.05 -91.56"
4802,"RLS","Roca Cousins","coordinates moved up one row (one-row offset)","-0.05 -91.56","-0.24 -90.57"
4803,"RLS","Roca Espejo","coordinates moved up one row (one-row offset)","-0.24 -90.57","0.31 -90.4"
4804,"RLS","Salango Sur","coordinates moved up one row (one-row offset)","0.31 -90.4","-1.59 -80.87"
4805,"RLS","Santiago Noreste (1)","coordinates moved up one row (one-row offset)","-1.59 -80.87","-0.23 -90.59"
4806,"RLS","Santiago Noreste (2)","coordinates moved up one row (one-row offset)","-0.23 -90.59","-0.24 -90.58"
4807,"RLS","Tres Cuevitas","coordinates moved up one row (one-row offset)","-0.24 -90.58","-1.24 -90.41"
4808,"RLS","Wolf Colonia de Lobos Norte","coordinates moved up one row (one-row offset)","-1.24 -90.41","1.38 -91.81"
4809,"RLS","Wolf Colonia de Lobos Sur","coordinates moved up one row (one-row offset)","1.38 -91.81","1.38 -91.81"
4810,"RLS","Wolf Corales (1)","coordinates moved up one row (one-row offset)","1.38 -91.81","1.39 -91.82"
4811,"RLS","Wolf Corales (2)","coordinates moved up one row (one-row offset)","1.39 -91.82","1.39 -91.82"
4812,"RLS","Wolf Fondeadero (1)","coordinates moved up one row (one-row offset)","1.39 -91.82","1.38 -91.82"
4813,"RLS","Wolf Fondeadero (2)","coordinates moved up one row (one-row offset)","1.38 -91.82","1.38 -91.82"
4814,"RLS","Punta Estrada","coordinates moved up one row (one-row offset)","1.38 -91.82","-0.76 -90.31"
4815,"RLS","Floreana Norte","coordinates moved up one row (one-row offset)","-0.76 -90.31","-1.24 -90.4"
4816,"RLS","Caldwell","coordinates moved up one row (one-row offset)","-1.24 -90.4","-1.31 -90.34"
4817,"RLS","Gardener Caves","coordinates moved up one row (one-row offset)","-1.31 -90.34","-1.34 -90.3"
4818,"RLS","Cochon I","coordinates moved up one row (one-row offset)","-1.34 -90.3","-51.6 -57.79"
4819,"RLS","Kidney Cove N","coordinates moved up one row (one-row offset)","-51.6 -57.79","-51.62 -57.77"
4820,"RLS","Bottom Tussock I","coordinates moved up one row (one-row offset)","-51.62 -57.77","-51.67 -57.74"
4821,"RLS","Surf Bay","coordinates moved up one row (one-row offset)","-51.67 -57.74","-51.69 -57.77"
4822,"RLS","Hamblin Bay","coordinates moved up one row (one-row offset)","-51.69 -57.77","-51.66 -57.82"
4823,"RLS","Punta Pescador East","coordinates moved up one row (one-row offset)","-51.66 -57.82","28.94 -113.39"
4824,"RLS","El Cantil","coordinates moved up one row (one-row offset)","28.94 -113.39","23.44 -109.41"
4825,"RLS","El Bajo","coordinates moved up one row (one-row offset)","23.44 -109.41","23.46 -109.41"
4826,"RLS","El Bladito","coordinates moved up one row (one-row offset)","23.46 -109.41","23.36 -109.42"
4827,"RLS","El Bladito Sur","coordinates moved up one row (one-row offset)","23.36 -109.42","23.36 -109.42"
4828,"RLS","El Islote","coordinates moved up one row (one-row offset)","23.36 -109.42","23.41 -109.41"
4829,"RLS","Las Navajas","coordinates moved up one row (one-row offset)","23.41 -109.41","23.45 -109.42"
4830,"RLS","Los Chopitos","coordinates moved up one row (one-row offset)","23.45 -109.42","23.4 -109.42"
4831,"RLS","Tintorera","coordinates moved up one row (one-row offset)","23.4 -109.42","24.56 -110.41"
4832,"RLS","San Gabriel","coordinates moved up one row (one-row offset)","24.56 -110.41","24.43 -110.36"
4833,"RLS","Piedra de Swan","coordinates moved up one row (one-row offset)","24.43 -110.36","24.39 -110.31"
4834,"RLS","Punta Pescador West","coordinates moved up one row (one-row offset)","24.39 -110.31","28.94 -113.39"
4835,"RLS","Chileno Bay South","coordinates moved up one row (one-row offset)","28.94 -113.39","22.94 -109.81"
4836,"RLS","Chileno Bay North","coordinates moved up one row (one-row offset)","22.94 -109.81","22.95 -109.8"
4837,"RLS","Balleno Head","coordinates moved up one row (one-row offset)","22.95 -109.8","22.9 -109.84"
4838,"RLS","La Unica North","coordinates moved up one row (one-row offset)","22.9 -109.84","28.93 -113.38"
4839,"RLS","La Unica South","coordinates moved up one row (one-row offset)","28.93 -113.38","28.92 -113.38"
4840,"RLS","Little Smith Island Bay","coordinates moved up one row (one-row offset)","28.92 -113.38","29.1 -113.53"
4841,"RLS","Little Smith Island","coordinates moved up one row (one-row offset)","29.1 -113.53","29.1 -113.53"
4842,"RLS","Isla Smith Point","coordinates moved up one row (one-row offset)","29.1 -113.53","29.08 -113.5"
4843,"RLS","Isla Smith","coordinates moved up one row (one-row offset)","29.08 -113.5","29.08 -113.51"
4844,"RLS","Los Morros","coordinates moved up one row (one-row offset)","29.08 -113.51","23.46 -109.41"
4845,"RLS","Vista Blue","coordinates moved up one row (one-row offset)","23.46 -109.41","12.03 -68.26"
4846,"RLS","Angel City South","coordinates moved up one row (one-row offset)","12.03 -68.26","12.1 -68.29"
4847,"RLS","Invisibles North","coordinates moved up one row (one-row offset)","12.1 -68.29","12.07 -68.28"
4848,"RLS","Red Slave","coordinates moved up one row (one-row offset)","12.07 -68.28","12.03 -68.25"
4849,"RLS","Atlantis","coordinates moved up one row (one-row offset)","12.03 -68.25","12.03 -68.26"
4850,"RLS","1000 Steps","coordinates moved up one row (one-row offset)","12.03 -68.26","12.21 -68.32"
4851,"RLS","Pink Beach","coordinates moved up one row (one-row offset)","12.21 -68.32","12.06 -68.28"
4852,"RLS","Jeff Davis","coordinates moved up one row (one-row offset)","12.06 -68.28","12.2 -68.31"
4853,"RLS","Tolo","coordinates moved up one row (one-row offset)","12.2 -68.31","12.21 -68.33"
4854,"RLS","Weber's Joy","coordinates moved up one row (one-row offset)","12.21 -68.33","12.21 -68.32"
4855,"RLS","Karpata","coordinates moved up one row (one-row offset)","12.21 -68.32","12.22 -68.35"
4856,"RLS","Windsock","coordinates moved up one row (one-row offset)","12.22 -68.35","12.13 -68.29"
4857,"RLS","The Lake","coordinates moved up one row (one-row offset)","12.13 -68.29","12.11 -68.29"
4858,"RLS","Oil Slick","coordinates moved up one row (one-row offset)","12.11 -68.29","12.2 -68.31"
4859,"RLS","Punta Clavo","coordinates moved up one row (one-row offset)","12.2 -68.31","11.11 -85.78"
4860,"RLS","Peï¿½ï¿½a Rota Norte","coordinates moved up one row (one-row offset)","11.11 -85.78","11.23 -85.87"
4861,"RLS","El Ancla","coordinates moved up one row (one-row offset)","11.23 -85.87","11.26 -85.89"
4862,"RLS","Nacas Colo","coordinates moved up one row (one-row offset)","11.26 -85.89","11.27 -85.9"
4863,"RLS","Marsella","coordinates moved up one row (one-row offset)","11.27 -85.9","11.28 -85.91"
4864,"RLS","Majahual","coordinates moved up one row (one-row offset)","11.28 -85.91","11.3 -85.92"
4865,"RLS","El Toro","coordinates moved up one row (one-row offset)","11.3 -85.92","11.12 -85.8"
4866,"RLS","La Chanchera","coordinates moved up one row (one-row offset)","11.12 -85.8","11.13 -85.8"
4867,"RLS","El Canal de la Paloma Sur","coordinates moved up one row (one-row offset)","11.13 -85.8","11.19 -85.84"
4868,"RLS","El Bajo de la Paloma Sur","coordinates moved up one row (one-row offset)","11.19 -85.84","11.19 -85.84"
4869,"RLS","La Paloma Oeste","coordinates moved up one row (one-row offset)","11.19 -85.84","11.19 -85.84"
4870,"RLS","La Cocinera","coordinates moved up one row (one-row offset)","11.19 -85.84","11.11 -85.77"
4871,"RLS","El Fraile","coordinates moved up one row (one-row offset)","11.11 -85.77","11.2 -85.85"
4872,"RLS","El Fraile(2)","coordinates moved up one row (one-row offset)","11.2 -85.85","11.2 -85.85"
4873,"RLS","El Fraile(3)","coordinates moved up one row (one-row offset)","11.2 -85.85","11.2 -85.85"
4874,"RLS","La Anciana","coordinates moved up one row (one-row offset)","11.2 -85.85","11.35 -86"
4875,"RLS","Bajo de la Anciana","coordinates moved up one row (one-row offset)","11.35 -86","11.36 -86"
4876,"RLS","Piedra Cagada1","coordinates moved up one row (one-row offset)","11.36 -86","11.35 -86"
4877,"RLS","Piedra cagada2","coordinates moved up one row (one-row offset)","11.35 -86","11.35 -86"
4878,"RLS","Manzanillo","coordinates moved up one row (one-row offset)","11.35 -86","11.36 -86.01"
4879,"RLS","Gigante","coordinates moved up one row (one-row offset)","11.36 -86.01","11.39 -86.04"
4880,"RLS","Punta Gigante Norte","coordinates moved up one row (one-row offset)","11.39 -86.04","11.39 -86.04"
4881,"RLS","El Chinflonazo","coordinates moved up one row (one-row offset)","11.39 -86.04","11.11 -85.79"
4882,"RLS","Punta Gigante","coordinates moved up one row (one-row offset)","11.11 -85.79","11.38 -86.04"
4883,"RLS","la Anciana SE","coordinates moved up one row (one-row offset)","11.38 -86.04","11.35 -86"
4884,"RLS","Bahia Rendonda","coordinates moved up one row (one-row offset)","11.35 -86","11.38 -86.03"
4885,"RLS","El Flor","coordinates moved up one row (one-row offset)","11.38 -86.03","11.35 -85.99"
4886,"RLS","CONEJO","coordinates moved up one row (one-row offset)","11.35 -85.99","11.48 -86.16"
4887,"RLS","BAJOS DE CHACOCENTE","coordinates moved up one row (one-row offset)","11.48 -86.16","11.53 -86.2"
4888,"RLS","EL PEï¿½ï¿½ONCITO","coordinates moved up one row (one-row offset)","11.53 -86.2","11.54 -86.2"
4889,"RLS","Bajo del Tigre","coordinates moved up one row (one-row offset)","11.54 -86.2","11.12 -85.8"
4890,"RLS","Chicarias Abajo","coordinates moved up one row (one-row offset)","11.12 -85.8","11.13 -85.81"
4891,"RLS","Paloma Sur","coordinates moved up one row (one-row offset)","11.13 -85.81","11.19 -85.84"
4892,"RLS","Peï¿½ï¿½a Rota Sur","coordinates moved up one row (one-row offset)","11.19 -85.84","11.22 -85.85"
4893,"RLS","Popa","coordinates moved up one row (one-row offset)","11.22 -85.85","9.23 -82.11"
4894,"RLS","Crawl Cay","coordinates moved up one row (one-row offset)","9.23 -82.11","9.27 -82.12"
4895,"RLS","Almirante-Pondsak","coordinates moved up one row (one-row offset)","9.27 -82.12","9.29 -82.35"
4896,"RLS","Punta Caracal Reef","coordinates moved up one row (one-row offset)","9.29 -82.35","9.38 -82.3"
4897,"RLS","Casa Blanca","coordinates moved up one row (one-row offset)","9.38 -82.3","9.36 -82.27"
4898,"RLS","Solarte","coordinates moved up one row (one-row offset)","9.36 -82.27","9.34 -82.23"
4899,"RLS","Almirante","coordinates moved up one row (one-row offset)","9.34 -82.23","9.29 -82.34"
4900,"RLS","Pastores SE","coordinates moved up one row (one-row offset)","9.29 -82.34","9.24 -82.33"
4901,"RLS","Pastores","coordinates moved up one row (one-row offset)","9.24 -82.33","9.24 -82.34"
4902,"RLS","Coco Pt","coordinates moved up one row (one-row offset)","9.24 -82.34","9.3 -82.28"
4903,"RLS","Long Point","coordinates moved up one row (one-row offset)","9.3 -82.28","9.3 -82.29"
4904,"RLS","Hospital Point","coordinates moved up one row (one-row offset)","9.3 -82.29","9.33 -82.22"
4905,"RLS","STRI Point","coordinates moved up one row (one-row offset)","9.33 -82.22","9.35 -82.26"
4906,"RLS","Salt Creek","coordinates moved up one row (one-row offset)","9.35 -82.26","9.28 -82.1"
4907,"RLS","Porvenir1","coordinates moved up one row (one-row offset)","9.28 -82.1","9.56 -78.95"
4908,"RLS","Porvenir2","coordinates moved up one row (one-row offset)","9.56 -78.95","9.56 -78.95"
4909,"RLS","Porvenir3","coordinates moved up one row (one-row offset)","9.56 -78.95","9.56 -78.95"
4910,"RLS","Chichime SW","coordinates moved up one row (one-row offset)","9.56 -78.95","9.59 -78.89"
4911,"RLS","Chichime SE","coordinates moved up one row (one-row offset)","9.59 -78.89","9.58 -78.88"
4912,"RLS","Chichime NE","coordinates moved up one row (one-row offset)","9.58 -78.88","9.58 -78.87"
4913,"RLS","Isla Urava SE","coordinates moved up one row (one-row offset)","9.58 -78.87","8.77 -79.53"
4914,"RLS","El Hotel","coordinates moved up one row (one-row offset)","8.77 -79.53","8.23 -79.11"
4915,"RLS","El Arco","coordinates moved up one row (one-row offset)","8.23 -79.11","8.31 -79.1"
4916,"RLS","Punta Santa Cruz","coordinates moved up one row (one-row offset)","8.31 -79.1","8.26 -79.07"
4917,"RLS","La Cascada","coordinates moved up one row (one-row offset)","8.26 -79.07","8.26 -79.07"
4918,"RLS","San Jose NE","coordinates moved up one row (one-row offset)","8.26 -79.07","8.32 -79.1"
4919,"RLS","Boulder Field","coordinates moved up one row (one-row offset)","8.32 -79.1","8.31 -79.12"
4920,"RLS","Isla Senora","coordinates moved up one row (one-row offset)","8.31 -79.12","8.45 -79.11"
4921,"RLS","Bahï¿½ï¿½a San Telmo Sth","coordinates moved up one row (one-row offset)","8.45 -79.11","8.23 -78.9"
4922,"RLS","Isla de Monte","coordinates moved up one row (one-row offset)","8.23 -78.9","8.33 -78.81"
4923,"RLS","Isla de Cana 1","coordinates moved up one row (one-row offset)","8.33 -78.81","8.39 -78.82"
4924,"RLS","Isla de Cana 2","coordinates moved up one row (one-row offset)","8.39 -78.82","8.39 -78.82"
4925,"RLS","Canal Afuerita","coordinates moved up one row (one-row offset)","8.39 -78.82","7.71 -81.64"
4926,"RLS","El Elephante","coordinates moved up one row (one-row offset)","7.71 -81.64","8.41 -78.8"
4927,"RLS","Isla del Espiritu Santo","coordinates moved up one row (one-row offset)","8.41 -78.8","8.43 -78.85"
4928,"RLS","Pablo","coordinates moved up one row (one-row offset)","8.43 -78.85","8.45 -78.85"
4929,"RLS","El Cangreion","coordinates moved up one row (one-row offset)","8.45 -78.85","8.48 -78.92"
4930,"RLS","Punta Galera","coordinates moved up one row (one-row offset)","8.48 -78.92","8.64 -79.03"
4931,"RLS","Canal Afuera","coordinates moved up one row (one-row offset)","8.64 -79.03","7.69 -81.61"
4932,"RLS","Isla Pargo Panama","coordinates moved up one row (one-row offset)","7.69 -81.61","7.96 -82.06"
4933,"RLS","SW Isla Pargo  Panama","coordinates moved up one row (one-row offset)","7.96 -82.06","7.95 -82.06"
4934,"RLS","Isla Brincano  Panama","coordinates moved up one row (one-row offset)","7.95 -82.06","7.87 -81.79"
4935,"RLS","Uva NE","coordinates moved up one row (one-row offset)","7.87 -81.79","7.83 -81.76"
4936,"RLS","Bahï¿½ï¿½a Damas Sur","coordinates moved up one row (one-row offset)","7.83 -81.76","7.4 -81.66"
4937,"RLS","Bajo Montuosa Oeste","coordinates moved up one row (one-row offset)","7.4 -81.66","7.47 -82.27"
4938,"RLS","Bajo Telesto","coordinates moved up one row (one-row offset)","7.47 -82.27","7.52 -81.9"
4939,"RLS","Barco Quebrado","coordinates moved up one row (one-row offset)","7.52 -81.9","7.32 -81.67"
4940,"RLS","Brincanco SO","coordinates moved up one row (one-row offset)","7.32 -81.67","7.85 -81.8"
4941,"RLS","Canal Afuera SE","coordinates moved up one row (one-row offset)","7.85 -81.8","7.69 -81.61"
4942,"RLS","Canal Afuera SO","coordinates moved up one row (one-row offset)","7.69 -81.61","7.69 -81.64"
4943,"RLS","Hill Rocks","coordinates moved up one row (one-row offset)","7.69 -81.64","7.29 -81.67"
4944,"RLS","Islote Coco Norte","coordinates moved up one row (one-row offset)","7.29 -81.67","7.62 -81.71"
4945,"RLS","Jicaron Oeste","coordinates moved up one row (one-row offset)","7.62 -81.71","7.26 -81.82"
4946,"RLS","Montuosa Norte","coordinates moved up one row (one-row offset)","7.26 -81.82","7.48 -82.24"
4947,"RLS","Montuosa Sureste","coordinates moved up one row (one-row offset)","7.48 -82.24","7.46 -82.23"
4948,"RLS","Pasage Rock","coordinates moved up one row (one-row offset)","7.46 -82.23","7.32 -81.71"
4949,"RLS","TabogaSW","coordinates moved up one row (one-row offset)","7.32 -81.71","8.78 -79.54"
4950,"RLS","Punta Adelarda","coordinates moved up one row (one-row offset)","8.78 -79.54","7.49 -81.89"
4951,"RLS","Punta Damas","coordinates moved up one row (one-row offset)","7.49 -81.89","7.52 -81.67"
4952,"RLS","Punta Felipa","coordinates moved up one row (one-row offset)","7.52 -81.67","7.42 -81.7"
4953,"RLS","Punta Hermosa Norte","coordinates moved up one row (one-row offset)","7.42 -81.7","7.54 -81.86"
4954,"RLS","Punta Piedra Hueca","coordinates moved up one row (one-row offset)","7.54 -81.86","7.41 -81.82"
4955,"RLS","Secas E","coordinates moved up one row (one-row offset)","7.41 -81.82","7.95 -82.02"
4956,"RLS","Secas SE","coordinates moved up one row (one-row offset)","7.95 -82.02","7.95 -82.04"
4957,"RLS","Uvita Abajo","coordinates moved up one row (one-row offset)","7.95 -82.04","7.8 -81.75"
4958,"RLS","Urava Islote","coordinates moved up one row (one-row offset)","7.8 -81.75","8.77 -79.54"
4959,"RLS","Pachequilla","coordinates moved up one row (one-row offset)","8.77 -79.54","8.67 -79.07"
4960,"RLS","Pachequilla Este","coordinates moved up one row (one-row offset)","8.67 -79.07","8.67 -79.06"
4961,"RLS","Ladrones NW","coordinates moved up one row (one-row offset)","8.67 -79.06","7.87 -82.44"
4962,"RLS","Isla Ladrones NE","coordinates moved up one row (one-row offset)","7.87 -82.44","7.87 -82.44"
4963,"RLS","Isla Tintorera","coordinates moved up one row (one-row offset)","7.87 -82.44","8.12 -82.3"
4964,"RLS","Chapera","coordinates moved up one row (one-row offset)","8.12 -82.3","8.58 -79.02"
4965,"RLS","Punta Lanza","coordinates moved up one row (one-row offset)","8.58 -79.02","8.12 -82.32"
4966,"RLS","Isla Berraco","coordinates moved up one row (one-row offset)","8.12 -82.32","8.09 -82.26"
4967,"RLS","Bolaï¿½ï¿½os Isla","coordinates moved up one row (one-row offset)","8.09 -82.26","8.09 -82.26"
4968,"RLS","Seca North","coordinates moved up one row (one-row offset)","8.09 -82.26","7.96 -82.06"
4969,"RLS","Secas","coordinates moved up one row (one-row offset)","7.96 -82.06","7.99 -82.07"
4970,"RLS","Islote Cavada NE","coordinates moved up one row (one-row offset)","7.99 -82.07","8 -82.03"
4971,"RLS","Secas O","coordinates moved up one row (one-row offset)","8 -82.03","7.98 -82.02"
4972,"RLS","Seca Este","coordinates moved up one row (one-row offset)","7.98 -82.02","7.95 -82.02"
4973,"RLS","Roca Bruja","coordinates moved up one row (one-row offset)","7.95 -82.02","7.99 -81.98"
4974,"RLS","Bajo Urraca","coordinates moved up one row (one-row offset)","7.99 -81.98","7.84 -81.8"
4975,"RLS","Membrillo","coordinates moved up one row (one-row offset)","7.84 -81.8","8.52 -79.01"
4976,"RLS","Brincanco","coordinates moved up one row (one-row offset)","8.52 -79.01","7.85 -81.79"
4977,"RLS","Isla Pajaros","coordinates moved up one row (one-row offset)","7.85 -81.79","7.87 -81.78"
4978,"RLS","Brincanco N","coordinates moved up one row (one-row offset)","7.87 -81.78","7.87 -81.79"
4979,"RLS","Bajo El Sueno del Pescador","coordinates moved up one row (one-row offset)","7.87 -81.79","7.89 -81.81"
4980,"RLS","Sin Nombre NE","coordinates moved up one row (one-row offset)","7.89 -81.81","7.84 -81.75"
4981,"RLS","Urita Arriba","coordinates moved up one row (one-row offset)","7.84 -81.75","7.82 -81.74"
4982,"RLS","Almohada N","coordinates moved up one row (one-row offset)","7.82 -81.74","7.82 -81.77"
4983,"RLS","Uva Sur","coordinates moved up one row (one-row offset)","7.82 -81.77","7.8 -81.76"
4984,"RLS","Roca Prosper","coordinates moved up one row (one-row offset)","7.8 -81.76","7.78 -81.76"
4985,"RLS","Roca  Corbita","coordinates moved up one row (one-row offset)","7.78 -81.76","7.66 -81.73"
4986,"RLS","Isla Casayeta","coordinates moved up one row (one-row offset)","7.66 -81.73","8.53 -79.01"
4987,"RLS","Frijol","coordinates moved up one row (one-row offset)","8.53 -79.01","7.65 -81.72"
4988,"RLS","Islote derecha Racheria","coordinates moved up one row (one-row offset)","7.65 -81.72","7.63 -81.71"
4989,"RLS","Punta Iglesia","coordinates moved up one row (one-row offset)","7.63 -81.71","7.63 -81.69"
4990,"RLS","Granito de Oro","coordinates moved up one row (one-row offset)","7.63 -81.69","7.59 -81.71"
4991,"RLS","Punta Baltazar Oeste","coordinates moved up one row (one-row offset)","7.59 -81.71","7.65 -81.76"
4992,"RLS","Coiba coral reef NE","coordinates moved up one row (one-row offset)","7.65 -81.76","7.63 -81.73"
4993,"RLS","Islote Santa Cruz","coordinates moved up one row (one-row offset)","7.63 -81.73","7.63 -81.78"
4994,"RLS","Bajo Twin Peaks","coordinates moved up one row (one-row offset)","7.63 -81.78","7.59 -81.84"
4995,"RLS","Piedra Hacha","coordinates moved up one row (one-row offset)","7.59 -81.84","7.43 -81.86"
4996,"RLS","Jicarï¿½ï¿½n Noroeste","coordinates moved up one row (one-row offset)","7.43 -81.86","7.3 -81.82"
4997,"RLS","Don Bernado","coordinates moved up one row (one-row offset)","7.3 -81.82","8.4 -79.08"
4998,"RLS","Jicaron Este","coordinates moved up one row (one-row offset)","8.4 -79.08","7.27 -81.78"
4999,"RLS","Jicarita E","coordinates moved up one row (one-row offset)","7.27 -81.78","7.21 -81.8"
5000,"RLS","La Cathedral  Jicarita","coordinates moved up one row (one-row offset)","7.21 -81.8","7.23 -81.83"
5001,"RLS","Jicarita Sur","coordinates moved up one row (one-row offset)","7.23 -81.83","7.2 -81.8"
5002,"RLS","Logan Rock","coordinates moved up one row (one-row offset)","7.2 -81.8","7.33 -81.72"
5003,"RLS","Bajo Punta Anegada","coordinates moved up one row (one-row offset)","7.33 -81.72","7.35 -81.59"
5004,"RLS","Frailes del Sur","coordinates moved up one row (one-row offset)","7.35 -81.59","7.34 -80.14"
5005,"RLS","Bajo del diabolo","coordinates moved up one row (one-row offset)","7.34 -80.14","8.42 -79.13"
5006,"RLS","Don Bernard W","coordinates moved up one row (one-row offset)","8.42 -79.13","8.4 -79.08"
5007,"RLS","La Vivienda","coordinates moved up one row (one-row offset)","8.4 -79.08","8.32 -79.1"
5008,"RLS","Cathedral","coordinates moved up one row (one-row offset)","8.32 -79.1","21.82 -72.18"
5009,"RLS","Piranha Cove","coordinates moved up one row (one-row offset)","21.82 -72.18","21.82 -72.19"
5010,"RLS","G-Spot","coordinates moved up one row (one-row offset)","21.82 -72.19","21.49 -72.22"
5011,"RLS","Rock'n'Roll","coordinates moved up one row (one-row offset)","21.49 -72.22","21.49 -72.22"
5012,"RLS","Long Key SE","coordinates moved up one row (one-row offset)","21.49 -72.22","24.62 -82.86"
5013,"RLS","Garden Key SE","coordinates moved up one row (one-row offset)","24.62 -82.86","24.61 -82.87"
5014,"RLS","Windjammer wreck","coordinates moved up one row (one-row offset)","24.61 -82.87","24.62 -82.94"
5015,"RLS","Coffins Patch E FL","coordinates moved up one row (one-row offset)","24.62 -82.94","24.69 -80.96"
5016,"RLS","Coffins Patch W FL","coordinates moved up one row (one-row offset)","24.69 -80.96","24.69 -80.96"
5017,"RLS","Looe Reef Deep FL","coordinates moved up one row (one-row offset)","24.69 -80.96","24.54 -81.42"
5018,"RLS","Looe Reef West FL","coordinates moved up one row (one-row offset)","24.54 -81.42","24.55 -81.41"
5019,"RLS","Looe Reef Marker Post FL","coordinates moved up one row (one-row offset)","24.55 -81.41","24.55 -81.41"
5020,"RLS","Pillar Patch FL","coordinates moved up one row (one-row offset)","24.55 -81.41","24.68 -80.97"
5021,"RLS","Vaca Key Bight East FL","coordinates moved up one row (one-row offset)","24.68 -80.97","24.69 -81.03"
5022,"RLS","Delta Shoal Marathon FL","coordinates moved up one row (one-row offset)","24.69 -81.03","24.63 -81.09"
5023,"RLS","Sunkist, FL","coordinates moved up one row (one-row offset)","24.63 -81.09","26.25 -80.07"
5024,"RLS","Sunrise Blvd, FL","coordinates moved up one row (one-row offset)","26.25 -80.07","26.14 -80.1"
5025,"RLS","Dania Beach","coordinates moved up one row (one-row offset)","26.14 -80.1","26.05 -80.11"
5026,"RLS","John U. Lloyd Beach State Park","coordinates moved up one row (one-row offset)","26.05 -80.11","26.08 -80.1"
5027,"RLS","Vista Park","coordinates moved up one row (one-row offset)","26.08 -80.1","26.16 -80.09"
5028,"RLS","Sombrero Light W FL","coordinates moved up one row (one-row offset)","26.16 -80.09","24.63 -81.11"
5029,"RLS","Sombrero Light E FL","coordinates moved up one row (one-row offset)","24.63 -81.11","24.63 -81.11"
5030,"RLS","Sombrero Light FL","coordinates moved up one row (one-row offset)","24.63 -81.11","24.63 -81.11"
5031,"RLS","Sombrero Light Deep FL","coordinates moved up one row (one-row offset)","24.63 -81.11","24.62 -81.11"
5032,"RLS","Vaca Key Bight FL","coordinates moved up one row (one-row offset)","24.62 -81.11","24.69 -81.06"
5033,"RLS","Vaca Key Bight S FL","coordinates moved up one row (one-row offset)","24.69 -81.06","24.71 -81.05"
5034,"TEAM","Volcán Barva","coordinates moved up one row (one-row offset)","24.71 -81.05","10.33451 -84.05156"
5035,"TEAM","Barro Colorado Island","coordinates moved up one row (one-row offset)","10.33451 -84.05156","9.16267 -79.80448"
5036,"TEAM","Central Suriname Nature Reserve","coordinates moved up one row (one-row offset)","9.16267 -79.80448","4.77906 -56.16857"
5037,"TEAM","Caxiuanã National Forest","coordinates moved up one row (one-row offset)","4.77906 -56.16857","-1.7759 -51.50067"
5038,"TEAM","Manaus","coordinates moved up one row (one-row offset)","-1.7759 -51.50067","-2.50997 -60.00503"
5039,"TEAM","Yasuní National Park","coordinates moved up one row (one-row offset)","-2.50997 -60.00503","-0.67594 -79.80258"
5040,"TEAM","Cocha Cashu","coordinates moved up one row (one-row offset)","-0.67594 -79.80258","-11.91929 -71.35269"
5041,"TEAM","Yanachaga-Chemillén National Park","coordinates moved up one row (one-row offset)","-11.91929 -71.35269","NA NA"
2061,"ReefCheck","Bahia das Agulhas, W Principe","removed (Príncipe, Gulf of Guinea)","1.608111 7.336917",""
2062,"ReefCheck","Ilheu Bom Bom, Principe","removed (Príncipe, Gulf of Guinea)","1.698778 7.405528",""
2063,"ReefCheck","Pedra Metade Dentro, Principe","removed (Príncipe, Gulf of Guinea)","1.568833 7.432278",""
203,"ForestGEO","Yasuní","ForestGEO Yasuní: misplaced decimal point (-6.859 -> -0.6859)","-6.859","-0.6859"
3003,"Igarapes","APA de Alter do Chão","Alter do Chão: latitude sign","2.5","-2.5"
4129,"PPBioTermites","Campus da UFAM","Campus da UFAM (Manaus): latitude sign","3","-3"
4129,"PPBioTermites","Campus da UFAM","Campus da UFAM (Manaus): longitude sign","59.9766","-59.9766"
4467,"Rainfor","Reserva Extrativista Chico Mendes, Seringal Dois Irmãos","Chico Mendes: latitude sign","10.566","-10.566"
513,"OPWALL-DOM-T","Transect 1 0m","country: Dominican Republic -> Dominica","Dominican Republic","Dominica"
514,"OPWALL-DOM-T","Transect 1 300m","country: Dominican Republic -> Dominica","Dominican Republic","Dominica"
515,"OPWALL-DOM-T","Transect 1 600m","country: Dominican Republic -> Dominica","Dominican Republic","Dominica"
516,"OPWALL-DOM-T","Transect 2 0m","country: Dominican Republic -> Dominica","Dominican Republic","Dominica"
517,"OPWALL-DOM-T","Transect 2 300m","country: Dominican Republic -> Dominica","Dominican Republic","Dominica"
518,"OPWALL-DOM-T","Transect 2 600m","country: Dominican Republic -> Dominica","Dominican Republic","Dominica"
519,"OPWALL-DOM-T","Transect 3 0m","country: Dominican Republic -> Dominica","Dominican Republic","Dominica"
520,"OPWALL-DOM-T","Transect 3 300m","country: Dominican Republic -> Dominica","Dominican Republic","Dominica"
521,"OPWALL-DOM-T","Pont Casse PC1","country: Dominican Republic -> Dominica","Dominican Republic","Dominica"
522,"OPWALL-DOM-T","Pont Casse PC2","country: Dominican Republic -> Dominica","Dominican Republic","Dominica"
1533,"ReefCheck","Barry's Dream","country: Dominican Republic -> Dominica","Dominican Republic","Dominica"
1534,"ReefCheck","Brain Coral Plateau","country: Dominican Republic -> Dominica","Dominican Republic","Dominica"
1535,"ReefCheck","Canon Site","country: Dominican Republic -> Dominica","Dominican Republic","Dominica"
1536,"ReefCheck","Champagne Outer","country: Dominican Republic -> Dominica","Dominican Republic","Dominica"
1537,"ReefCheck","Coral Gardens 4","country: Dominican Republic -> Dominica","Dominican Republic","Dominica"
1538,"ReefCheck","Inshore Suburbs","country: Dominican Republic -> Dominica","Dominican Republic","Dominica"
1539,"ReefCheck","La Bym","country: Dominican Republic -> Dominica","Dominican Republic","Dominica"
1540,"ReefCheck","La Sorciere","country: Dominican Republic -> Dominica","Dominican Republic","Dominica"
1541,"ReefCheck","Lauro Reef","country: Dominican Republic -> Dominica","Dominican Republic","Dominica"
1542,"ReefCheck","Maggie's Point","country: Dominican Republic -> Dominica","Dominican Republic","Dominica"
1543,"ReefCheck","Rinas Hole","country: Dominican Republic -> Dominica","Dominican Republic","Dominica"
1544,"ReefCheck","Rodney's Rock","country: Dominican Republic -> Dominica","Dominican Republic","Dominica"
1545,"ReefCheck","Rose Garden","country: Dominican Republic -> Dominica","Dominican Republic","Dominica"
1546,"ReefCheck","Scotts Head Dropoff - Tous Sable","country: Dominican Republic -> Dominica","Dominican Republic","Dominica"
1547,"ReefCheck","Solomon","country: Dominican Republic -> Dominica","Dominican Republic","Dominica"
1548,"ReefCheck","Solomon A","country: Dominican Republic -> Dominica","Dominican Republic","Dominica"
1549,"ReefCheck","Solomon B","country: Dominican Republic -> Dominica","Dominican Republic","Dominica"
1550,"ReefCheck","Solomon Reef Site A","country: Dominican Republic -> Dominica","Dominican Republic","Dominica"
1551,"ReefCheck","Solomon Reef Site B","country: Dominican Republic -> Dominica","Dominican Republic","Dominica"
1552,"ReefCheck","Sunshine Reef","country: Dominican Republic -> Dominica","Dominican Republic","Dominica"
1147,"ReefCheck","Angel Reef","country: Aruba -> Trinidad and Tobago","Aruba","Trinidad and Tobago"
1151,"ReefCheck","Blackie","country: Aruba -> Trinidad and Tobago","Aruba","Trinidad and Tobago"
1152,"ReefCheck","Cathedral","country: Aruba -> Trinidad and Tobago","Aruba","Trinidad and Tobago"
1153,"ReefCheck","Cathedral 2","country: Aruba -> Trinidad and Tobago","Aruba","Trinidad and Tobago"
1154,"ReefCheck","Englishman's Bay","country: Aruba -> Trinidad and Tobago","Aruba","Trinidad and Tobago"
1159,"ReefCheck","Sanger Rock","country: Aruba -> Trinidad and Tobago","Aruba","Trinidad and Tobago"
1160,"ReefCheck","Sanger Rock 2","country: Aruba -> Trinidad and Tobago","Aruba","Trinidad and Tobago"
1161,"ReefCheck","Sea Fan Alley","country: Aruba -> Trinidad and Tobago","Aruba","Trinidad and Tobago"
1162,"ReefCheck","Sheep Pen","country: Aruba -> Trinidad and Tobago","Aruba","Trinidad and Tobago"
1163,"ReefCheck","St Giles","country: Aruba -> Trinidad and Tobago","Aruba","Trinidad and Tobago"
737,"PELD - IAFA","PDBFF","PELD-IAFA: coordinates copied from row 3830 (same site)","-23.89 -59.93","-2.44 -59.93"
738,"PELD - IAFA","ZF2 Forest Management Station","PELD-IAFA: coordinates copied from row 3831 (same site)","-26.16 60.15","-2.61 -60.18"
2067,"ReefCheck","Mike's Maze 2","Mike's Maze 2: latitude (24.97 was the latitude of Mike's Reef, Bahamas)","24.973278","17.973278"
1298,"ReefCheck","Tobacco Caye","Tobacco Caye: longitude (-86 -> -88)","-86.058472","-88.058472"
4125,"PPBioTermites","Parque Nacional do Viruá","no coordinates: reported coordinates do not match the locality and cannot be corrected","-21.39 -41.09","NA NA"
4126,"PPBioTermites","Estação Ecologica de Maracá","no coordinates: reported coordinates do not match the locality and cannot be corrected","-21.55 -41.2","NA NA"
4127,"PPBioTermites","Reserva Ducke","no coordinates: reported coordinates do not match the locality and cannot be corrected","-21.32 -41.1","NA NA"
4128,"PPBioTermites","Fazenda Experimental da UFAM","no coordinates: reported coordinates do not match the locality and cannot be corrected","-21.29 -41.09","NA NA"
4130,"PPBioTermites","Parque Nacional do Jaú","no coordinates: reported coordinates do not match the locality and cannot be corrected","-21.33 -41.13","NA NA"
4131,"PPBioTermites","BR319 - Modulo Purú-Purú","no coordinates: reported coordinates do not match the locality and cannot be corrected","-21.32 -41.11","NA NA"
995,"PMP.RNCE","PMP-RNCE - Trecho C","no coordinates: reported coordinates do not match the locality and cannot be corrected","23.9 -36.4995","NA NA"
