ror_id,name,type,country_code3,lat,lon
https://ror.org/0538gj066,National University of the Chaco Austral,education,AR,-26.79095,-60.44132
https://ror.org/01tkmq646,Universidad Maimónides,education,AR,-34.61315,-58.37723
https://ror.org/00sy2m382,Instituto Universitario Escuela Superior de Economía y Administración de Empresas,education,AR,-34.61315,-58.37723
https://ror.org/0436xg366,Instituto Universitario de Ciencias de la Salud - Fundación Héctor A. Barceló,education,AR,-34.61315,-58.37723
https://ror.org/0384p7414,Instituto Universitario de la Policía Federal Argentina,education,AR,-34.61315,-58.37723
https://ror.org/03wwbgv53,Escuela Argentina de Negocios,education,AR,-34.61315,-58.37723
https://ror.org/05dx64395,National University of the Arts,education,AR,-34.61315,-58.37723
https://ror.org/03e47dk66,Universidad Argentina John F. Kennedy,education,AR,-34.61315,-58.37723
https://ror.org/000rhjc77,Universidad Centro de Altos Estudios en Ciencias Exactas,education,AR,-34.61315,-58.37723
https://ror.org/03v5ycz03,University of Belgrano,education,AR,-34.61315,-58.37723
https://ror.org/02hsdts66,Universidad de Flores,education,AR,-34.61315,-58.37723
https://ror.org/03g867362,Universidad de la Marina Mercante,education,AR,-34.61315,-58.37723
https://ror.org/02nv68711,Universidad del Cine,education,AR,-34.61315,-58.37723
https://ror.org/02n094r49,University of Argentine Social Museum,education,AR,-34.61315,-58.37723
https://ror.org/03jfhm487,National University of Chilecito,education,AR,-29.16195,-67.4974
https://ror.org/00b37sa87,Universidad de Concepción del Uruguay,education,AR,-32.48463,-58.23217
https://ror.org/00d7rqp94,University of Cuenca del Plata,education,AR,-27.46784,-58.8344
https://ror.org/05wrc0w56,National University of Formosa,education,AR,-26.18489,-58.17313
https://ror.org/030b93p62,Universidad Champagnat,education,AR,-34.61531,-68.33238
https://ror.org/038t6d126,Instituto Universitario Aeronáutico,education,AR,-31.4135,-64.18105
https://ror.org/03k552p43,Universidad Católica de La Plata,education,AR,-34.92145,-57.95453
https://ror.org/03r487h15,Universidad Notarial Argentina,education,AR,-34.92145,-57.95453
https://ror.org/00r54sf44,Universidad de Morón,education,AR,-34.65118,-58.62205
https://ror.org/046vjzm79,Universidad Gastón Dachary,education,AR,-27.36708,-55.89608
https://ror.org/02e8s3123,Instituto Universitario Italiano de Rosario,education,AR,-32.94682,-60.63932
https://ror.org/01za8kp04,National University of Catamarca,education,AR,-28.46957,-65.78524
https://ror.org/0198n3j25,Saint Thomas Aquinas North University,education,AR,-26.82414,-65.2226
https://ror.org/02b7n7v15,Universidad Católica de Santa Fe,education,AR,-31.64881,-60.70868
https://ror.org/027840k02,Catholic University of Santiago del Estero,education,AR,-27.79511,-64.26149
https://ror.org/02yn5by09,Universidad Católica de Cuyo,education,AR,-31.5375,-68.53639
https://ror.org/04f7h3b65,University of San Andrés,education,AR,-34.45505,-58.54614
https://ror.org/00p094v10,Universidad Nacional de Hurlingham,education,AR,-34.5904,-58.62904
https://ror.org/01etg5g76,Escuela Interdisciplinaria de Altos Estudios Sociales,education,AR,-26.53643,-59.34138
https://ror.org/01yd28726,Instituto de Investigaciones Geográficas de la Patagonia,education,AR,-45.86256,-67.494
https://ror.org/02k239e36,Universidad del Gran Rosario,education,AR,-32.94682,-60.63932
https://ror.org/00ccxmy30,Universidad Nacional de Lanús,education,AR,-34.70757,-58.39132
https://ror.org/01bmj8t37,Universidad Nacional de La Matanza,education,AR,-34.61315,-58.37723
https://ror.org/04sxme922,Universidad Torcuato Di Tella,education,AR,-34.61315,-58.37723
https://ror.org/0594de127,Instituto de Botanica Darwinion,education,AR,-34.46971,-58.52111
https://ror.org/04zgm9b74,"Universidad de San Isidro ""Dr. Plácido Marín""",education,AR,-34.46312,-58.53481
https://ror.org/04zgm9b74,"Universidad de San Isidro ""Dr. Plácido Marín""",education,AR,-34.46312,-58.53481
https://ror.org/02t6gq889,Instituto de Investigaciones Fisicoquímicas Teóricas y Aplicadas,education,AR,-34.92145,-57.95453
https://ror.org/03qryrx52,Argentine Atlantis University,education,AR,-34.61315,-58.37723
https://ror.org/04f7h3b65,University of San Andrés,education,AR,-34.45505,-58.54614
https://ror.org/00p094v10,Universidad Nacional de Hurlingham,education,AR,-34.5904,-58.62904
https://ror.org/01etg5g76,Escuela Interdisciplinaria de Altos Estudios Sociales,education,AR,-26.53643,-59.34138
https://ror.org/01yd28726,Instituto de Investigaciones Geográficas de la Patagonia,education,AR,-45.86256,-67.494
https://ror.org/02k239e36,Universidad del Gran Rosario,education,AR,-32.94682,-60.63932
https://ror.org/00ccxmy30,Universidad Nacional de Lanús,education,AR,-34.70757,-58.39132
https://ror.org/023f76417,National University of Austral Patagonia,education,AR,-51.62261,-69.21813
https://ror.org/01v9p7c03,National University of Santiago del Estero,education,AR,-27.79511,-64.26149
https://ror.org/01h1bc022,National University of the West,education,AR,-34.61315,-58.37723
https://ror.org/01bmj8t37,Universidad Nacional de La Matanza,education,AR,-34.61315,-58.37723
https://ror.org/05yfjjn56,Escuela Superior de Comercio Manuel Belgrano,education,AR,-31.4135,-64.18105
https://ror.org/05yfwpr80,Universidad Provincial de Córdoba,education,AR,-31.4135,-64.18105
https://ror.org/04gen2f55,Colegio Nacional de Monserrat,education,AR,-31.4135,-64.18105
https://ror.org/01sewfq88,Universidad Isalud,education,AR,-34.61315,-58.37723
https://ror.org/00ka0b792,Universidad del Chubut,education,AR,-43.30016,-65.10228
https://ror.org/028crwz56,Universidad Nacional del Sur,education,AR,-38.7176,-62.26545
https://ror.org/029sqvy31,Laboratorio de Geotecnologías,education,AR,-38.7176,-62.26545
https://ror.org/01v9p7c03,National University of Santiago del Estero,education,AR,-27.79511,-64.26149
https://ror.org/011cdfy08,Instituto de Investigaciones en Energía no Convencional,education,AR,-24.80645,-65.41999
https://ror.org/048zgak80,National University of Río Negro,education,AR,-40.81519,-63.0004
https://ror.org/00psjjr22,Instituto de Estudios Críticos en Humanidades,education,AR,-32.94682,-60.63932
https://ror.org/03phg1t06,National University of Lomas de Zamora,education,AR,-34.7574,-58.40279
https://ror.org/00c8e6e47,National University of Northwestern Buenos Aires,education,AR,-34.59391,-60.94644
https://ror.org/017p13n71,Universidad del Centro de Estudios Macroeconómicos de Argentina,education,AR,-34.61315,-58.37723
https://ror.org/01tnfvr41,Universidad de Congreso,education,AR,-32.88946,-68.84582
https://ror.org/0110wcq52,Instituto Universitario de Ciencias Biomédicas de Córdoba,education,AR,-31.40648,-64.18853
https://ror.org/047rk3g12,Hospital General de Agudos Dr. Enrique Tornú,education,AR,-34.61315,-58.37723
https://ror.org/0468m5s46,"Instituto de Historia Antigua Oriental ""Dr. Abraham Rosenvasser""",education,AR,-34.61315,-58.37723
https://ror.org/01yw95a78,University of the Latin American Educational Center,education,AR,-32.94682,-60.63932
https://ror.org/03dr5vm44,Aconcagua University,education,AR,-32.88946,-68.84582
https://ror.org/03w1cw951,Juan Agustín Maza University,education,AR,-32.88946,-68.84582
https://ror.org/028crwz56,Universidad Nacional del Sur,education,AR,-38.7176,-62.26545
https://ror.org/029sqvy31,Laboratorio de Geotecnologías,education,AR,-38.7176,-62.26545
https://ror.org/01k6h2m87,National University of General Sarmiento,education,AR,-34.50316,-58.70596
https://ror.org/015meej47,Centro Interdisciplinario de Investigaciones en Tecnologías y Desarrollo Social para el NOA,education,AR,-24.1928,-65.29342
https://ror.org/024yfzm72,National University of Jujuy,education,AR,-24.1928,-65.29342
https://ror.org/05a6c8567,Instituto de Geografía Romualdo Ardissone,education,AR,-34.61315,-58.37723
https://ror.org/04z80e107,Universidad Blas Pascal,education,AR,-31.40648,-64.18853
https://ror.org/00pt8r998,Universidad Nacional del Litoral,education,AR,-31.64881,-60.70868
https://ror.org/01yjy8p80,National University of Luján,education,AR,-34.5664,-59.11478
https://ror.org/0238k3s54,Centro de Estudios Sociales Interdisciplinarios del Litoral,education,AR,-31.64881,-60.70868
https://ror.org/04fz79c74,University of Palermo,education,AR,-34.61315,-58.37723
https://ror.org/01y3yr807,Universidad Siglo 21,education,AR,-31.40648,-64.18853
https://ror.org/05pfe1v37,"Centro Interdisciplinario de Estudios sobre Territorio, Economía y Sociedad",education,AR,-40.81519,-63.0004
https://ror.org/05s004555,Favaloro University,education,AR,-34.61315,-58.37723
https://ror.org/017vc0d35,Instituto de Lingüística,education,AR,-34.61315,-58.37723
https://ror.org/04g7dxn12,Universidad de Ciencias Empresariales y Sociales,education,AR,-34.61315,-58.37723
https://ror.org/003byr264,Universidad Adventista del Plata,education,AR,-32.07079,-60.46403
https://ror.org/04dkjtk04,Instituto de Cultura Jurídica,education,AR,-34.92126,-57.95442
https://ror.org/04tmf0341,Instituto de Investigaciones Gino Germani,education,AR,-34.61315,-58.37723
https://ror.org/0135mxn53,Instituto de Estudios de América Latina y el Caribe,education,AR,-34.61315,-58.37723
https://ror.org/03rejdd20,Instituto de Investigaciones Jurídicas y Sociales Ambrosio L. Gioja,education,AR,-34.61315,-58.37723
https://ror.org/00h1wvj36,Universidad de San Pablo-T,education,AR,-26.81601,-65.21051
https://ror.org/02rg98h11,Centro de Investigaciones Feministas y Estudios de Género,education,AR,-32.94682,-60.63932
https://ror.org/03zt5y861,Instituto de Biología de Organismos Marinos,education,AR,-42.76848,-65.03827
https://ror.org/040kpmb93,Universidad Autónoma de Entre Ríos,education,AR,-31.73271,-60.52897
https://ror.org/011gakh74,Universidad Nacional del Centro de la Provincia de Buenos Aires,education,AR,-37.3287,-59.1369
https://ror.org/02rsnav77,National University of San Juan,education,AR,-31.5375,-68.53639
https://ror.org/00vgfzn51,Universidad Argentina de la Empresa,education,AR,-34.61315,-58.37723
https://ror.org/00ep21g81,Universidad Nacional Arturo Jauretche,education,AR,-34.80896,-58.27623
https://ror.org/01n006s45,Universidad Católica de Salta,education,AR,-24.7859,-65.41166
https://ror.org/04arm8d04,Universidad Nacional de Rafaela,education,AR,-31.25033,-61.4867
https://ror.org/01es6dz53,University of Mendoza,education,AR,-32.89084,-68.82717
https://ror.org/031m0fr54,National University of Villa María,education,AR,-32.40751,-63.24016
https://ror.org/04magv453,Centro de Estudios de Innovación Institucional,education,AR,-34.5,-68.5
https://ror.org/04mvswa78,Universidad Metropolitana para la Educación y el Trabajo,education,AR,-34.61315,-58.37723
https://ror.org/00cg73391,"Instituto de Cultura, Sociedad y Estado",education,AR,-54.81084,-68.31591
https://ror.org/03r89qc03,Centro de Investigaciones y Transferencia Tierra del Fuego,education,AR,-54.81084,-68.31591
https://ror.org/04h50g296,Instituto de Antropología de Córdoba,education,AR,-31.40648,-64.18853
https://ror.org/04qatz820,Instituto de Investigación de Vivienda y Hábitat,education,AR,-31.40648,-64.18853
https://ror.org/03e2dsv41,Instituto de Investigaciones en Humanidades y Ciencias Sociales,education,AR,-34.92126,-57.95442
https://ror.org/021wj5r76,National University of Tierra del Fuego,education,AR,-54.81084,-68.31591
https://ror.org/01m3ry316,Centro de Producción e Investigación en Artes,education,AR,-31.40648,-64.18853
https://ror.org/05f05cy37,National University of Avellaneda,education,AR,-29.11761,-59.65834
https://ror.org/052ad0f33,Centro de Estudios del Habitar Popular,education,AR,-29.11761,-59.65834
https://ror.org/01sewfq88,Universidad Isalud,education,AR,-34.61315,-58.37723
https://ror.org/00ka0b792,Universidad del Chubut,education,AR,-43.30016,-65.10228
https://ror.org/05yj62k18,Escuela Argentina de Tantra,education,AR,-34.61315,-58.37723
https://ror.org/048p06a75,Centro Experimental de la Vivienda Económica,education,AR,-31.40648,-64.18853
https://ror.org/05x6bj397,Universidad Hospital Italiano,education,AR,-34.61315,-58.37723
https://ror.org/05rdwta29,Instituto de Investigaciones en Ciencias de la Educación,education,AR,-34.61315,-58.37723
https://ror.org/03yefst80,Instituto de Arqueología,education,AR,-34.61315,-58.37723
https://ror.org/00h0sty43,"Instituto de Historia Antigua, Medieval y Moderna ""Prof. José Luis Romero""",education,AR,-34.61315,-58.37723
https://ror.org/02cjf2d48,"Instituto de Filología Clásica ""Dra. Alicia Schniebs""",education,AR,-34.61315,-58.37723
https://ror.org/02qwadn23,Instituto Tecnológico de Buenos Aires (ITBA),education,AR,-34.61315,-58.37723
https://ror.org/011avak85,Instituto de las Culturas,education,AR,-34.61315,-58.37723
https://ror.org/05t5tmr31,Instituto de Investigaciones Bibliotecológicas,education,AR,-34.61315,-58.37723
https://ror.org/058r67z28,Instituto interdisciplinario Tilcara,education,AR,-23.57817,-65.39516
https://ror.org/00xp71n53,"Instituto de Literatura Argentina ""Ricardo Rojas""",education,AR,-34.61315,-58.37723
https://ror.org/013c5y403,Instituto de Literatura Hispanoamericana,education,AR,-34.61315,-58.37723
https://ror.org/026qww519,Centro de Estudios Filosóficos y Teológicos,education,AR,-31.40648,-64.18853
https://ror.org/011q0wp29,Instituto de Historia del Arte Argentino y Latinoamericano “Luis Ordaz”,education,AR,-34.61315,-58.37723
https://ror.org/05gsk4b23,Instituto de Investigaciones de Estudios de Género,education,AR,-34.61315,-58.37723
https://ror.org/05nmn4b18,"Museo Etnográfico ""Juan B. Ambrosetti""",education,AR,-34.61315,-58.37723
https://ror.org/04582r067,"Instituto de Teoría e Historia del Arte ""Julio E. Payró""",education,AR,-34.61315,-58.37723
https://ror.org/04bfnba29,"Instituto de Historia de España ""Dr. Claudio Sánchez Albornoz""",education,AR,-34.61315,-58.37723
https://ror.org/04e145057,"Instituto de Artes del Espectáculo ""Dr. Raúl H. Castagnino""",education,AR,-34.61315,-58.37723
https://ror.org/02j861411,Instituto Interdisciplinario de Estudios e Investigaciones de América Latina,education,AR,-34.61315,-58.37723
https://ror.org/00xp3z794,Facultad Latinoamericana de Ciencias Sociales Sede Argentina,education,AR,-34.61315,-58.37723
https://ror.org/05vk94r15,Universidad Nacional de Villa Mercedes,education,AR,-33.67571,-65.45783
https://ror.org/05k16x352,Universidad Nacional de Jose C. Paz,education,AR,-34.51541,-58.76813
https://ror.org/01tjs6929,Universidad Nacional de La Plata,education,AR,-34.92126,-57.95442
https://ror.org/00htwgm11,National University of Salta,education,AR,-24.80645,-65.41999
https://ror.org/04z2t6t44,Instituto de Humanidades,education,AR,-31.40648,-64.18853
https://ror.org/0422kzb24,Pontificia Universidad Católica Argentina,education,AR,-34.61315,-58.37723
https://ror.org/0081fs513,Universidad de Buenos Aires,education,AR,-34.61315,-58.37723
https://ror.org/05x24zm07,Universidad Nacional de Pilar,education,AR,-34.41703,-58.87031
https://ror.org/019ptgs60,Interdisciplinary Political Economy Institute,education,AR,-34.61315,-58.37723
https://ror.org/0002pcv65,Universidad Nacional de Río Cuarto,education,AR,-33.13044,-64.35272
https://ror.org/055eqsb67,National University of Mar del Plata,education,AR,-38.00042,-57.5562
https://ror.org/01wgfva68,Universidad Nacional de Entre Ríos,education,AR,-32.48463,-58.23217
https://ror.org/02c21vy68,Universidad Nacional de La Pampa,education,AR,-36.61617,-64.28991
https://ror.org/03kr8x191,National University of Misiones,education,AR,-27.39184,-55.92379
https://ror.org/022g6pv04,National University of Patagonia San Juan Bosco,education,AR,-43.24895,-65.30505
https://ror.org/057ecva72,National University of the Northeast,education,AR,-27.46784,-58.8344
https://ror.org/04043k259,Austral University,education,AR,-34.61315,-58.37723
https://ror.org/00mczdx43,National University of San Luis,education,AR,-33.2914,-66.32467
https://ror.org/00v29jp57,National University of General San Martín,education,AR,-34.61315,-58.37723
https://ror.org/04hehwn14,Universidad Católica de Córdoba,education,AR,-31.4135,-64.18105
https://ror.org/02tphfq59,National University of Rosario,education,AR,-32.94682,-60.63932
https://ror.org/04t730v47,National Technological University,education,AR,-34.61315,-58.37723
https://ror.org/00sx0cd23,Balseiro Institute,education,AR,-41.14557,-71.30822
https://ror.org/056tb7j80,Universidad Nacional de Córdoba,education,AR,-31.40648,-64.18853
https://ror.org/02zvkba47,National University of Comahue,education,AR,-38.95161,-68.0591
https://ror.org/03h7hkg24,Centro de Investigación y Desarrollo Tecnológico para la Agricultura Familiar,facility,AR,-34.5904,-58.62904
https://ror.org/02raxsg56,Instituto de Investigaciones y Políticas del Ambiente Construido (IIPAC),facility,AR,-34.92145,-57.95453
https://ror.org/03vdg0553,"Instituto de Ambiente, Hábitat y Energía",facility,AR,-34.5,-68.5
https://ror.org/01d67x059,Centro de Investigación y Extensión Forestal Andino Patagónico,facility,AR,-42.91147,-71.31947
https://ror.org/04vhn6x78,Instituto Multidisciplinario de Biología Vegetal,facility,AR,-31.4135,-64.18105
https://ror.org/014etd178,Instituto de Biología Marina y Pesquera Almirante Storni,facility,AR,-40.73193,-64.94769
https://ror.org/030qxdf23,Instituto de Fisica de Liquidos y Sistemas Biologicos,facility,AR,-34.61315,-58.37723
https://ror.org/057zmmf60,Instituto de Biotecnología y Biología Molecular,facility,AR,-34.92145,-57.95453
https://ror.org/05p6vdy67,Instituto Multidisciplinario de Biología Celular,facility,AR,-34.92145,-57.95453
https://ror.org/05q52xn14,Instituto de Medicina y Biología Experimental de Cuyo,facility,AR,-32.89084,-68.82717
https://ror.org/04f5aam04,Instituto de Biología Agrícola de Mendoza,facility,AR,-32.89084,-68.82717
https://ror.org/04x0n3178,Instituto de Biología Molecular y Celular de Rosario,facility,AR,-32.94682,-60.63932
https://ror.org/04jdqdr13,Instituto de Biología Subtropical,facility,AR,-25.59912,-54.57355
https://ror.org/03h0e2s88,Institute of Marine and Coastal Research,facility,AR,-38.00042,-57.5562
https://ror.org/023dgw813,Research Centre in Biological Chemistry of Córdoba,facility,AR,-31.4135,-64.18105
https://ror.org/014pzm971,Instituto de Geocronología y Geología Isotópica,facility,AR,-34.61315,-58.37723
https://ror.org/00jxb8k91,Agricultural Plant Physiology and Ecology Research Institute,facility,AR,-34.61315,-58.37723
https://ror.org/05de0bv95,Instituto de Biodiversidad y Biología Experimental y Aplicada,facility,AR,-34.61315,-58.37723
https://ror.org/01pcb8y44,Instituto de Investigación en Paleobiología y Geología,facility,AR,-39.03333,-67.58333
https://ror.org/04f5aam04,Instituto de Biología Agrícola de Mendoza,facility,AR,-32.89084,-68.82717
https://ror.org/04x0n3178,Instituto de Biología Molecular y Celular de Rosario,facility,AR,-32.94682,-60.63932
https://ror.org/02ds1yf79,Instituto de Investigaciones en Recursos Naturales y Sustentabilidad José Sánchez Labrador S.J.,facility,AR,-31.40648,-64.18853
https://ror.org/03hnwy706,Experimental Medicine and Biology Institute,facility,AR,-34.61315,-58.37723
https://ror.org/028x29h02,National Meteorological Service,government_filtrado,AR,-34.61315,-58.37723
https://ror.org/03w9ctg72,Laboratorio de Investigaciones del Territorio y el Ambiente,government_filtrado,AR,-34.92126,-57.95442
https://ror.org/02xar8d89,Instituto de Biotecnología Ambiental y Salud,government_filtrado,AR,-33.13044,-64.35272
https://ror.org/01aspja26,University of the West Indies,education,BS,25.05823,-77.34306
https://ror.org/01c8qhb70,College of The Bahamas,education,BS,25.05823,-77.34306
https://ror.org/02fq9b702,Western Atlantic University School of Medicine,education,BS,26.53333,-78.7
https://ror.org/03ntzxc90,The Bahamas Agriculture and Marine Science Institute,education,BS,25.06667,-78.05
https://ror.org/05ntkws66,Bahamas Marine Mammal Research Organisation,facility,BS,26.54124,-77.0636
https://ror.org/00fgcap50,University of Belize,education,BZ,17.25,-88.76667
https://ror.org/00fbm6g50,Central America Health Sciences University,education,BZ,17.49952,-88.19756
https://ror.org/00vnste75,Galen University,education,BZ,17.1588,-89.0696
https://ror.org/01w17ks16,Gabriel René Moreno Autonomous University,education,BO,-17.78629,-63.18117
https://ror.org/00j0prg66,Tomás Frías Autonomous University,education,BO,-19.58361,-65.75306
https://ror.org/02x6tcp11,Bolivia Adventist University,education,BO,-17.3895,-66.1568
https://ror.org/01kyyzm82,Universidad Central,education,BO,-17.3895,-66.1568
https://ror.org/03g6mxw58,Universidad Indígena Quechua Boliviana Casimiro Huanca,education,BO,-17.3895,-66.1568
https://ror.org/03ge8ff34,Universidad Latinoamericana,education,BO,-17.3895,-66.1568
https://ror.org/0565qcy75,Universidad Privada Abierta Latinoamericana,education,BO,-17.3895,-66.1568
https://ror.org/03758j340,Universidad Privada Boliviana,education,BO,-17.3895,-66.1568
https://ror.org/03wjn2094,Universidad Privada del Valle,education,BO,-17.3895,-66.1568
https://ror.org/05khdc453,Universidad Pública de El Alto,education,BO,-16.5,-68.15
https://ror.org/04vh21716,Universidad Unión Bolivariana,education,BO,-16.5,-68.15
https://ror.org/00fc5ew81,Universidad de la Cordillera,education,BO,-16.5,-68.15
https://ror.org/01wfnf418,Universidad Loyola,education,BO,-16.5,-68.15
https://ror.org/03kqywj10,Universidad Nuestra Señora de La Paz,education,BO,-16.5,-68.15
https://ror.org/00vh0dr83,Universidad Salesiana de Bolivia,education,BO,-16.5,-68.15
https://ror.org/00d6gkv56,Universidad Tecnológica Boliviana,education,BO,-16.5,-68.15
https://ror.org/01q4mdv90,Universidad Privada de Oruro,education,BO,-17.98333,-67.15
https://ror.org/019c89h28,Oruro Technical University,education,BO,-17.98333,-67.15
https://ror.org/007ywk955,Universidad Bethesda,education,BO,-17.78629,-63.18117
https://ror.org/03fjqhm56,Universidad Cristiana de Bolivia,education,BO,-17.78629,-63.18117
https://ror.org/04s2jq961,Universidad Nacional del Oriente,education,BO,-17.78629,-63.18117
https://ror.org/050j0b044,Universidad Privada Cumbre,education,BO,-17.78629,-63.18117
https://ror.org/01sm8xv65,Universidad Tecnológica Privada de Santa Cruz,education,BO,-17.78629,-63.18117
https://ror.org/004nyzb81,Universidad Privada de Santa Cruz de la Sierra,education,BO,-17.78629,-63.18117
https://ror.org/03nfzc873,Universidad Boliviana de Informática,education,BO,-19.03332,-65.26274
https://ror.org/027pwvz62,Universidad Pedagógica Mariscal Sucre,education,BO,-19.03332,-65.26274
https://ror.org/04eeanr22,Universidad Unidad,education,BO,-19.03332,-65.26274
https://ror.org/00qfxgm20,Universidad Real,education,BO,-16.5,-68.15
https://ror.org/02tggea32,Universidad Indígena Boliviana Aymara Tupak Katari,education,BO,-16.5,-68.15
https://ror.org/05wstjm18,Academia Nacional de Ciencias de Bolivia,education,BO,-16.5,-68.15
https://ror.org/00pfv5508,Escuela Militar de Ingeniería,education,BO,-16.5,-68.15
https://ror.org/00ca8r120,Universidad de Postgrado para la Investigación Estratégica en Bolivia,education,BO,-16.5,-68.15
https://ror.org/02wfaf751,Universidad Privada Del Chaco,education,BO,-21.53549,-64.72956
https://ror.org/03y5p5264,Nur University,education,BO,-17.78629,-63.18117
https://ror.org/00nw66q03,Universidad Privada Franz Tamayo,education,BO,-16.5,-68.15
https://ror.org/055j13560,Universidad Nacional Ecologica,education,BO,-17.78629,-63.18117
https://ror.org/05sr4vg14,Universidad La Salle,education,BO,-16.5,-68.15
https://ror.org/03jrrzr69,Universidad Andina Simón Bolívar,education,BO,-19.03332,-65.26274
https://ror.org/02r7t0d73,Universidad Autónoma Juan Misael Saracho,education,BO,-21.53549,-64.72956
https://ror.org/00jx5gc25,Instituto Experimental de Biología,education,BO,-19.03332,-65.26274
https://ror.org/05ddevr29,Universidad Técnica Privada Cosmos,education,BO,-17.38195,-66.15995
https://ror.org/03z27es23,Universidad Mayor de San Simón,education,BO,-17.38195,-66.15995
https://ror.org/036b2ns30,Universidad Católica Boliviana San Pablo,education,BO,-16.5,-68.15
https://ror.org/03jrrzr69,Universidad Andina Simón Bolívar,education,BO,-19.03332,-65.26274
https://ror.org/03y5p5264,Nur University,education,BO,-17.78629,-63.18117
https://ror.org/05mx53e97,Universidad Amazonica de Pando,education,BO,-11.02671,-68.76918
https://ror.org/00nw66q03,Universidad Privada Franz Tamayo,education,BO,-16.5,-68.15
https://ror.org/04db0t411,Universidad Privada Domingo Savio,education,BO,-17.78629,-63.18117
https://ror.org/045m3v459,Universidad De Aquino Bolivia,education,BO,-17.78629,-63.18117
https://ror.org/03ztnr397,Universidad Autónoma del Beni,education,BO,-14.83333,-64.9
https://ror.org/02r7t0d73,Universidad Autónoma Juan Misael Saracho,education,BO,-21.53549,-64.72956
https://ror.org/04pqpvr75,Universidad de Los Andes,education,BO,-16.5,-68.15
https://ror.org/00k4v9x79,Universidad Mayor de San Andrés,education,BO,-16.5,-68.15
https://ror.org/00ys8p410,Instituto Nacional de Innovación Agropecuaria y Forestal,facility,BO,-16.5,-68.15
https://ror.org/05ynech64,Servicio Nacional de Hidrología y Meteorología,government_filtrado,BO,-16.5,-68.15
https://ror.org/007c43p06,Instituto Brasileiro de Osteopatia,education,BR,-23.5475,-46.63611
https://ror.org/02yaq1v87,Faculdade de Medicina de Petrópolis,education,BR,-22.505,-43.17861
https://ror.org/045nsn047,Instituto Federal do Amazonas,education,BR,-3.10194,-60.025
https://ror.org/04cfzks03,Escola de Comando e Estado-Maior do Exército,education,BR,-22.90642,-43.18223
https://ror.org/03p5hcj07,Instituto Federal do Tocantins,education,BR,-10.16745,-48.32766
https://ror.org/043nq9007,Instituto Federal do Acre,education,BR,-9.97472,-67.81
https://ror.org/03agmyp46,Instituto Federal do Amapá,education,BR,0.03889,-51.06639
https://ror.org/01htmkd76,Célia Helena Centro de Artes e Educação,education,BR,-23.5475,-46.63611
https://ror.org/05ryccv79,Escola Superior Dom Helder Câmara,education,BR,-19.92083,-43.93778
https://ror.org/00bz97317,UNIFAVIP,education,BR,-8.28333,-35.97611
https://ror.org/01hjd1605,Escola Técnica de eletrônic,education,BR,-22.25222,-45.70333
https://ror.org/02dsr2x66,Fundação Liberato,education,BR,-29.67833,-51.13056
https://ror.org/03gf7q691,Faculdade Única,education,BR,-21.18694,-43.97583
https://ror.org/014nyvw32,Centro de Educação Profissional em Tecnologia da Informação de Petrópolis,education,BR,-22.505,-43.17861
https://ror.org/03w6rv149,Instituto Federal de Educação Ciência e Tecnologia do Norte de Minas Gerais,education,BR,-15.47949,-44.3652
https://ror.org/00c6qf472,Instituto Infnet,education,BR,-22.90642,-43.18223
https://ror.org/01cs6sy07,Faculdade Unida de Suzano,education,BR,-23.5425,-46.31083
https://ror.org/01qnbng82,Instituto Sedes Sapientiae,education,BR,-23.5475,-46.63611
https://ror.org/03v4s6070,Coordenadoria Geral da Universidade,education,BR,-22.90556,-47.06083
https://ror.org/007g4ze80,Departamento Intersindical de Estatística e Estudos Socioeconômicos,education,BR,-23.5475,-46.63611
https://ror.org/043vxnh96,University of Cruz Alta,education,BR,-28.64397,-53.60633
https://ror.org/03a5kqj07,Centro Universitário Unirondon,education,BR,-15.59611,-56.09667
https://ror.org/01yztcr70,Universidade de Cuiabá,education,BR,-15.59611,-56.09667
https://ror.org/00x51ts23,Centro Universitário Campos de Andrade,education,BR,-25.42778,-49.27306
https://ror.org/012mmaq80,Centro Universitário Franciscano do Paraná,education,BR,-25.42778,-49.27306
https://ror.org/05net6471,Centro Universitário da Grande Dourados,education,BR,-22.22111,-54.80556
https://ror.org/05bnh4739,Universidade Regional Integrada do Alto Uruguai e das Missões,education,BR,-27.63461,-52.2754
https://ror.org/02q4bdb50,Centro Regional Universitário de Espírito Santo do Pinhal,education,BR,-22.11583,-46.68278
https://ror.org/012wtwr40,Centro Universitário Newton Paiva,education,BR,-19.92083,-43.93778
https://ror.org/043eemy38,Centro Universitário de Formiga,education,BR,-20.46444,-45.42639
https://ror.org/01adb4m49,Centro Universitário de Franca,education,BR,-20.53861,-47.40083
https://ror.org/00arjnt84,Centro Universitário de Goiás,education,BR,-16.67861,-49.25389
https://ror.org/03bzmm215,Centro Universitário da Fundação Educacional Guaxupé,education,BR,-21.30528,-46.71278
https://ror.org/00tfjp359,Centro Universitário Leonardo da Vinci,education,BR,-26.89778,-49.23167
https://ror.org/053ctwk70,Centro Universitário Assunção,education,BR,-23.5475,-46.63611
https://ror.org/028gkvf62,Centro Universitário Nossa Senhora do Patrocínio,education,BR,-23.26417,-47.29917
https://ror.org/02dm3hc63,Centro Universitário de Jales,education,BR,-20.26889,-50.54583
https://ror.org/00j31gd42,Centro Universitário de Jaraguá do Sul,education,BR,-26.48611,-49.06667
https://ror.org/011ebne09,Centro Universitário Padre Anchieta,education,BR,-23.18639,-46.88417
https://ror.org/01ef0g096,Universidade do Planalto Catarinense,education,BR,-27.81611,-50.32611
https://ror.org/03pxqf194,Centro Universitário Anhanguera,education,BR,-20.44278,-54.64639
https://ror.org/007qdam28,Centro Universitário de Lins,education,BR,-21.67861,-49.7425
https://ror.org/024wgn240,Centro Universitário de Desenvolvimento do Centro Oeste,education,BR,-16.2525,-47.95028
https://ror.org/04p47he44,Sociedade de Ensino Universitário do Nordeste,education,BR,-9.66583,-35.73528
https://ror.org/01a81wk68,Centro Universitário de Ensino Superior do Amazonas,education,BR,-3.10194,-60.025
https://ror.org/018mj2m06,Centro Universitário do Norte,education,BR,-3.10194,-60.025
https://ror.org/04wj0w424,Universidade Nilton Lins,education,BR,-3.10194,-60.025
https://ror.org/00fyj0e42,Universidade Braz Cubas,education,BR,-23.52278,-46.18833
https://ror.org/00315pw02,Universidade Potiguar,education,BR,-5.795,-35.20944
https://ror.org/03qtxpc80,Centro Universitário Plínio Leite,education,BR,-22.88333,-43.10361
https://ror.org/04afz7s27,Centro Universitário Barriga Verde,education,BR,-28.35889,-49.29139
https://ror.org/05f46p870,Centro Universitário Católico do Sudoeste do Paraná,education,BR,-26.48417,-51.99056
https://ror.org/00qtapa42,Centro Universitário Barão de Mauá,education,BR,-21.1775,-47.81028
https://ror.org/05956p547,Centro Universitário Moura Lacerda,education,BR,-21.1775,-47.81028
https://ror.org/00p1j0r66,Colégio Metodista Bennett,education,BR,-22.90642,-43.18223
https://ror.org/01555fr96,Centro Universitário Amparense,education,BR,-22.70111,-46.76444
https://ror.org/02ab1bc46,University Center Augusto Motta,education,BR,-22.90642,-43.18223
https://ror.org/05kpdq249,Centro Universitário Celso Lisboa,education,BR,-22.90642,-43.18223
https://ror.org/032bg8m67,Centro Universitário da Cidade,education,BR,-22.90642,-43.18223
https://ror.org/003ct7658,Centro Universitário Católico Salesiano Auxilium,education,BR,-21.20889,-50.43278
https://ror.org/02854zp38,Centro Universitario Toledo,education,BR,-21.20889,-50.43278
https://ror.org/01pn2rg09,Universidade Castelo Branco,education,BR,-22.90642,-43.18223
https://ror.org/001fypf81,Universidade Unigranrio,education,BR,-22.90642,-43.18223
https://ror.org/00aq5m079,Centro Universitario de Araras Dr Edmunso Ulson,education,BR,-22.35694,-47.38417
https://ror.org/03836f632,Centro Universitário do Planalto de Araxá,education,BR,-19.59333,-46.94056
https://ror.org/02h5n6z77,Jorge Amado University Center,education,BR,-12.97563,-38.49096
https://ror.org/04k1c4v44,Centro Universitário de Barra Mansa,education,BR,-22.54417,-44.17139
https://ror.org/006zzfd13,Centro Universitário da Fundação Educacional de Barretos,education,BR,-20.55722,-48.56778
https://ror.org/00cvckk37,Centro Universitário Claretiano,education,BR,-20.89111,-47.585
https://ror.org/012835d77,Centro Universitário do Pará,education,BR,-1.45583,-48.50444
https://ror.org/01afz2176,Universidade Salvador,education,BR,-12.97563,-38.49096
https://ror.org/00amt5186,Centro Universitário Lusíada,education,BR,-23.96083,-46.33361
https://ror.org/01n4hzf84,Uniabeu Centro Universitário,education,BR,-22.76417,-43.39944
https://ror.org/03ye93e96,Centro Universitário Monte Serrat,education,BR,-23.96083,-46.33361
https://ror.org/035mpnm25,Universidade Metropolitana de Santos,education,BR,-23.96083,-46.33361
https://ror.org/00vfxd102,Instituto Metodista Izabela Hendrix,education,BR,-19.92083,-43.93778
https://ror.org/02rrha849,Universidade Santa Cecília,education,BR,-23.96083,-46.33361
https://ror.org/013pajk64,Universidade Fundação Mineira de Educação e Cultura,education,BR,-19.92083,-43.93778
https://ror.org/01crvtj80,Instituto Mauá de Tecnologia,education,BR,-23.62306,-46.55111
https://ror.org/00h547294,Centro Universitário Euroamericano,education,BR,-15.77972,-47.92972
https://ror.org/05kpdq249,Centro Universitário Celso Lisboa,education,BR,-22.90642,-43.18223
https://ror.org/032bg8m67,Centro Universitário da Cidade,education,BR,-22.90642,-43.18223
https://ror.org/003ct7658,Centro Universitário Católico Salesiano Auxilium,education,BR,-21.20889,-50.43278
https://ror.org/02854zp38,Centro Universitario Toledo,education,BR,-21.20889,-50.43278
https://ror.org/01pn2rg09,Universidade Castelo Branco,education,BR,-22.90642,-43.18223
https://ror.org/001fypf81,Universidade Unigranrio,education,BR,-22.90642,-43.18223
https://ror.org/00aq5m079,Centro Universitario de Araras Dr Edmunso Ulson,education,BR,-22.35694,-47.38417
https://ror.org/03836f632,Centro Universitário do Planalto de Araxá,education,BR,-19.59333,-46.94056
https://ror.org/02h5n6z77,Jorge Amado University Center,education,BR,-12.97563,-38.49096
https://ror.org/04k1c4v44,Centro Universitário de Barra Mansa,education,BR,-22.54417,-44.17139
https://ror.org/006zzfd13,Centro Universitário da Fundação Educacional de Barretos,education,BR,-20.55722,-48.56778
https://ror.org/00cvckk37,Centro Universitário Claretiano,education,BR,-20.89111,-47.585
https://ror.org/012835d77,Centro Universitário do Pará,education,BR,-1.45583,-48.50444
https://ror.org/01afz2176,Universidade Salvador,education,BR,-12.97563,-38.49096
https://ror.org/00amt5186,Centro Universitário Lusíada,education,BR,-23.96083,-46.33361
https://ror.org/01n4hzf84,Uniabeu Centro Universitário,education,BR,-22.76417,-43.39944
https://ror.org/03ye93e96,Centro Universitário Monte Serrat,education,BR,-23.96083,-46.33361
https://ror.org/035mpnm25,Universidade Metropolitana de Santos,education,BR,-23.96083,-46.33361
https://ror.org/00vfxd102,Instituto Metodista Izabela Hendrix,education,BR,-19.92083,-43.93778
https://ror.org/02rrha849,Universidade Santa Cecília,education,BR,-23.96083,-46.33361
https://ror.org/00rpjcd45,Centro Universitário de Várzea Grande,education,BR,-15.64667,-56.1325
https://ror.org/05xrwp171,Centro Universitário Geraldo Di Biase,education,BR,-22.52306,-44.10417
https://ror.org/009rsan39,Centro Universitário UNINOVAFAPI,education,BR,-5.08917,-42.80194
https://ror.org/00cy2ef80,Centro Universitário Metodista IPA,education,BR,-30.03283,-51.23019
https://ror.org/01ktxpf34,Colégio Pedro II,education,BR,-22.90642,-43.18223
https://ror.org/03fthvs97,Faculdade de Itaituba,education,BR,-4.27611,-55.98361
https://ror.org/00720xw25,Faculdade Redentor,education,BR,-21.205,-41.88778
https://ror.org/00vcgxy32,Faculdade Ruy Barbosa,education,BR,-12.97563,-38.49096
https://ror.org/0056df569,Faculdade São Lucas,education,BR,-8.76194,-63.90389
https://ror.org/0328trt29,Faculdade Sumaré,education,BR,-22.82194,-47.26694
https://ror.org/05jnejj89,Faculdades EST,education,BR,-29.76028,-51.14722
https://ror.org/024b4v884,Faculdades Integradas Aparício Carvalho,education,BR,-8.76194,-63.90389
https://ror.org/01h153k55,Faculdades Integradas de Cacoal,education,BR,-11.43861,-61.44722
https://ror.org/03c3ct763,Faculdades Integradas de Taquara,education,BR,-29.65056,-50.78056
https://ror.org/045w8cb33,Faculdades Integradas do Vale do Ivaí,education,BR,-19.92083,-43.93778
https://ror.org/05ssnx856,Fundação Técnico Educacional Souza Marques,education,BR,-22.90642,-43.18223
https://ror.org/04wsxm558,Faculdade Cásper Líbero,education,BR,-23.5475,-46.63611
https://ror.org/0351a1c74,Faculdade Novos Horizontes,education,BR,-19.92083,-43.93778
https://ror.org/01eqzn264,Faculdade da Serra Gaúcha,education,BR,-29.16806,-51.17944
https://ror.org/00bvew379,Faculdade de Administração Ciências Educação e Letras,education,BR,-25.42778,-49.27306
https://ror.org/02sfdnr59,Universidade São Marcos,education,BR,-23.5475,-46.63611
https://ror.org/04azbjd07,Centro Universitário de Sete Lagoas,education,BR,-19.46583,-44.24667
https://ror.org/03rdgye13,Centro Universitário do Sul de Minas,education,BR,-21.55139,-45.43028
https://ror.org/00rpjcd45,Centro Universitário de Várzea Grande,education,BR,-15.64667,-56.1325
https://ror.org/05xrwp171,Centro Universitário Geraldo Di Biase,education,BR,-22.52306,-44.10417
https://ror.org/04ds6er14,Faculdade Evangélica do Paraná,education,BR,-25.42778,-49.27306
https://ror.org/01p7p3890,Faculdade de Ciências Médicas de Minas Gerais,education,BR,-19.92083,-43.93778
https://ror.org/02wk1td69,Fundacao Universitaria Jose Bonifacio,education,BR,-22.90642,-43.18223
https://ror.org/04f558b63,Centro Universitário Filadélfia,education,BR,-23.31028,-51.16278
https://ror.org/04a6gpn58,Centro Universitário São Camilo,education,BR,-23.5475,-46.63611
https://ror.org/04m3xd186,Centro Universitário de Belo Horizonte,education,BR,-19.92083,-43.93778
https://ror.org/01v0xk274,Universidade Ibirapuera,education,BR,-23.5475,-46.63611
https://ror.org/00kays408,University Gama Filho,education,BR,-22.90642,-43.18223
https://ror.org/00vcyhn10,Universidade Católica de Santos,education,BR,-23.96083,-46.33361
https://ror.org/05nvmzs58,Universidade de Santo Amaro,education,BR,-23.5475,-46.63611
https://ror.org/006qssd78,Universidade do Sul de Santa Catarina,education,BR,-28.46667,-49.00694
https://ror.org/006nc8n95,Universidade Presbiteriana Mackenzie,education,BR,-23.5475,-46.63611
https://ror.org/0149j8908,Universidade Santa Úrsula,education,BR,-22.90642,-43.18223
https://ror.org/02xj89f04,Universidade Veiga de Almeida,education,BR,-22.88717,-42.02622
https://ror.org/00s7qjp35,Universidade Vale do Rio Verde,education,BR,-21.69694,-45.25333
https://ror.org/0281q8667,FAHOR - Faculdade Horizontina,education,BR,-27.62583,-54.30778
https://ror.org/041ptsr40,Fatec Zona Sul - Dom Paulo Evaristo Arns,education,BR,-23.5475,-46.63611
https://ror.org/00987cb86,Universidade Estadual Paulista (Unesp),education,BR,-23.5475,-46.63611
https://ror.org/046zzaz75,Centro Universitário da Vitória de Santo Antão,education,BR,-8.11806,-35.29139
https://ror.org/021brj308,Escola Brasileira de Economia e Finanças,education,BR,-22.90642,-43.18223
https://ror.org/04x96dx10,University of the Federal District,education,BR,-15.77972,-47.92972
https://ror.org/02f1crb75,Instituto de Física de São Carlos,education,BR,-22.0175,-47.89083
https://ror.org/00kmde975,"Instituto de Ciências Ambientais, Químicas e Farmacêuticas",education,BR,-23.68611,-46.62278
https://ror.org/04q8h6b75,Escola Brasileira de Administração Pública e de Empresas,education,BR,-22.90642,-43.18223
https://ror.org/05nxsdg44,Escola de Saúde Pública do Distrito Federal,education,BR,-15.77972,-47.92972
https://ror.org/05gvn0b94,Faculdade Municipal de Palhoça,education,BR,-27.64528,-48.66778
https://ror.org/04t6wsp57,Instituto de Estudos Avançados da Universidade de São Paulo,education,BR,-23.5475,-46.63611
https://ror.org/054hyrm55,Escola de Economia de São Paulo,education,BR,-23.5475,-46.63611
https://ror.org/044wn2t24,Universidade Federal de Rondonópolis,education,BR,-16.47083,-54.63556
https://ror.org/04z7f4v54,Centro Universitário Herminio Ometto de Araras,education,BR,-22.35694,-47.38417
https://ror.org/03eqqnw33,Faculdade de Ensino Superior de Linhares,education,BR,-19.35774,-40.1469
https://ror.org/00e3y0580,Instituto Ivoti,education,BR,-29.57124,-51.17272
https://ror.org/03gq9pd80,Instituto Federal de Goiás,education,BR,-16.67861,-49.25389
https://ror.org/02nmavx05,Insper,education,BR,-23.5475,-46.63611
https://ror.org/0009eqg37,Instituto Federal Fluminense,education,BR,-22.90642,-43.18223
https://ror.org/05ynrwf18,Universidade Livre de Música,education,BR,-23.5475,-46.63611
https://ror.org/00ge23k91,"Instituto Federal de Educação, Ciência e Tecnologia do Triângulo Mineiro",education,BR,-19.74833,-47.93194
https://ror.org/03bk74w21,"Instituto Federal de Educação, Ciência e Tecnologia de Brasília",education,BR,-15.77972,-47.92972
https://ror.org/02xm1d907,Escola Nacional de Saúde Pública,education,BR,-22.90642,-43.18223
https://ror.org/015g1jn89,Universidade Estadual da Zona Oeste,education,BR,-22.90642,-43.18223
https://ror.org/01j56e062,Universidade Católica de Petrópolis,education,BR,-22.505,-43.17861
https://ror.org/02y7zaj23,"Instituto Federal de Educação, Ciência e Tecnologia de Pernambuco",education,BR,-8.05389,-34.88111
https://ror.org/05sw4bn05,Universidade de Itaúna,education,BR,-20.07528,-44.57639
https://ror.org/00axehm46,"Instituto Federal de Educação, Ciência e Tecnologia de Rondônia",education,BR,-8.76194,-63.90389
https://ror.org/02r6n2967,Faculty Santíssima Trindade,education,BR,-7.74167,-35.22778
https://ror.org/00p9vpz11,Universidade Federal da Paraíba,education,BR,-7.115,-34.86306
https://ror.org/01bzw6057,Escola de Saúde Pública do Ceará,education,BR,-3.71722,-38.54306
https://ror.org/059mr5v89,Centro Universitário União Dinâmica das Cataratas,education,BR,-25.54778,-54.58806
https://ror.org/00w20ev23,Faculdade Ceres,education,BR,-20.81972,-49.37944
https://ror.org/03gpapx10,Rio Branco Institute,education,BR,-15.77972,-47.92972
https://ror.org/0474ddm96,Fundação Centro de Estudos do Universo,education,BR,-22.28417,-48.12667
https://ror.org/048knt538,Centro Universitário do Distrito Federal,education,BR,-15.77972,-47.92972
https://ror.org/03z41xz33,Centro Universitário São Lucas,education,BR,-8.76194,-63.90389
https://ror.org/014hvfk26,UniFG Centro Universitário,education,BR,-14.22333,-42.78139
https://ror.org/00r1f0w19,Centro Universitário SATC,education,BR,-28.6775,-49.36972
https://ror.org/015c54q78,Centro Universitário Unigran Capital,education,BR,-20.44278,-54.64639
https://ror.org/01ng1nj07,Bio-Bras,education,BR,-16.735,-43.86167
https://ror.org/003td8q57,Faesa Centro Universitario,education,BR,-20.31944,-40.33778
https://ror.org/05shbkc58,Unifunec - Centro Universitário de Santa Fé do Sul,education,BR,-20.21111,-50.92583
https://ror.org/051a88j84,Centro Universitário Maurício de Nassau,education,BR,-8.05389,-34.88111
https://ror.org/05b5kg436,University Alto Vale do Rio do Peixe,education,BR,-26.77528,-51.015
https://ror.org/0042f2034,Faculdade Frassinetti do Recife,education,BR,-8.05389,-34.88111
https://ror.org/03gxqy123,Paulo Picanço School of Dentistry,education,BR,-3.71722,-38.54306
https://ror.org/02yaq1v87,Faculdade de Medicina de Petrópolis,education,BR,-22.505,-43.17861
https://ror.org/01nnak423,Centro Universitário Luterano de Palmas,education,BR,-29.91778,-51.18361
https://ror.org/01k2yk558,Centro Universitário Católica de Santa Catarina,education,BR,-26.30444,-48.84556
https://ror.org/03qzyer47,Fatec Jahu,education,BR,-22.29639,-48.55778
https://ror.org/00ay50243,Anhembi Morumbi University,education,BR,-23.5475,-46.63611
https://ror.org/041akq887,Universidade Federal de Santa Catarina,education,BR,-27.59667,-48.54917
https://ror.org/014nyvw32,Centro de Educação Profissional em Tecnologia da Informação de Petrópolis,education,BR,-22.505,-43.17861
https://ror.org/03w6rv149,Instituto Federal de Educação Ciência e Tecnologia do Norte de Minas Gerais,education,BR,-15.47949,-44.3652
https://ror.org/00c6qf472,Instituto Infnet,education,BR,-22.90642,-43.18223
https://ror.org/01cs6sy07,Faculdade Unida de Suzano,education,BR,-23.5425,-46.31083
https://ror.org/01qnbng82,Instituto Sedes Sapientiae,education,BR,-23.5475,-46.63611
https://ror.org/03v4s6070,Coordenadoria Geral da Universidade,education,BR,-22.90556,-47.06083
https://ror.org/007g4ze80,Departamento Intersindical de Estatística e Estudos Socioeconômicos,education,BR,-23.5475,-46.63611
https://ror.org/00c6b0p07,Instituto Internacional de Ciencias Sociais,education,BR,-23.5475,-46.63611
https://ror.org/040g62b80,Escola Superior de Propaganda e Marketing,education,BR,-23.5475,-46.63611
https://ror.org/04zcpm936,Faculdade de Mococa,education,BR,-21.46778,-47.00472
https://ror.org/05c6jzf22,Faculdades Integradas de São Paulo,education,BR,-23.5475,-46.63611
https://ror.org/051wkpd79,Faculdades Integradas Teresa D'Ávila,education,BR,-22.73083,-45.12472
https://ror.org/044dz3b65,Instituto de Psicologia Comportamental de São Carlos,education,BR,-22.0175,-47.89083
https://ror.org/02pewm513,Instituto Paulista de Ensino e Pesquisa,education,BR,-22.90556,-47.06083
https://ror.org/01ewyge67,Instituto Paulo Freire,education,BR,-23.5475,-46.63611
https://ror.org/02k5vwz61,Abutua Tecnologia,education,BR,-23.50167,-47.45806
https://ror.org/019cg0811,Instituto Histórico e Geográfico Brasileiro,education,BR,-22.90642,-43.18223
https://ror.org/008wzyk06,Hélio Alonso University,education,BR,-22.90642,-43.18223
https://ror.org/0101h5125,Instituto Brasileiro de Mercado de Capitais,education,BR,-22.90642,-43.18223
https://ror.org/04wy35175,Instituto Superior de Educação do Rio de Janeiro,education,BR,-22.90642,-43.18223
https://ror.org/013796n77,Fundação de Apoio à Escola Técnica,education,BR,-22.90642,-43.18223
https://ror.org/02a3nmn42,Fundação Educacional D. André Arcoverde,education,BR,-22.24556,-43.70028
https://ror.org/04z7f4v54,Centro Universitário Herminio Ometto de Araras,education,BR,-22.35694,-47.38417
https://ror.org/03eqqnw33,Faculdade de Ensino Superior de Linhares,education,BR,-19.35774,-40.1469
https://ror.org/04gkha250,Universidade SENAI CIMATEC,education,BR,-12.97563,-38.49096
https://ror.org/02r3ebk48,Faculdade Santa Marcelina Muriaé,education,BR,-21.07829,-42.44461
https://ror.org/05y5xxp70,Fundacao Escola Superior da Defensoria Publica do Estado do Rio de Janeiro,education,BR,-22.90642,-43.18223
https://ror.org/01hewbk46,Universidade Estadual de Montes Claros,education,BR,-16.735,-43.86167
https://ror.org/006703856,Faculdade Metropolitana de Manaus,education,BR,-3.10194,-60.025
https://ror.org/00e3y0580,Instituto Ivoti,education,BR,-29.57124,-51.17272
https://ror.org/03gq9pd80,Instituto Federal de Goiás,education,BR,-16.67861,-49.25389
https://ror.org/02nmavx05,Insper,education,BR,-23.5475,-46.63611
https://ror.org/0009eqg37,Instituto Federal Fluminense,education,BR,-22.90642,-43.18223
https://ror.org/0281q8667,FAHOR - Faculdade Horizontina,education,BR,-27.62583,-54.30778
https://ror.org/00kmde975,"Instituto de Ciências Ambientais, Químicas e Farmacêuticas",education,BR,-23.68611,-46.62278
https://ror.org/04q8h6b75,Escola Brasileira de Administração Pública e de Empresas,education,BR,-22.90642,-43.18223
https://ror.org/05nxsdg44,Escola de Saúde Pública do Distrito Federal,education,BR,-15.77972,-47.92972
https://ror.org/05gvn0b94,Faculdade Municipal de Palhoça,education,BR,-27.64528,-48.66778
https://ror.org/04t6wsp57,Instituto de Estudos Avançados da Universidade de São Paulo,education,BR,-23.5475,-46.63611
https://ror.org/054hyrm55,Escola de Economia de São Paulo,education,BR,-23.5475,-46.63611
https://ror.org/044wn2t24,Universidade Federal de Rondonópolis,education,BR,-16.47083,-54.63556
https://ror.org/05gefd119,Universidade Feevale,education,BR,-29.67833,-51.13056
https://ror.org/003qt4p19,Universidade Federal do Pampa,education,BR,-31.33139,-54.10694
https://ror.org/04abxn418,Universidade José do Rosário Vellano,education,BR,-21.42917,-45.94722
https://ror.org/01wjxn842,Pontifícia Universidade Católica de Campinas,education,BR,-22.90556,-47.06083
https://ror.org/02kvg7a66,Instituto Federal do Sudeste de Minas Gerais,education,BR,-21.76417,-43.35028
https://ror.org/055r0dt08,Faculdade do Futuro,education,BR,-20.25806,-42.03361
https://ror.org/02nymkz75,Faculdade Faci Wyden,education,BR,-1.45583,-48.50444
https://ror.org/05hntsd28,Faculdade Damas da Instrução Cristã,education,BR,-8.01175,-34.95291
https://ror.org/02nsq4g28,Faculdade de Direito de Franca,education,BR,-20.53861,-47.40083
https://ror.org/05pmky480,Uningá - Centro Universitário Ingá,education,BR,-23.42528,-51.93861
https://ror.org/04eq71r04,Instituto Federal Farroupilha,education,BR,-29.68417,-53.80694
https://ror.org/044khe761,Santa Marcelina Colégio São Paulo,education,BR,-23.5475,-46.63611
https://ror.org/01p3rp369,Santa Marcelina Educação,education,BR,-23.5475,-46.63611
https://ror.org/02r3ebk48,Faculdade Santa Marcelina Muriaé,education,BR,-21.07829,-42.44461
https://ror.org/05y5xxp70,Fundacao Escola Superior da Defensoria Publica do Estado do Rio de Janeiro,education,BR,-22.90642,-43.18223
https://ror.org/01hewbk46,Universidade Estadual de Montes Claros,education,BR,-16.735,-43.86167
https://ror.org/006703856,Faculdade Metropolitana de Manaus,education,BR,-3.10194,-60.025
https://ror.org/054hbkf39,Centro Universitário Carioca,education,BR,-22.90642,-43.18223
https://ror.org/02pj7we23,Centro Universitário Fundação Santo André,education,BR,-23.66389,-46.53833
https://ror.org/00nxhsa79,Centro Universitário da Fundação de Ensino Octávio Bastos,education,BR,-21.96917,-46.79806
https://ror.org/05phx6q60,Centro Universitário de Mineiros,education,BR,-17.56944,-52.55111
https://ror.org/0253f4y91,Centro Regional de Ciências Nucleares do Nordeste,education,BR,-8.05389,-34.88111
https://ror.org/03kh8rv18,Instituto de Química de São Carlos,education,BR,-22.0175,-47.89083
https://ror.org/05qt8jw47,FATEC São José dos Campos,education,BR,-23.17944,-45.88694
https://ror.org/01s4arm57,UniGuairacá Centro Universitário,education,BR,-25.39048,-51.46541
https://ror.org/04x3wvr31,Universidade Federal de Uberlândia,education,BR,-18.91861,-48.27722
https://ror.org/00eftnx64,Universidade Federal de Campina Grande,education,BR,-7.23056,-35.88111
https://ror.org/04gdrc249,Centro Universitário de Itajubá,education,BR,-22.42556,-45.45278
https://ror.org/024rsp410,Centro Universitário de Lavras,education,BR,-22.82111,-51.59528
https://ror.org/00cs91c30,Universidade Federal de Jataí,education,BR,-17.87939,-51.72166
https://ror.org/03xbfbm37,Centro Universitário do Cerrado Patrocínio,education,BR,-18.94389,-46.9925
https://ror.org/046aa8x19,Centro Universitário de União da Vitória,education,BR,-26.23,-51.08639
https://ror.org/05t3h0r03,Centro Universitário FUNORTE,education,BR,-16.58789,-43.89995
https://ror.org/05msy9z54,Universidade Federal de Pelotas,education,BR,-31.76997,-52.34101
https://ror.org/00mm6gw69,Faculdade de Saúde de Paulista,education,BR,-7.92818,-34.88334
https://ror.org/05c6hwg81,Hospital Universitário Getúlio Vargas,education,BR,-3.10194,-60.025
https://ror.org/024pz1v04,Universidade Federal de Catalão,education,BR,-18.16583,-47.94639
https://ror.org/02j6bmx07,Centro Universitário Salesiano,education,BR,-20.31944,-40.33778
https://ror.org/030annm28,Faculdade de Direito de São Bernardo do Campo,education,BR,-23.69389,-46.565
https://ror.org/045efrm68,University of Gurupi,education,BR,-11.72917,-49.06861
https://ror.org/02v324824,Centro Universitário FAMESC,education,BR,-21.13389,-41.67972
https://ror.org/04bqw6g80,Fatec Garça,education,BR,-22.21056,-49.65611
https://ror.org/044g0p936,Universidade Ceuma,education,BR,-2.52972,-44.30278
https://ror.org/054hbkf39,Centro Universitário Carioca,education,BR,-22.90642,-43.18223
https://ror.org/02pj7we23,Centro Universitário Fundação Santo André,education,BR,-23.66389,-46.53833
https://ror.org/00nxhsa79,Centro Universitário da Fundação de Ensino Octávio Bastos,education,BR,-21.96917,-46.79806
https://ror.org/01vxwy461,Universidade Estadual do Rio Grande do Sul,education,BR,-30.11462,-51.16393
https://ror.org/02na6tz09,Universidade Estadual do Piauí,education,BR,-5.08917,-42.80194
https://ror.org/05j19c061,Escola Nacional de Administração Pública,education,BR,-15.77972,-47.92972
https://ror.org/001qhzb21,Faculdade Luterana de Teologia,education,BR,-26.25028,-49.37861
https://ror.org/04sxex454,Atitus Educação,education,BR,-28.26278,-52.40667
https://ror.org/05je3gn27,Centro Universitário do Rio Grande do Norte,education,BR,-5.795,-35.20944
https://ror.org/02s544062,Centro Universitário Dr. Leão Sampaio - Unileão,education,BR,-7.21306,-39.31528
https://ror.org/011tj4033,Universidade Candido Mendes,education,BR,-22.90642,-43.18223
https://ror.org/042k2q423,Universidade Católica do Salvador,education,BR,-12.97563,-38.49096
https://ror.org/007fxh757,Centro Universitário Salesiano de São Paulo,education,BR,-22.73917,-47.33139
https://ror.org/03618vx64,Centro Universitário Serra dos Órgãos,education,BR,-22.4167,-42.97822
https://ror.org/025zd8760,Universidade do Vale do Sapucaí,education,BR,-22.23,-45.93639
https://ror.org/01jfptw72,Centro Universitário do Triângulo,education,BR,-18.91861,-48.27722
https://ror.org/05kmjt886,Faculdade Vale dos Carajás,education,BR,-6.0675,-49.90222
https://ror.org/009afhj46,Fucape Business School,education,BR,-20.31944,-40.33778
https://ror.org/03dvbtn06,Centro Universitário Maria Milza,education,BR,-12.60044,-39.04178
https://ror.org/015xjsg96,Universidade Tiradentes,education,BR,-10.91111,-37.07167
https://ror.org/02hnvfm11,Universidade de Sorocaba,education,BR,-23.50167,-47.45806
https://ror.org/040ys9e84,"Instituto Federal de Educação, Ciência e Tecnologia de Alagoas",education,BR,-9.66583,-35.73528
https://ror.org/03s3m1w94,Universidade Federal do Agreste de Pernambuco,education,BR,-8.88202,-36.50216
https://ror.org/0160d1x35,Centro Universitário Evangélico de Goianésia,education,BR,-15.3175,-49.1175
https://ror.org/00a4xxf76,Universidade Federal do Cariri,education,BR,-7.21306,-39.31528
https://ror.org/02zpkjt27,Universidade Evangelica de Goiás,education,BR,-16.32667,-48.95278
https://ror.org/05rhe8003,Faculdade de Ciências da Saúde de Barretos Dr. Paulo Prata,education,BR,-20.55722,-48.56778
https://ror.org/00n6czj17,Faculdade Gennari e Peartree - FGP,education,BR,-22.30876,-48.86558
https://ror.org/01j3d0v83,Faculdade Uníntese,education,BR,-28.29917,-54.26306
https://ror.org/00yknbj49,Centro Universitário de Minas Gerais - UniMG,education,BR,-18.57889,-46.51806
https://ror.org/00x0nkm13,Universidade Federal de Ciências da Saúde de Porto Alegre,education,BR,-30.03283,-51.23019
https://ror.org/008p1v134,"Instituto Federal de Educação, Ciência e Tecnologia do Rio Grande do Sul",education,BR,-29.17139,-51.51917
https://ror.org/02ns6se93,Universidade de Rio Verde,education,BR,-17.71888,-51.04215
https://ror.org/03me10b26,Unesp de Marília,education,BR,-22.21389,-49.94583
https://ror.org/02hkm3s40,"Iyaleta - Pesquisa, Ciências e Humanidades",education,BR,-12.97177,-38.50811
https://ror.org/02znfhp50,Instituto Federal do Paraná,education,BR,-25.42778,-49.27306
https://ror.org/012h1pw83,Unimais,education,BR,-23.5475,-46.63611
https://ror.org/031d0m432,Centro Universitário do Rio São Francisco,education,BR,-9.40611,-38.21472
https://ror.org/040ys9e84,"Instituto Federal de Educação, Ciência e Tecnologia de Alagoas",education,BR,-9.66583,-35.73528
https://ror.org/03m5xaf46,Centro Universitário de Adamantina,education,BR,-21.59136,-51.06669
https://ror.org/047n24c95,Escola de Aperfeiçoamento de Oficiais,education,BR,-22.90642,-43.18223
https://ror.org/02ypeqj11,Secretaria da Educação do Estado do Ceará,education,BR,-3.71722,-38.54306
https://ror.org/02c0rrp38,Escola de Administração de Empresas de São Paulo,education,BR,-23.5475,-46.63611
https://ror.org/05wnasr61,Vale Technological Institute,education,BR,-1.45583,-48.50444
https://ror.org/02fkrfj43,Faculdade Unida de Vitória,education,BR,-20.31944,-40.33778
https://ror.org/04gzm4v34,Instituto Anísio Teixeira,education,BR,-12.97563,-38.49096
https://ror.org/051zk9m13,Fundação Universitária de Itaperuna,education,BR,-21.205,-41.88778
https://ror.org/01dg47b60,Pontifícia Universidade Católica do Rio de Janeiro,education,BR,-22.90642,-43.18223
https://ror.org/01vxwy461,Universidade Estadual do Rio Grande do Sul,education,BR,-30.11462,-51.16393
https://ror.org/02na6tz09,Universidade Estadual do Piauí,education,BR,-5.08917,-42.80194
https://ror.org/05j19c061,Escola Nacional de Administração Pública,education,BR,-15.77972,-47.92972
https://ror.org/03t7a2639,Universidade da Força Aérea,education,BR,-22.92008,-43.33069
https://ror.org/02qze4e34,Escola de Direito de São Paulo da Fundação Getulio Vargas,education,BR,-23.5475,-46.63611
https://ror.org/00q3c5d02,Universidade Paulista Campinas,education,BR,-22.90556,-47.06083
https://ror.org/020v13m88,Universidade Paulista,education,BR,-23.5475,-46.63611
https://ror.org/02r4m3z56,Leitão Guerra - Oftalmologia,education,BR,-12.97563,-38.49096
https://ror.org/013995344,Centro Universitário de Telêmaco Borba,education,BR,-24.32389,-50.61556
https://ror.org/057sz6r47,Legale Educacional,education,BR,-23.5475,-46.63611
https://ror.org/0528tq312,Faculdade de Tecnologia da Zona Leste,education,BR,-23.5475,-46.63611
https://ror.org/02sr5qc36,Centro Universitário Cesusc – UNICESUSC,education,BR,-27.59667,-48.54917
https://ror.org/05b367g49,Faculdades Nova Esperança,education,BR,-7.115,-34.86306
https://ror.org/03b1fmh33,Faculdade Santa Marcelina,education,BR,-23.5475,-46.63611
https://ror.org/05qmj7q47,Centro Universitário Ateneu,education,BR,-3.71722,-38.54306
https://ror.org/03r592s72,"Faculdade de Música do Espírito Santo ""Maurício de Oliveira"" - FAMES",education,BR,-20.31944,-40.33778
https://ror.org/00vvm7f23,Universidade Norte do Paraná,education,BR,-23.31028,-51.16278
https://ror.org/00fcpmw49,"Instituto Federal de Educação, Ciência e Tecnologia de Santa Catarina",education,BR,-27.59667,-48.54917
https://ror.org/01c730s93,Universidade Virtual do Estado de São Paulo,education,BR,-23.5475,-46.63611
https://ror.org/0310smc09,Universidade Federal da Grande Dourados,education,BR,-22.22111,-54.80556
https://ror.org/05gefd119,Universidade Feevale,education,BR,-29.67833,-51.13056
https://ror.org/003qt4p19,Universidade Federal do Pampa,education,BR,-31.33139,-54.10694
https://ror.org/04abxn418,Universidade José do Rosário Vellano,education,BR,-21.42917,-45.94722
https://ror.org/01wjxn842,Pontifícia Universidade Católica de Campinas,education,BR,-22.90556,-47.06083
https://ror.org/02kvg7a66,Instituto Federal do Sudeste de Minas Gerais,education,BR,-21.76417,-43.35028
https://ror.org/03z9wm572,Universidade Federal da Fronteira Sul,education,BR,-27.09639,-52.61833
https://ror.org/00aj4th23,Instituto Federal do Sertão Pernambucano,education,BR,-9.39861,-40.50083
https://ror.org/0084z7g54,Universidade Paranaense,education,BR,-23.76639,-53.325
https://ror.org/025fy2n80,Univates,education,BR,-29.46694,-51.96139
https://ror.org/05az4r222,Centro Universitário Integrado,education,BR,-24.04309,-52.37929
https://ror.org/01cfras43,Instituto Federal de Educação Ciência e Tecnologia do Mato Grosso do Sul,education,BR,-20.5,-55.0
https://ror.org/00xb6aw94,State University of Norte Fluminense,education,BR,-22.90642,-43.18223
https://ror.org/00nya5t35,Academia da Força Aérea,education,BR,-21.99611,-47.42583
https://ror.org/00crnyv53,Community University of Chapecó Region - Unochapecó,education,BR,-27.09639,-52.61833
https://ror.org/03jbcxj66,Faculdade de Tecnologia de São Paulo,education,BR,-23.5475,-46.63611
https://ror.org/02zm1vy19,Catavento Instituto,education,BR,-12.97563,-38.49096
https://ror.org/00za68765,Centro Universitário Estácio de Santa Catarina,education,BR,-28.21344,-49.16383
https://ror.org/01xc5jm57,Instituto Federal de Educação Ciência e Tecnologia da Paraíba,education,BR,-7.115,-34.86306
https://ror.org/04k6k8h87,Faculdade Anhanguera,education,BR,-23.02639,-45.55528
https://ror.org/022qdz987,Faculdade de Direito de Vitória,education,BR,-20.0,-40.75
https://ror.org/041g6bx17,Faculdade Pernambucana de Saúde,education,BR,-8.05389,-34.88111
https://ror.org/055r0dt08,Faculdade do Futuro,education,BR,-20.25806,-42.03361
https://ror.org/02nymkz75,Faculdade Faci Wyden,education,BR,-1.45583,-48.50444
https://ror.org/05hntsd28,Faculdade Damas da Instrução Cristã,education,BR,-8.01175,-34.95291
https://ror.org/02nsq4g28,Faculdade de Direito de Franca,education,BR,-20.53861,-47.40083
https://ror.org/05pmky480,Uningá - Centro Universitário Ingá,education,BR,-23.42528,-51.93861
https://ror.org/04eq71r04,Instituto Federal Farroupilha,education,BR,-29.68417,-53.80694
https://ror.org/044khe761,Santa Marcelina Colégio São Paulo,education,BR,-23.5475,-46.63611
https://ror.org/01p3rp369,Santa Marcelina Educação,education,BR,-23.5475,-46.63611
https://ror.org/0160d1x35,Centro Universitário Evangélico de Goianésia,education,BR,-15.3175,-49.1175
https://ror.org/00a4xxf76,Universidade Federal do Cariri,education,BR,-7.21306,-39.31528
https://ror.org/02zpkjt27,Universidade Evangelica de Goiás,education,BR,-16.32667,-48.95278
https://ror.org/05rhe8003,Faculdade de Ciências da Saúde de Barretos Dr. Paulo Prata,education,BR,-20.55722,-48.56778
https://ror.org/00n6czj17,Faculdade Gennari e Peartree - FGP,education,BR,-22.30876,-48.86558
https://ror.org/050755v08,Jesuit School of Philosophy and Theology,education,BR,-19.92083,-43.93778
https://ror.org/0409dgb37,Universidade Federal de Viçosa,education,BR,-20.75389,-42.88194
https://ror.org/016kak391,Centro Universitário FIEO,education,BR,-23.5325,-46.79167
https://ror.org/059538728,Centro Universitário Academia,education,BR,-21.76417,-43.35028
https://ror.org/04x3wvr31,Universidade Federal de Uberlândia,education,BR,-18.91861,-48.27722
https://ror.org/00eftnx64,Universidade Federal de Campina Grande,education,BR,-7.23056,-35.88111
https://ror.org/04gdrc249,Centro Universitário de Itajubá,education,BR,-22.42556,-45.45278
https://ror.org/024rsp410,Centro Universitário de Lavras,education,BR,-22.82111,-51.59528
https://ror.org/00cs91c30,Universidade Federal de Jataí,education,BR,-17.87939,-51.72166
https://ror.org/03xbfbm37,Centro Universitário do Cerrado Patrocínio,education,BR,-18.94389,-46.9925
https://ror.org/046aa8x19,Centro Universitário de União da Vitória,education,BR,-26.23,-51.08639
https://ror.org/05t3h0r03,Centro Universitário FUNORTE,education,BR,-16.58789,-43.89995
https://ror.org/05msy9z54,Universidade Federal de Pelotas,education,BR,-31.76997,-52.34101
https://ror.org/00mm6gw69,Faculdade de Saúde de Paulista,education,BR,-7.92818,-34.88334
https://ror.org/05c6hwg81,Hospital Universitário Getúlio Vargas,education,BR,-3.10194,-60.025
https://ror.org/024pz1v04,Universidade Federal de Catalão,education,BR,-18.16583,-47.94639
https://ror.org/02j6bmx07,Centro Universitário Salesiano,education,BR,-20.31944,-40.33778
https://ror.org/030annm28,Faculdade de Direito de São Bernardo do Campo,education,BR,-23.69389,-46.565
https://ror.org/045efrm68,University of Gurupi,education,BR,-11.72917,-49.06861
https://ror.org/02v324824,Centro Universitário FAMESC,education,BR,-21.13389,-41.67972
https://ror.org/04ch49185,Federal Center for Technological Education of Minas Gerais,education,BR,-19.92083,-43.93778
https://ror.org/05txt3n58,Faculdade Princesa do Oeste,education,BR,-5.25084,-40.74335
https://ror.org/00x458g09,Faculdade EBRAMEC,education,BR,-23.5475,-46.63611
https://ror.org/02rjhbb08,Universidade Federal Fluminense,education,BR,-22.88333,-43.10361
https://ror.org/03f8k6a86,"Instituto Brasileiro de Ensino, Desenvolvimento e Pesquisa",education,BR,-15.77972,-47.92972
https://ror.org/03veakt65,Military Institute of Engineering,education,BR,-22.90642,-43.18223
https://ror.org/00vvaxp92,Centro Paula Souza,education,BR,-23.5475,-46.63611
https://ror.org/00kde4z41,Universidade Luterana do Brasil,education,BR,-29.91778,-51.18361
https://ror.org/03p7bap06,"Instituto de Biociências, Letras e Ciências Exatas, câmpus de São José do Rio Preto",education,BR,-20.81972,-49.37944
https://ror.org/01drtms03,Instituto Federal do Sul de Minas,education,BR,-22.23,-45.93639
https://ror.org/00qa51v13,Instituto Tecnológico de Aeronáutica - Campus de Fortaleza,education,BR,-3.71722,-38.54306
https://ror.org/041ptsr40,Fatec Zona Sul - Dom Paulo Evaristo Arns,education,BR,-23.5475,-46.63611
https://ror.org/00987cb86,Universidade Estadual Paulista (Unesp),education,BR,-23.5475,-46.63611
https://ror.org/046zzaz75,Centro Universitário da Vitória de Santo Antão,education,BR,-8.11806,-35.29139
https://ror.org/02xtb5573,Faculdade de Educação Superior do Paraná,education,BR,-25.42778,-49.27306
https://ror.org/01cx8sm26,Universidade Sociedade Educacional de Santa Catarina,education,BR,-26.30444,-48.84556
https://ror.org/00c3tgx29,"Fundação Instituto de Pesquisas Contábeis, Atuariais e Financeiras",education,BR,-23.5475,-46.63611
https://ror.org/024mryy80,Faculdade de Informática e Administração Paulista,education,BR,-23.5475,-46.63611
https://ror.org/04r8gaf17,Universidade Vila Velha,education,BR,-20.32972,-40.2925
https://ror.org/03zdxk043,IMPA Tech,education,BR,-22.90642,-43.18223
https://ror.org/047908t24,Universidade Federal de Pernambuco,education,BR,-8.05389,-34.88111
https://ror.org/05x2svh05,Universidade Federal Rural do Semi-Árido,education,BR,-5.1875,-37.34417
https://ror.org/02rg6ka44,Southwest Bahia State University,education,BR,-14.86611,-40.83944
https://ror.org/00te64c61,Universidade Tuiuti do Paraná,education,BR,-25.42778,-49.27306
https://ror.org/01rx63s97,Guarulhos University,education,BR,-23.46278,-46.53333
https://ror.org/02ksmb993,Universidade Federal Rural de Pernambuco,education,BR,-8.05389,-34.88111
https://ror.org/02k5swt12,Universidade Federal de São Paulo,education,BR,-23.5475,-46.63611
https://ror.org/02gen2282,Universidade Federal dos Vales do Jequitinhonha e Mucuri,education,BR,-18.24692,-43.60345
https://ror.org/04pnqcx66,Centro Universitário de João Pessoa,education,BR,-7.115,-34.86306
https://ror.org/057mvv518,Universidade Federal do Recôncavo da Bahia,education,BR,-12.67,-39.10194
https://ror.org/02rjhbb08,Universidade Federal Fluminense,education,BR,-22.88333,-43.10361
https://ror.org/005pn5z34,Federal Institute of São Paulo,education,BR,-23.5475,-46.63611
https://ror.org/0152e2z91,Universidade Iguaçu,education,BR,-22.75917,-43.45111
https://ror.org/053kjm920,Centro Universitário Católica de Quixadá,education,BR,-4.97139,-39.01528
https://ror.org/012gg9483,Universidade Cidade de São Paulo,education,BR,-23.5475,-46.63611
https://ror.org/05k8pq072,Universidade Cruzeiro do Sul,education,BR,-23.5475,-46.63611
https://ror.org/02ggt9460,Universidade Estadual de Mato Grosso do Sul,education,BR,-22.22111,-54.80556
https://ror.org/029jgxb70,Centro Universitário Curitiba,education,BR,-25.42778,-49.27306
https://ror.org/02842cb31,Universidade Federal de Rondônia,education,BR,-8.76194,-63.90389
https://ror.org/005mpbw70,Universidade Nove de Julho,education,BR,-23.5475,-46.63611
https://ror.org/00qa51v13,Instituto Tecnológico de Aeronáutica - Campus de Fortaleza,education,BR,-3.71722,-38.54306
https://ror.org/04r8gaf17,Universidade Vila Velha,education,BR,-20.32972,-40.2925
https://ror.org/03zdxk043,IMPA Tech,education,BR,-22.90642,-43.18223
https://ror.org/053xy8k29,Universidade Federal do Tocantins,education,BR,-10.16745,-48.32766
https://ror.org/041yk2d64,Universidade Federal do Rio Grande do Sul,education,BR,-30.03283,-51.23019
https://ror.org/0376myh60,Universidade Católica de Pelotas,education,BR,-31.76997,-52.34101
https://ror.org/02ytajg03,Faculdade de Educação da Ibiapaba,education,BR,-4.34934,-40.65931
https://ror.org/02j71c790,Universidade Federal Rural da Amazônia,education,BR,-1.45583,-48.50444
https://ror.org/00gtcbp88,Universidade de Pernambuco,education,BR,-8.05389,-34.88111
https://ror.org/03byjr489,Centro Universitário Cesumar,education,BR,-23.42528,-51.93861
https://ror.org/01w96sp43,Universidade de Marília,education,BR,-22.21389,-49.94583
https://ror.org/01av3m334,Universidade Federal do Triângulo Mineiro,education,BR,-19.74833,-47.93194
https://ror.org/00devjr72,Universidade Federal do Vale do São Francisco,education,BR,-9.39861,-40.50083
https://ror.org/01evzkn27,Fundação Getulio Vargas,education,BR,-22.90642,-43.18223
https://ror.org/03j8tnm47,Federal Center for Technological Education Celso Suckow da Fonseca,education,BR,-22.90642,-43.18223
https://ror.org/01mqvjv41,Universidade Federal de Mato Grosso,education,BR,-15.59611,-56.09667
https://ror.org/05hzgxd58,Universidade de Uberaba,education,BR,-19.74833,-47.93194
https://ror.org/00sec1m50,Universidade Estadual do Ceará,education,BR,-3.71722,-38.54306
https://ror.org/04ygk5j35,Universidade Estadual de Feira de Santana,education,BR,-12.26667,-38.96667
https://ror.org/0553w5c95,"Instituto Federal de Educação, Ciência e Tecnologia de Minas Gerais",education,BR,-19.92083,-43.93778
https://ror.org/043fhe951,Universidade Federal do Maranhão,education,BR,-2.52972,-44.30278
https://ror.org/02gt27w49,Universidade do Vale do Paraíba,education,BR,-23.17944,-45.88694
https://ror.org/04j5z3x06,Universidade do Estado do Amazonas,education,BR,-3.10194,-60.025
https://ror.org/00ey54k21,Universidade de Ribeirão Preto,education,BR,-21.1775,-47.81028
https://ror.org/05rpzs058,Universidade de Caxias do Sul,education,BR,-29.16806,-51.17944
https://ror.org/036rp1748,Universidade de São Paulo,education,BR,-23.5475,-46.63611
https://ror.org/04qxpma28,Centro Universitário de Araraquara,education,BR,-21.79444,-48.17556
https://ror.org/02x1vjk79,Pontifícia Universidade Católica do Paraná,education,BR,-25.42778,-49.27306
https://ror.org/05vh67662,Instituto Tecnológico de Aeronáutica,education,BR,-23.17944,-45.88694
https://ror.org/02ynbzc81,Universidade de Fortaleza,education,BR,-3.71722,-38.54306
https://ror.org/01gah9v52,Centro Universitário de Patos de Minas,education,BR,-18.57889,-46.51806
https://ror.org/052e6h087,Faculdade de Medicina de São José do Rio Preto,education,BR,-20.81972,-49.37944
https://ror.org/028kg9j04,Universidade Federal do ABC,education,BR,-23.66389,-46.53833
https://ror.org/03490as77,Universidade Federal do Rio de Janeiro,education,BR,-22.90642,-43.18223
https://ror.org/0568kxy29,UniBrasil Centro Universitário,education,BR,-25.42778,-49.27306
https://ror.org/01dzqrq04,Universidade La Salle,education,BR,-29.91778,-51.18361
https://ror.org/01zwq4y59,Universidade Estadual de Santa Cruz,education,BR,-14.79909,-39.03228
https://ror.org/02239nd21,"Instituto Federal de Educação, Ciência e Tecnologia do Pará",education,BR,-1.45583,-48.50444
https://ror.org/05y26ar20,Universidade Regional do Cariri,education,BR,-7.23417,-39.40944
https://ror.org/047s7ag77,Faculdade de Medicina do ABC,education,BR,-23.66389,-46.53833
https://ror.org/02263ky35,Universidade Federal do Amazonas,education,BR,-3.10194,-60.025
https://ror.org/00xwgyp12,Universidade Federal Rural do Rio de Janeiro,education,BR,-22.74389,-43.7075
https://ror.org/056nq5k92,Universidade Presidente Antônio Carlos,education,BR,-21.22583,-43.77361
https://ror.org/03ywskk07,Faculdade de Medicina de Jundiaí,education,BR,-23.18639,-46.88417
https://ror.org/05sxf4h28,Universidade Federal do Espírito Santo,education,BR,-20.31944,-40.33778
https://ror.org/00kwnx126,Universidade Federal do Piauí,education,BR,-5.08917,-42.80194
https://ror.org/04hnrs676,Universidade de Mogi das Cruzes,education,BR,-23.52278,-46.18833
https://ror.org/04wffgt70,Universidade Estadual de Campinas (UNICAMP),education,BR,-22.90556,-47.06083
https://ror.org/049rrx986,Universidade Estadual do Paraná,education,BR,-23.07306,-52.46528
https://ror.org/02698kt06,Faculdades Oswaldo Cruz,education,BR,-23.5475,-46.63611
https://ror.org/02d09a271,Universidade Positivo,education,BR,-25.42778,-49.27306
https://ror.org/0039d5757,Universidade Federal de Goiás,education,BR,-16.67861,-49.25389
https://ror.org/05pgdev72,Centro Universitário Univel,education,BR,-24.95583,-53.45528
https://ror.org/0122bmm03,Universidade Federal de Lavras,education,BR,-21.24528,-44.99972
https://ror.org/052z2q786,Universidade do Extremo Sul Catarinense,education,BR,-28.6775,-49.36972
https://ror.org/03pxqyk55,Universidade Regional do Noroeste do Estado do Rio Grande do Sul,education,BR,-28.38778,-53.91472
https://ror.org/04zyja509,Universidade de Franca,education,BR,-20.53861,-47.40083
https://ror.org/056s65p46,Universidade Federal de Ouro Preto,education,BR,-20.39484,-43.50517
https://ror.org/00dna7t83,Universidade Federal de Alagoas,education,BR,-9.66583,-35.73528
https://ror.org/028ka0n85,Universidade Federal de Sergipe,education,BR,-10.91111,-37.07167
https://ror.org/0039d5757,Universidade Federal de Goiás,education,BR,-16.67861,-49.25389
https://ror.org/05pgdev72,Centro Universitário Univel,education,BR,-24.95583,-53.45528
https://ror.org/0122bmm03,Universidade Federal de Lavras,education,BR,-21.24528,-44.99972
https://ror.org/052z2q786,Universidade do Extremo Sul Catarinense,education,BR,-28.6775,-49.36972
https://ror.org/03pxqyk55,Universidade Regional do Noroeste do Estado do Rio Grande do Sul,education,BR,-28.38778,-53.91472
https://ror.org/04zyja509,Universidade de Franca,education,BR,-20.53861,-47.40083
https://ror.org/056s65p46,Universidade Federal de Ouro Preto,education,BR,-20.39484,-43.50517
https://ror.org/00dna7t83,Universidade Federal de Alagoas,education,BR,-9.66583,-35.73528
https://ror.org/028ka0n85,Universidade Federal de Sergipe,education,BR,-10.91111,-37.07167
https://ror.org/01ee0g236,Universidade do Estado do Rio Grande do Norte,education,BR,-5.1875,-37.34417
https://ror.org/02p928v94,University for International Integration of the Afro-Brazilian Lusophony,education,BR,-4.22583,-38.73056
https://ror.org/04qjmsq15,Escola Superior de Ciências da Saúde,education,BR,-15.77972,-47.92972
https://ror.org/01dv63r93,"Instituto Federal de Educação, Ciência e Tecnologia Baiano",education,BR,-12.97563,-38.49096
https://ror.org/03a6a0a65,Universidade do Oeste de Santa Catarina,education,BR,-27.17806,-51.50472
https://ror.org/02ktfmz27,Universidade Católica de Pernambuco,education,BR,-8.05389,-34.88111
https://ror.org/003fyqt13,AVM Faculdade Integrada,education,BR,-22.90642,-43.18223
https://ror.org/02t6f2351,"Instituto Federal de Educação, Ciência e Tecnologia de Mato Grosso",education,BR,-15.59611,-56.09667
https://ror.org/034vpja60,Universidade Federal de Alfenas,education,BR,-21.42917,-45.94722
https://ror.org/03raeyn57,Universidade Federal do Oeste da Bahia,education,BR,-12.15278,-44.99
https://ror.org/031va9m79,Universidade Federal do Amapá,education,BR,0.03889,-51.06639
https://ror.org/05dr32318,Instituto Federal Sul-rio-grandense,education,BR,-31.76997,-52.34101
https://ror.org/03ks3nw90,Escola da Cidade,education,BR,-23.5475,-46.63611
https://ror.org/03ehp1h78,Universidade Federal de Roraima,education,BR,2.81972,-60.67333
https://ror.org/03m4ve365,Instituto Florestal,education,BR,-23.5475,-46.63611
https://ror.org/045ae7j03,Universidade São Francisco,education,BR,-22.9527,-46.54418
https://ror.org/01thzqc78,Universidade Sagrado Coração,education,BR,-22.31472,-49.06056
https://ror.org/04tec8z30,Universidade Federal do Estado do Rio de Janeiro,education,BR,-22.90642,-43.18223
https://ror.org/02gp35s66,Universidade Federal da Integração Latino-Americana,education,BR,-25.54778,-54.58806
https://ror.org/05rm1p636,Instituto Federal do Maranhão,education,BR,-2.52972,-44.30278
https://ror.org/01tzdej37,Instituto Federal da Bahia,education,BR,-12.97563,-38.49096
https://ror.org/04c3ymz82,Faculdade de Tecnologia e Ciências,education,BR,-12.97563,-38.49096
https://ror.org/027s08w94,Universidade Estadual de Ponta Grossa,education,BR,-25.095,-50.16194
https://ror.org/01b78mz79,Universidade Federal de Santa Maria,education,BR,-29.68417,-53.80694
https://ror.org/02q070r42,Universidade Católica Dom Bosco,education,BR,-20.44278,-54.64639
https://ror.org/03q6jrh90,Centro Universitário das Faculdades Metropolitanas Unidas,education,BR,-23.5475,-46.63611
https://ror.org/0366d2847,Universidade Federal de Mato Grosso do Sul,education,BR,-20.44278,-54.64639
https://ror.org/01z6qpb13,Faculdade de Ciências Médicas da Santa Casa de São Paulo,education,BR,-23.5475,-46.63611
https://ror.org/05ne20t07,Universidade Estadual do Oeste do Paraná,education,BR,-24.95583,-53.45528
https://ror.org/00sfmx060,Pontifícia Universidade Católica de São Paulo,education,BR,-23.5475,-46.63611
https://ror.org/04ja5n907,Universidade Estadual do Maranhão,education,BR,-2.52972,-44.30278
https://ror.org/027s08w94,Universidade Estadual de Ponta Grossa,education,BR,-25.095,-50.16194
https://ror.org/01b78mz79,Universidade Federal de Santa Maria,education,BR,-29.68417,-53.80694
https://ror.org/02q070r42,Universidade Católica Dom Bosco,education,BR,-20.44278,-54.64639
https://ror.org/03q6jrh90,Centro Universitário das Faculdades Metropolitanas Unidas,education,BR,-23.5475,-46.63611
https://ror.org/0366d2847,Universidade Federal de Mato Grosso do Sul,education,BR,-20.44278,-54.64639
https://ror.org/01z6qpb13,Faculdade de Ciências Médicas da Santa Casa de São Paulo,education,BR,-23.5475,-46.63611
https://ror.org/05ne20t07,Universidade Estadual do Oeste do Paraná,education,BR,-24.95583,-53.45528
https://ror.org/00sfmx060,Pontifícia Universidade Católica de São Paulo,education,BR,-23.5475,-46.63611
https://ror.org/04ja5n907,Universidade Estadual do Maranhão,education,BR,-2.52972,-44.30278
https://ror.org/03vrj4p82,Federal University of São João del-Rei,education,BR,-21.13556,-44.26167
https://ror.org/00pm9hx30,Faculdade de Medicina de Marília,education,BR,-22.21389,-49.94583
https://ror.org/042r36z33,Universidade do Estado do Pará,education,BR,-1.45583,-48.50444
https://ror.org/0176yjw32,Universidade Federal de Minas Gerais,education,BR,-19.92083,-43.93778
https://ror.org/0198v2949,Universidade do Estado do Rio de Janeiro,education,BR,-22.90642,-43.18223
https://ror.org/01585b035,Universidade Estadual de Londrina,education,BR,-23.31028,-51.16278
https://ror.org/007t9h129,University of Vassouras,education,BR,-22.40389,-43.6625
https://ror.org/002v2kq79,Universidade Tecnológica Federal do Paraná,education,BR,-25.42778,-49.27306
https://ror.org/003vxvw45,Universidade da Amazônia,education,BR,-1.45583,-48.50444
https://ror.org/03k3p7647,Universidade Federal da Bahia,education,BR,-12.97563,-38.49096
https://ror.org/03j1rr444,Pontifícia Universidade Católica de Minas Gerais,education,BR,-19.92083,-43.93778
https://ror.org/03rzfjh59,Centro Universitário Cesmac,education,BR,-9.66583,-35.73528
https://ror.org/05hag2y10,Universidade Federal do Acre,education,BR,-9.97472,-67.81
https://ror.org/033qmpy33,Instituto Federal do Piauí,education,BR,-5.08917,-42.80194
https://ror.org/041pjwa23,Universidade do Vale do Itajaí,education,BR,-26.90778,-48.66194
https://ror.org/005pn5z34,Federal Institute of São Paulo,education,BR,-23.5475,-46.63611
https://ror.org/0152e2z91,Universidade Iguaçu,education,BR,-22.75917,-43.45111
https://ror.org/053kjm920,Centro Universitário Católica de Quixadá,education,BR,-4.97139,-39.01528
https://ror.org/012gg9483,Universidade Cidade de São Paulo,education,BR,-23.5475,-46.63611
https://ror.org/05k8pq072,Universidade Cruzeiro do Sul,education,BR,-23.5475,-46.63611
https://ror.org/02ggt9460,Universidade Estadual de Mato Grosso do Sul,education,BR,-22.22111,-54.80556
https://ror.org/029jgxb70,Centro Universitário Curitiba,education,BR,-25.42778,-49.27306
https://ror.org/02842cb31,Universidade Federal de Rondônia,education,BR,-8.76194,-63.90389
https://ror.org/005mpbw70,Universidade Nove de Julho,education,BR,-23.5475,-46.63611
https://ror.org/03bpesm64,Instituto Nacional de Ciência e Tecnologia em Entomologia Molecular,facility,BR,-22.90642,-43.18223
https://ror.org/00wfp9c14,Instituto de Pesquisas da Marinha,facility,BR,-22.90642,-43.18223
https://ror.org/02gcdp811,Instituto de Pesca,facility,BR,-23.5475,-46.63611
https://ror.org/05n7s3931,Institute for Research and Innovation in Irrigated Agriculture,facility,BR,-3.71722,-38.54306
https://ror.org/00gkmm041,Instituto de Biologia Molecular do Paraná,facility,BR,-25.42778,-49.27306
https://ror.org/04rftbm22,Federation of Experimental Biology Societies,facility,BR,-23.5475,-46.63611
https://ror.org/00gkmm041,Instituto de Biologia Molecular do Paraná,facility,BR,-25.42778,-49.27306
https://ror.org/003hmh164,Instituto Estadual do Ambiente do Rio de Janeiro,facility,BR,-22.90642,-43.18223
https://ror.org/00fhn5k08,Instituto Nacional de Ciência e Tecnologia em Biodiversidade e Produtos Naturais,facility,BR,-21.79444,-48.17556
https://ror.org/04rftbm22,Federation of Experimental Biology Societies,facility,BR,-23.5475,-46.63611
https://ror.org/01gcd8s37,Laboratório de Ecologia e Limnologia,facility,BR,-5.52639,-47.49167
https://ror.org/04bze1z14,IRL Marine Eutrophication Lab,facility,BR,-22.90642,-43.18223
https://ror.org/033n2qc83,Instituto Nacional de Fotônica Aplicada à Biologia Celular,facility,BR,-22.90556,-47.06083
https://ror.org/05t6shq53,Instituto Nacional de Ciência e Tecnologia - Mar Centro de Oceanografia Integrada,facility,BR,-32.035,-52.09861
https://ror.org/03sfmzw93,Instituto Nacional de Ciência e Tecnologia de Semioquímicos na Agricultura,facility,BR,-22.72528,-47.64917
https://ror.org/01fptm710,Instituto de Botânica,facility,BR,-23.5475,-46.63611
https://ror.org/057g0br29,Brazilian Institute of Environment and Renewable Natural Resources,government_filtrado,BR,-15.77972,-47.92972
https://ror.org/057tp6a49,Fundação Estadual de Proteção Ambiental Henrique Luiz Roessler,government_filtrado,BR,-30.03283,-51.23019
https://ror.org/03a3xs663,Secretaria do Meio Ambiente,government_filtrado,BR,-23.5475,-46.63611
https://ror.org/05h6hwf91,Secretaria Municipal do Verde e do Meio Ambiente,government_filtrado,BR,-23.5475,-46.63611
https://ror.org/015ar5551,"Secretaria de Ciência, Tecnologia e Inovação da Marinha",government_filtrado,BR,-15.77972,-47.92972
https://ror.org/00vwq0k57,Ministry of the Environment,government_filtrado,BR,-15.77972,-47.92972
https://ror.org/03a3xs663,Secretaria do Meio Ambiente,government_filtrado,BR,-23.5475,-46.63611
https://ror.org/05h6hwf91,Secretaria Municipal do Verde e do Meio Ambiente,government_filtrado,BR,-23.5475,-46.63611
https://ror.org/015ar5551,"Secretaria de Ciência, Tecnologia e Inovação da Marinha",government_filtrado,BR,-15.77972,-47.92972
https://ror.org/00vwq0k57,Ministry of the Environment,government_filtrado,BR,-15.77972,-47.92972
https://ror.org/01d7dww26,"Fundação Municipal do Meio Ambiente, Pesquisa, Ciência, Tecnologia, Esporte e Lazer de Arraial do Cabo",government_filtrado,BR,-22.95505,-42.06098
https://ror.org/03w1jz467,Instituto de Economia Agrícola,government_filtrado,BR,-23.5475,-46.63611
https://ror.org/03wpx0k22,Instituto de Defesa Agropecuária e Florestal do Espírito Santo,government_filtrado,BR,-20.31944,-40.33778
https://ror.org/04s5p1a35,Instituto Chico Mendes de Conservação da Biodiversidade,government_filtrado,BR,-15.77972,-47.92972
https://ror.org/03r4ak045,Embrapa Florestas,government_filtrado,BR,-25.29167,-49.22417
https://ror.org/0482b5b22,Brazilian Agricultural Research Corporation,government_filtrado,BR,-15.77972,-47.92972
https://ror.org/05p4f7w60,University of the West Indies,education,BB,13.10732,-59.62021
https://ror.org/02nd9e057,Ross University School of Medicine,education,BB,13.10732,-59.62021
https://ror.org/03k9a4n36,American University of Barbados,education,BB,13.10732,-59.62021
https://ror.org/03wm0sn72,Barbados Community College,education,BB,13.10732,-59.62021
https://ror.org/008cg6v69,Erdiston Teachers' Training College,education,BB,13.10732,-59.62021
https://ror.org/0428rfx50,Bridgetown International University,education,BB,13.10732,-59.62021
https://ror.org/00147y550,Caribbean Institute for Meteorology and Hydrology,facility,BB,13.10732,-59.62021
https://ror.org/057anza51,Metropolitan University of Educational Sciences,education,CL,-33.45694,-70.64827
https://ror.org/02arzvn48,Instituto de Ciencias Tecnológicas,education,CL,-33.45694,-70.64827
https://ror.org/02rabtj57,Instituto Profesional de Chile,education,CL,-33.45694,-70.64827
https://ror.org/029qjm428,Instituto Profesional de Ciencias de la Computación,education,CL,-33.45694,-70.64827
https://ror.org/05qxc8r48,Instituto Profesional De Ciencias Y Artes,education,CL,-33.45694,-70.64827
https://ror.org/02gashc76,Instituto Profesional Eatri,education,CL,-33.45694,-70.64827
https://ror.org/03hendk30,Enac Instituto Profesional,education,CL,-33.45694,-70.64827
https://ror.org/0283d6p96,Instituto Profesional Escuela De Contadores Auditores De Santiago,education,CL,-33.45694,-70.64827
https://ror.org/058aanc53,Instituto Profesional Escuela Moderna De Musica,education,CL,-33.45694,-70.64827
https://ror.org/0577hrn12,Instituto Profesional Esucomex,education,CL,-33.45694,-70.64827
https://ror.org/00r8xnn14,Instituto Guillermo Subercaseaux,education,CL,-33.45694,-70.64827
https://ror.org/02d6evb60,Instituto Profesional La Araucana,education,CL,-33.68909,-71.21528
https://ror.org/01380h596,Instituto Profesional Latinoamericano de Comercio Exterior,education,CL,-33.45694,-70.64827
https://ror.org/022t9bz35,Instituto Profesional Los Leones,education,CL,-33.45694,-70.64827
https://ror.org/015cent83,Instituto Profesional Providencia,education,CL,-33.45694,-70.64827
https://ror.org/02vbtzd72,Universidad Santo Tomás,education,CL,-33.45694,-70.64827
https://ror.org/05gaa6j70,Bolivarian University of Chile,education,CL,-33.45694,-70.64827
https://ror.org/003mpdt17,Universidad Católica Silva Henríquez,education,CL,-33.45694,-70.64827
https://ror.org/027y3mp05,Universidad Chileno Británica de Cultura,education,CL,-33.45694,-70.64827
https://ror.org/02cs9pv18,University Ucinf,education,CL,-33.45694,-70.64827
https://ror.org/02cs9pv18,University Ucinf,education,CL,-33.45694,-70.64827
https://ror.org/03463y591,Instituto Gamma,education,CL,-33.45694,-70.64827
https://ror.org/05ap1zt54,Miguel de Cervantes University,education,CL,-33.45694,-70.64827
https://ror.org/04bpsn575,Metropolitan University of Technology,education,CL,-33.45694,-70.64827
https://ror.org/01ybmjm77,Instituto Profesional Helen Keller,education,CL,-33.036,-71.62963
https://ror.org/00txsqk22,Viña del Mar University,education,CL,-33.02457,-71.55183
https://ror.org/0184kye93,Universidad del Mar,education,CL,-33.02457,-71.55183
https://ror.org/038j0b276,Universidad Adventista de Chile,education,CL,-36.60664,-72.10344
https://ror.org/016967s24,Instituto Profesional Valle Central,education,CL,-29.95332,-71.33947
https://ror.org/02ed69v98,Instituto Profesional Diego Portales,education,CL,-36.82699,-73.04977
https://ror.org/00aa17k52,Instituto Profesional Ipg,education,CL,-36.82699,-73.04977
https://ror.org/04p83bg23,Instituto Profesional Libertador de Los Andes,education,CL,-32.83369,-70.59827
https://ror.org/03rjhfb18,Universidad de Aconcagua,education,CL,-32.74976,-70.72584
https://ror.org/00emh4n53,Instituto Profesional Alemán Wilhelm von Humboldt,education,CL,-33.45694,-70.64827
https://ror.org/04yrw8521,Instituto Profesional Carlos Casanueva,education,CL,-33.45694,-70.64827
https://ror.org/057anza51,Metropolitan University of Educational Sciences,education,CL,-33.45694,-70.64827
https://ror.org/04mkpd147,Red Universitaria Nacional,education,CL,-33.45694,-70.64827
https://ror.org/04hzx2868,Colegio Latinoamericano de Integración,education,CL,-33.45694,-70.64827
https://ror.org/022yres73,University of Atacama,education,CL,-27.36679,-70.3314
https://ror.org/04jrwm652,San Sebastián University,education,CL,-36.82699,-73.04977
https://ror.org/0577avk88,Universidad Central de Chile,education,CL,-33.45694,-70.64827
https://ror.org/00rbe2516,"Millennium Institute for Subatomic Physics at High-Energy Frontier, Saphir",education,CL,-33.45694,-70.64827
https://ror.org/00x0xhn70,Universidad Bernardo O'Higgins,education,CL,-33.45694,-70.64827
https://ror.org/03n6z5186,CEDUC UCN,education,CL,-29.95332,-71.33947
https://ror.org/012w3pv65,Instituto Catequístico Universidad Católica,education,CL,-33.45694,-70.64827
https://ror.org/05y9zc593,Universidad San Anselmo de Canterbury,education,CL,-46.541,-71.72375
https://ror.org/00bt7we59,Colegio Médico de Chile,education,CL,-33.45694,-70.64827
https://ror.org/03xmk2w36,University of Art and Social Sciences,education,CL,-33.45694,-70.64827
https://ror.org/005g07p37,Iberoamerican University of Science and Technology,education,CL,-33.45694,-70.64827
https://ror.org/04jrwm652,San Sebastián University,education,CL,-36.82699,-73.04977
https://ror.org/04hzx2868,Colegio Latinoamericano de Integración,education,CL,-33.45694,-70.64827
https://ror.org/022yres73,University of Atacama,education,CL,-27.36679,-70.3314
https://ror.org/0460jpj73,University of Concepción,education,CL,-36.82699,-73.04977
https://ror.org/050mwrs16,ESE Business School,education,CL,-33.45694,-70.64827
https://ror.org/01rwn3f68,Universidad del Alba,education,CL,-33.45694,-70.64827
https://ror.org/0225snd59,Finis Terrae University,education,CL,-33.45694,-70.64827
https://ror.org/05wygq130,Universidad Gabriela Mistral,education,CL,-33.45694,-70.64827
https://ror.org/05bpd1c44,Universidad de Aysén,education,CL,-45.57524,-72.06619
https://ror.org/01jmj5g35,Instituto Profesional Virginio Gómez,education,CL,-36.82699,-73.04977
https://ror.org/051nvp675,Universidad Católica de Temuco,education,CL,-38.73628,-72.59738
https://ror.org/05141h569,Instituto Nacional de Capacitación Profesional,education,CL,-33.45694,-70.64827
https://ror.org/02e698f45,Universidad Tecnológica de Chile INACAP,education,CL,-33.45694,-70.64827
https://ror.org/00986na66,Universidad SEK,education,CL,-33.45694,-70.64827
https://ror.org/03v0qd864,"Universidad de Los Andes, Chile",education,CL,-33.45694,-70.64827
https://ror.org/03x7msx65,Academy of Christian Humanism University,education,CL,-33.45694,-70.64827
https://ror.org/04xe01d27,University of Tarapacá,education,CL,-18.4746,-70.29792
https://ror.org/0460jpj73,University of Concepción,education,CL,-36.82699,-73.04977
https://ror.org/050mwrs16,ESE Business School,education,CL,-33.45694,-70.64827
https://ror.org/01rwn3f68,Universidad del Alba,education,CL,-33.45694,-70.64827
https://ror.org/0225snd59,Finis Terrae University,education,CL,-33.45694,-70.64827
https://ror.org/05wygq130,Universidad Gabriela Mistral,education,CL,-33.45694,-70.64827
https://ror.org/044cse639,University of O'Higgins,education,CL,-34.1691,-70.74053
https://ror.org/029ycp228,Austral University of Chile,education,CL,-39.81422,-73.24589
https://ror.org/0166e9x11,University of the Americas,education,CL,-33.45694,-70.64827
https://ror.org/0326knt82,Adolfo Ibáñez University,education,CL,-33.45694,-70.64827
https://ror.org/047gc3g35,University of Chile,education,CL,-33.45694,-70.64827
https://ror.org/01hrxxx24,Arturo Prat University,education,CL,-20.21326,-70.15027
https://ror.org/04dndfk38,University of Bío-Bío,education,CL,-36.82699,-73.04977
https://ror.org/05y33vv83,Universidad del Desarrollo,education,CL,-33.45694,-70.64827
https://ror.org/037zh7469,Duoc UC,education,CL,-33.45694,-70.64827
https://ror.org/01hrxxx24,Arturo Prat University,education,CL,-20.21326,-70.15027
https://ror.org/04dndfk38,University of Bío-Bío,education,CL,-36.82699,-73.04977
https://ror.org/05y33vv83,Universidad del Desarrollo,education,CL,-33.45694,-70.64827
https://ror.org/00h9jrb69,University of Valparaíso,education,CL,-33.036,-71.62963
https://ror.org/04teye511,Pontificia Universidad Católica de Chile,education,CL,-33.45694,-70.64827
https://ror.org/049784n50,Universidad de Magallanes,education,CL,-53.16282,-70.90922
https://ror.org/01ht74751,University of La Serena,education,CL,-29.90591,-71.25014
https://ror.org/010r9dy59,Universidad Autónoma de Chile,education,CL,-38.73628,-72.59738
https://ror.org/01qq57711,Universidad Andrés Bello,education,CL,-33.45694,-70.64827
https://ror.org/05xs36f43,Universidad La República,education,CL,-33.45694,-70.64827
https://ror.org/00749za89,Alberto Hurtado University,education,CL,-33.45694,-70.64827
https://ror.org/02akpm128,Universidad Católica del Norte,education,CL,-23.65094,-70.39752
https://ror.org/02ma57s91,Universidad de Santiago de Chile,education,CL,-33.45694,-70.64827
https://ror.org/02cafbr77,Pontificia Universidad Católica de Valparaíso,education,CL,-33.036,-71.62963
https://ror.org/03gtdcg60,Universidad Diego Portales,education,CL,-33.45694,-70.64827
https://ror.org/00pn44t17,Universidad Mayor,education,CL,-33.45694,-70.64827
https://ror.org/04vdpck27,Catholic University of the Maule,education,CL,-35.4232,-71.64974
https://ror.org/03y6k2j68,Universidad Católica de la Santísima Concepción,education,CL,-36.82699,-73.04977
https://ror.org/00z5s8133,Instituto Forestal,facility,CL,-33.45694,-70.64827
https://ror.org/016e3ca54,Center of Applied Ecology & Sustainability,facility,CL,-33.45694,-70.64827
https://ror.org/00rmh8b04,Center for the Socioeconomic Impact of Environmental Policies,facility,CL,-33.45694,-70.64827
https://ror.org/00ddcfv11,Center for Dynamic Research on High Latitude Marine Ecosystems,facility,CL,-53.15483,-70.91129
https://ror.org/05xn4t409,Centro de Recursos Hídricos para la Agricultura y la Minería,facility,CL,-36.82699,-73.04977
https://ror.org/02v5jxh60,Centro de Ciencias Ambientales EULA-Chile de la Universidad de Concepción,facility,CL,-36.82699,-73.04977
https://ror.org/012ane130,Centre For Sustainable Urban Development,facility,CL,-33.45694,-70.64827
https://ror.org/000w0ky84,Instituto de Investigaciones Agropecuarias,facility,CL,-33.45694,-70.64827
https://ror.org/0508vn378,Center for Climate and Resilience Research,facility,CL,-33.45694,-70.64827
https://ror.org/02fn7wg14,Servicio Nacional de Geologia y Mineria,government_filtrado,CL,-33.45694,-70.64827
https://ror.org/00z5s8133,Instituto Forestal,government_filtrado,CL,-33.45694,-70.64827
https://ror.org/04cykn118,Instituto Mayor Campesino,education,CO,3.90089,-76.29783
https://ror.org/01pxyx032,Fundación Universitaria Colombo Internacional,education,CO,10.39972,-75.51444
https://ror.org/059hjnz30,Fundación de Estudios Superiores Comfanorte,education,CO,7.89391,-72.50782
https://ror.org/04wwz3282,EIA University,education,CO,6.17591,-75.59174
https://ror.org/05jj6ma85,Institución Universitaria de Envigado,education,CO,6.17591,-75.59174
https://ror.org/03aawc123,Fundación Universitaria del Espinal,education,CO,4.14924,-74.88429
https://ror.org/03e79yx85,Instituto Tolimense de Formación Técnica Profesional,education,CO,4.14924,-74.88429
https://ror.org/040tqqd15,University of Cundinamarca,education,CO,4.33646,-74.36378
https://ror.org/00jfare13,Universidad Autonoma de Manizales,education,CO,5.06889,-75.51738
https://ror.org/005xdc256,Fundación Universitaria Bellas Artes,education,CO,6.25184,-75.56359
https://ror.org/055d5bf90,Universidad Católica Luis Amigó,education,CO,6.25184,-75.56359
https://ror.org/0527rwj48,Colegiatura Colombiana Institución Universitaria,education,CO,6.25184,-75.56359
https://ror.org/04cyft771,Fundación de Estudios Superiores Universitarios de Urabá,education,CO,7.88299,-76.62587
https://ror.org/03pze9w21,Corporación Universitaria Americana,education,CO,10.96854,-74.78132
https://ror.org/0566ns265,Politécnico de la Costa Atlántica,education,CO,10.96854,-74.78132
https://ror.org/0352jg241,Corporación Universitaria Empresarial de Salamanca,education,CO,10.96854,-74.78132
https://ror.org/02nq1ed11,Corporación Universitaria Reformada,education,CO,10.96854,-74.78132
https://ror.org/05gqfsf87,Universidad Autónoma del Caribe,education,CO,10.96854,-74.78132
https://ror.org/00cey1j90,Universidad Metropolitana,education,CO,10.96854,-74.78132
https://ror.org/00gm52g34,Colegio de Estudios Superiores de Administración,education,CO,4.60971,-74.08175
https://ror.org/05ss0jg28,Institución Tecnológica Cedesistemas,education,CO,6.25184,-75.56359
https://ror.org/00d5d1v82,Institución Universitaria Esumer,education,CO,6.25184,-75.56359
https://ror.org/047xxr477,Institución Universitaria Salazar y Herrera,education,CO,6.25184,-75.56359
https://ror.org/041wsqp45,Institución Universitaria Colegios de Colombia,education,CO,3.43722,-76.5225
https://ror.org/01skkym94,Corporación Escuela de Artes y Letras,education,CO,4.60971,-74.08175
https://ror.org/056g73y51,Politécnico Colombiano Jaime Isaza Cadavid,education,CO,6.25184,-75.56359
https://ror.org/0540xtx50,Corporación Internacional para el Desarrollo Educativo,education,CO,4.60971,-74.08175
https://ror.org/015x6xa25,Corporación John F. Kennedy,education,CO,4.60971,-74.08175
https://ror.org/05tkb8v92,Universidad Autónoma Latinoamericana,education,CO,6.25184,-75.56359
https://ror.org/01yg3gs77,Corporación Politécnico Colombo Andino,education,CO,4.60971,-74.08175
https://ror.org/013ys5k90,Universidad del Sinú,education,CO,8.74798,-75.88143
https://ror.org/01jc1nc57,Corporación Universitaria del Huila,education,CO,2.9273,-75.28189
https://ror.org/01h62a972,Corporación Universitaria de Ciencia y Desarrollo,education,CO,4.60971,-74.08175
https://ror.org/0025p3069,Corporación Universitaria de Colombia Ideas,education,CO,4.60971,-74.08175
https://ror.org/015rec412,Corporación Universitaria Autónoma de Nariño,education,CO,1.21361,-77.28111
https://ror.org/04331z002,Corporación Universitaria Iberoamericana,education,CO,4.60971,-74.08175
https://ror.org/029ccny38,Universidad Católica de Pereira,education,CO,4.81333,-75.69611
https://ror.org/0087wh857,Institución Universitaria Colegio Mayor del Cauca,education,CO,2.43823,-76.61316
https://ror.org/055k73q58,Corporación Universitaria Autónoma del Cauca,education,CO,2.43823,-76.61316
https://ror.org/03p7h8068,Fundación Universitaria de Popayán,education,CO,2.43823,-76.61316
https://ror.org/04thy0g29,Universitaria Agustiniana,education,CO,4.60971,-74.08175
https://ror.org/029z5ap77,Corporación Universitaria Republicana,education,CO,4.60971,-74.08175
https://ror.org/05dyy5830,Corporación Universitaria Unitec,education,CO,4.60971,-74.08175
https://ror.org/02pzxyp49,Universidad Católica de Oriente,education,CO,6.15515,-75.37371
https://ror.org/00ct7kr02,Universidad Mariana,education,CO,1.21361,-77.28111
https://ror.org/04kdk0s45,Corporación Universitaria Santa Rosa de Cabal,education,CO,4.86806,-75.62139
https://ror.org/02604an77,Escuela Colombiana de Rehabilitación,education,CO,4.60971,-74.08175
https://ror.org/05q37wj74,Fundación Universitaria de San Gil,education,CO,6.55952,-73.13637
https://ror.org/051xvqh87,Católica del Norte Fundación Universitaria,education,CO,6.64738,-75.46031
https://ror.org/03ba09a49,Fundación Tecnológica Autónoma de Bogotá,education,CO,4.60971,-74.08175
https://ror.org/017snsh34,Institución Universitaria Latina,education,CO,4.60971,-74.08175
https://ror.org/03et5bx91,Fundación Universitaria Juan de Castellanos,education,CO,5.53528,-73.36778
https://ror.org/01hb6tn62,Fundación Universitaria del Área Andina,education,CO,4.60971,-74.08175
https://ror.org/055kzt142,Fundación Universitaria Internacional del Tropico Américano,education,CO,5.33775,-72.39586
https://ror.org/05pm0vd24,Fundación Universitaria Los Libertadores,education,CO,4.60971,-74.08175
https://ror.org/05avmn224,Fundación Universitaria San Alfonso,education,CO,4.60971,-74.08175
https://ror.org/010ps5r85,Saint Martin University,education,CO,4.60971,-74.08175
https://ror.org/04kbsj707,Escuela Tecnológica Instituto Técnico Central,education,CO,4.60971,-74.08175
https://ror.org/00n7m6g17,Politécnico Grancolombiano,education,CO,4.60971,-74.08175
https://ror.org/02np1f094,Unión Americana de Educación Superior,education,CO,4.60971,-74.08175
https://ror.org/0576s0350,Universidad Autónoma de Colombia,education,CO,4.60971,-74.08175
https://ror.org/01mdm1v36,Central University,education,CO,4.60971,-74.08175
https://ror.org/055mabf46,Universidad Colegio Mayor de Cundinamarca,education,CO,4.60971,-74.08175
https://ror.org/000xmhb57,Universidad Incca de Colombia,education,CO,4.60971,-74.08175
https://ror.org/01r5afm23,La Gran Colombia University,education,CO,4.60971,-74.08175
https://ror.org/04bjr9m61,Universidad Manuela Beltrán,education,CO,4.60971,-74.08175
https://ror.org/02ckere89,Sergio Arboleda University,education,CO,4.60971,-74.08175
https://ror.org/02bnw0f54,Universitaria de Investigación y Desarrollo,education,CO,7.12539,-73.1198
https://ror.org/01z675j45,Unidades Tecnológicas de Santander,education,CO,7.12539,-73.1198
https://ror.org/04553p226,Instituto Técnico Agrícola,education,CO,3.90089,-76.29783
https://ror.org/015hsqv25,Corporación Escuela Superior de Administración y Estudios Tecnológicos,education,CO,3.43722,-76.5225
https://ror.org/05p8sx023,Corporación Universitaria Centro Superior,education,CO,3.43722,-76.5225
https://ror.org/028380v12,Fundación Academia de Dibujo Profesional,education,CO,3.43722,-76.5225
https://ror.org/030v7ct83,Institución Universitaria Antonio José Camacho,education,CO,3.43722,-76.5225
https://ror.org/02ech7z91,Corporación Universitaria Rafael Nuñez,education,CO,10.39972,-75.51444
https://ror.org/037h6n733,Corporación Universitaria Regional del Caribe,education,CO,10.39972,-75.51444
https://ror.org/04z1myv13,Fundación Universitaria Tecnológico Comfenalco Cartagena,education,CO,10.39972,-75.51444
https://ror.org/00tncsy16,Universidad EAN,education,CO,4.60971,-74.08175
https://ror.org/00jb9vg53,Universidad del Valle,education,CO,3.43722,-76.5225
https://ror.org/03cvv1m29,Fundación Universitaria María Cano,education,CO,6.25184,-75.56359
https://ror.org/052c3jb45,Centro Universitario de Bienestar Rural,education,CO,3.23114,-76.41668
https://ror.org/04g9wva49,"Corporación Universitaria de Ciencias Empresariales, Educación y Salud como proyecto Institucional",education,CO,10.96854,-74.78132
https://ror.org/007k0m436,Corporación Universitaria Comfacauca - Unicomfacauca,education,CO,2.43823,-76.61316
https://ror.org/01kh7ng04,Fundación Universitaria Horizonte,education,CO,4.60971,-74.08175
https://ror.org/05f1h4751,Escuela Internacional de Negocios y Desarrollo Empresarial de Colombia,education,CO,7.12539,-73.1198
https://ror.org/05cgahx56,"Colombian Army Military Academy ""General José María Córdova""",education,CO,4.60971,-74.08175
https://ror.org/02fcfe885,Escuela Superior de Guerra,education,CO,4.60971,-74.08175
https://ror.org/02z3q8x80,Instituto Nacional de Formación Técnica Profesional,education,CO,12.57858,-81.69973
https://ror.org/04cykn118,Instituto Mayor Campesino,education,CO,3.90089,-76.29783
https://ror.org/03w7wc995,Institución Educativa Félix Henao Botero,education,CO,6.25184,-75.56359
https://ror.org/027hbqy23,Fundación Universitaria Internacional de Colombia,education,CO,5.0,-74.16667
https://ror.org/03e55jv37,Ceipa University Foundation,education,CO,6.15153,-75.61657
https://ror.org/01scwqh06,Catholic University of Colombia,education,CO,4.60971,-74.08175
https://ror.org/00xc1d948,Industrial University of Santander,education,CO,7.125,-73.11895
https://ror.org/02qp2sy10,Colegio De La Salle,education,CO,4.60971,-74.08175
https://ror.org/01d981710,Technological University of Pereira,education,CO,4.81333,-75.69611
https://ror.org/05ynctv81,Corporación Universitaria Lasallista,education,CO,6.09106,-75.63569
https://ror.org/050bg0846,University of Nariño,education,CO,1.21361,-77.28111
https://ror.org/035zzs971,Technological University of Choco,education,CO,5.69188,-76.65835
https://ror.org/00kt2hh26,Fundación Universitaria Agraria de Colombia - UNIAGRARIA,education,CO,4.60971,-74.08175
https://ror.org/02fcfe885,Escuela Superior de Guerra,education,CO,4.60971,-74.08175
https://ror.org/007k0m436,Corporación Universitaria Comfacauca - Unicomfacauca,education,CO,2.43823,-76.61316
https://ror.org/03w7wc995,Institución Educativa Félix Henao Botero,education,CO,6.25184,-75.56359
https://ror.org/027hbqy23,Fundación Universitaria Internacional de Colombia,education,CO,5.0,-74.16667
https://ror.org/00n4xrr40,Institución Universitaria Centro de Estudios Superiores María Goretti,education,CO,1.21361,-77.28111
https://ror.org/037p13h95,Universidad CES,education,CO,6.25184,-75.56359
https://ror.org/02qp2sy10,Colegio De La Salle,education,CO,4.60971,-74.08175
https://ror.org/03cjabw52,Institución Universitaria Bellas Artes y Ciencias de Bolívar,education,CO,10.39817,-75.49328
https://ror.org/05cff1n73,Escuela Superior Tecnológica de Artes Débora Arango,education,CO,6.17591,-75.59174
https://ror.org/02p0xr181,Corporación Universitaria Cenda,education,CO,4.60971,-74.08175
https://ror.org/054s94437,Escuela de Administración y Mercadotecnia del Quindío,education,CO,4.53656,-75.67263
https://ror.org/01x628269,Universidad Santo Tomás,education,CO,4.60971,-74.08175
https://ror.org/04mtaqb21,Universidad Libre de Colombia,education,CO,4.60971,-74.08175
https://ror.org/03qd0ry47,Universidad Libre de Barranquilla,education,CO,10.96854,-74.78132
https://ror.org/031fvk530,Secretaria de Educación del departamento del Atlántico,education,CO,10.96854,-74.78132
https://ror.org/05y4eg947,Escuela Militar de Aviación,education,CO,3.43054,-76.5199
https://ror.org/01kh7ng04,Fundación Universitaria Horizonte,education,CO,4.60971,-74.08175
https://ror.org/02drkkh02,Universidad Autónoma de Occidente,education,CO,3.43722,-76.5225
https://ror.org/01h2taq97,University of Applied and Environmental Sciences,education,CO,4.60971,-74.08175
https://ror.org/04m5pzk31,Institución Universitaria Visión de las Américas,education,CO,6.245,-75.57151
https://ror.org/00dexcn42,"Escuela Naval de Cadetes ""Almirante Padilla""",education,CO,10.50743,-75.4543
https://ror.org/0108mwc04,Universidad del Rosario,education,CO,4.60971,-74.08175
https://ror.org/00kcjks51,Universidad de América,education,CO,4.60971,-74.08175
https://ror.org/03h4rc418,Dirección de Educación Policial Institución Universitaria de la Policía Nacional,education,CO,4.31465,-74.18077
https://ror.org/04s60rj63,Universidad Surcolombiana,education,CO,3.01441,-75.30939
https://ror.org/02n9j6f76,Universidad Del Pacifico,education,CO,3.8801,-77.03116
https://ror.org/023y7b165,Centro Interdisciplinario de Estudios sobre Desarrollo,education,CO,4.60971,-74.08175
https://ror.org/05d8e6004,Fundación Escuela Tecnológica de Neiva,education,CO,2.77347,-75.20188
https://ror.org/02jsxd428,Universidad Distrital Francisco José de Caldas,education,CO,4.60971,-74.08175
https://ror.org/04gx1wg54,Instituto de Investigaciones Ambientales del Pacífico,education,CO,5.69188,-76.65835
https://ror.org/05x95ne37,Asociación Colombiana de Facultades de Psicología,education,CO,4.60971,-74.08175
https://ror.org/05arnd765,Institución Universitaria Mayor de Cartagena,education,CO,10.39817,-75.49328
https://ror.org/04c5kct39,Universidad Francisco de Paula Santander Seccional Ocaña,education,CO,8.23773,-73.35604
https://ror.org/02eyebr22,Consejo Colombiano de Seguridad,education,CO,4.60971,-74.08175
https://ror.org/02k0m6705,Instituto Latinoamericano de Altos Estudios,education,CO,4.60971,-74.08175
https://ror.org/03srr8962,British School of Monteria,education,CO,8.75081,-75.87823
https://ror.org/03ven1671,Corporación universitaria Antonio José de Sucre,education,CO,9.31667,-75.435
https://ror.org/01ce1xs48,Corporación Universitaria de Asturias,education,CO,4.60971,-74.08175
https://ror.org/04n6qsf08,Universidad De Santander,education,CO,7.12539,-73.1198
https://ror.org/049n68p64,University of Caldas,education,CO,5.06889,-75.51738
https://ror.org/00s1b0733,Institución Universitaria Pascual Bravo,education,CO,6.25184,-75.56359
https://ror.org/04cjjhh62,University of La Guajira,education,CO,11.54444,-72.90722
https://ror.org/00nxce326,Fundación Universitaria Cafam,education,CO,4.60971,-74.08175
https://ror.org/03nbh7398,Fundación Universitaria Católica Lumen Gentium,education,CO,3.43722,-76.5225
https://ror.org/03p37s713,Corporación Tecnológica Industrial Colombiana,education,CO,4.60971,-74.08175
https://ror.org/04pzf5g91,Universidad de Ibagué,education,CO,4.43889,-75.23222
https://ror.org/01bm9xh88,Corporación Universitaria del Caribe,education,CO,9.30472,-75.39778
https://ror.org/00ks64q69,Corporación Universitaria Latinoamericana,education,CO,10.96854,-74.78132
https://ror.org/014hpw227,Universidad Antonio Nariño,education,CO,4.60971,-74.08175
https://ror.org/01358s213,University of Quindío,education,CO,4.53389,-75.68111
https://ror.org/031n6w191,Universidad de Manizales,education,CO,5.06889,-75.51738
https://ror.org/04axvmf19,Corporación Unificada Nacional de Educación Superior,education,CO,4.60971,-74.08175
https://ror.org/01vf7gd47,Escuela Colombiana de Carreras Industriales,education,CO,4.60971,-74.08175
https://ror.org/03bp5hc83,Universidad de Antioquia,education,CO,6.25184,-75.56359
https://ror.org/04m9gzq43,Universidad El Bosque,education,CO,4.60971,-74.08175
https://ror.org/03m5f7m65,Pilot University of Colombia,education,CO,4.60971,-74.08175
https://ror.org/04yk0nx57,Fundación Universitaria Juan N. Corpas,education,CO,4.60971,-74.08175
https://ror.org/03ca7a577,Fundación Universitaria Konrad Lorenz,education,CO,4.60971,-74.08175
https://ror.org/01e0vxt85,Fundación Universitaria Monserrate,education,CO,4.60971,-74.08175
https://ror.org/042ewz993,University of Boyaca,education,CO,5.53528,-73.36778
https://ror.org/01a27ax82,Caro and Cuervo Institute,education,CO,4.60971,-74.08175
https://ror.org/03vhr8v79,Escuela Superior de Administración Pública,education,CO,4.60971,-74.08175
https://ror.org/04wbzgn90,Universidad de Bogotá Jorge Tadeo Lozano,education,CO,4.60971,-74.08175
https://ror.org/02w5qgd07,Fundacion Universitaria Inpahu,education,CO,4.60971,-74.08175
https://ror.org/02xtwpk10,Universidad Externado de Colombia,education,CO,4.60971,-74.08175
https://ror.org/00edtwv66,Secretaría de Educación del Distrito Capital,education,CO,4.60971,-74.08175
https://ror.org/01wsvqj37,Institución Universitaria Escuela Nacional del Deporte,education,CO,3.43722,-76.5225
https://ror.org/0034jpk25,Instituto Universitario de La Paz,education,CO,7.12539,-73.1198
https://ror.org/00s9vmn82,Antioquia Institute of Technology,education,CO,6.25184,-75.56359
https://ror.org/01d171k92,Universidad Tecnológica de Bolívar,education,CO,10.39972,-75.51444
https://ror.org/03jhhfg57,Colombia Adventist University,education,CO,6.25184,-75.56359
https://ror.org/052zbdw10,Universidad Unicervantes,education,CO,4.60971,-74.08175
https://ror.org/00gkhpw57,Universidad Autónoma de Bucaramanga,education,CO,7.12539,-73.1198
https://ror.org/059yx9a68,Universidad Nacional de Colombia,education,CO,4.60971,-74.08175
https://ror.org/00dexcn42,"Escuela Naval de Cadetes ""Almirante Padilla""",education,CO,10.50743,-75.4543
https://ror.org/0108mwc04,Universidad del Rosario,education,CO,4.60971,-74.08175
https://ror.org/00kcjks51,Universidad de América,education,CO,4.60971,-74.08175
https://ror.org/03h4rc418,Dirección de Educación Policial Institución Universitaria de la Policía Nacional,education,CO,4.31465,-74.18077
https://ror.org/04s60rj63,Universidad Surcolombiana,education,CO,3.01441,-75.30939
https://ror.org/02n9j6f76,Universidad Del Pacifico,education,CO,3.8801,-77.03116
https://ror.org/023y7b165,Centro Interdisciplinario de Estudios sobre Desarrollo,education,CO,4.60971,-74.08175
https://ror.org/05d8e6004,Fundación Escuela Tecnológica de Neiva,education,CO,2.77347,-75.20188
https://ror.org/00n4xrr40,Institución Universitaria Centro de Estudios Superiores María Goretti,education,CO,1.21361,-77.28111
https://ror.org/037p13h95,Universidad CES,education,CO,6.25184,-75.56359
https://ror.org/04m5pzk31,Institución Universitaria Visión de las Américas,education,CO,6.245,-75.57151
https://ror.org/042335e16,Universidad de los Llanos,education,CO,4.13238,-73.62564
https://ror.org/00t8evd13,Universidad de San Buenaventura,education,CO,6.245,-75.57151
https://ror.org/01x628269,Universidad Santo Tomás,education,CO,4.60971,-74.08175
https://ror.org/04mtaqb21,Universidad Libre de Colombia,education,CO,4.60971,-74.08175
https://ror.org/03qd0ry47,Universidad Libre de Barranquilla,education,CO,10.96854,-74.78132
https://ror.org/05kaxtp50,Universidad Católica de Manizales,education,CO,5.0668,-75.50684
https://ror.org/03hv7a629,Corporación Universitaria Empresarial Alexander von Humboldt,education,CO,4.53656,-75.67263
https://ror.org/03gsgk545,Universidad de la Amazonia,education,CO,1.61549,-75.60412
https://ror.org/0289gr697,Institución Universitaria Colegio Mayor de Antioquia,education,CO,6.245,-75.57151
https://ror.org/00ffq6216,Central University of Valle del Cauca,education,CO,4.08466,-76.19536
https://ror.org/02yr3f298,Universidad FUCS,education,CO,4.60971,-74.08175
https://ror.org/02mhbdp94,Universidad de Los Andes,education,CO,4.60971,-74.08175
https://ror.org/01yz56j89,National Training Service,education,CO,5.54481,-73.35756
https://ror.org/030kw0b65,Universidad de Medellín,education,CO,6.245,-75.57151
https://ror.org/031e6xm45,Universidad del Norte,education,CO,10.96854,-74.78132
https://ror.org/04sqpjb51,"Universidad de San Buenaventura, Bogota",education,CO,4.60971,-74.08175
https://ror.org/038mvjn28,University of Magdalena,education,CO,11.23855,-74.19427
https://ror.org/05n0gsn30,Military University Nueva Granada,education,CO,4.60971,-74.08175
https://ror.org/03etyjw28,Pontificia Universidad Javeriana,education,CO,4.60971,-74.08175
https://ror.org/04cmc9894,Universidad Pedagógica Nacional,education,CO,4.60971,-74.08175
https://ror.org/01vwm8t51,Francisco de Paula Santander University,education,CO,7.90745,-72.5049
https://ror.org/03zb5p722,Institución Universitaria ITM,education,CO,6.245,-75.57151
https://ror.org/01v5nhr20,University of the Coast,education,CO,10.96854,-74.78132
https://ror.org/02t54e151,Icesi University,education,CO,3.43054,-76.5199
https://ror.org/02g36m681,Institución Universitaria de Barranquilla,education,CO,10.96854,-74.78132
https://ror.org/04fybn584,University of Cauca,education,CO,2.43823,-76.61316
https://ror.org/03y3y9v44,Universidad EAFIT,education,CO,6.245,-75.57151
https://ror.org/02sqgkj21,Universidad de La Sabana,education,CO,4.85876,-74.05866
https://ror.org/04td15k45,Universidad Cooperativa de Colombia,education,CO,4.60971,-74.08175
https://ror.org/047179s14,Universidad Nacional Abierta y a Distancia,education,CO,4.60971,-74.08175
https://ror.org/00dxj9a45,Universidad Santiago de Cali,education,CO,3.43054,-76.5199
https://ror.org/02dxm8k93,Universidad Pontificia Bolivariana,education,CO,6.245,-75.57151
https://ror.org/011bqgx84,University of Tolima,education,CO,4.43573,-75.20289
https://ror.org/02njbw696,Universidad Simón Bolívar,education,CO,10.96854,-74.78132
https://ror.org/04dfr7a85,University of Pamplona,education,CO,7.37565,-72.64795
https://ror.org/0474gxy81,University of La Salle,education,CO,4.60971,-74.08175
https://ror.org/0409zd934,University of Cartagena,education,CO,10.39817,-75.49328
https://ror.org/04vdmbk59,Pedagogical and Technological University of Colombia,education,CO,5.54481,-73.35756
https://ror.org/05h3y9565,Instituto Colombiano Agropecuario,facility,CO,4.60971,-74.08175
https://ror.org/024109974,José Benito Vives de Andréis Marine and Coastal Research Institute,facility,CO,11.24079,-74.19904
https://ror.org/026dk4f10,Alexander von Humboldt Biological Resources Research Institute,facility,CO,4.60971,-74.08175
https://ror.org/0189qnp70,Ministry of Environment and Sustainable Development,government_filtrado,CO,4.60971,-74.08175
https://ror.org/04egzqc64,Colombian Geological Survey,government_filtrado,CO,4.60971,-74.08175
https://ror.org/04j2q1352,Instituto Centroamericano de Administración de Empresas,education,CR,10.01625,-84.21163
https://ror.org/05ede8r89,Central American Adventist University,education,CR,10.01625,-84.21163
https://ror.org/04f1s1f80,Universidad Florencio del Castillo,education,CR,9.86444,-83.91944
https://ror.org/01v8mkp61,Universidad Santa Paula,education,CR,9.9139,-84.03595
https://ror.org/03tz0hf33,Universidad Internacional San Isidro Labrador,education,CR,9.93333,-84.08333
https://ror.org/00bmh7e34,Universidad Autónoma de Centro América,education,CR,9.93333,-84.08333
https://ror.org/04be5z192,Universidad Bíblica Latinoamericana,education,CR,9.93333,-84.08333
https://ror.org/00x76st93,Universidad Católica de Costa Rica,education,CR,9.93333,-84.08333
https://ror.org/01wnb0b83,Universidad Central,education,CR,9.93333,-84.08333
https://ror.org/01r6bea41,Universidad Centroamericana de Ciencias Sociales,education,CR,9.93333,-84.08333
https://ror.org/03001j263,Universidad Continental de las Ciencias las Artes,education,CR,9.93333,-84.08333
https://ror.org/03aqsxt86,Universidad Creativa,education,CR,9.92829,-84.05074
https://ror.org/02gj6ck68,Iberoamerican University,education,CR,9.93333,-84.08333
https://ror.org/04djera41,Universidad La Salle Costa Rica,education,CR,9.93333,-84.08333
https://ror.org/03q03s114,Universidad de las Ciencias y el Arte de Costa Rica,education,CR,9.93333,-84.08333
https://ror.org/01thvz382,Universidad de San Jose,education,CR,9.93333,-84.08333
https://ror.org/035t09566,University of Tourism,education,CR,9.93333,-84.08333
https://ror.org/02xw8cw23,Universidad del Valle,education,CR,9.93333,-84.08333
https://ror.org/0145cvg83,Business University of Costa Rica,education,CR,9.93333,-84.08333
https://ror.org/057nkmn52,Universidad Escuela Libre de Derecho,education,CR,9.93333,-84.08333
https://ror.org/027q6qt05,Universidad Evangélica de las Américas,education,CR,9.93333,-84.08333
https://ror.org/04edxwx83,Fidélitas University,education,CR,9.93333,-84.08333
https://ror.org/03979gq82,Universidad Fundepos,education,CR,9.93333,-84.08333
https://ror.org/0175p1a50,Universidad Latinoamericana de Ciencia y Tecnología,education,CR,9.93333,-84.08333
https://ror.org/03q0gmx50,Universidad Libre de Costa Rica,education,CR,9.93333,-84.08333
https://ror.org/01pjrq695,Universidad Magister,education,CR,9.93333,-84.08333
https://ror.org/021s39r20,Colegio Metodista de Costa Rica,education,CR,9.93333,-84.08333
https://ror.org/00cxrw595,University for Peace,education,CR,9.9326,-84.18255
https://ror.org/00b1c0c11,Universidad Santa Lucía,education,CR,9.93333,-84.08333
https://ror.org/04kwrcn69,Universidad Tecnológica Costarricense,education,CR,9.93333,-84.08333
https://ror.org/049sdnw14,Universidad Veritas,education,CR,9.93333,-84.08333
https://ror.org/04yd0ad61,Latin University of Costa Rica,education,CR,9.92829,-84.05074
https://ror.org/05tkvpg69,Centro Agronomico Tropical de Investigacion y Ensenanza Catie,education,CR,9.90371,-83.68361
https://ror.org/004fan886,Universidad Autónoma Monterrey,education,CR,9.93333,-84.08333
https://ror.org/041zaaf26,Universidad Braulio Carrillo,education,CR,9.93333,-84.08333
https://ror.org/043xksz40,International Christian University,education,CR,10.63504,-85.43772
https://ror.org/01vzsje31,University John of the Cross,education,CR,9.99559,-84.09656
https://ror.org/01ycfpe90,Universidad Americana,education,CR,9.93333,-84.08333
https://ror.org/02c4wkv71,Universidad Cristiana del Sur,education,CR,9.93333,-84.08333
https://ror.org/013eq5k35,Universidad Metropolitana Castro Carazo,education,CR,9.93333,-84.08333
https://ror.org/00326y568,Universidad Juan Pablo II,education,CR,9.9139,-84.03595
https://ror.org/04zhrfn38,Instituto Tecnológico de Costa Rica,education,CR,9.86444,-83.91944
https://ror.org/0529rbt18,Distance State University,education,CR,9.92829,-84.05074
https://ror.org/01a04kj17,Universidad Hispanoamerica,education,CR,9.99872,-84.11587
https://ror.org/0367eqd42,Instituto Centroamericano de Administración Pública,education,CR,9.93388,-84.08489
https://ror.org/022kmmb78,Universidad San Marcos,education,CR,9.93388,-84.08489
https://ror.org/00asevw10,Universidad para la Cooperación Internacional,education,CR,9.93333,-84.08333
https://ror.org/01s9pbd40,Universidad Técnica Nacional,education,CR,10.01625,-84.21163
https://ror.org/05byh2e17,Earth University,education,CR,9.99074,-83.03596
https://ror.org/01ze10m80,Facultad Latinoamericana de Ciencias Costa Rica,education,CR,9.9139,-84.03595
https://ror.org/004yr7j39,Quetzal Education and Research Center,education,CR,9.56292,-83.80268
https://ror.org/037k3aw68,Universidad Internacional de las Américas,education,CR,9.93388,-84.08489
https://ror.org/02yzgww51,Universidad de Costa Rica,education,CR,9.93388,-84.08489
https://ror.org/033fgr632,Universidad de Ciencias Medicas,education,CR,9.93388,-84.08489
https://ror.org/04b6ahj46,Universidad Independiente,education,CR,9.93388,-84.08489
https://ror.org/01t466c14,Universidad Nacional,education,CR,9.99872,-84.11587
https://ror.org/03evg0379,Higher Institute of Technologies and Applied Sciences,education,CU,23.13302,-82.38304
https://ror.org/03y8xgp13,"Instituto Nacional de Higiene, Epidemiología y Microbiología",education,CU,23.13302,-82.38304
https://ror.org/01ysbeb83,Universidad de Ciencias Pedagógicas José de la Luz Caballero,education,CU,20.88722,-76.26306
https://ror.org/0573cnq15,Polytechnic José Antonio Echeverría,education,CU,23.13302,-82.38304
https://ror.org/02s2a9m37,Agricultural University of Havana,education,CU,23.13302,-82.38304
https://ror.org/022camr20,University of Information Science,education,CU,23.13302,-82.38304
https://ror.org/05fheeb41,University of Sancti Spíritus José Martí Pérez,education,CU,21.92972,-79.4425
https://ror.org/03y42nm11,Universidad de Ciencias Pedagógicas Félix Varela Morales,education,CU,22.40694,-79.96472
https://ror.org/04azwch48,Universidad de Ciencias Médicas de Holguín,education,CU,20.88722,-76.26306
https://ror.org/01cdy6h50,"Universidad Central ""Marta Abreu"" de las Villas (UCLV)",education,CU,22.40694,-79.96472
https://ror.org/02m74w963,Latin American School of Medicine,education,CU,23.13302,-82.38304
https://ror.org/02rbemf16,Universidad de Ciencias Médicas de Villa Clara,education,CU,22.40694,-79.96472
https://ror.org/02anvmh54,Escuela Nacional de Salud Pública,education,CU,23.13302,-82.38304
https://ror.org/05s89mm67,Universidad de Ciencias Médicas de Cienfuegos,education,CU,22.14681,-80.4481
https://ror.org/03m558m37,University of Pedagogical Sciences,education,CU,23.13302,-82.38304
https://ror.org/027snw288,Universidad Pedagógica de Pinar del Río Rafael María de Mendive,education,CU,22.41667,-83.69667
https://ror.org/012ngjb50,Universidad de Moa,education,CU,20.65776,-74.95075
https://ror.org/00avz5239,Universidad de Ciencias Médicas de Ciego de Ávila,education,CU,21.84,-78.76194
https://ror.org/0488pxx86,University of Granma,education,CU,20.37417,-76.64361
https://ror.org/044avja84,Universidad de Ciencias Pedagógicas Enrique José Varona,education,CU,23.13302,-82.38304
https://ror.org/02jcggd50,Universidad de Ciencias Médicas de Guantánamo,education,CU,20.14444,-75.20917
https://ror.org/024mh1n48,Universidad de Ciencias Médicas de Pinar del Río,education,CU,22.41667,-83.69667
https://ror.org/00zhs8v21,Universidad de Ciego de Ávila,education,CU,21.84,-78.76194
https://ror.org/04y53ne24,Universidad de las Artes,education,CU,23.13302,-82.38304
https://ror.org/04204gr61,University of Havana,education,CU,23.13302,-82.38304
https://ror.org/03zp9tj36,Universidad de Ciencias Médicas de Santiago de Cuba,education,CU,20.02287,-75.82171
https://ror.org/015sct804,Universidad de Ciencias Médicas de Sancti Spíritus,education,CU,21.93429,-79.4398
https://ror.org/05vgzn161,Instituto Central de Ciencias Pedagógicas,education,CU,23.13302,-82.38304
https://ror.org/04kgp9g48,Universidad de Ciencias Médicas de la Habana,education,CU,23.13302,-82.38304
https://ror.org/04wr3ta36,Universidad de Ciencias Médicas de Matanzas,education,CU,23.04111,-81.5775
https://ror.org/03rewfs15,"Universidad de la Isla de la Juventud ""Jesús Montané Oropesa""",education,CU,21.88667,-82.80556
https://ror.org/047d13a24,Universidad de Guantánamo,education,CU,20.14444,-75.20917
https://ror.org/03m84a908,University of Holguín,education,CU,20.88722,-76.26306
https://ror.org/05fj29j73,Universidad de Las Tunas,education,CU,20.96167,-76.95111
https://ror.org/040qyzk67,University of Camagüey,education,CU,21.38083,-77.91694
https://ror.org/03kqap970,Universidad de Oriente,education,CU,20.02287,-75.82171
https://ror.org/007chxf81,University of Pinar del Río,education,CU,22.41649,-83.69657
https://ror.org/05m031e17,University of Cienfuegos,education,CU,22.14681,-80.4481
https://ror.org/04hk86037,University of Matanzas,education,CU,23.04388,-81.58284
https://ror.org/02nfvtw87,Instituto de Ecologia y Sistemática,facility,CU,23.13302,-82.38304
https://ror.org/01xr4jy61,Instituto de Meteorología,facility,CU,23.13302,-82.38304
https://ror.org/02ez6m968,Instituto Nacional de Ciencias Agrícolas,government_filtrado,CU,23.13302,-82.38304
https://ror.org/02xqrgv78,"Ministerio de Ciencia, Tecnología y Medio Ambiente",government_filtrado,CU,23.13302,-82.38304
https://ror.org/02gwxvs80,Instituto de Investigaciones Agro-Forestales,government_filtrado,CU,23.13302,-82.38304
https://ror.org/01f37hg92,Centro de Investigaciones y Servicios Ambientales Ecovida,government_filtrado,CU,22.41649,-83.69657
https://ror.org/003ct2653,Centro de Ingeniería Ambiental de Camagüey,government_filtrado,CU,21.38083,-77.91694
https://ror.org/01f2qa203,Centro Nacional de Áreas Protegidas,government_filtrado,CU,23.13302,-82.38304
https://ror.org/05478zz46,Universidad Autónoma de Santo Domingo,education,DO,18.47186,-69.89232
https://ror.org/05e812q79,Universidad Católica Tecnológica de Barahona,education,DO,18.20854,-71.10077
https://ror.org/01kyn4312,Universidad Agroforestal Fernando Arturo de Meriño,education,DO,19.11683,-70.63595
https://ror.org/054tzxc20,Universidad Católica Nordestana,education,DO,19.30099,-70.25259
https://ror.org/03myyx716,Universidad ISA,education,DO,19.4517,-70.69703
https://ror.org/05jthsa98,Universidad Abierta Para Adultos,education,DO,19.4517,-70.69703
https://ror.org/00taf6c38,Instituto Superior de Formación Docente Salomé Ureña,education,DO,18.47186,-69.89232
https://ror.org/05kkct931,Universidad Acción Pro-Educación y Cultura,education,DO,18.47186,-69.89232
https://ror.org/040hyy284,Universidad Experimental Félix Adam,education,DO,18.47186,-69.89232
https://ror.org/0250q0m17,Universidad Interamericana,education,DO,18.47186,-69.89232
https://ror.org/03ad1cn37,Universidad Nacional Pedro Henríquez Ureña,education,DO,18.47186,-69.89232
https://ror.org/04rhjk233,Universidad Instituto Nacional de Ciencias Exactas,education,DO,18.47186,-69.89232
https://ror.org/03az81r49,Universidad Tecnológica de Santiago,education,DO,19.45036,-70.69085
https://ror.org/03qj3np46,CEF.- Santo Domingo,education,DO,18.47186,-69.89232
https://ror.org/047st1n79,Instituto Tecnológico de Santo Domingo,education,DO,18.47186,-69.89232
https://ror.org/0273t3w24,Universidad Tecnológica del Cibao Oriental,education,DO,19.05272,-70.14939
https://ror.org/051sm7d31,Universidad de la Romana,education,DO,18.42733,-68.97285
https://ror.org/03460ag39,Instituto Superior Pedro Francisco Bono,education,DO,18.47186,-69.89232
https://ror.org/03n39rz22,Universidad de la Tercera Edad,education,DO,18.47186,-69.89232
https://ror.org/00r5vqy54,Universidad Católica del Este,education,DO,18.61501,-68.70798
https://ror.org/011frrw52,Universidad Odontológica Dominicana,education,DO,18.47186,-69.89232
https://ror.org/04v6tba94,Universidad Psicología Industrial Dominicana,education,DO,18.47186,-69.89232
https://ror.org/01rzjwy17,Universidad Eugenio María de Hostos,education,DO,18.47186,-69.89232
https://ror.org/04x17yn39,Universidad Dominicana Organización & Métodos,education,DO,18.47186,-69.89232
https://ror.org/036segs98,Instituto Tecnológico de las Américas,education,DO,18.47186,-69.89232
https://ror.org/03rmkkx43,Universidad Nacional Tecnológica,education,DO,18.47186,-69.89232
https://ror.org/047st1n79,Instituto Tecnológico de Santo Domingo,education,DO,18.47186,-69.89232
https://ror.org/02m457w49,Pontificia Universidad Católica Madre y Maestra,education,DO,19.4517,-70.69703
https://ror.org/008syg534,Universidad del Caribe (UNICARIBE),education,DO,18.47186,-69.89232
https://ror.org/03h800j91,Universidad Adventista Dominicana,education,DO,18.94154,-70.41111
https://ror.org/04606qq63,Universidad Nacional Evangelica,education,DO,18.47186,-69.89232
https://ror.org/014xjce10,Universidad Tecnológica del Sur,education,DO,18.45319,-70.7349
https://ror.org/01mxm0y17,Universidad Central del Este,education,DO,18.4539,-69.30864
https://ror.org/01mxcr651,Universidad Católica del Cibao,education,DO,19.22207,-70.52956
https://ror.org/05tfr6j26,Facultad Latinoamericana de Ciencias Sociales República Dominicana,education,DO,18.47186,-69.89232
https://ror.org/03az81r49,Universidad Tecnológica de Santiago,education,DO,19.45036,-70.69085
https://ror.org/03qj3np46,CEF.- Santo Domingo,education,DO,18.47186,-69.89232
https://ror.org/004xzjm20,Universidad Iberoamericana,education,DO,18.47186,-69.89232
https://ror.org/01rc60n61,Centre for the Sustainable Management of Water Resources in the Caribbean Island Sates,facility,DO,19.0,-70.66667
https://ror.org/01edysk27,Ministerio de Medio Ambiente y Recursos Naturales,government_filtrado,DO,18.47186,-69.89232
https://ror.org/0570zmv60,Universidad Técnica de Babahoyo,education,EC,-1.80217,-79.53443
https://ror.org/005cgg117,Universidad Estatal de Bolívar,education,EC,-1.59263,-79.00098
https://ror.org/011bd9v54,Universidad Casa Grande,education,EC,-2.19616,-79.88621
https://ror.org/038bgqv50,Universidad Laica Vicente Rocafuerte de Guayaquil,education,EC,-2.19616,-79.88621
https://ror.org/02sqp5835,Universidad de los Hemisferios,education,EC,-0.22985,-78.52495
https://ror.org/00eg5dk50,Universidad Del Pacífico Ecuador,education,EC,-0.22985,-78.52495
https://ror.org/0139vf833,Universidad San Gregorio de Portoviejo,education,EC,-1.05458,-80.45445
https://ror.org/02b4apg34,Escuela Politécnica Javeriana del Ecuador,education,EC,-0.22985,-78.52495
https://ror.org/031pdhx80,Escuela Superior Politécnica Ecológica Amazónica,education,EC,-0.9938,-77.81286
https://ror.org/04msd0t92,Universidad Politécnica Estatal del Carchi,education,EC,0.81187,-77.71727
https://ror.org/029zzvq50,Universidad Israel,education,EC,-0.22985,-78.52495
https://ror.org/04jjswc10,Universidad Yachay Tech,education,EC,0.41845,-78.19477
https://ror.org/01yg1g961,Universidad Nacional de Educación,education,EC,-2.73969,-78.8486
https://ror.org/053wdma52,Pontificia Universidad Católica del Ecuador Sede Ibarra,education,EC,0.35171,-78.12233
https://ror.org/05164ka66,Universidad de Especialidades Turísticas,education,EC,-0.22985,-78.52495
https://ror.org/036951752,Universidad Cristiana Latinoamericana,education,EC,-0.22985,-78.52495
https://ror.org/004jbx603,Universidad Técnica de Cotopaxi,education,EC,-0.93521,-78.61554
https://ror.org/016drwn73,Universidad de las Artes,education,EC,-2.19616,-79.88621
https://ror.org/05tcyv616,Instituto Superior Tecnológico de Artes del Ecuador,education,EC,-2.19616,-79.88621
https://ror.org/01ky9e908,Instituto Superior Tecnológico Loja,education,EC,-3.99313,-79.20422
https://ror.org/04zv30p82,Instituto Superior Tecnológico Japón,education,EC,-0.22985,-78.52495
https://ror.org/03z4qet58,Universidad Agraria del Ecuador,education,EC,-2.19616,-79.88621
https://ror.org/05xedqd83,Universidad Regional Amazónica IKIAM,education,EC,-0.9938,-77.81286
https://ror.org/01ks8be76,Instituto Superior Tecnológico Escuela de los Chefs de Guayaquil,education,EC,-2.19616,-79.88621
https://ror.org/05164ka66,Universidad de Especialidades Turísticas,education,EC,-0.22985,-78.52495
https://ror.org/036951752,Universidad Cristiana Latinoamericana,education,EC,-0.22985,-78.52495
https://ror.org/01yg1g961,Universidad Nacional de Educación,education,EC,-2.73969,-78.8486
https://ror.org/053wdma52,Pontificia Universidad Católica del Ecuador Sede Ibarra,education,EC,0.35171,-78.12233
https://ror.org/01ky9e908,Instituto Superior Tecnológico Loja,education,EC,-3.99313,-79.20422
https://ror.org/05ewg0g09,Tecnológico Sudamericano,education,EC,-2.19616,-79.88621
https://ror.org/05pht7q62,Instituto de la Democracia,education,EC,-0.22985,-78.52495
https://ror.org/01wfdn362,Ministerio de Educación del Ecuador,education,EC,-0.22985,-78.52495
https://ror.org/03693e022,Universidad Iberoamericana del Ecuador,education,EC,-0.22985,-78.52495
https://ror.org/02qztda51,Pontificia Universidad Católica del Ecuador,education,EC,-0.22985,-78.52495
https://ror.org/00k72sy36,Instituto Superior Tecnológico de Investigación Científica e Innovación (ISTICI),education,EC,-0.22985,-78.52495
https://ror.org/00cyxga88,Instituto Superior Tecnológico Daniel Álvarez Burneo,education,EC,-3.99313,-79.20422
https://ror.org/02zbepj77,Universidad Técnica Federico Santa María,education,EC,-2.19616,-79.88621
https://ror.org/02kv83127,Universidad del Río,education,EC,-2.19616,-79.88621
https://ror.org/0220mac09,Instituto Superior Tecnologico Ciudad de Valencia,education,EC,-1.02881,-79.46264
https://ror.org/043psk135,"Universidad Andina Simón Bolívar, Sede Ecuador",education,EC,-0.22985,-78.52495
https://ror.org/010w4rs44,"Universidad Técnica ""Luis Vargas Torres""",education,EC,0.9592,-79.65397
https://ror.org/001jb9152,Instituto Superior Universitario Cotopaxi,education,EC,-0.93424,-78.6152
https://ror.org/03f0t8b71,Universidad Técnica del Norte,education,EC,0.34881,-78.12462
https://ror.org/03693e022,Universidad Iberoamericana del Ecuador,education,EC,-0.22985,-78.52495
https://ror.org/01r5v9718,Instituto Superior Tecnológico Riobamba,education,EC,-1.66506,-78.65887
https://ror.org/0220mac09,Instituto Superior Tecnologico Ciudad de Valencia,education,EC,-1.02881,-79.46264
https://ror.org/04hkvc554,Instituto Superior Tecnológico Consulting Group Ecuador-Esculapio,education,EC,-0.22985,-78.52495
https://ror.org/051djhv63,Instituto Superior Tecnológico Edupraxis,education,EC,-1.25737,-78.61428
https://ror.org/02ee5f207,Instituto Tecnológico Superior Oriente,education,EC,-0.27894,-76.89039
https://ror.org/03fnk5526,Instituto Superior Tecnológico Tsa´chila,education,EC,-0.28945,-79.18577
https://ror.org/04xjh9r83,Instituto Superior Tecnológico Simón Bolívar,education,EC,-2.19616,-79.88621
https://ror.org/02npb2t32,Instituto Superior Tecnológico España,education,EC,-1.25737,-78.61428
https://ror.org/03ejpjn40,Universidad Intercultural de las Nacionalidades y Pueblos Indígenas Amawtay Wasi,education,EC,-0.22985,-78.52495
https://ror.org/03mnd0t64,Universitario de Formación,education,EC,-2.19616,-79.88621
https://ror.org/01m8gvd94,Universidad Laica Eloy Alfaro de Manabí,education,EC,-1.02552,-80.80497
https://ror.org/056j70537,"Instituto Superior Tecnológico Portoviejo con condición Superior Universitario ""ITSUP""",education,EC,-1.05458,-80.45445
https://ror.org/01p9s2d84,Instituto Superior Tecnológico ITCA,education,EC,0.35171,-78.12233
https://ror.org/04pe1sa24,Universidad Ecotec,education,EC,-2.19616,-79.88621
https://ror.org/030snpp57,Universidad Católica de Santiago de Guayaquil,education,EC,-2.19616,-79.88621
https://ror.org/006e1h504,Pontificia Universidad Católica del Ecuador Sede Manabí,education,EC,-1.05458,-80.45445
https://ror.org/04pe1sa24,Universidad Ecotec,education,EC,-2.19616,-79.88621
https://ror.org/04dvbth24,Universidad Técnica Particular de Loja,education,EC,-3.99313,-79.20422
https://ror.org/031aa0x95,Universidad Bolivariana del Ecuador,education,EC,-2.16919,-79.83987
https://ror.org/04qenc566,Escuela Superior Politecnica del Litoral,education,EC,-2.19616,-79.88621
https://ror.org/0171n2m64,Instituto Superior Tecnológico Bolivariano de Tecnología,education,EC,-2.19616,-79.88621
https://ror.org/01r2c3v86,Universidad San Francisco de Quito,education,EC,-0.22985,-78.52495
https://ror.org/04r23zn56,University of Cuenca,education,EC,-2.90055,-79.00453
https://ror.org/01wea3g49,Escuela Superior Politécnica Agropecuaria de Manabí Manuel Félix López,education,EC,-0.84582,-80.16389
https://ror.org/04xf2rc74,Universidad Internacional del Ecuador,education,EC,-0.22985,-78.52495
https://ror.org/0077ex633,Universidad Metropolitana,education,EC,-2.19616,-79.88621
https://ror.org/056srs126,Universidad Tecnológica Empresarial de Guayaquil,education,EC,-2.19616,-79.88621
https://ror.org/00nk5y742,Universidad Internacional SEK,education,EC,-0.22985,-78.52495
https://ror.org/029ss0s83,Universidad Estatal Amazónica,education,EC,-1.48369,-78.00257
https://ror.org/0036b6n81,Universidad Católica de Cuenca,education,EC,-2.90055,-79.00453
https://ror.org/0198j4566,Universidad de Las Américas,education,EC,-0.22985,-78.52495
https://ror.org/00cgjqd45,Universidad Regional Autónoma de Los Andes,education,EC,-1.24908,-78.61675
https://ror.org/00dmdt028,Universidad UTE,education,EC,-0.22985,-78.52495
https://ror.org/036zk8k10,Universidad Tecnica de Machala,education,EC,-3.25861,-79.96053
https://ror.org/00x6twa51,Universidad de Otavalo,education,EC,0.23457,-78.26248
https://ror.org/05tcyv616,Instituto Superior Tecnológico de Artes del Ecuador,education,EC,-2.19616,-79.88621
https://ror.org/010w4rs44,"Universidad Técnica ""Luis Vargas Torres""",education,EC,0.9592,-79.65397
https://ror.org/001jb9152,Instituto Superior Universitario Cotopaxi,education,EC,-0.93424,-78.6152
https://ror.org/03f0t8b71,Universidad Técnica del Norte,education,EC,0.34881,-78.12462
https://ror.org/037xrmj59,Universidad del Azuay,education,EC,-2.8953,-78.9963
https://ror.org/00gd7ns03,Universidad Estatal de Milagro,education,EC,-2.19616,-79.88621
https://ror.org/02s830n28,Pontificia Universidad Católica del Ecuador sede Santo Domingo,education,EC,-0.25368,-79.17628
https://ror.org/05pnzjf85,Universidad Estatal del Sur de Manabi,education,EC,-1.34841,-80.57913
https://ror.org/010n0x685,Central University of Ecuador,education,EC,-0.22985,-78.52495
https://ror.org/03a5x6z77,Universidad Nacional de Loja,education,EC,-3.99313,-79.20422
https://ror.org/05j136930,Universidad de las Fuerzas Armadas ESPE,education,EC,-0.33405,-78.45217
https://ror.org/05183x376,"Universidad Indoamérica, Sede Latacunga",education,EC,-0.93424,-78.6152
https://ror.org/02nn67a65,Universidad Indoamérica,education,EC,-1.24908,-78.61675
https://ror.org/0376zhq90,"Universidad Indoamérica, Sede Quito",education,EC,-0.22985,-78.52495
https://ror.org/011g3me54,Instituto de Altos Estudios Nacionales,education,EC,-0.22985,-78.52495
https://ror.org/00f11af73,Politecnica Salesiana University,education,EC,-2.8953,-78.9963
https://ror.org/059wmd288,Universidad Nacional de Chimborazo,education,EC,-1.66506,-78.65887
https://ror.org/02dq6vw89,Instituto Superior Tecnológico Centro Tecnológico Naval,education,EC,-2.21452,-80.95151
https://ror.org/048nctr92,Universidad Técnica de Ambato,education,EC,-1.24908,-78.61675
https://ror.org/047kyg834,University of Guayaquil,education,EC,-2.19616,-79.88621
https://ror.org/02zyw2q61,Escuela Superior Politécnica del Chimborazo,education,EC,-1.66506,-78.65887
https://ror.org/01k410495,Universidad Estatal Península de Santa Elena,education,EC,-2.233,-80.91039
https://ror.org/02qgahb88,Universidad Técnica de Manabí,education,EC,-1.05764,-80.45145
https://ror.org/01gb99w41,National Polytechnic School,education,EC,-0.22985,-78.52495
https://ror.org/02veev176,Instituto Nacional de Biodiversidad,facility,EC,-0.22985,-78.52495
https://ror.org/01d46py16,Centro Jambatu de Investigación y Conservación de Anfibios,facility,EC,-0.22985,-78.52495
https://ror.org/01vep7794,Instituto Nacional de Investigaciones Agropecuarias,facility,EC,-0.22985,-78.52495
https://ror.org/05rpv7f61,"Ministerio del Ambiente, Agua y Transición Ecológica",government_filtrado,EC,-0.22985,-78.52495
https://ror.org/00rrjp493,Secretaría de Ambiente de Quito,government_filtrado,EC,-0.22985,-78.52495
https://ror.org/00tyyrw16,"Ministerio de Agricultura, Ganadería y Pesca",government_filtrado,EC,-0.22985,-78.52495
https://ror.org/018zgbn57,Universidad del Istmo,education,GT,14.64072,-90.51327
https://ror.org/004kq1w56,Mesoamerican University,education,GT,14.64072,-90.51327
https://ror.org/02k5yax48,Universidad Rural de Guatemala,education,GT,14.64072,-90.51327
https://ror.org/00d7a9n23,Consejo Superior Universitario Centroamericano,education,GT,14.64072,-90.51327
https://ror.org/0192k3w92,Centro Universitario Ciudad Vieja,education,GT,14.64072,-90.51327
https://ror.org/014jxbx13,Probigua,education,GT,14.56111,-90.73444
https://ror.org/05pd6sh18,Universidad Panamericana,education,GT,14.64072,-90.51327
https://ror.org/03hrwak15,Universidad Francisco Marroquín,education,GT,14.64072,-90.51327
https://ror.org/03nyjqm54,Universidad del Valle de Guatemala,education,GT,14.64072,-90.51327
https://ror.org/047a24r47,Universidad Mariano Galvez,education,GT,14.64072,-90.51327
https://ror.org/03jzm5a44,Universidad Rafael Landívar,education,GT,14.64072,-90.51327
https://ror.org/04c3msc18,Galileo University,education,GT,14.64072,-90.51327
https://ror.org/039n74540,Centro Universitario de Occidente,education,GT,14.84462,-91.52316
https://ror.org/01b4w2923,Universidad de San Carlos de Guatemala,education,GT,14.64072,-90.51327
https://ror.org/01jtz8t69,Gemsville Technical University,education,GY,6.80448,-58.15527
https://ror.org/051qp9k68,Texila American University,education,GY,6.80448,-58.15527
https://ror.org/05d8pm274,University of Guyana,education,GY,6.80448,-58.15527
https://ror.org/05xwhfa95,Guyana School of Agriculture,education,GY,6.80448,-58.15527
https://ror.org/01fgay757,Guyana Forestry Commission,government_filtrado,GY,6.80448,-58.15527
https://ror.org/01xzw5f75,Universidad de San Pedro Sula,education,HN,15.50417,-88.025
https://ror.org/00j5cb536,Universidad Tecnológica de Honduras,education,HN,15.50417,-88.025
https://ror.org/03mcgtd30,"Centro de Diseño, Arquitectura y Construcción",education,HN,14.0818,-87.20681
https://ror.org/01kt2cx88,Zamorano Pan-American Agricultural School,education,HN,14.0818,-87.20681
https://ror.org/02fnq4841,Universidad Católica de Honduras Nuestra Señora Reina de la Paz,education,HN,14.0818,-87.20681
https://ror.org/0335q7x18,Universidad José Cecilio del Valle,education,HN,14.0818,-87.20681
https://ror.org/05rsfnx05,Universidad Pedagógica Nacional Francisco Morazán,education,HN,14.0818,-87.20681
https://ror.org/05b51m931,Universidad Nacional de Agricultura,education,HN,15.48131,-86.57415
https://ror.org/03gxj8t57,Central American Technological University,education,HN,14.0818,-87.20681
https://ror.org/05k0bd539,Universidad Nacional de la Policía de Honduras,education,HN,14.0818,-87.20681
https://ror.org/02gsh9561,Universidad Metropolitana de Honduras,education,HN,14.0818,-87.20681
https://ror.org/01spsga76,Universidad Nacional de Ciencias Forestales,education,HN,14.59691,-87.83102
https://ror.org/03xyve152,National Autonomous University of Honduras,education,HN,14.0818,-87.20681
https://ror.org/047thv031,Université Épiscopale d'Haiti,education,HT,18.54349,-72.33881
https://ror.org/007h7f935,University of Haiti,education,HT,18.54349,-72.33881
https://ror.org/02g236n66,Université Roi Henri Christophe,education,HT,19.75938,-72.19815
https://ror.org/00x835z16,Université Chrétienne du Nord d’Haïti,education,HT,19.75938,-72.19815
https://ror.org/02g21fq05,Institut des Hautes Études Commerciales et Économiques,education,HT,18.54349,-72.33881
https://ror.org/043gn8060,Adventist University of Haiti,education,HT,18.54349,-72.33881
https://ror.org/05yh2rr37,Caribbean University,education,HT,18.54349,-72.33881
https://ror.org/0072e5x58,Université Notre Dame d'Haïti,education,HT,18.54349,-72.33881
https://ror.org/02tq8vz07,Quisqueya University,education,HT,18.54349,-72.33881
https://ror.org/03hamks61,American University of the Caribbean,education,HT,18.19199,-73.74948
https://ror.org/03r0qzh12,Université Jean Price Mars,education,HT,19.15,-72.01667
https://ror.org/035rcqz84,L'Hôpital Universitaire Justinien,education,HT,19.75938,-72.19815
https://ror.org/05mh85j20,Institut Universitaire Quisqueya-Amérique,education,HT,18.54349,-72.33881
https://ror.org/01cabt515,Université Publique du Sud'Est,education,HT,18.23427,-72.53539
https://ror.org/00hbmcg20,Université Franco-haïtienne du Cap-Haïtien,education,HT,19.75938,-72.19815
https://ror.org/00wp2pa62,ISTEAH,education,HT,19.65336,-72.21775
https://ror.org/04bcypt21,Ministry of Agriculture Natural Resources and Rural Development,government_filtrado,HT,18.54349,-72.33881
https://ror.org/03w44ry84,Mico University College,education,JM,17.99702,-76.79358
https://ror.org/02w1kdc51,"University of Technology, Jamaica",education,JM,17.99702,-76.79358
https://ror.org/04yv47b75,Northern Caribbean University,education,JM,18.04168,-77.50714
https://ror.org/02rv57d03,International University of the Caribbean,education,JM,17.99702,-76.79358
https://ror.org/04b4b5885,Moneague College,education,JM,18.27556,-77.11177
https://ror.org/01efpdp52,University of the Commonwealth Caribbean,education,JM,17.99702,-76.79358
https://ror.org/01t20sn94,University of the West Indies System,education,JM,17.99702,-76.79358
https://ror.org/02wbvek51,Edna Manley College of the Visual and Performing Arts,education,JM,17.99702,-76.79358
https://ror.org/03fkc8c64,University of the West Indies,education,JM,17.99702,-76.79358
https://ror.org/05yd2zc58,"Ministry of Industry, Commerce, Agriculture and Fisheries",government_filtrado,JM,17.99702,-76.79358
https://ror.org/02ad2pb06,International American University,education,LC,13.71667,-60.95
https://ror.org/01jswq303,Spartan Health Sciences University,education,LC,13.71667,-60.95
https://ror.org/02x7n7s85,Commonwealth University College of Medicine,education,LC,14.06667,-60.95
https://ror.org/04qc5fv62,American International Medical University,education,LC,14.06667,-60.95
https://ror.org/026f02s60,Sir Arthur Lewis Community College,education,LC,13.9957,-61.00614
https://ror.org/03zkjvs45,Universidad del Tepeyac,education,MX,19.42847,-99.12766
https://ror.org/005b14v72,Universidad Interglobal,education,MX,19.42847,-99.12766
https://ror.org/03wj61f53,National College,education,MX,19.42847,-99.12766
https://ror.org/02z9t1k38,Universidad Anáhuac,education,MX,19.35985,-99.35016
https://ror.org/042xfk211,Universidad Politécnica de Baja California,education,MX,32.62781,-115.45446
https://ror.org/057g08s23,Universidad Anáhuac México Sur,education,MX,19.42847,-99.12766
https://ror.org/01agfbd76,Universidad de las Californias,education,MX,32.5027,-117.00371
https://ror.org/03qzc6q48,Universidad de Tijuana,education,MX,32.5027,-117.00371
https://ror.org/00dsfsy77,Universidad Chapultepec,education,MX,19.42847,-99.12766
https://ror.org/05j8jw743,Universidad de la Comunicación,education,MX,19.42847,-99.12766
https://ror.org/02j003371,Universidad de las Américas,education,MX,19.42847,-99.12766
https://ror.org/00gcm2421,Universidad Emilio Cárdenas,education,MX,19.54005,-99.19538
https://ror.org/0003ahp46,Universidad ETAC,education,MX,19.54005,-99.19538
https://ror.org/05wc21r71,Universidad de Negocios ISEC,education,MX,19.42847,-99.12766
https://ror.org/00tsxbx86,Universidad Interamericana para el Desarrollo,education,MX,19.54005,-99.19538
https://ror.org/02pgkhq67,Universidad del Altiplano,education,MX,19.31905,-98.19982
https://ror.org/02te4t940,University of the Cloister of Sor Juana,education,MX,19.42847,-99.12766
https://ror.org/050h4qj76,Universidad del Desarrollo Empresarial y Pedagógico,education,MX,19.42847,-99.12766
https://ror.org/02fgyh323,Universidad del Valle de Toluca,education,MX,19.28786,-99.65324
https://ror.org/00ydm7519,Universidad Isidro Fabela de Toluca,education,MX,19.28786,-99.65324
https://ror.org/04d6bgk38,Universidad del Distrito Federal,education,MX,19.42847,-99.12766
https://ror.org/04vbnwv73,Universidad del Ejército y Fuerza Aérea,education,MX,19.42847,-99.12766
https://ror.org/052egrr51,Universidad del Pedregal,education,MX,19.42847,-99.12766
https://ror.org/05spgdz37,Universidad Autónoma de La Laguna,education,MX,25.54389,-103.41898
https://ror.org/05h9c3z20,Universidad del Valle de México,education,MX,19.42847,-99.12766
https://ror.org/02pfwd463,Universidad Gestalt,education,MX,19.42847,-99.12766
https://ror.org/0078tmr20,Universidad Hebraica,education,MX,19.42847,-99.12766
https://ror.org/00e9yqc18,Universidad Tollancingo,education,MX,20.08355,-98.36288
https://ror.org/00exe2989,Centro Universitario del Pacífico Sur,education,MX,16.84942,-99.90891
https://ror.org/05gjd9170,Polytechnic University of the Valley of Mexico,education,MX,19.64655,-99.16787
https://ror.org/038d7xb21,Universidad ICEL,education,MX,19.42847,-99.12766
https://ror.org/01gxfn525,Universidad de Ciencias y Artes de Chiapas,education,MX,16.75973,-93.11308
https://ror.org/03z0m9f65,Universidad Pablo Guardado Chávez,education,MX,16.75973,-93.11308
https://ror.org/04qm2hq24,Universidad Insurgentes,education,MX,19.42847,-99.12766
https://ror.org/04ena6v85,Universidad Politécnica de Chiapas,education,MX,16.75973,-93.11308
https://ror.org/021njs178,Universidad Intercontinental,education,MX,19.42847,-99.12766
https://ror.org/028dfkq31,Universidad Americana de Acapulco,education,MX,16.84942,-99.90891
https://ror.org/03qg1ka05,Universidad Loyola del Pacífico,education,MX,16.84942,-99.90891
https://ror.org/04mvrqy78,Universidad del Desarrollo Profesional,education,MX,32.5027,-117.00371
https://ror.org/03pnptn66,Universidad Internacional de Profesiones y Escuela Internacional de Turismo,education,MX,19.42847,-99.12766
https://ror.org/00e9yqc18,Universidad Tollancingo,education,MX,20.08355,-98.36288
https://ror.org/00exe2989,Centro Universitario del Pacífico Sur,education,MX,16.84942,-99.90891
https://ror.org/05gjd9170,Polytechnic University of the Valley of Mexico,education,MX,19.64655,-99.16787
https://ror.org/038d7xb21,Universidad ICEL,education,MX,19.42847,-99.12766
https://ror.org/01gxfn525,Universidad de Ciencias y Artes de Chiapas,education,MX,16.75973,-93.11308
https://ror.org/03z0m9f65,Universidad Pablo Guardado Chávez,education,MX,16.75973,-93.11308
https://ror.org/04qm2hq24,Universidad Insurgentes,education,MX,19.42847,-99.12766
https://ror.org/04ena6v85,Universidad Politécnica de Chiapas,education,MX,16.75973,-93.11308
https://ror.org/021njs178,Universidad Intercontinental,education,MX,19.42847,-99.12766
https://ror.org/028dfkq31,Universidad Americana de Acapulco,education,MX,16.84942,-99.90891
https://ror.org/03qg1ka05,Universidad Loyola del Pacífico,education,MX,16.84942,-99.90891
https://ror.org/04mvrqy78,Universidad del Desarrollo Profesional,education,MX,32.5027,-117.00371
https://ror.org/03pnptn66,Universidad Internacional de Profesiones y Escuela Internacional de Turismo,education,MX,19.42847,-99.12766
https://ror.org/04cnaq122,Universidad Madero Papaloapan,education,MX,18.0883,-96.12535
https://ror.org/047hq4296,Universidad Valle del Grijalva,education,MX,16.75973,-93.11308
https://ror.org/01gaavs46,Justo Sierra University,education,MX,19.42847,-99.12766
https://ror.org/04ychh985,Universidad del Valle de Tlaxcala,education,MX,19.37608,-98.09014
https://ror.org/04k2dc025,Universidad Don Vasco,education,MX,19.41116,-102.05644
https://ror.org/035tcgz88,Universidad Marista,education,MX,19.42847,-99.12766
https://ror.org/02p06pt44,Universidad Mexicana,education,MX,19.42847,-99.12766
https://ror.org/03beypq35,Universidad Hernán Cortés,education,MX,19.53124,-96.91589
https://ror.org/01h39r951,Universidad Paccioli Xalapa,education,MX,19.53124,-96.91589
https://ror.org/02kha8k84,Universidad de la Sierra,education,MX,29.80615,-109.67949
https://ror.org/04j9vr008,Centro Universitário Internacional,education,MX,20.88635,-98.20594
https://ror.org/048yh2980,Universidad Villa Rica,education,MX,19.18095,-96.1429
https://ror.org/053d5gs04,Universidad Filadelfia de México,education,MX,19.53124,-96.91589
https://ror.org/01jxhzn15,Centro Universitario México Valle,education,MX,25.67507,-100.31847
https://ror.org/003gh8k45,Universidad Tecnológica del Sureste de Veracruz,education,MX,18.07117,-94.40756
https://ror.org/03g0mt494,Universidad Anáhuac de Cancún,education,MX,21.17429,-86.84656
https://ror.org/04hm3y828,Universidad del Caribe,education,MX,21.17429,-86.84656
https://ror.org/05d7z0p34,Instituto Universitario en Sistemas Administrativos de Monterrey,education,MX,25.67507,-100.31847
https://ror.org/008bzz504,Universidad Xicotepetl,education,MX,20.27605,-97.96111
https://ror.org/019fz0m35,Universidad Maya de las Américas,education,MX,21.17429,-86.84656
https://ror.org/02gm6vn88,Consorcio Educativo Oxford,education,MX,25.67507,-100.31847
https://ror.org/03rp0q895,Universidad Albert Einstein,education,MX,19.42847,-99.12766
https://ror.org/016wh5q48,Centro Universitario del Valle de Zacapu,education,MX,19.81396,-101.79157
https://ror.org/059m1x137,University of Celaya,education,MX,20.52353,-100.8157
https://ror.org/05hjyfv39,Universidad del Centro del Bajío,education,MX,20.52353,-100.8157
https://ror.org/02mczgx58,Universidad Latina de México,education,MX,20.52353,-100.8157
https://ror.org/01r98zz61,Universidad Azteca,education,MX,19.26174,-98.89775
https://ror.org/0350h3282,Universidad del Norte,education,MX,25.67507,-100.31847
https://ror.org/01gsj8877,Universidad Hispanoamericana,education,MX,19.84386,-90.52554
https://ror.org/00krqj642,Universidad Humanista de las Américas,education,MX,25.67507,-100.31847
https://ror.org/021jdc910,Universidad Regional del Norte,education,MX,28.63528,-106.08889
https://ror.org/030ncfx10,Universidad Metropolitana de Monterrey,education,MX,25.67507,-100.31847
https://ror.org/04s65rw96,Universidad Regiomontana,education,MX,25.67507,-100.31847
https://ror.org/01b9q6e25,Universidad Valle Continental,education,MX,25.67507,-100.31847
https://ror.org/00tnb2p82,Universidad de Morelia,education,MX,19.70078,-101.18443
https://ror.org/0259tmr25,Centro Universitario Juana de Asbaje,education,MX,19.9855,-102.28387
https://ror.org/03hr7f472,Centro Universitario de Ciudad Juárez,education,MX,31.72024,-106.46084
https://ror.org/05j2xah23,Universidad Latina de América,education,MX,19.70078,-101.18443
https://ror.org/04zgwt671,Universidad Vasco de Quiroga,education,MX,19.70078,-101.18443
https://ror.org/04svzdw14,Centro Universitario de Mercadotecnia y Publicidad,education,MX,19.47851,-99.23963
https://ror.org/013fgjz36,Universidad Lux,education,MX,25.67507,-100.31847
https://ror.org/03m69ak30,Universidad de Norteamérica,education,MX,19.47851,-99.23963
https://ror.org/04tjmjk63,Universidad de Zamora,education,MX,19.9855,-102.28387
https://ror.org/0189yfh12,Universidad Franco Mexicana,education,MX,19.47851,-99.23963
https://ror.org/0006g9r95,Universidad América Latina,education,MX,20.72356,-103.38479
https://ror.org/026p1jb43,University of the Valley of Atemajac,education,MX,20.72356,-103.38479
https://ror.org/049tfqy31,Universidad México Americana del Norte,education,MX,26.08061,-98.28835
https://ror.org/00tnb2p82,Universidad de Morelia,education,MX,19.70078,-101.18443
https://ror.org/0259tmr25,Centro Universitario Juana de Asbaje,education,MX,19.9855,-102.28387
https://ror.org/03hr7f472,Centro Universitario de Ciudad Juárez,education,MX,31.72024,-106.46084
https://ror.org/05j2xah23,Universidad Latina de América,education,MX,19.70078,-101.18443
https://ror.org/04zgwt671,Universidad Vasco de Quiroga,education,MX,19.70078,-101.18443
https://ror.org/04svzdw14,Centro Universitario de Mercadotecnia y Publicidad,education,MX,19.47851,-99.23963
https://ror.org/013fgjz36,Universidad Lux,education,MX,25.67507,-100.31847
https://ror.org/03m69ak30,Universidad de Norteamérica,education,MX,19.47851,-99.23963
https://ror.org/04tjmjk63,Universidad de Zamora,education,MX,19.9855,-102.28387
https://ror.org/0189yfh12,Universidad Franco Mexicana,education,MX,19.47851,-99.23963
https://ror.org/0006g9r95,Universidad América Latina,education,MX,20.72356,-103.38479
https://ror.org/026p1jb43,University of the Valley of Atemajac,education,MX,20.72356,-103.38479
https://ror.org/049tfqy31,Universidad México Americana del Norte,education,MX,26.08061,-98.28835
https://ror.org/05q6sxg43,Universidad Interamericana del Norte,education,MX,25.67507,-100.31847
https://ror.org/04caqsq71,Universidad Marista de Guadalajara,education,MX,20.72356,-103.38479
https://ror.org/05dm1m153,Universidad Internacional de América,education,MX,23.74174,-99.14599
https://ror.org/05x0fca68,University of Navojoa,education,MX,27.07028,-109.44372
https://ror.org/0501n4373,Grupo Universitario Modelo,education,MX,19.62923,-99.10689
https://ror.org/02qchka04,Instituto Universitario de Oaxaca,education,MX,17.06542,-96.72365
https://ror.org/00sb61x57,Universidad Lucerna,education,MX,19.62923,-99.10689
https://ror.org/00fn3n594,Centro Universitario Hidalguense,education,MX,20.11697,-98.73329
https://ror.org/00nrr4d03,Universidad de Cuautitlán Izcalli,education,MX,19.64388,-99.21598
https://ror.org/03e398g80,Centro Universitario Americano del Estado de Morelos,education,MX,18.9261,-99.23075
https://ror.org/01xpzce83,Centro Universitario Siglo XXI,education,MX,19.28428,-99.73394
https://ror.org/00y13f984,Universidad Científica Latinoamericana de Hidalgo,education,MX,20.11697,-98.73329
https://ror.org/02a7np905,Centro Universitario Latinoamericano de Morelos,education,MX,18.9261,-99.23075
https://ror.org/05r754v60,Universidad Autónoma de Piedras Negras,education,MX,28.70007,-100.52353
https://ror.org/04fcs7q74,Universidad de la Ciénega,education,MX,20.37963,-102.92557
https://ror.org/02cf9zs75,Universidad Americana de Morelos,education,MX,18.9261,-99.23075
https://ror.org/030jtw105,Universidad Cuauhnáhuac,education,MX,18.9261,-99.23075
https://ror.org/01deq2m43,Universidad Del Valle De Cuernavaca,education,MX,18.9261,-99.23075
https://ror.org/0544vva66,Universidad Fray Luca Paccioli,education,MX,18.9261,-99.23075
https://ror.org/02fxyjz60,Universidad Interamericana,education,MX,18.9261,-99.23075
https://ror.org/0150qbw95,Universidad Mexicana de Educación a Distancia,education,MX,18.9261,-99.23075
https://ror.org/0106sxj39,Universidad Casa Blanca,education,MX,24.79032,-107.38782
https://ror.org/05jnqz832,Universidad Católica de Culiacán,education,MX,24.79032,-107.38782
https://ror.org/04b9js332,Universidad de San Miguel,education,MX,24.79032,-107.38782
https://ror.org/01pkd0t05,Colegio Libre de Estudios Universitarios,education,MX,19.03793,-98.20346
https://ror.org/045k6gy12,Instituto Universitario Anglo Español,education,MX,24.02032,-104.65756
https://ror.org/04wd2n987,Autonomous University of Durango,education,MX,24.02032,-104.65756
https://ror.org/03gtw5096,Universidad Xilotzingo,education,MX,19.03793,-98.20346
https://ror.org/022qam104,Universidad Autónoma España de Durango,education,MX,24.02032,-104.65756
https://ror.org/01t573x46,Universidad del Valle de Guadiana,education,MX,24.02032,-104.65756
https://ror.org/002gezp78,Instituto Universitario de Tecnologia y Humanidades,education,MX,19.03793,-98.20346
https://ror.org/04p2g8a33,Instituto Universitario Puebla,education,MX,19.03793,-98.20346
https://ror.org/05vm4ac48,Universidad Alva Edison,education,MX,19.03793,-98.20346
https://ror.org/02t22fn57,Universidad Anglohispanomexicana,education,MX,19.03793,-98.20346
https://ror.org/04ny3nx36,Universidad Benito Juárez García,education,MX,19.03793,-98.20346
https://ror.org/04vq0vq60,Universidad Estatal del Valle de Ecatepec,education,MX,19.60492,-99.06064
https://ror.org/032tej786,Centro Universitario Oparin,education,MX,19.60492,-99.06064
https://ror.org/05d6fm330,Universidad Privada del Estado de México,education,MX,19.60492,-99.06064
https://ror.org/00zy9qe71,Xochicalco University,education,MX,32.5027,-117.00371
https://ror.org/039emag51,Universidad Autónoma de Fresnillo,education,MX,23.18126,-102.87136
https://ror.org/04dz93c71,Universidad Central de México,education,MX,19.03793,-98.20346
https://ror.org/01yczqg15,Universidad Enrique Díaz de León,education,MX,20.66682,-103.39182
https://ror.org/03m1s4j75,Universidad de Oriente,education,MX,19.03793,-98.20346
https://ror.org/02rsx0d74,Universidad de Puebla,education,MX,19.03793,-98.20346
https://ror.org/05xrt2s12,Universidad del Desarrollo del Estado de Puebla,education,MX,19.03793,-98.20346
https://ror.org/01eyjev41,Universidad Europea,education,MX,19.03793,-98.20346
https://ror.org/03rsfqa52,Universidad de Especialidades,education,MX,16.43033,-91.97499
https://ror.org/044ypyq07,Universidad Hispana,education,MX,19.03793,-98.20346
https://ror.org/007m7ww56,Lamar Universidad,education,MX,20.66682,-103.39182
https://ror.org/031m3tz43,Universidad Mesoamericana,education,MX,19.03793,-98.20346
https://ror.org/047qtjs73,Universidad Metropolitana Latin Campus,education,MX,20.66682,-103.39182
https://ror.org/016k08642,Universidad Sämann de Jalisco,education,MX,20.66682,-103.39182
https://ror.org/04htacw13,Universidad Politécnica Hispano Mexicana,education,MX,19.03793,-98.20346
https://ror.org/05fnph064,Universidad Realística de México,education,MX,19.03793,-98.20346
https://ror.org/03hhd1t97,Universidad Tec De Oriente,education,MX,19.03793,-98.20346
https://ror.org/03cj80e19,Universitario Bauhaus,education,MX,19.03793,-98.20346
https://ror.org/00erejq84,Universidad Univer,education,MX,20.66682,-103.39182
https://ror.org/00kyx8y88,Universidad del Mar,education,MX,15.74587,-96.46601
https://ror.org/05hjjhn63,Centro de Estudios Universitarios Arkos,education,MX,20.617,-105.23018
https://ror.org/000mgxg22,Universidad Anáhuac Querétaro,education,MX,20.58806,-100.38806
https://ror.org/044jexg93,Universidad Contemporánea,education,MX,20.58806,-100.38806
https://ror.org/03chmh893,Universidad Santa Fe,education,MX,21.01858,-101.2591
https://ror.org/0019g1982,Universidad de Hermosillo,education,MX,29.1026,-110.97732
https://ror.org/042xekv98,Universidad Tamaulipeca,education,MX,26.08061,-98.28835
https://ror.org/04en6gs70,Universidad Kino,education,MX,29.1026,-110.97732
https://ror.org/04x8q5j40,Universidad Tecnológica de Hermosillo,education,MX,29.1026,-110.97732
https://ror.org/0138bxv06,Centro Universitario Luis Donaldo Colosio Murrieta,education,MX,17.80787,-97.77956
https://ror.org/03hhd1t97,Universidad Tec De Oriente,education,MX,19.03793,-98.20346
https://ror.org/03cj80e19,Universitario Bauhaus,education,MX,19.03793,-98.20346
https://ror.org/00erejq84,Universidad Univer,education,MX,20.66682,-103.39182
https://ror.org/00kyx8y88,Universidad del Mar,education,MX,15.74587,-96.46601
https://ror.org/05hjjhn63,Centro de Estudios Universitarios Arkos,education,MX,20.617,-105.23018
https://ror.org/000mgxg22,Universidad Anáhuac Querétaro,education,MX,20.58806,-100.38806
https://ror.org/044jexg93,Universidad Contemporánea,education,MX,20.58806,-100.38806
https://ror.org/03chmh893,Universidad Santa Fe,education,MX,21.01858,-101.2591
https://ror.org/0019g1982,Universidad de Hermosillo,education,MX,29.1026,-110.97732
https://ror.org/042xekv98,Universidad Tamaulipeca,education,MX,26.08061,-98.28835
https://ror.org/04en6gs70,Universidad Kino,education,MX,29.1026,-110.97732
https://ror.org/04x8q5j40,Universidad Tecnológica de Hermosillo,education,MX,29.1026,-110.97732
https://ror.org/0138bxv06,Centro Universitario Luis Donaldo Colosio Murrieta,education,MX,17.80787,-97.77956
https://ror.org/01v9kmn87,Centro Universitario Vasco de Quiroga de Huejutla,education,MX,21.14,-98.41944
https://ror.org/03wb76824,Universidad Nuevo Mundo,education,MX,21.4425,-98.94917
https://ror.org/02e4cmf45,Universidad Liceo Cervantino,education,MX,20.67675,-101.35628
https://ror.org/0263kr214,Universidad del Valle de Santiago,education,MX,25.42321,-101.0053
https://ror.org/00v9kaj80,Universidad México Contemporáneo,education,MX,19.31556,-98.88284
https://ror.org/03wz3nt64,Universidad Autónoma del Noreste,education,MX,25.42321,-101.0053
https://ror.org/0053y3939,Universidad del Futbol y Ciencias del Deporte,education,MX,20.1151,-98.8864
https://ror.org/02p6gmn22,Universidad Anáhuac Puebla,education,MX,19.05144,-98.29526
https://ror.org/02k7ven88,Universidad Metropolitana del Centro,education,MX,22.64971,-102.99032
https://ror.org/00mq34s35,Universidad de Los Altos de Chiapas,education,MX,16.73176,-92.64126
https://ror.org/040p70661,Universidad Intercultural de Chiapas,education,MX,16.73176,-92.64126
https://ror.org/01ggm0w72,Universidad Internacional de La Paz,education,MX,24.14231,-110.31316
https://ror.org/043h8xk50,Universidad Maya,education,MX,16.73176,-92.64126
https://ror.org/05kvc3j25,Universidad Mundial,education,MX,24.14231,-110.31316
https://ror.org/02e7h1n39,Universidad Intercultural del Estado de México,education,MX,19.7144,-99.95197
https://ror.org/02kpy6370,Universidad Alfred Nobel de Mexico,education,MX,20.38886,-99.99577
https://ror.org/04szbq460,Universidad Abierta,education,MX,22.14982,-100.97916
https://ror.org/051nhdr80,Universidad del Centro de México,education,MX,22.14982,-100.97916
https://ror.org/024et1e33,Polytechnic University of San Luis Potosí,education,MX,22.14982,-100.97916
https://ror.org/01fvz3c20,Universidad del Valle del Fuerte,education,MX,25.79302,-108.99808
https://ror.org/04s3hp788,Centro Universitario del Noreste,education,MX,25.52699,-103.2285
https://ror.org/058cq2c73,Centro Universitario de Sonora,education,MX,32.45612,-114.77186
https://ror.org/00dtsyq89,Universidad Pedro de Gante,education,MX,25.74167,-100.30222
https://ror.org/05p9dka41,Universidad de Matehuala,education,MX,23.64824,-100.64334
https://ror.org/0473v0343,Centro de Estudios Superiores Universitarios,education,MX,19.18024,-99.46644
https://ror.org/05xw5kw49,Universidad de Tamazunchale,education,MX,21.25993,-98.78935
https://ror.org/05t6bf545,Centro Universitario Interamericano,education,MX,20.97537,-89.61696
https://ror.org/00v2tva64,Centro de Estudios Universitarios de Baja California,education,MX,21.50951,-104.89569
https://ror.org/03qsw6f66,Universidad del Alica,education,MX,21.50951,-104.89569
https://ror.org/03wgh3441,Colegio Francés Hidalgo de México,education,MX,19.42847,-99.12766
https://ror.org/016b8st17,Universidad Vizcaya de las Américas,education,MX,21.50951,-104.89569
https://ror.org/04j3tef82,Centro Universitario Incarnate Word,education,MX,19.42847,-99.12766
https://ror.org/02gqhnf32,Centro Universitario Oriente de México,education,MX,19.42847,-99.12766
https://ror.org/04v9get85,Centro Universitario Patria,education,MX,19.42847,-99.12766
https://ror.org/02p303e31,Universidad Tecnológica Iberoamericana,education,MX,19.18024,-99.46644
https://ror.org/01x2szn70,Universidad Cervantina,education,MX,25.67507,-100.31847
https://ror.org/0177s1090,Instituto Tecnológico de Nogales,education,MX,31.30862,-110.94217
https://ror.org/00ca9p538,Instituto Tecnológico de Querétaro,education,MX,20.58806,-100.38806
https://ror.org/04vbyvm90,Instituto Tecnológico de Saltillo,education,MX,25.42321,-101.0053
https://ror.org/04dh6fw56,Technological Institute of Jiquilpan,education,MX,19.99482,-102.71969
https://ror.org/03jfd4440,Mexicali Institute of Technology,education,MX,32.62781,-115.45446
https://ror.org/0335qtz31,Tamaulipas Institute of Higher Education,education,MX,22.39215,-97.93867
https://ror.org/012wxwj57,Universidad del Papaloapan,education,MX,18.0883,-96.12535
https://ror.org/04bhgg012,Universidad Politécnica de Tulancingo,education,MX,20.08355,-98.36288
https://ror.org/04m34bn97,Universidad Politecnica del Estado de Morelos,education,MX,18.88139,-99.17778
https://ror.org/02f72qf66,Universidad Tecnológica del Sur de Sonora,education,MX,27.48642,-109.94083
https://ror.org/03tamv273,Technological Institute of Celaya,education,MX,20.52353,-100.8157
https://ror.org/02p303e31,Universidad Tecnológica Iberoamericana,education,MX,19.18024,-99.46644
https://ror.org/01x2szn70,Universidad Cervantina,education,MX,25.67507,-100.31847
https://ror.org/03zkjvs45,Universidad del Tepeyac,education,MX,19.42847,-99.12766
https://ror.org/005b14v72,Universidad Interglobal,education,MX,19.42847,-99.12766
https://ror.org/03wj61f53,National College,education,MX,19.42847,-99.12766
https://ror.org/02z9t1k38,Universidad Anáhuac,education,MX,19.35985,-99.35016
https://ror.org/05brbyj02,Colegio de Estudios Científicos y Tecnológicos del Estado de Campeche,education,MX,19.84073,-90.51676
https://ror.org/04aecds50,Universidad de la Cañada,education,MX,18.13066,-97.06947
https://ror.org/01jwne232,"Centro de Investigación en Ciencia Aplicada y Tecnología Avanzada, Unidad Querétaro",education,MX,20.58806,-100.38806
https://ror.org/01ptbny37,Universidad AMERIKE,education,MX,19.42847,-99.12766
https://ror.org/04c0np212,Universidad Stratford,education,MX,18.8106,-98.93525
https://ror.org/01edw4j42,ISU Universidad,education,MX,19.04778,-98.20723
https://ror.org/00pcv0g02,Ibero-American University Puebla,education,MX,19.04778,-98.20723
https://ror.org/0470yth58,Instituto Tecnologico Superior de Tierra Blanca,education,MX,18.44771,-96.35912
https://ror.org/035m3y262,Universidad de la Salud,education,MX,19.42847,-99.12766
https://ror.org/05c99rg80,Universidad La Salle,education,MX,19.42847,-99.12766
https://ror.org/03h7ptq73,Centro de Ciencias Matemáticas,education,MX,19.70078,-101.18443
https://ror.org/03p2z7827,Benemérita Universidad Autónoma de Puebla,education,MX,19.04778,-98.20723
https://ror.org/00vf1vw09,Universidad La Salle Bajío,education,MX,21.12908,-101.67374
https://ror.org/02tzzd284,Colegio de Chihuahua,education,MX,31.72024,-106.46084
https://ror.org/011h8x222,Universidad La Salle Oaxaca,education,MX,17.02958,-96.73518
https://ror.org/01qe0z283,Universidad Popular Autónoma de Veracruz,education,MX,19.53124,-96.91589
https://ror.org/05gwc3q21,Instituto Tecnológico de Veracruz,education,MX,19.18095,-96.1429
https://ror.org/021vseb03,Universidad Autónoma de Tlaxcala,education,MX,19.31777,-98.23846
https://ror.org/01n9atz77,Instituto Tecnológico Superior de Tlatlauquitepec,education,MX,19.84765,-97.49718
https://ror.org/05hpp0w78,Universidad Tecnologica de Ciudad Juarez,education,MX,31.72024,-106.46084
https://ror.org/04hb7zd44,Universidad Tecnológica del Norte de Guanajuato,education,MX,21.15611,-100.9325
https://ror.org/02b28ye70,Universidad La Salle Noroeste,education,MX,27.48642,-109.94083
https://ror.org/00p666k70,Instituto Campechano,education,MX,19.84386,-90.52554
https://ror.org/02sgr3228,Instituto Nacional de Ciencias Penales,education,MX,19.42847,-99.12766
https://ror.org/04xyf9e18,Instituto Tecnológico de Tehuacán,education,MX,18.46422,-97.39735
https://ror.org/03m66j484,Instituto Tecnológico de Lázaro Cárdenas,education,MX,17.97066,-102.22124
https://ror.org/02kry3y94,Tecnológico de Estudios Superiores de Jocotitlán,education,MX,19.70864,-99.80187
https://ror.org/05f3azh29,Instituto Tecnologico de Nuevo Laredo,education,MX,27.47629,-99.51639
https://ror.org/05dmpgb12,Centro Mexicano para la Producción más Limpia,education,MX,19.42847,-99.12766
https://ror.org/05wc2hs84,Instituto Tecnológico Superior de Huauchinango,education,MX,20.17376,-98.05491
https://ror.org/01ps88w74,"Instituto Superior de Educación Normal del Estado de Colima ""Profr. Gregorio Torres Quintero""",education,MX,19.13333,-103.9
https://ror.org/01e3jg024,"Benemérita Escuela Normal Urbana ""Profr. Domingo Carballo Félix""",education,MX,24.14231,-110.31316
https://ror.org/01ry2dq39,Universidad Tecmilenio - Campus Veracruz,education,MX,19.33333,-96.66667
https://ror.org/02rrajq79,Universidad Tecnologica de Tlaxcala,education,MX,19.31451,-97.9252
https://ror.org/03qcx5k62,Instituto Tecnológico Superior Progreso,education,MX,21.28298,-89.66416
https://ror.org/024pmbp65,Instituto Consorcio Clavijero,education,MX,19.53124,-96.91589
https://ror.org/03c0pmq70,Escuela Normal de Tlalnepantla,education,MX,19.54005,-99.19538
https://ror.org/04mc1gv86,Tecnológico de Estudios Superiores de Ecatepec,education,MX,19.60492,-99.06064
https://ror.org/035927h47,El Colegio de Morelos,education,MX,18.9261,-99.23075
https://ror.org/036wxwe09,Escuela Normal de Jilotepec,education,MX,19.95194,-99.53278
https://ror.org/046tqzn85,Escuela Normal de Zumpango,education,MX,19.7967,-99.09946
https://ror.org/02zpvhb36,Universidad Tecnológica de Jalisco,education,MX,20.66682,-103.39182
https://ror.org/04dkjk636,Universidad Tecnológica de San Juan del Río,education,MX,20.38886,-99.99577
https://ror.org/01npab275,Universidad Autónoma del Carmen,education,MX,18.64592,-91.82991
https://ror.org/01zwq9p88,Universidad de Ixtlahuaca CUI,education,MX,19.56889,-99.76694
https://ror.org/01pb9t810,Universidad Politécnica de Guanajuato,education,MX,20.48362,-100.96237
https://ror.org/04msk6077,Universidad Tecnológica de Torreón,education,MX,25.54389,-103.41898
https://ror.org/0583g3j25,"Escuela Normal Superior Federal de Aguascalientes ""Profr. José Santos Valdés""",education,MX,21.88234,-102.28259
https://ror.org/02e6ysw16,Instituto de Investigaciones Sociales,education,MX,25.74167,-100.30222
https://ror.org/05tcbgw10,Universidad Tecnologica de Durango,education,MX,24.83333,-104.83333
https://ror.org/016hv6q66,Escuela Nacional de Antropología e Historia,education,MX,19.42847,-99.12766
https://ror.org/04hcdse87,Instituto Universitario Internacional de Toluca,education,MX,19.42847,-99.12766
https://ror.org/05qtmqh81,Universidad Loyola de América,education,MX,18.9261,-99.23075
https://ror.org/030h97456,Universidad Pedagógica Veracruzana,education,MX,19.53124,-96.91589
https://ror.org/04apff558,Universidad Benavente,education,MX,20.52353,-100.8157
https://ror.org/05pyptk85,Linda Vista University,education,MX,16.7077,-93.01184
https://ror.org/04hr9rp97,Universidad de Turismo y Ciencias Administrativas,education,MX,19.42847,-99.12766
https://ror.org/011xkm146,Centro Universitario De Integracion Humanistico,education,MX,19.47851,-99.23963
https://ror.org/047htnr46,Universidad de Estudios Profesionales de Ciencias y Artes,education,MX,21.12908,-101.67374
https://ror.org/00tvtvq35,Universidad Privada de Irapuato,education,MX,20.67675,-101.35628
https://ror.org/042mgzj06,Centro de Estudios Universitarios de Periodismo y Arte en Radio y Televisión,education,MX,19.42847,-99.12766
https://ror.org/059sa4e46,"Centro Universitario en Lenguas, Turismo y Empresas de Servicios",education,MX,18.9261,-99.23075
https://ror.org/00amapy86,Universidad Galilea,education,MX,21.88234,-102.28259
https://ror.org/003sdgd41,Universidad San Marcos,education,MX,16.75973,-93.11308
https://ror.org/04yb6z205,Universidad Michoacana de Oriente,education,MX,19.43612,-100.35733
https://ror.org/01p9jjh58,Universidad del Valle de Matatipac,education,MX,21.50951,-104.89569
https://ror.org/051sx7649,Centro de Estudios Universitarios del Norte,education,MX,28.19013,-105.47012
https://ror.org/03gxjcz46,Centro Universitario Promedac,education,MX,24.02032,-104.65756
https://ror.org/0328e2671,Centro Universitario Allende,education,MX,20.05161,-99.34397
https://ror.org/0481m0575,Universidad Tecnológica Metropolitana,education,MX,20.97537,-89.61696
https://ror.org/05cavnv92,Academia Mexicana de Investigación y Docencia en Innovación,education,MX,20.72356,-103.38479
https://ror.org/03whmxv51,Universidad Panamericana de Nuevo Laredo,education,MX,27.47629,-99.51639
https://ror.org/0558r1s97,Instituto Tecnológico de Ciudad Juárez,education,MX,31.72024,-106.46084
https://ror.org/03y409c56,Centro Universitario Integral de Zacatlán,education,MX,19.9355,-97.96125
https://ror.org/01wkk5m15,Centro Universitario Haller,education,MX,19.72116,-99.22391
https://ror.org/03501hp09,Universidad de Ecatepec,education,MX,19.60492,-99.06064
https://ror.org/017gh2t49,Centro de Estudios Tecnológicos y Universitarios del Golfo,education,MX,19.18095,-96.1429
https://ror.org/04trrf763,Universidad Tecnológica de Sinaloa,education,MX,24.79032,-107.38782
https://ror.org/057vq1a33,Centro Universitario del Oriente de Hidalgo,education,MX,20.08355,-98.36288
https://ror.org/01fqx5d30,Universidad Ateneo de Monterrey,education,MX,25.67507,-100.31847
https://ror.org/04v21mm27,Universidad Quetzalcóatl,education,MX,20.67675,-101.35628
https://ror.org/04v00hx51,Centro Universitario de Dirección Empresarial y de Negocios,education,MX,21.12908,-101.67374
https://ror.org/034y7w267,Universidad Tecnológico de Baja California,education,MX,32.56717,-116.62509
https://ror.org/01k9ww978,Universidad Continental Justo Sierra,education,MX,18.88139,-99.17778
https://ror.org/021k8f904,Universidad Paccioli de Córdoba,education,MX,18.8842,-96.92559
https://ror.org/03vgrpt42,Universidad St. John's,education,MX,19.42847,-99.12766
https://ror.org/05rsyz291,Universidad Potosina,education,MX,22.14982,-100.97916
https://ror.org/03z6p6204,Christian University of the Americas,education,MX,25.67678,-100.25646
https://ror.org/050mqhj64,Centro Universitario de Chihuahua,education,MX,28.63528,-106.08889
https://ror.org/04hn3c767,Universidad Humanitas,education,MX,19.42847,-99.12766
https://ror.org/033k8y986,Centro de Estudios Tecnológicos y Universitarios,education,MX,19.42847,-99.12766
https://ror.org/01kdszv50,Centro de Estudios Universitarios Adolfo López Mateos,education,MX,20.3553,-102.77358
https://ror.org/05aqxbm32,Universidad de Comunicación Avanzada,education,MX,25.67507,-100.31847
https://ror.org/04qzdz471,"Centro de diseño, cine y televisión",education,MX,19.42847,-99.12766
https://ror.org/04bhgg012,Universidad Politécnica de Tulancingo,education,MX,20.08355,-98.36288
https://ror.org/04m34bn97,Universidad Politecnica del Estado de Morelos,education,MX,18.88139,-99.17778
https://ror.org/02f72qf66,Universidad Tecnológica del Sur de Sonora,education,MX,27.48642,-109.94083
https://ror.org/03tamv273,Technological Institute of Celaya,education,MX,20.52353,-100.8157
https://ror.org/0087m7494,Instituto Tecnológico de Culiacán,education,MX,24.79032,-107.38782
https://ror.org/05vpj2s72,Instituto Tecnologico de Orizaba,education,MX,18.85195,-97.09957
https://ror.org/0377f1g25,Instituto Tecnológico de Tepic,education,MX,21.50951,-104.89569
https://ror.org/05s142056,Instituto Tecnológico de Toluca,education,MX,19.28786,-99.65324
https://ror.org/05tdek150,Tuxtla Gutierrez Institute of Technology,education,MX,16.75973,-93.11308
https://ror.org/030tc8e27,Universidad Estatal de Estudios Pedagógicos,education,MX,32.62781,-115.45446
https://ror.org/0363axb98,Universidad Tecnológica de La Paz,education,MX,24.14231,-110.31316
https://ror.org/051cchq23,Instituto Tecnológico de Úrsulo Galván,education,MX,19.40531,-96.3609
https://ror.org/0133f6116,Universidad Tecnológica del Centro de Veracruz,education,MX,18.79084,-96.73179
https://ror.org/0213cre38,Universidad Tecnológica de la Selva,education,MX,16.90639,-92.09374
https://ror.org/02bddmq11,Escuela Normal de Atlacomulco,education,MX,19.81411,-99.86121
https://ror.org/05291za29,Centenaria y Benemérita Escuela Normal para Profesores,education,MX,19.28786,-99.65324
https://ror.org/03qcx5k62,Instituto Tecnológico Superior Progreso,education,MX,21.28298,-89.66416
https://ror.org/024pmbp65,Instituto Consorcio Clavijero,education,MX,19.53124,-96.91589
https://ror.org/03c0pmq70,Escuela Normal de Tlalnepantla,education,MX,19.54005,-99.19538
https://ror.org/04mc1gv86,Tecnológico de Estudios Superiores de Ecatepec,education,MX,19.60492,-99.06064
https://ror.org/04587ry40,Universidad Internacional Iberoamericana,education,MX,19.84386,-90.52554
https://ror.org/01xwxw692,Instituto Tecnológico de Cancún,education,MX,21.17429,-86.84656
https://ror.org/05ppk0267,Universidad Autónoma de Guadalajara,education,MX,20.66682,-103.39182
https://ror.org/05xzvxw52,Universidad Aeronáutica en Querétaro,education,MX,20.5225,-99.89167
https://ror.org/04a0zh466,Universidad Mexiquense del Bicentenario,education,MX,19.68028,-99.01
https://ror.org/00cwp6m07,Instituto Tecnológico y de Estudios Superiores de Occidente,education,MX,20.64121,-103.29342
https://ror.org/00rvc0a23,El Colegio de Jalisco,education,MX,20.72111,-103.38742
https://ror.org/03g8edk82,Universidad Tecnológica Latinoamericana en Línea,education,MX,19.47851,-99.23963
https://ror.org/05vss7635,Ibero American University,education,MX,19.42847,-99.12766
https://ror.org/00mfwgd63,Universidad Politécnica del Valle del Évora,education,MX,25.1245,-108.01491
https://ror.org/05ynqks44,Universidad Ciudadana de Nuevo León,education,MX,25.67507,-100.31847
https://ror.org/039bhhz46,Anahuac University Network,education,MX,19.47851,-99.23963
https://ror.org/01zxe8n50,Universidad Anáhuac Xalapa,education,MX,19.53124,-96.91589
https://ror.org/02mgmvf72,Instituto Tecnológico de Zacatepec,education,MX,18.65225,-99.20767
https://ror.org/02j30f642,Tecnológico Universitario del Valle de Chalco,education,MX,19.29462,-98.93806
https://ror.org/00dbv4g17,Instituto Tecnológico de Zitácuaro,education,MX,19.43197,-100.35741
https://ror.org/036kqsd10,Universidad Tecnológica del Suroeste de Guanajuato,education,MX,20.3914,-101.19222
https://ror.org/04rb41y32,Centro de Investigación e Innovación en Tecnologías de la Información y Comunicación,education,MX,19.42847,-99.12766
https://ror.org/05brbyj02,Colegio de Estudios Científicos y Tecnológicos del Estado de Campeche,education,MX,19.84073,-90.51676
https://ror.org/04aecds50,Universidad de la Cañada,education,MX,18.13066,-97.06947
https://ror.org/05hpp0w78,Universidad Tecnologica de Ciudad Juarez,education,MX,31.72024,-106.46084
https://ror.org/04hb7zd44,Universidad Tecnológica del Norte de Guanajuato,education,MX,21.15611,-100.9325
https://ror.org/02b28ye70,Universidad La Salle Noroeste,education,MX,27.48642,-109.94083
https://ror.org/00p666k70,Instituto Campechano,education,MX,19.84386,-90.52554
https://ror.org/02sgr3228,Instituto Nacional de Ciencias Penales,education,MX,19.42847,-99.12766
https://ror.org/04xyf9e18,Instituto Tecnológico de Tehuacán,education,MX,18.46422,-97.39735
https://ror.org/03m66j484,Instituto Tecnológico de Lázaro Cárdenas,education,MX,17.97066,-102.22124
https://ror.org/02kry3y94,Tecnológico de Estudios Superiores de Jocotitlán,education,MX,19.70864,-99.80187
https://ror.org/05f3azh29,Instituto Tecnologico de Nuevo Laredo,education,MX,27.47629,-99.51639
https://ror.org/05dmpgb12,Centro Mexicano para la Producción más Limpia,education,MX,19.42847,-99.12766
https://ror.org/05wc2hs84,Instituto Tecnológico Superior de Huauchinango,education,MX,20.17376,-98.05491
https://ror.org/01ps88w74,"Instituto Superior de Educación Normal del Estado de Colima ""Profr. Gregorio Torres Quintero""",education,MX,19.13333,-103.9
https://ror.org/01e3jg024,"Benemérita Escuela Normal Urbana ""Profr. Domingo Carballo Félix""",education,MX,24.14231,-110.31316
https://ror.org/01ry2dq39,Universidad Tecmilenio - Campus Veracruz,education,MX,19.33333,-96.66667
https://ror.org/02rrajq79,Universidad Tecnologica de Tlaxcala,education,MX,19.31451,-97.9252
https://ror.org/0376rfz34,TecMilenio University,education,MX,14.90385,-92.25749
https://ror.org/033b9jk32,Universidad Tecnológica de la Sierra Hidalguense,education,MX,20.65608,-98.59353
https://ror.org/029md1766,Instituto Tecnológico Autónomo de México,education,MX,19.42847,-99.12766
https://ror.org/02w0sqd02,Universidad Juárez del Estado de Durango,education,MX,24.02032,-104.65756
https://ror.org/029w3ge75,University of Quintana Roo,education,MX,18.51413,-88.30381
https://ror.org/039zsrs49,Instituto Tecnológico de Pabellón de Arteaga,education,MX,22.14642,-102.2769
https://ror.org/04asyez39,Universidad Estatal de Sonora,education,MX,29.1026,-110.97732
https://ror.org/02jsxsw65,Instituto Tecnológico de Puebla,education,MX,19.03793,-98.20346
https://ror.org/032p1n739,Autonomous University of Yucatán,education,MX,20.97537,-89.61696
https://ror.org/04587ry40,Universidad Internacional Iberoamericana,education,MX,19.84386,-90.52554
https://ror.org/03qvpys73,Instituto Tecnológico de Aguascalientes,education,MX,21.88234,-102.28259
https://ror.org/023nfn818,Instituto Tecnológico de Conkal,education,MX,21.07355,-89.51963
https://ror.org/03n7grz74,Universidad Tecnologica de Tijuana,education,MX,32.5027,-117.00371
https://ror.org/04znxe670,Universidad de Colima,education,MX,19.24997,-103.72714
https://ror.org/023aac055,Universidad de Investigación e Innovación de México,education,MX,18.9261,-99.23075
https://ror.org/0260nab69,Universidad Tecnológica de Chihuahua,education,MX,28.75,-106.25
https://ror.org/037f6g911,Universidad Tecnológica de Tecamachalco,education,MX,18.86102,-97.74643
https://ror.org/021zwb636,Universidad Tecnologica de Cancun,education,MX,21.17429,-86.84656
https://ror.org/03ry6p839,Instituto Tecnológico Superior de Huatusco,education,MX,19.14,-96.88
https://ror.org/039spa369,Universidad Tecnológica Fidel Velázquez,education,MX,19.64177,-99.3068
https://ror.org/002pcmz09,Universidad Tecnológica de Tehuacán,education,MX,18.42185,-97.33785
https://ror.org/035pqt812,Tecnológico de Estudios Superiores de Coacalco,education,MX,19.62923,-99.10689
https://ror.org/025ng2310,Universidad Tecnológica de la Región Carbonífera,education,MX,27.96054,-101.3108
https://ror.org/05gngra25,"Escuela Normal Rural ""Gral. Matías Ramos Santos""",education,MX,22.27744,-101.95196
https://ror.org/00r02pr68,Universidad Tecnológica de Puebla,education,MX,19.03793,-98.20346
https://ror.org/01pe78696,Universidad del Atlántico,education,MX,26.08005,-98.28456
https://ror.org/03ajyhp73,Tecnológico de Estudios Superiores del Oriente del Estado de México,education,MX,19.33972,-98.95056
https://ror.org/02vw4zn68,"Escuela Normal Miguel F. Martínez, Centenaria y Benemérita",education,MX,25.68435,-100.31721
https://ror.org/03rkach21,Instituto de Estudios Universitarios,education,MX,19.04778,-98.20723
https://ror.org/03znw6w55,"Centro de Investigación Científica de Yucatán, A.C",education,MX,20.967,-89.62318
https://ror.org/05s1yqk76,El Colegio de Veracruz,education,MX,19.53124,-96.91589
https://ror.org/04cymm537,Instituto Tecnológico de Ciudad Madero,education,MX,22.2475,-97.83665
https://ror.org/01w7vj569,Universidad Politécnica de Victoria,education,MX,23.74061,-99.14364
https://ror.org/036epwb08,Instituto Tecnológico de Ciudad Altamirano,education,MX,18.3582,-100.66965
https://ror.org/00yxvjx76,Universidad Tecnológica de La Laguna Durango,education,MX,25.53611,-103.52485
https://ror.org/04b4w6n09,Universidad de las Naciones,education,MX,19.18095,-96.1429
https://ror.org/03698ym41,Universidad Americana de Europa,education,MX,21.17429,-86.84656
https://ror.org/02b73sx33,Universidad de la Costa,education,MX,16.34014,-98.05297
https://ror.org/04jrn1n55,Universidad Tecnológica de Nuevo Laredo,education,MX,27.47629,-99.51639
https://ror.org/02jnv7t64,Tecnológico Nacional de México Campus Valladolid,education,MX,20.68812,-88.19936
https://ror.org/01ckt2a69,Universidad de Chalcatongo,education,MX,16.99293,-97.54976
https://ror.org/051bx6086,Universidad Internacional de Investigación México,education,MX,23.0,-102.0
https://ror.org/03qeca755,Instituto Tecnológico Superior de Ébano S.L.P.,education,MX,22.21275,-98.47678
https://ror.org/00f45ja95,Universidad Tecnológica de Izúcar de Matamoros,education,MX,18.60157,-98.46152
https://ror.org/03cbvt511,Universidad de Guanajuato Campus Celaya-Salvatierra,education,MX,20.52353,-100.8157
https://ror.org/058cjye32,Universidad de Guanajuato,education,MX,21.01858,-101.2591
https://ror.org/00kh41v43,Universidad Tecnológica de Nogales,education,MX,31.30862,-110.94217
https://ror.org/019ze4c92,Universidad Politécnica de Zacatecas,education,MX,22.76843,-102.58141
https://ror.org/026g0f008,Dirección General de Educación Normal,education,MX,19.28786,-99.65324
https://ror.org/03p706b71,Universidad Mesoamericana Oaxaca,education,MX,17.06025,-96.72544
https://ror.org/00jcw6451,Universidad Madero,education,MX,19.04778,-98.20723
https://ror.org/000d3nc08,Instituto de Educación Media Superior de la Ciudad de México,education,MX,19.42847,-99.12766
https://ror.org/011tppt04,Tecnológico de Estudios Superiores de San Felipe del Progreso,education,MX,19.66016,-99.981
https://ror.org/03k3t2d52,Tecnológico Nacional de México Campus San Martín Texmelucan,education,MX,19.28431,-98.43885
https://ror.org/0433s0254,Instituto Tecnológico de Morelia,education,MX,19.70078,-101.18443
https://ror.org/00edcak12,Instituto Tecnológico Superior de Purísima del Rincón,education,MX,20.94704,-101.90939
https://ror.org/01447fv18,Universidad Tecnológica de Calvillo,education,MX,21.85,-102.71666
https://ror.org/00yt2gw85,Instituto Tecnológico de Cuautla,education,MX,18.82507,-98.95286
https://ror.org/02qmmxm27,Universidad Cuauhtémoc San Luis Potosí,education,MX,22.15234,-100.97135
https://ror.org/03hvr8395,Universidad Cuauhtémoc Guadalajara,education,MX,20.67738,-103.34749
https://ror.org/04xjkmz40,Universidad Cuauhtémoc,education,MX,19.04778,-98.20723
https://ror.org/00dc7yt09,Universidad Tecnológica del Sur del Estado de México,education,MX,18.90475,-100.15275
https://ror.org/01s1km724,Universidad de las Américas Puebla,education,MX,19.05144,-98.29526
https://ror.org/00szdrw29,Facultad de Estudios Superiores Aragón,education,MX,19.40061,-99.01483
https://ror.org/01y88kd38,Escuela de Enfermería Angelópolis,education,MX,19.04778,-98.20723
https://ror.org/027nn9a23,Escuela Normal Superior de Querétaro,education,MX,20.58806,-100.38806
https://ror.org/00n9d5724,Facultad de Estudios Superiores Cuautitlán,education,MX,19.64388,-99.21598
https://ror.org/03s5v5320,"Benemérita Escuela Normal Veracruzana ""Enrique C. Rébsamen""",education,MX,19.53124,-96.91589
https://ror.org/00qxc1v02,Facultad de Estudios Superiores Acatlán,education,MX,19.42847,-99.12766
https://ror.org/02ktmav92,Universidad Intercultural del Estado de Puebla,education,MX,20.10578,-97.62517
https://ror.org/05bpk5567,"Instituto Tecnológico Superior de San Luis Potosí, Capital",education,MX,22.15234,-100.97135
https://ror.org/027q7z608,Instituto Superior de Ciencias de la Educación del Estado de México,education,MX,19.28786,-99.65324
https://ror.org/01asdba22,Colegio de Postgraduados Campus Córdoba,education,MX,18.8842,-96.92559
https://ror.org/05nnsb240,El Colegio del Estado de Hidalgo,education,MX,20.10787,-98.90914
https://ror.org/02c3rje24,Centro de Estudios Justo Sierra,education,MX,25.80489,-107.56072
https://ror.org/05g1mh260,Universidad Autónoma de Sinaloa,education,MX,24.80209,-107.39421
https://ror.org/00z0kq074,Universidad Michoacana de San Nicolás de Hidalgo,education,MX,19.70078,-101.18443
https://ror.org/05e891306,Instituto Nacional de Bellas Artes y Literatura,education,MX,19.42847,-99.12766
https://ror.org/02ne61390,Universidad Politécnica Metropolitana de Hidalgo,education,MX,19.95814,-98.91941
https://ror.org/0083v8891,Universidad Tecnológica de Saltillo,education,MX,25.42595,-100.97963
https://ror.org/00xjw1x97,Universidad Tecnológica de San Luis Potosí,education,MX,22.3393,-100.95842
https://ror.org/00f7sjz58,Universidad Tecnológica de Tecámac,education,MX,19.71288,-98.96895
https://ror.org/00gcaxc92,Instituto Tecnológico Superior de la Región Sierra,education,MX,17.98689,-92.93028
https://ror.org/05desj304,"El Colegio de San Luis, A.C.",education,MX,22.14982,-100.97916
https://ror.org/05ps48151,Universidad Politécnica de Tlaxcala,education,MX,19.32418,-98.22958
https://ror.org/03p706b71,Universidad Mesoamericana Oaxaca,education,MX,17.06025,-96.72544
https://ror.org/00jcw6451,Universidad Madero,education,MX,19.04778,-98.20723
https://ror.org/000d3nc08,Instituto de Educación Media Superior de la Ciudad de México,education,MX,19.42847,-99.12766
https://ror.org/05bmnqf11,Universidad Da Vinci,education,MX,19.42847,-99.12766
https://ror.org/05r89fw56,Universidad del Valle de Puebla,education,MX,19.04778,-98.20723
https://ror.org/034j59894,Instituto Tecnológico Superior de Escárcega,education,MX,18.60891,-90.74544
https://ror.org/0308qj720,Universidad Pedagógica del Estado de Sinaloa,education,MX,24.80209,-107.39421
https://ror.org/02zmh8h66,Instituto Tecnológico de León,education,MX,21.12908,-101.67374
https://ror.org/01eaec076,Universidad de La Ciénega del estado de Michoacán Ocampo,education,MX,20.05859,-102.71575
https://ror.org/00145s190,TecNM Campus Tamazunchale,education,MX,21.25993,-98.78935
https://ror.org/00308ht45,Instituto Tecnológico de Iguala,education,MX,18.34536,-99.5413
https://ror.org/02e95cm68,Instituto Mortaji,education,MX,25.68435,-100.31721
https://ror.org/03jgj8t95,Universidad Pedagógica Nacional del Estado de Chihuahua,education,MX,28.63528,-106.08889
https://ror.org/03ftvhg46,Universidad Contemporánea de las Américas,education,MX,19.16667,-101.83333
https://ror.org/03nj8sb85,Instituto de Geociencias,education,MX,20.58806,-100.38806
https://ror.org/054v4yq51,Universidad de Londres,education,MX,19.42847,-99.12766
https://ror.org/05mhfra93,Universidad Tecnológica de la Zona Metropolitana del Valle de México,education,MX,19.83721,-98.97607
https://ror.org/00r0j5m90,Universidad Politécnica de Yucatán,education,MX,20.967,-89.62318
https://ror.org/03hvr8395,Universidad Cuauhtémoc Guadalajara,education,MX,20.67738,-103.34749
https://ror.org/04xjkmz40,Universidad Cuauhtémoc,education,MX,19.04778,-98.20723
https://ror.org/026ehzk15,Universidad Intercultural del Estado de Tabasco,education,MX,18.0,-92.66667
https://ror.org/042714f67,Universidad Virtual del Estado de Guanajuato,education,MX,20.94704,-101.90939
https://ror.org/04ctjby61,Chapingo Autonomous University,education,MX,19.51194,-98.88293
https://ror.org/04habxs80,El Colegio de Sonora,education,MX,29.1026,-110.97732
https://ror.org/054w40x57,Villahermosa Institute of Technology,education,MX,17.98689,-92.93028
https://ror.org/031kjyq12,Universidad Hipócrates,education,MX,16.84942,-99.90891
https://ror.org/013bn0m92,Universidad Popular de la Chontalpa,education,MX,18.00135,-93.37559
https://ror.org/03rzb4f20,Universidad Autónoma del Estado de Morelos,education,MX,18.9261,-99.23075
https://ror.org/048gjv863,Universidad Tecnológica Emiliano Zapata del Estado de Morelos,education,MX,18.81062,-99.18711
https://ror.org/02m03y943,"El Colegio de Tlaxcala, A. C.",education,MX,19.34403,-98.19222
https://ror.org/009ec3j55,Universidad Politécnica Metropolitana de Puebla,education,MX,19.03793,-98.20346
https://ror.org/04avs3e27,Universidad Tecnológica de Huejotzingo,education,MX,19.15892,-98.40824
https://ror.org/04gvszq17,CETYS Universidad,education,MX,32.62781,-115.45446
https://ror.org/02a3pzh97,Universidad Politécnica de Puebla,education,MX,19.03793,-98.20346
https://ror.org/037vkq915,Universidad Politécnica de Juventino Rosas,education,MX,20.63658,-100.97956
https://ror.org/04m28hd07,Instituto Tecnológico de Tlalnepantla,education,MX,19.54054,-99.19341
https://ror.org/020tjmw86,Universidad Tecnológica de Zinacantepec,education,MX,19.28973,-99.82355
https://ror.org/01dst3018,Instituto Tecnológico de Mazatlán,education,MX,23.2329,-106.4062
https://ror.org/02tywpz50,Instituto Tecnológico José Mario Molina Pasquel y Henrique,education,MX,20.66682,-103.39182
https://ror.org/04f6z5785,Instituto Tecnológico Superior de Salvatierra,education,MX,20.21094,-100.9124
https://ror.org/02kcab747,Escuela Normal Superior del Estado,education,MX,25.42321,-101.0053
https://ror.org/00ra1q261,Facultad de Contaduría y Administración,education,MX,20.97537,-89.61696
https://ror.org/023wr5s35,Instituto Tecnológico de Nuevo Leon,education,MX,25.67678,-100.25646
https://ror.org/00dpnh189,Universidad Autónoma de Coahuila,education,MX,25.42321,-101.0053
https://ror.org/05whw7f42,Universitario Tecnológico Universitam,education,MX,32.5027,-117.00371
https://ror.org/009m7cp22,Universidad Autónoma de Occidente,education,MX,25.79302,-108.99808
https://ror.org/02rn1d663,Colegio Superior Agropecuario del Estado de Guerrero,education,MX,18.34536,-99.5413
https://ror.org/04165bm54,Benemerita Escuela Normal Urbana Federal Fronteriza,education,MX,32.62781,-115.45446
https://ror.org/02h5dpj70,Escuela Normal Fronteriza Tijuana,education,MX,32.5027,-117.00371
https://ror.org/03qvpys73,Instituto Tecnológico de Aguascalientes,education,MX,21.88234,-102.28259
https://ror.org/023nfn818,Instituto Tecnológico de Conkal,education,MX,21.07355,-89.51963
https://ror.org/03n7grz74,Universidad Tecnologica de Tijuana,education,MX,32.5027,-117.00371
https://ror.org/04znxe670,Universidad de Colima,education,MX,19.24997,-103.72714
https://ror.org/023aac055,Universidad de Investigación e Innovación de México,education,MX,18.9261,-99.23075
https://ror.org/0260nab69,Universidad Tecnológica de Chihuahua,education,MX,28.75,-106.25
https://ror.org/037f6g911,Universidad Tecnológica de Tecamachalco,education,MX,18.86102,-97.74643
https://ror.org/021zwb636,Universidad Tecnologica de Cancun,education,MX,21.17429,-86.84656
https://ror.org/03ry6p839,Instituto Tecnológico Superior de Huatusco,education,MX,19.14,-96.88
https://ror.org/039spa369,Universidad Tecnológica Fidel Velázquez,education,MX,19.64177,-99.3068
https://ror.org/002pcmz09,Universidad Tecnológica de Tehuacán,education,MX,18.42185,-97.33785
https://ror.org/035pqt812,Tecnológico de Estudios Superiores de Coacalco,education,MX,19.62923,-99.10689
https://ror.org/025ng2310,Universidad Tecnológica de la Región Carbonífera,education,MX,27.96054,-101.3108
https://ror.org/05gngra25,"Escuela Normal Rural ""Gral. Matías Ramos Santos""",education,MX,22.27744,-101.95196
https://ror.org/00r02pr68,Universidad Tecnológica de Puebla,education,MX,19.03793,-98.20346
https://ror.org/012nh4m41,Universidad Tecnologica de la Huasteca Hidalguense,education,MX,21.11613,-98.47705
https://ror.org/01y92wg94,Universidad Tecnológica de Querétaro,education,MX,20.58806,-100.38806
https://ror.org/00nb55479,Universidad Tecnológica de Manzanillo,education,MX,19.10856,-104.31351
https://ror.org/04w0a0617,Instituto Tecnológico de San Luis Potosí,education,MX,22.14982,-100.97916
https://ror.org/000sg7415,Centro Universitario del Sur,education,MX,19.70466,-103.4617
https://ror.org/02ypdzw54,Tecnológico de Estudios Superiores de Chalco,education,MX,19.26174,-98.89775
https://ror.org/00xbw4a70,Instituto Tecnólogico de La Laguna,education,MX,25.54389,-103.41898
https://ror.org/01hete527,Universidad Politécnica de Cuautitlán Izcalli,education,MX,19.64388,-99.21598
https://ror.org/03dgrff29,Instituto Tecnológico Superior de Loreto,education,MX,22.27248,-101.98898
https://ror.org/01d6p8r58,Instituto Tecnológico de Ciudad Guzmán,education,MX,19.70466,-103.4617
https://ror.org/05p299b07,Instituto Tecnológico Superior de Los Reyes,education,MX,19.04472,-101.57463
https://ror.org/0460tzy11,Instituto Tecnológico de La Paz,education,MX,24.14231,-110.31316
https://ror.org/01brjce02,Instituto Tecnológico Superior de Atlixco,education,MX,18.90815,-98.43613
https://ror.org/03efxn362,Universidad Veracruzana,education,MX,19.53124,-96.91589
https://ror.org/03t5a9538,Instituto Tecnologico Superior de Misantla,education,MX,19.98196,-96.89248
https://ror.org/0535nfe19,Universidad Politécnica de la Zona Metropolitana de Guadalajara,education,MX,20.47421,-103.44654
https://ror.org/004sb9k31,Universidad Tecnológica de Oriental,education,MX,19.34778,-97.58679
https://ror.org/0302jbz39,Instituto Tecnológico de Boca del Río,education,MX,19.10464,-96.10405
https://ror.org/01nq33970,Instituto Tecnológico Superior Zacatecas Norte,education,MX,23.80631,-103.06941
https://ror.org/0439k2291,Universidad Tecnológica del Valle de Toluca,education,MX,19.32831,-99.46899
https://ror.org/0519z1a07,Universidad Tecnológica del Valle del Mezquital,education,MX,20.5,-99.0
https://ror.org/03jnx8g68,Universidad Tecnológica de Coahuila,education,MX,25.53928,-100.94742
https://ror.org/02nbck826,Universidad Politécnica de Tecámac,education,MX,19.71288,-98.96895
https://ror.org/03jg63j21,Instituto Tecnológico Superior de Tantoyuca,education,MX,21.39307,-98.18453
https://ror.org/02y1pfw65,Tecnológico de Estudios Superiores de Ixtapaluca,education,MX,19.31556,-98.88284
https://ror.org/01da06998,Instituto Tecnológico Superior de Irapuato,education,MX,20.67675,-101.35628
https://ror.org/04b202422,Universidad Tecnológica Gral. Mariano Escobedo,education,MX,25.79698,-100.31791
https://ror.org/02zv2b697,Tecnológico de Estudios Superiores de Valle de Bravo,education,MX,19.19501,-100.13132
https://ror.org/008eg1b26,Instituto Tecnológico Superior de Perote,education,MX,19.54277,-97.25833
https://ror.org/01m296r74,"Universidad Autónoma de Zacatecas ""Francisco García Salinas""",education,MX,22.76843,-102.58141
https://ror.org/00q1dg558,Instituto Educativo Dolores Del Rio Extensión Santiago Papasquiaro Durango,education,MX,25.04389,-105.41917
https://ror.org/03bmwyk24,Tecnológico Nacional de México de Ciudad Jiménez,education,MX,27.13076,-104.92391
https://ror.org/04bjtbt12,Instituto Tecnológico Superior de Lerdo,education,MX,25.53718,-103.52456
https://ror.org/0248dkz36,"Tecnológico Nacional de México, Campus Pachuca",education,MX,20.11697,-98.73329
https://ror.org/01w8zj169,Instituto Tecnológico de Tuxtepec,education,MX,18.0883,-96.12535
https://ror.org/02sftkh09,Instituto Tecnológico Superior de Centla,education,MX,18.54326,-92.6453
https://ror.org/04zjhw235,Instituto Tecnológico Superior de Acatlán de Osorio,education,MX,18.2025,-98.04864
https://ror.org/05czf9j81,"Escuela Nacional de Lenguas, Lingüística y Traducción",education,MX,19.42847,-99.12766
https://ror.org/043xj7k26,Universidad de Guadalajara,education,MX,20.66682,-103.39182
https://ror.org/04k21pf91,Universidad Naval,education,MX,19.42847,-99.12766
https://ror.org/04q4yxc04,Centro Regional de Formación Docente e Investigación Educativa,education,MX,23.74174,-99.14599
https://ror.org/02yy6gj83,Instituto Tecnológico Superior de Tlaxco,education,MX,19.61442,-98.11997
https://ror.org/051p4mw04,Universidad Antropológica de Guadalajara,education,MX,20.66682,-103.39182
https://ror.org/03z3ft420,"Benemérito Instituto Normal del Estado ""Gral. Juan Crisóstomo Bonilla""",education,MX,19.03793,-98.20346
https://ror.org/01tggzh22,Universidad Tecnológica de la Región Centro de Coahuila,education,MX,26.90687,-101.42056
https://ror.org/029md1766,Instituto Tecnológico Autónomo de México,education,MX,19.42847,-99.12766
https://ror.org/02w0sqd02,Universidad Juárez del Estado de Durango,education,MX,24.02032,-104.65756
https://ror.org/029w3ge75,University of Quintana Roo,education,MX,18.51413,-88.30381
https://ror.org/000vj2f52,University of Montemorelos,education,MX,25.18909,-99.82865
https://ror.org/04mbdq019,Benito Juárez Autonomous University of Oaxaca,education,MX,17.06542,-96.72365
https://ror.org/04y8eg478,Universidad Tecnológica de Nayarit,education,MX,21.50951,-104.89569
https://ror.org/042714f67,Universidad Virtual del Estado de Guanajuato,education,MX,20.94704,-101.90939
https://ror.org/04ctjby61,Chapingo Autonomous University,education,MX,19.51194,-98.88293
https://ror.org/04habxs80,El Colegio de Sonora,education,MX,29.1026,-110.97732
https://ror.org/054w40x57,Villahermosa Institute of Technology,education,MX,17.98689,-92.93028
https://ror.org/031kjyq12,Universidad Hipócrates,education,MX,16.84942,-99.90891
https://ror.org/013bn0m92,Universidad Popular de la Chontalpa,education,MX,18.00135,-93.37559
https://ror.org/03rzb4f20,Universidad Autónoma del Estado de Morelos,education,MX,18.9261,-99.23075
https://ror.org/048gjv863,Universidad Tecnológica Emiliano Zapata del Estado de Morelos,education,MX,18.81062,-99.18711
https://ror.org/02m03y943,"El Colegio de Tlaxcala, A. C.",education,MX,19.34403,-98.19222
https://ror.org/009ec3j55,Universidad Politécnica Metropolitana de Puebla,education,MX,19.03793,-98.20346
https://ror.org/04avs3e27,Universidad Tecnológica de Huejotzingo,education,MX,19.15892,-98.40824
https://ror.org/04gvszq17,CETYS Universidad,education,MX,32.62781,-115.45446
https://ror.org/02a3pzh97,Universidad Politécnica de Puebla,education,MX,19.03793,-98.20346
https://ror.org/037vkq915,Universidad Politécnica de Juventino Rosas,education,MX,20.63658,-100.97956
https://ror.org/04m28hd07,Instituto Tecnológico de Tlalnepantla,education,MX,19.54054,-99.19341
https://ror.org/020tjmw86,Universidad Tecnológica de Zinacantepec,education,MX,19.28973,-99.82355
https://ror.org/01dst3018,Instituto Tecnológico de Mazatlán,education,MX,23.2329,-106.4062
https://ror.org/02tywpz50,Instituto Tecnológico José Mario Molina Pasquel y Henrique,education,MX,20.66682,-103.39182
https://ror.org/02e6s3r40,Escuela Superior de Artes de Yucatán,education,MX,20.97537,-89.61696
https://ror.org/01tm6bj89,Mazatlan Professional School of Dance,education,MX,23.2329,-106.4062
https://ror.org/03rkach21,Instituto de Estudios Universitarios,education,MX,19.04778,-98.20723
https://ror.org/03znw6w55,"Centro de Investigación Científica de Yucatán, A.C",education,MX,20.967,-89.62318
https://ror.org/05s1yqk76,El Colegio de Veracruz,education,MX,19.53124,-96.91589
https://ror.org/04cymm537,Instituto Tecnológico de Ciudad Madero,education,MX,22.2475,-97.83665
https://ror.org/01w7vj569,Universidad Politécnica de Victoria,education,MX,23.74061,-99.14364
https://ror.org/0308qj720,Universidad Pedagógica del Estado de Sinaloa,education,MX,24.80209,-107.39421
https://ror.org/02zmh8h66,Instituto Tecnológico de León,education,MX,21.12908,-101.67374
https://ror.org/01eaec076,Universidad de La Ciénega del estado de Michoacán Ocampo,education,MX,20.05859,-102.71575
https://ror.org/00145s190,TecNM Campus Tamazunchale,education,MX,21.25993,-98.78935
https://ror.org/00308ht45,Instituto Tecnológico de Iguala,education,MX,18.34536,-99.5413
https://ror.org/02e95cm68,Instituto Mortaji,education,MX,25.68435,-100.31721
https://ror.org/03jgj8t95,Universidad Pedagógica Nacional del Estado de Chihuahua,education,MX,28.63528,-106.08889
https://ror.org/03ftvhg46,Universidad Contemporánea de las Américas,education,MX,19.16667,-101.83333
https://ror.org/03nj8sb85,Instituto de Geociencias,education,MX,20.58806,-100.38806
https://ror.org/054v4yq51,Universidad de Londres,education,MX,19.42847,-99.12766
https://ror.org/05mhfra93,Universidad Tecnológica de la Zona Metropolitana del Valle de México,education,MX,19.83721,-98.97607
https://ror.org/00r0j5m90,Universidad Politécnica de Yucatán,education,MX,20.967,-89.62318
https://ror.org/01046sm89,Universidad Autónoma de Baja California Sur,education,MX,24.14231,-110.31316
https://ror.org/02z7c6320,"Universidad Panamericana, campus Ciudad de México",education,MX,19.42847,-99.12766
https://ror.org/02kta5139,Universidad Autónoma Metropolitana,education,MX,19.42847,-99.12766
https://ror.org/00f1wmk62,Universidad Iberoamericana León,education,MX,21.12908,-101.67374
https://ror.org/03d73xf49,Universidad Iberoamericana Torreón,education,MX,25.54389,-103.41898
https://ror.org/02nvnzx60,Benemérita Escuela Normal de Coahuila,education,MX,25.42595,-100.97963
https://ror.org/031v8fz85,Instituto Tecnológico Superior de Felipe Carrillo Puerto,education,MX,19.5775,-88.04529
https://ror.org/01edw4j42,ISU Universidad,education,MX,19.04778,-98.20723
https://ror.org/05qqtz946,Instituto Tecnológico Superior de El Mante,education,MX,22.74277,-98.97172
https://ror.org/00s38mz90,Universidad de Sotavento Coatzacoalcos Campus,education,MX,18.14905,-94.4447
https://ror.org/05gs1em12,Instituto Tecnológico de la Construcción,education,MX,19.42847,-99.12766
https://ror.org/00mfwgd63,Universidad Politécnica del Valle del Évora,education,MX,25.1245,-108.01491
https://ror.org/02kta5139,Universidad Autónoma Metropolitana,education,MX,19.42847,-99.12766
https://ror.org/00f1wmk62,Universidad Iberoamericana León,education,MX,21.12908,-101.67374
https://ror.org/03d73xf49,Universidad Iberoamericana Torreón,education,MX,25.54389,-103.41898
https://ror.org/02nvnzx60,Benemérita Escuela Normal de Coahuila,education,MX,25.42595,-100.97963
https://ror.org/031v8fz85,Instituto Tecnológico Superior de Felipe Carrillo Puerto,education,MX,19.5775,-88.04529
https://ror.org/00c32gy34,Universidad de Sonora,education,MX,29.08874,-110.96677
https://ror.org/04eexme77,Universidad Autónoma de Chiapas,education,MX,16.75357,-93.11578
https://ror.org/059sp8j34,Instituto Politécnico Nacional,education,MX,19.42847,-99.12766
https://ror.org/023m5rq87,National Pedagogic University,education,MX,19.42847,-99.12766
https://ror.org/05xm6a985,Instituto Tecnológico Superior de Coatzacoalcos,education,MX,18.14905,-94.4447
https://ror.org/00qfnf017,Colegio de Postgraduados,education,MX,19.45711,-98.90835
https://ror.org/00njxm476,Universidad Popular Autónoma del Estado de Puebla,education,MX,19.04778,-98.20723
https://ror.org/05pajk285,Centro Universitario CIFE,education,MX,18.9261,-99.23075
https://ror.org/01046sm89,Universidad Autónoma de Baja California Sur,education,MX,24.14231,-110.31316
https://ror.org/02z7c6320,"Universidad Panamericana, campus Ciudad de México",education,MX,19.42847,-99.12766
https://ror.org/04axt3e70,Universidad Autónoma Indígena de México,education,MX,26.41691,-108.61816
https://ror.org/023m5rq87,National Pedagogic University,education,MX,19.42847,-99.12766
https://ror.org/05xm6a985,Instituto Tecnológico Superior de Coatzacoalcos,education,MX,18.14905,-94.4447
https://ror.org/00qfnf017,Colegio de Postgraduados,education,MX,19.45711,-98.90835
https://ror.org/00njxm476,Universidad Popular Autónoma del Estado de Puebla,education,MX,19.04778,-98.20723
https://ror.org/05pajk285,Centro Universitario CIFE,education,MX,18.9261,-99.23075
https://ror.org/02ahky613,Universidad del Noreste,education,MX,22.28519,-97.87777
https://ror.org/02arnxw97,University of Monterrey,education,MX,25.6604,-100.40651
https://ror.org/04mrrw205,Autonomous University of Chihuahua,education,MX,28.63528,-106.08889
https://ror.org/01tmp8f25,Universidad Nacional Autónoma de México,education,MX,19.42847,-99.12766
https://ror.org/044evsy53,Universidad San Pablo,education,MX,22.15234,-100.97135
https://ror.org/04ee58018,Universidad Juárez Autónoma de Tabasco,education,MX,17.98625,-92.93928
https://ror.org/00ads0y69,Universidad Autónoma Agraria Antonio Narro,education,MX,25.42595,-100.97963
https://ror.org/01vp99c97,El Colegio de México,education,MX,19.29513,-99.16206
https://ror.org/01n1q0h77,Universidad Panamericana,education,MX,19.42847,-99.12766
https://ror.org/02n86gn18,Instituto de Mediación de México,education,MX,29.08874,-110.96677
https://ror.org/00cxp1a86,Universidad Internacional,education,MX,19.42847,-99.12766
https://ror.org/04hhneb29,Autonomous University of Tamaulipas,education,MX,23.74061,-99.14364
https://ror.org/03ayjn504,Tecnológico de Monterrey,education,MX,25.68435,-100.31721
https://ror.org/04q0r6m34,Universidad Autónoma de la Ciudad de México,education,MX,19.42847,-99.12766
https://ror.org/009rr6x76,Instituto Tecnológico Superior de Xalapa,education,MX,19.53124,-96.91589
https://ror.org/01fh86n78,Universidad Autónoma de Nuevo León,education,MX,25.74167,-100.30222
https://ror.org/031f8kt38,Universidad Autónoma del Estado de Hidalgo,education,MX,20.11697,-98.73329
https://ror.org/05fj8cf83,Universidad Autónoma de Ciudad Juárez,education,MX,31.72024,-106.46084
https://ror.org/00esaxq21,Earth and Life University,education,MX,21.17429,-86.84656
https://ror.org/0079gpv38,Universidad Autónoma del Estado de México,education,MX,19.28786,-99.65324
https://ror.org/01v10fv91,Sonora Institute of Technology,education,MX,27.48642,-109.94079
https://ror.org/03s3m8k31,Instituto Tecnológico de Oaxaca,education,MX,17.06025,-96.72544
https://ror.org/03dga7879,Instituto Tecnológico de Tijuana,education,MX,32.5027,-117.00371
https://ror.org/000917t60,Autonomous University of San Luis Potosí,education,MX,22.15234,-100.97135
https://ror.org/00v8fdc16,Autonomous University of Queretaro,education,MX,20.58806,-100.38806
https://ror.org/01v5y3463,Autonomous University of Campeche,education,MX,19.84073,-90.51676
https://ror.org/03yvabt26,Instituto de Ecología,facility,MX,19.53124,-96.91589
https://ror.org/028ngjx88,Centro de Investigaciones en Geografía Ambiental,facility,MX,19.70078,-101.18443
https://ror.org/003eyrc02,Instituto de Geología,facility,MX,19.42847,-99.12766
https://ror.org/00r6gdp61,Instituto Nacional de Investigaciones Forestales Agrícolas y Pecuarias,facility,MX,19.3467,-99.16174
https://ror.org/036j6hv41,Mexican Geological Survey,government_filtrado,MX,20.11697,-98.73329
https://ror.org/050tds906,Instituto Nacional de Pesca y Acuacultura,government_filtrado,MX,19.42847,-99.12766
https://ror.org/036p7gy85,Secretariat of Environment and Natural Resources,government_filtrado,MX,19.42847,-99.12766
https://ror.org/01g53pj53,National Commission for the Knowledge and Use of Biodiversity,government_filtrado,MX,19.29513,-99.16206
https://ror.org/0094xjg80,"Secretariat of Agriculture, Livestock, Rural Development, Fisheries and Food",government_filtrado,MX,19.3984,-99.15766
https://ror.org/03xddpv71,Secretaría de Medio Ambiente e Historia Natural,government_filtrado,MX,16.75357,-93.11578
https://ror.org/03867fh96,Instituto Nacional de Ecología y Cambio Climático,government_filtrado,MX,19.42847,-99.12766
https://ror.org/04se65s65,Comisión Nacional Forestal,government_filtrado,MX,20.72111,-103.38742
https://ror.org/031db2w03,Comisión Nacional de Áreas Naturales Protegidas,government_filtrado,MX,19.42847,-99.12766
https://ror.org/02gne5439,National Agrarian University,education,NI,12.13282,-86.2504
https://ror.org/058znsm64,Bluefields Indian and Caribbean University,education,NI,12.01366,-83.76353
https://ror.org/01eaxze48,Catholic University of Dry Tropic Farming and Livestock,education,NI,13.09185,-86.35384
https://ror.org/04ft55h12,Universidad del Norte de Nicaragua,education,NI,12.92559,-85.91747
https://ror.org/056az9397,Universidad Santo Tomas de Oriente y Medio Día,education,NI,11.92988,-85.95602
https://ror.org/03q8g2x76,Universidad Cristiana Autónoma de Nicaragua,education,NI,12.43787,-86.87804
https://ror.org/03wa0f361,Instituto Latinoamericano de Computación,education,NI,12.13282,-86.2504
https://ror.org/05a9wb080,Universidad Adventista de Nicaragua,education,NI,12.13282,-86.2504
https://ror.org/00m0tz504,Central University of Nicaragua,education,NI,12.13282,-86.2504
https://ror.org/04zccg612,Universidad Centroamericana de Ciencias Empresariales,education,NI,12.13282,-86.2504
https://ror.org/0351rxv20,University of Commercial Sciences,education,NI,12.13282,-86.2504
https://ror.org/00z1pf798,Universidad de Managua,education,NI,12.13282,-86.2504
https://ror.org/03c0n7870,Universidad de Tecnología y Comercio,education,NI,12.13282,-86.2504
https://ror.org/01nvgv947,Universidad Evangelica Nicaraguense,education,NI,12.13282,-86.2504
https://ror.org/001m8k465,Universidad Iberoamericana de Ciencias y Tecnología,education,NI,12.13282,-86.2504
https://ror.org/04wvr4b69,Universidad Internacional de la Integración de América Latina,education,NI,12.13282,-86.2504
https://ror.org/057ckep42,Universidad Jean-Jacques Rousseau,education,NI,12.13282,-86.2504
https://ror.org/00brc6r59,National University of Engineering,education,NI,12.13282,-86.2504
https://ror.org/01bxyhb88,Nicaraguan University of Science and Technology,education,NI,12.13282,-86.2504
https://ror.org/04ea6sw58,Universidad Nicaragüense de Estudios Humanisticos,education,NI,12.13282,-86.2504
https://ror.org/00grdkt08,Universidad Técnica de Comercio,education,NI,12.13282,-86.2504
https://ror.org/008rn4f38,Universidad Tecnológica Nicaragüense,education,NI,12.13282,-86.2504
https://ror.org/02vg7rh06,Thomas More Universitas,education,NI,12.13282,-86.2504
https://ror.org/03n0yd032,Central American University,education,NI,12.13282,-86.2504
https://ror.org/01bpdjm13,Keiser University Latin American Campus,education,NI,11.90949,-86.20351
https://ror.org/002kg1049,Universidad de las Américas,education,NI,12.13282,-86.2504
https://ror.org/00af12v02,Universidad Católica Redemptoris Mater,education,NI,12.13282,-86.2504
https://ror.org/039ffyr38,Universidad Nacional Francisco Luis Espinoza Pineda,education,NI,13.09185,-86.35384
https://ror.org/04g0har25,Instituto Tecnológico Victoria - ITV,education,NI,12.13282,-86.2504
https://ror.org/011shej97,Universidad Nacional Politécnica,education,NI,12.73143,-86.12402
https://ror.org/00apymp80,Paulo Freire University,education,NI,12.13282,-86.2504
https://ror.org/03h1az021,Universidad Metropolitana,education,NI,12.13282,-86.2504
https://ror.org/03v3t1916,Universidad Internacional Para el Desarrollo Sostenible,education,NI,12.13282,-86.2504
https://ror.org/000gpe516,Universidad American College,education,NI,12.13282,-86.2504
https://ror.org/04cyg7v24,Universidad Hispanoamericana,education,NI,12.13282,-86.2504
https://ror.org/04m72am57,Universidad Autonoma de Chinandega,education,NI,12.62937,-87.13105
https://ror.org/01gea1v36,Popular University of Nicaragua,education,NI,12.13282,-86.2504
https://ror.org/024ce2263,Universidad Nacional Autónoma de Nicaragua-León,education,NI,12.43787,-86.87804
https://ror.org/04njech58,Universidad Tecnológica La Salle,education,NI,12.43787,-86.87804
https://ror.org/034me3y30,Universidad del Valle,education,NI,12.13282,-86.2504
https://ror.org/024ce2263,Universidad Nacional Autónoma de Nicaragua-León,education,NI,12.43787,-86.87804
https://ror.org/04084tn63,National Autonomous University of Nicaragua,education,NI,12.13282,-86.2504
https://ror.org/005vzbh90,University of the Autonomous Regions of the Nicaraguan Caribbean Coast,education,NI,14.03507,-83.38882
https://ror.org/045v19n13,Breyer State Theology University,education,PA,8.9936,-79.51973
https://ror.org/0382vme49,Quality Leadership University Panama,education,PA,8.9936,-79.51973
https://ror.org/05k19bk82,Universidad Cristiana de Panamá,education,PA,8.9398,-79.64038
https://ror.org/01z110311,Universidad Especializada de las Américas,education,PA,8.9936,-79.51973
https://ror.org/03k9hrc16,Florida State University-Panama,education,PA,8.9936,-79.51973
https://ror.org/01r99ca40,Universidad Abierta y a Distancia de Panamá,education,PA,8.9936,-79.51973
https://ror.org/01rdh6z55,Columbus University,education,PA,8.9936,-79.51973
https://ror.org/05myvyk91,Universidad del Arte Ganexa,education,PA,8.9936,-79.51973
https://ror.org/0085ewn55,Universidad del Istmo,education,PA,8.9936,-79.51973
https://ror.org/025d3w458,Universidad Interamericana de Educación a Distancia de Panamá,education,PA,8.9936,-79.51973
https://ror.org/03grmx823,Universidad Interamericana de Panamá,education,PA,8.9936,-79.51973
https://ror.org/04b28td81,Latin University of Panama,education,PA,8.9936,-79.51973
https://ror.org/02c5he528,International Maritime University of Panama,education,PA,8.9936,-79.51973
https://ror.org/01zxwpb57,Victoria International University,education,PA,8.9936,-79.51973
https://ror.org/01enszw84,West Coast University – Panama,education,PA,8.9936,-79.51973
https://ror.org/016v2t089,ADEN University Panamá,education,PA,8.9936,-79.51973
https://ror.org/00db08w91,Universidad de Cartago,education,PA,8.42729,-82.43085
https://ror.org/02yh39302,Delphi University,education,PA,8.9936,-79.51973
https://ror.org/03bwkvb92,Universidad Americana,education,PA,8.9936,-79.51973
https://ror.org/04jpr8986,Universidad Latinoamericana de Comercio Exterior,education,PA,8.9936,-79.51973
https://ror.org/04jpr8986,Universidad Latinoamericana de Comercio Exterior,education,PA,8.9936,-79.51973
https://ror.org/030ve2c48,Universidad Tecnológica de Panamá,education,PA,8.9936,-79.51973
https://ror.org/01enszw84,West Coast University – Panama,education,PA,8.9936,-79.51973
https://ror.org/02x62qd57,Universidad Católica Santa María La Antigua,education,PA,8.9936,-79.51973
https://ror.org/03mx33742,Universidad de Santander,education,PA,8.9936,-79.51973
https://ror.org/01wtczc25,Universidad Internacional de Ciencia y Tecnología - UNICyT,education,PA,8.9936,-79.51973
https://ror.org/004xtaq37,Universidad UNIDOS,education,PA,8.9936,-79.51973
https://ror.org/057n5zn03,Universidad del Caribe Panamá,education,PA,9.0,-80.0
https://ror.org/03ev5xa26,Coiba Scientific Station (Coiba AIP),education,PA,8.9936,-79.51973
https://ror.org/040kwf410,Universidad Tecnológica Oteima,education,PA,8.42729,-82.43085
https://ror.org/05s3rh916,Universidad Autónoma de Chiriquí,education,PA,8.42729,-82.43085
https://ror.org/0070j0q91,Universidad de Panamá,education,PA,8.9936,-79.51973
https://ror.org/01cxtyq16,ISAE Universidad,education,PA,8.9936,-79.51973
https://ror.org/02dzza612,Punta Galeta Marine Laboratory,facility,PA,9.40296,-79.86416
https://ror.org/007yfgf06,Naos Marine and Molecular Laboratories,facility,PA,8.91467,-79.53209
https://ror.org/014rvs568,Ministerio de Desarrollo Agropecuario,government_filtrado,PA,8.9936,-79.51973
https://ror.org/04jc9bc30,Instituto de Innovación Agropecuaria de Panamá,government_filtrado,PA,9.00425,-79.57855
https://ror.org/04c8h8q45,Leonardo Da Vinci University,education,PE,-8.11599,-79.02998
https://ror.org/01g0ns998,Private University of Trujillo,education,PE,-8.11599,-79.02998
https://ror.org/047vkpj90,San Cristóbal of Huamanga University,education,PE,-13.15878,-74.22321
https://ror.org/05h6yvy73,Universidad Nacional de la Amazonía Peruana,education,PE,-3.74912,-73.25383
https://ror.org/013m3my89,Universidad Nacional Micaela Bastidas de Apurimac,education,PE,-13.63389,-72.88139
https://ror.org/0030hgr47,Universidad Nacional José María Arguedas,education,PE,-13.65556,-73.38722
https://ror.org/03db1hz44,Universidad Católica San Pablo,education,PE,-16.39889,-71.535
https://ror.org/004fs0e42,National University of Cajamarca,education,PE,-7.16378,-78.50027
https://ror.org/05e2jbm26,Universidad Privada Antonio Guillermo Urrelo,education,PE,-7.16378,-78.50027
https://ror.org/01h558915,Universidad Católica Santo Toribio de Mogrovejo,education,PE,-6.77137,-79.84088
https://ror.org/01h1szm41,Universidad de Chiclayo,education,PE,-6.77137,-79.84088
https://ror.org/05p4rzq96,Universidad Señor de Sipán,education,PE,-6.77137,-79.84088
https://ror.org/03fehwj53,Universidad San Pedro,education,PE,-9.07508,-78.59373
https://ror.org/040akr227,Universidad Nacional José Faustino Sánchez Carrión,education,PE,-11.10667,-77.605
https://ror.org/03hefp680,Universidad Nacional de Huancavelica,education,PE,-12.78261,-74.97266
https://ror.org/009kktb11,Los Andes Peruvian University,education,PE,-12.06513,-75.20486
https://ror.org/01fgscm92,Universidad de Huánuco,education,PE,-9.93062,-76.24223
https://ror.org/00fx5h019,Universidad Andina Néstor Cáceres Velásquez,education,PE,-15.5,-70.13333
https://ror.org/03n7nwh86,Universidad Católica Sedes Sapientiae,education,PE,-12.04318,-77.02824
https://ror.org/03sdg3x20,Universidad Femenina del Sagrado Corazón,education,PE,-12.04318,-77.02824
https://ror.org/0431avj27,National University of Education Enrique Guzmán y Valle,education,PE,-12.04318,-77.02824
https://ror.org/022sn3k05,Universidad Peruana de Ciencias e Informática,education,PE,-12.04318,-77.02824
https://ror.org/028w3g135,Universidad José Carlos Mariategui,education,PE,-17.19832,-70.93567
https://ror.org/05v2asf50,Universidad Nacional de Moquegua,education,PE,-17.19832,-70.93567
https://ror.org/031vfrf75,Universidad Nacional de Piura,education,PE,-5.19449,-80.63282
https://ror.org/02rp4gd98,Universidad Nacional de Ucayali,education,PE,-8.37915,-74.55387
https://ror.org/01jgs5r19,Universidad Privada de Pucallpa,education,PE,-8.37915,-74.55387
https://ror.org/00z6nh165,Universidad Privada San Carlos,education,PE,-15.8422,-70.0199
https://ror.org/05ggcs531,Catholic University of Trujillo,education,PE,-8.11599,-79.02998
https://ror.org/03wbarw78,Universidad Nacional de Tumbes,education,PE,-3.56694,-80.45153
https://ror.org/04c8h8q45,Leonardo Da Vinci University,education,PE,-8.11599,-79.02998
https://ror.org/01g0ns998,Private University of Trujillo,education,PE,-8.11599,-79.02998
https://ror.org/023e7n863,Servicio Nacional de Adiestramiento en Trabajo Industrial,education,PE,-12.04318,-77.02824
https://ror.org/02z66n477,Escuela Superior de Guerra Naval,education,PE,-12.0717,-77.16278
https://ror.org/05nzy4r85,Instituto de Investigacion Traslacional y Biotransversal Ayru,education,PE,-9.52779,-77.52778
https://ror.org/00s582s04,Universidad Alas Peruanas,education,PE,-12.04318,-77.02824
https://ror.org/00skffm42,Amazon National University of Madre de Dios,education,PE,-12.59331,-69.18913
https://ror.org/02zmaz789,Universidad Particular de Iquitos,education,PE,-3.74912,-73.25383
https://ror.org/01jmhvd34,Universidad Peruana de Las Américas,education,PE,-12.04318,-77.02824
https://ror.org/008d6q968,Universidad Nacional del Centro del Perú,education,PE,-12.06513,-75.20486
https://ror.org/02nv8wk59,Universidad Antonio Ruiz de Montoya,education,PE,-12.04318,-77.02824
https://ror.org/0208tyb13,Universidad Peruana Simón Bolívar,education,PE,-12.04318,-77.02824
https://ror.org/00yebwb79,Universidad Privada Sergio Bernales,education,PE,-13.07556,-76.38528
https://ror.org/04q6hh787,Escuela Nacional de Archivística,education,PE,-12.04318,-77.02824
https://ror.org/04jzwa923,Universidad Andina del Cusco,education,PE,-13.52264,-71.96734
https://ror.org/00sxy8533,Universidad La Salle,education,PE,-16.39889,-71.535
https://ror.org/045qvhf73,Universidad Privada Juan Mejía Baca,education,PE,-6.77137,-79.84088
https://ror.org/00yn8ya75,Chuluncayani Adventist University,education,PE,-15.8422,-70.0199
https://ror.org/051tp1g37,Universidad Peruana de Integración Global,education,PE,-12.04318,-77.02824
https://ror.org/027ryxs60,Catholic University of Santa María,education,PE,-16.39889,-71.535
https://ror.org/002hq8b42,University of Sciences and Arts of Latin America,education,PE,-12.04318,-77.02824
https://ror.org/053zbv090,Facultad de Teología Pontificia y Civil de Lima,education,PE,-12.04318,-77.02824
https://ror.org/04vnmj555,Universidad Nacional de Música,education,PE,-12.04318,-77.02824
https://ror.org/042gckq23,Universidad Peruana Unión,education,PE,-12.04318,-77.02824
https://ror.org/02g7cbw26,Centro de Altos Estudios Nacionales - Escuela de Posgrado,education,PE,-12.16707,-77.02448
https://ror.org/04xr5we72,Universidad Científica del Sur,education,PE,-12.04318,-77.02824
https://ror.org/036ttgc90,"Universidad Privada de Huancayo ""Franklin Roosevelt""",education,PE,-12.06513,-75.20486
https://ror.org/043ncc240,Escuela de Postgrado Gěrens,education,PE,-12.04318,-77.02824
https://ror.org/04wmpkv79,Universidad Nacional Intercultural de Quillabamba,education,PE,-12.34457,-72.90429
https://ror.org/00bqrh472,Universidad Autónoma de Ica,education,PE,-13.40985,-76.13235
https://ror.org/0180xa122,Universidad Nacional Autónoma de Alto Amazonas,education,PE,-5.81276,-76.10229
https://ror.org/053drm788,Universidad Nacional de Cañete,education,PE,-12.77871,-76.38438
https://ror.org/017bd4h68,Universidad Nacional de Frontera,education,PE,-4.90389,-80.68528
https://ror.org/026ewty38,Universidad Nacional Intercultural de la Selva Central Juan Santos Atahualpa,education,PE,-11.05,-75.31667
https://ror.org/02r5q9a81,Universidad Nacional Autónoma de Chota,education,PE,-7.16378,-78.50027
https://ror.org/04df9ks57,"Universidad Nacional Intercultural ""Fabiola Salazar LeguÍa"" de Bagua",education,PE,-5.09006,-78.39972
https://ror.org/051zgrs14,Universidad Nacional de Jaén,education,PE,-5.70729,-78.80785
https://ror.org/01y280z29,Universidad Nacional de Barranca,education,PE,-10.66599,-77.65707
https://ror.org/031dyqa07,Universidad María Auxiliadora,education,PE,-12.04318,-77.02824
https://ror.org/046ghm278,Instituto Peruano de Orientación Psicológica,education,PE,-12.04318,-77.02824
https://ror.org/04tjvaj88,Instituto Universitario de Innovación Ciencia y Tecnología Inudi Perú,education,PE,-15.8422,-70.0199
https://ror.org/04sm11c70,"Instituto de Educación Superior Tecnológico Público ""Eleazar Guzmán Barrón""",education,PE,-9.52779,-77.52778
https://ror.org/035bjtc22,Sociedad Cientifica de Bibliometría y Cienciometría,education,PE,-12.04318,-77.02824
https://ror.org/03vgk3f90,Universidad San Ignacio de Loyola,education,PE,-12.04318,-77.02824
https://ror.org/00rpmx650,Escuela Naval del Perú,education,PE,-11.94753,-77.10365
https://ror.org/010xy3m51,University of Piura,education,PE,-5.18192,-80.65715
https://ror.org/05cvwty68,Universidad Nacional Daniel Alomía Robles,education,PE,-9.92882,-76.23989
https://ror.org/03n96hw58,Daniel Alcides Carrión National University,education,PE,-10.66577,-76.25309
https://ror.org/05mz63w98,"Instituto de Educación Superior Pedagógico Público ""Sagrado Corazón de Jesús""",education,PE,-6.77008,-79.85495
https://ror.org/0297axj39,Universidad César Vallejo,education,PE,-12.04318,-77.02824
https://ror.org/02g7cbw26,Centro de Altos Estudios Nacionales - Escuela de Posgrado,education,PE,-12.16707,-77.02448
https://ror.org/010xy3m51,University of Piura,education,PE,-5.18192,-80.65715
https://ror.org/05cvwty68,Universidad Nacional Daniel Alomía Robles,education,PE,-9.92882,-76.23989
https://ror.org/03n96hw58,Daniel Alcides Carrión National University,education,PE,-10.66577,-76.25309
https://ror.org/05mmg7t28,University of the Pacific,education,PE,-12.04318,-77.02824
https://ror.org/01751w114,Universidad de Lima,education,PE,-12.04318,-77.02824
https://ror.org/01e9gfg41,Universidad Nacional de San Agustin de Arequipa,education,PE,-16.39889,-71.535
https://ror.org/01d03q474,Universidad Nacional del Callao,education,PE,-12.05659,-77.11814
https://ror.org/02201g510,Universidad Le Cordon Bleu,education,PE,-12.04318,-77.02824
https://ror.org/04gazzm76,Universidad para el Desarrollo Andino,education,PE,-12.78261,-74.97266
https://ror.org/0323wfn23,National University Toribio Rodríguez de Mendoza,education,PE,-6.23169,-77.86903
https://ror.org/04e8qfh32,Universidad Marcelino Champagnat,education,PE,-12.04318,-77.02824
https://ror.org/03zmnt269,Universidad Nacional del Santa,education,PE,-9.07508,-78.59373
https://ror.org/00gt23c81,Universidad Nacional Autónoma Altoandina de Tarma,education,PE,-11.41899,-75.68992
https://ror.org/0319nzt45,Universidad Nacional Agraria de la Selva,education,PE,-9.29532,-75.99574
https://ror.org/048gbrn88,Universidad Tecnológica de Los Andes,education,PE,-13.63389,-72.88139
https://ror.org/05dm6rc87,Esan University,education,PE,-12.04318,-77.02824
https://ror.org/01897f782,Universidad Nacional de Juliaca,education,PE,-15.5,-70.13333
https://ror.org/023ycer62,Universidad Nacional Autónoma de Huanta,education,PE,-12.5351,-74.16667
https://ror.org/054rm6z62,Catholic University Los Angeles of Chimbote,education,PE,-9.07508,-78.59373
https://ror.org/054rm6z62,Catholic University Los Angeles of Chimbote,education,PE,-9.07508,-78.59373
https://ror.org/0406pmf58,Universidad Tecnológica del Perú,education,PE,-12.04318,-77.02824
https://ror.org/01dm2pd27,Universidad de Ciencias y Humanidades,education,PE,-12.04318,-77.02824
https://ror.org/03svsaq22,Universidad Inca Garcilaso de la Vega,education,PE,-12.04318,-77.02824
https://ror.org/02shjm398,Universidad Nacional Intercultural de la Amazonía,education,PE,-8.37915,-74.55387
https://ror.org/03w7bgm07,Universidad Nacional Santiago Antúnez de Mayolo,education,PE,-9.52779,-77.52778
https://ror.org/05dxn4584,Universidad Autónoma del Perú,education,PE,-12.04318,-77.02824
https://ror.org/00yty3s07,Universidad Nacional Tecnológica de Lima Sur,education,PE,-12.04318,-77.02824
https://ror.org/03eek8g24,Antenor Orrego Private University,education,PE,-8.11599,-79.02998
https://ror.org/040hbk441,Universidad Nacional Pedro Ruíz Gallo,education,PE,-6.70111,-79.90611
https://ror.org/02mb17771,Universidad Ricardo Palma,education,PE,-12.04318,-77.02824
https://ror.org/02dbp3m50,Escuela de Posgrado Newman,education,PE,-18.01465,-70.25362
https://ror.org/03qgydn21,Escuela Nacional Superior de Ballet,education,PE,-12.04318,-77.02824
https://ror.org/047xrr705,Peruvian University of Applied Sciences,education,PE,-12.04318,-77.02824
https://ror.org/014pqsx51,Universidad Privada de Tacna,education,PE,-18.01465,-70.25362
https://ror.org/00cvwzf88,Tecsup,education,PE,-12.04318,-77.02824
https://ror.org/01ek6z616,Escuela de Negocios Zegel,education,PE,-12.04318,-77.02824
https://ror.org/00meyfe69,Universidad Privada Peruano Alemana,education,PE,-12.04318,-77.02824
https://ror.org/04abrpb32,Universidad Norbert Wiener,education,PE,-12.04318,-77.02824
https://ror.org/0087jna26,Jorge Basadre Grohmann National University,education,PE,-18.01465,-70.25362
https://ror.org/023e7n863,Servicio Nacional de Adiestramiento en Trabajo Industrial,education,PE,-12.04318,-77.02824
https://ror.org/03kqcyw85,Universidad Nacional del Altiplano,education,PE,-15.84003,-70.02198
https://ror.org/03yczjf25,Universidad Peruana Cayetano Heredia,education,PE,-12.04318,-77.02824
https://ror.org/03deqdj72,Universidad de San Martín de Porres,education,PE,-12.04318,-77.02824
https://ror.org/001b4cb05,National University of Trujillo,education,PE,-8.11599,-79.02998
https://ror.org/05t6q2334,Private University of the North,education,PE,-8.11599,-79.02998
https://ror.org/03gsd6w61,National University of Saint Anthony the Abbot in Cuzco,education,PE,-13.53188,-71.96701
https://ror.org/00vr49948,Universidad Nacional Agraria La Molina,education,PE,-12.04318,-77.02824
https://ror.org/006vs7897,National University of San Marcos,education,PE,-12.04318,-77.02824
https://ror.org/006v63s16,National University of Engineering,education,PE,-12.04318,-77.02824
https://ror.org/05rcf8d17,Universidad Continental,education,PE,-12.06866,-75.21027
https://ror.org/015wdp703,Federico Villarreal National University,education,PE,-12.04318,-77.02824
https://ror.org/02jwqc397,Universidad Nacional de Arte Diego Quispe Tito del Cusco,education,PE,-13.53188,-71.96701
https://ror.org/004hhdm83,Digital Health Research Center,education,PE,-12.04318,-77.02824
https://ror.org/00013q465,Pontificia Universidad Católica del Perú,education,PE,-12.04318,-77.02824
https://ror.org/042gqkw69,Centro de Conservación Investigación y Manejo de Areas Naturales,facility,PE,-12.04318,-77.02824
https://ror.org/01j6ykv32,Instituto de Investigación e Innovación en Energías Renovables y Medio Ambiente,facility,PE,-16.39889,-71.535
https://ror.org/05h7xpn20,Servicio Nacional de Meteorología e Hidrología del Perú,government_filtrado,PE,-12.04318,-77.02824
https://ror.org/04dsw2p33,Paraguayan Center for Population Studies,education,PY,-25.28646,-57.647
https://ror.org/03f27y887,Universidad Nacional de Asunción,education,PY,-25.33968,-57.50879
https://ror.org/03z0f3m78,Universidad del Pacífico,education,PY,-25.28646,-57.647
https://ror.org/004nxe453,Universidad Evangélica del Paraguay,education,PY,-25.28646,-57.647
https://ror.org/01j3b2975,Universidad Metropolitana de Asunción,education,PY,-25.28646,-57.647
https://ror.org/00mkdrs62,Universidad Politécnica y Artística del Paraguay,education,PY,-25.28646,-57.647
https://ror.org/05tv4xd72,Universidad Tecnológica Intercontinental,education,PY,-25.28646,-57.647
https://ror.org/00xwv4z20,Universidad Nacional del Este,education,PY,-25.50972,-54.61111
https://ror.org/0371t1780,Universidad Nacional de Itapúa,education,PY,-27.33056,-55.86667
https://ror.org/03p5xhb29,Universidad Nacional de Pilar,education,PY,-26.85874,-58.30639
https://ror.org/0498fb204,Instituto Nacional de Educación Superior Dr. Raúl Peña,education,PY,-25.28646,-57.647
https://ror.org/02f6q5s54,Universidad Americana,education,PY,-25.28646,-57.647
https://ror.org/04dvk9y30,Universidad Autónoma de Asunción,education,PY,-25.28646,-57.647
https://ror.org/03x653m21,Universidad Autónoma del Paraguay,education,PY,-25.28646,-57.647
https://ror.org/04jst1j84,Universidad Columbia del Paraguay,education,PY,-25.28646,-57.647
https://ror.org/0285v1m71,Universidad Comunera,education,PY,-25.28646,-57.647
https://ror.org/05r9r2h28,Universidad de la Integración de las Américas,education,PY,-25.28646,-57.647
https://ror.org/01h8yp048,Universidad del Cono Sur de las Américas,education,PY,-25.28646,-57.647
https://ror.org/04k6p0323,Centro de Ciencias Penales y Política Criminal,education,PY,-25.28646,-57.647
https://ror.org/05kw3dt68,Universidad Nacional de Concepción,education,PY,-23.39985,-57.43236
https://ror.org/04k6p0323,Centro de Ciencias Penales y Política Criminal,education,PY,-25.28646,-57.647
https://ror.org/05kw3dt68,Universidad Nacional de Concepción,education,PY,-23.39985,-57.43236
https://ror.org/04jjna482,Universidad Católica Nuestra Señora de la Asunción,education,PY,-25.28646,-57.647
https://ror.org/007nkhk25,Universidad Politécnica Taiwán Paraguay,education,PY,-25.28646,-57.647
https://ror.org/03wzk9351,Universidad Gran Asunción,education,PY,-25.3552,-57.44545
https://ror.org/02fp10z94,Universidad Autónoma de Encarnación,education,PY,-27.33176,-55.86662
https://ror.org/05g0pkp12,Universidad Nacional De Caaguazú,education,PY,-25.28646,-57.647
https://ror.org/02ms23a70,Universidad del Norte,education,PY,-25.28646,-57.647
https://ror.org/059he5v92,Universidad Centro Médico Bautista,education,PY,-25.28646,-57.647
https://ror.org/034ebdq29,Universidad La Paz,education,PY,-25.5036,-54.65067
https://ror.org/02ktdea20,Facultad Latinoamericana de Ciencias Sociales Programa Paraguay,education,PY,-25.28646,-57.647
https://ror.org/01rnnvr75,Universidad María Auxiliadora,education,PY,-25.20791,-57.53202
https://ror.org/05azpw996,Universidad Privada del Este,education,PY,-25.5036,-54.65067
https://ror.org/02yjf0052,Universidad Privada del Este filial Ciudad del Este,education,PY,-25.49796,-54.67974
https://ror.org/05q183h73,"Instituto Superior de Educación ""Divina Esperanza""",education,PY,-27.33176,-55.86662
https://ror.org/0165q4v52,Universidad Privada María Serrana,education,PY,-25.28646,-57.647
https://ror.org/05b1ymr19,Universidad San Carlos,education,PY,-25.28646,-57.647
https://ror.org/031s3hp40,Stael Ruffinelli de Ortiz,education,PY,-25.28646,-57.647
https://ror.org/043pcqd72,Universidad de Desarrollo Sustentable,education,PY,-25.28646,-57.647
https://ror.org/04jhxpq45,Universidad Iberoamericana,education,PY,-25.28646,-57.647
https://ror.org/01zr7q119,Universidad Autónoma de Santa Ana,education,SV,13.99417,-89.55972
https://ror.org/03wkb8h74,Universidad Albert Einstein,education,SV,13.67694,-89.27972
https://ror.org/00j1faf79,Universidad Cristiana de las Asambleas de Dios,education,SV,13.68935,-89.18718
https://ror.org/01h43q230,Universidad Modular Abierta,education,SV,13.68935,-89.18718
https://ror.org/01jmr1174,Universidad Tecnológica de El Salvador,education,SV,13.68935,-89.18718
https://ror.org/031yk8297,Universidad Monseñor Oscar Arnulfo Romero,education,SV,14.03333,-88.93333
https://ror.org/01d809t39,Universidad de Sonsonate,education,SV,13.71889,-89.72417
https://ror.org/01k8z5j70,Universidad Don Bosco,education,SV,13.68935,-89.18718
https://ror.org/00vfjs247,Universidad Nueva San Salvador,education,SV,13.68935,-89.18718
https://ror.org/012nfzy71,Universidad Panamericana de El Salvador,education,SV,13.68935,-89.18718
https://ror.org/040gj5g64,Universidad Politécnica de El Salvador,education,SV,13.68935,-89.18718
https://ror.org/0532w7m55,Universidad Técnica Latinoamericana,education,SV,13.67694,-89.27972
https://ror.org/02hj2xr21,Universidad Luterana Salvadoreña,education,SV,13.68935,-89.18718
https://ror.org/01xs7ed64,Universidad Evangelica de El Salvador,education,SV,13.68935,-89.18718
https://ror.org/03gx10y75,Universidad Gerardo Barrios,education,SV,13.48333,-88.18333
https://ror.org/03sbpft28,University of El Salvador,education,SV,13.68935,-89.18718
https://ror.org/00gykfs38,Instituto Especializado de Profesionales de la Salud,education,SV,13.68935,-89.18718
https://ror.org/057p0ez44,Jose Matias Delgado University,education,SV,13.66492,-89.25319
https://ror.org/0565s5e83,Universidad Católica de El Salvador,education,SV,13.68935,-89.18718
https://ror.org/014dtj905,Universidad Pedagógica de El Salvador,education,SV,13.68935,-89.18718
https://ror.org/02spway15,Francisco Gavidia University,education,SV,13.68935,-89.18718
https://ror.org/039jjxy83,Instituto Especializado Hospital El Salvador,education,SV,13.68935,-89.18718
https://ror.org/022egfk39,Escuela de Comunicación Mónica Herrera,education,SV,13.67694,-89.27972
https://ror.org/014r0rr19,Universidad de Oriente,education,SV,13.48333,-88.18333
https://ror.org/01ehk9611,Facultad Latinoamericana de Ciencias Sociales,education,SV,13.68935,-89.18718
https://ror.org/00e8bt462,Universidad Salvadoreña Alberto Masferrer,education,SV,13.68935,-89.18718
https://ror.org/05ke4zy29,Universidad Dr. Andrés Bello,education,SV,13.68935,-89.18718
https://ror.org/02bhgkk43,Universidad Centroamericana José Simeón Cañas,education,SV,13.68935,-89.18718
https://ror.org/042ywsw21,Ministerio de Medio Ambiente y Recursos Naturales,government_filtrado,SV,13.68935,-89.18718
https://ror.org/02m8qhj08,Anton de Kom University of Suriname,education,SR,5.86638,-55.16682
https://ror.org/048eb3m59,Polytechnic College Suriname,education,SR,5.86638,-55.16682
https://ror.org/01vyn2554,University of the Southern Caribbean,education,TT,10.66668,-61.51889
https://ror.org/003kgv736,University of the West Indies,education,TT,10.64196,-61.39242
https://ror.org/03np13864,University of Trinidad and Tobago,education,TT,10.63737,-61.28228
https://ror.org/00srhem84,Hugh Wooding Law School,education,TT,10.65245,-61.38878
https://ror.org/021ez5n36,"College of Science, Technology and Applied Arts of Trinidad and Tobago",education,TT,10.66668,-61.51889
https://ror.org/005ajjs97,Caribbean Agricultural Research and Development Institute,facility,TT,10.65245,-61.38878
https://ror.org/003wm4260,Universitario Crandon,education,UY,-34.90328,-56.18816
https://ror.org/02e0n1919,Instituto Universitario Centro de Estudio y Diagnóstico de las Disgnacias del Uruguay,education,UY,-34.90328,-56.18816
https://ror.org/03x53c263,Facultad de Teología del Uruguay Monseñor Mariano Soler,education,UY,-34.90328,-56.18816
https://ror.org/02yke5x89,Universidad de la Empresa,education,UY,-34.90328,-56.18816
https://ror.org/02d9c9c40,Instituto Universitario BIOS,education,UY,-34.90328,-56.18816
https://ror.org/02r5r0c98,"Instituto Universitario Centro de Docencia, Investigación e Información en Aprendizaje",education,UY,-34.90328,-56.18816
https://ror.org/015w40490,Liceo Jubilar Juan Pablo II,education,UY,-34.90328,-56.18816
https://ror.org/03hqq6242,Plan Ceibal,education,UY,-34.90328,-56.18816
https://ror.org/038vdm896,Universidad CLAEH,education,UY,-34.90328,-56.18816
https://ror.org/00yjx6w22,Universidad Tecnológica de Uruguay,education,UY,-34.90328,-56.18816
https://ror.org/019xvpc30,Universidad Católica del Uruguay,education,UY,-34.90328,-56.18816
https://ror.org/022r3pj76,Instituto Universitario Asociación Cristiana de Jóvenes,education,UY,-34.90328,-56.18816
https://ror.org/05w626e73,Universidad de Montevideo,education,UY,-34.90328,-56.18816
https://ror.org/00jkr8r49,Programa de Desarrollo de las Ciencias Básicas,education,UY,-34.90328,-56.18816
https://ror.org/03ypykr22,Universidad ORT Uruguay,education,UY,-34.90328,-56.18816
https://ror.org/037d0rg86,Consejo de Formación en Educación,education,UY,-34.90328,-56.18816
https://ror.org/030bbe882,Universidad de la República de Uruguay,education,UY,-34.90328,-56.18816
https://ror.org/04qtcz169,Universitario Francisco de Asís,education,UY,-34.89791,-54.95021
https://ror.org/001pe6j19,Ministerio de Ganadería Agricultura y Pesca,government_filtrado,UY,-34.90328,-56.18816
https://ror.org/02sspdz82,Instituto Nacional de Investigación Agropecuaria,government_filtrado,UY,-31.71882,-55.97925
https://ror.org/04bbh4w12,Instituto Universitario de Profesiones Gerenciales,education,VE,10.48801,-66.87919
https://ror.org/00qseeb08,Universidad Nacional Experimental de Guayana,education,VE,8.35122,-62.64102
https://ror.org/03951zg45,Universidad Nacional Experimental Simón Rodríguez,education,VE,10.48801,-66.87919
https://ror.org/02b2yz332,Universidad Nororiental Privada Gran Mariscal de Ayacucho,education,VE,10.13625,-64.68618
https://ror.org/03mnvhz29,"Universidad Nacional Experimental Politécnica ""Antonio José de Sucre""",education,VE,10.0647,-69.35703
https://ror.org/01zstgj41,Universidad Nacional Experimental Rafael María Baralt,education,VE,10.39907,-71.45206
https://ror.org/03whcj350,University Fermín Toro,education,VE,10.02658,-69.26203
https://ror.org/030vkw561,Universidad Alejandro de Humboldt,education,VE,10.48801,-66.87919
https://ror.org/01em71b57,Universidad Católica Santa Rosa,education,VE,10.48801,-66.87919
https://ror.org/02zkjb195,Universidad José María Vargas,education,VE,10.48801,-66.87919
https://ror.org/046np5693,Metropolitan University,education,VE,10.48801,-66.87919
https://ror.org/017qtn133,Universidad Monteávila,education,VE,10.48801,-66.87919
https://ror.org/02gz76y84,Universidad Nacional Abierta,education,VE,10.48801,-66.87919
https://ror.org/031h0qv85,Universidad Nacional Experimental de las Artes,education,VE,10.48801,-66.87919
https://ror.org/02bb0ey42,Universidad Nueva Esparta,education,VE,10.48801,-66.87919
https://ror.org/051kdrm61,Universidad Santa María,education,VE,10.48801,-66.87919
https://ror.org/03mvpvm42,Center Technological University,education,VE,10.22609,-67.877
https://ror.org/031j8q670,Rafael Urdaneta University,education,VE,10.66663,-71.61245
https://ror.org/05cqge031,Universidad Católica del Táchira,education,VE,7.76694,-72.225
https://ror.org/00fr68j09,Universidad Nacional Experimental del Táchira,education,VE,7.76694,-72.225
https://ror.org/009fkxv41,Arturo Michelena University,education,VE,10.16202,-68.00765
https://ror.org/03d6w0229,Universidad José Antonio Páez,education,VE,10.16202,-68.00765
https://ror.org/03yzht074,Universidad Valle del Momboy,education,VE,9.31778,-70.60361
https://ror.org/040tkk892,Universidad Nacional Experimental Marítima del Caribe,education,VE,10.60545,-67.03238
https://ror.org/01w860d88,National Experimental University of the Armed Forces,education,VE,10.48801,-66.87919
https://ror.org/02ybb5327,Universidad Nacional Experimental Francisco de Miranda,education,VE,11.4045,-69.67344
https://ror.org/01cbeee29,Universidad Católica Cecilio Acosta,education,VE,10.66663,-71.61245
https://ror.org/04yts9m86,Universidad Dr. José Gregorio Hernández,education,VE,10.66663,-71.61245
https://ror.org/0307vw222,"Universidad Nacional Experimental Sur del Lago ""Jesús María Semprum""",education,VE,8.99475,-71.91364
https://ror.org/02wcaw311,Experimental Security University,education,VE,10.48801,-66.87919
https://ror.org/023cthn35,Universidad Indígena de Venezuela,education,VE,8.12923,-63.54086
https://ror.org/0580grj78,Institute of Advanced Studies in Administration,education,VE,10.48801,-66.87919
https://ror.org/03c6r6d86,Escuela Campo Alegre,education,VE,10.48801,-66.87919
https://ror.org/02b1w6965,Escuela Nacional de Administración y Hacienda Pública-Instituto Universitario de Tecnología,education,VE,10.48801,-66.87919
https://ror.org/01qvpeq51,Venezuelan Adventist University,education,VE,10.15039,-68.56478
https://ror.org/007fpb915,Universidad Católica Andrés Bello,education,VE,10.48801,-66.87919
https://ror.org/01vd34q60,Universidad de Margarita,education,VE,10.98325,-63.88346
https://ror.org/03wezdz19,Universidad Nacional Experimental de los Llanos Centrales Rómulo Gallegos,education,VE,9.91246,-67.35398
https://ror.org/024msj675,Universidad Yacambú,education,VE,10.0647,-69.35703
https://ror.org/04vy5s568,Universidad del Zulia,education,VE,10.64232,-71.61089
https://ror.org/01vd34q60,Universidad de Margarita,education,VE,10.98325,-63.88346
https://ror.org/03wezdz19,Universidad Nacional Experimental de los Llanos Centrales Rómulo Gallegos,education,VE,9.91246,-67.35398
https://ror.org/024msj675,Universidad Yacambú,education,VE,10.0647,-69.35703
https://ror.org/04xxs0n60,Universidad Bicentenaria de Aragua,education,VE,10.22856,-67.47421
https://ror.org/02enn9f76,Universidad Politécnica Territorial de los Valles del Tuy,education,VE,10.1182,-66.77513
https://ror.org/03bgf7t27,Universidad Nacional Experimental de la Gran Caracas,education,VE,10.48801,-66.87919
https://ror.org/03re99q86,Museo del Instituto de Zoología Agrícola,education,VE,10.24972,-67.59475
https://ror.org/02sd7kz27,Escuela Superior de Audio y Acústica,education,VE,10.48801,-66.87919
https://ror.org/037jqrk16,Grupo Docente 2.0 C.A.,education,VE,10.0647,-69.35703
https://ror.org/03sm7xj72,Universidad Nacional Experimental del Yaracuy,education,VE,10.33991,-68.74247
https://ror.org/04vy5s568,Universidad del Zulia,education,VE,10.64232,-71.61089
https://ror.org/049r7sn84,Universidad Rafael Belloso Chacín,education,VE,10.64232,-71.61089
https://ror.org/03xygw105,Universidad de Oriente,education,VE,10.4639,-64.17859
https://ror.org/02h1b1x27,University of the Andes,education,VE,8.57899,-71.16922
https://ror.org/05sj7yp62,Universidad de Carabobo,education,VE,10.16153,-68.00044
https://ror.org/02r59nq91,Fundación La Salle de Ciencias Naturales,education,VE,10.48801,-66.87919
https://ror.org/05xc4qj60,Libertador Experimental Pedagogical University,education,VE,10.48801,-66.87919
https://ror.org/01ak5cj98,Simón Bolívar University,education,VE,10.48801,-66.87919
https://ror.org/03qgg3111,Universidad Centroccidental Lisandro Alvarado,education,VE,10.0647,-69.35703
https://ror.org/05kacnm89,Central University of Venezuela,education,VE,10.48801,-66.87919
https://ror.org/0143dvz59,Instituto de Zoología y Ecología Tropical,facility,VE,10.48801,-66.87919
https://ror.org/022s5nv69,Instituto Forestal Latinoamericano,facility,VE,8.57899,-71.16922
https://ror.org/00t4fvv78,Instituto de Ciencias Ambientales y Ecológicas,facility,VE,8.57899,-71.16922
https://ror.org/04h3gcf69,Instituto Nacional de Investigaciones Agricolas,government_filtrado,VE,10.23535,-67.59113
