"linha_planilha","Network.ID","Site.Name","Site.Country","Site.Latitude","Site.Longitude","ECO_NAME","ECOREGION","MEOW_REALM"
2,"ATDN","Suriname Brownsberg 1","Suriname",4.93,-55.22,"Guianan moist forests","Guianan","Tropical Atlantic"
3,"ATDN","Suriname Brownsberg 2","Suriname",4.93,-55.19,"Guianan moist forests","Guianan","Tropical Atlantic"
4,"ATDN","Suriname Brownsberg 3","Suriname",4.95,-55.19,"Guianan moist forests","Guianan","Tropical Atlantic"
5,"ATDN","Suriname Brownsberg 4","Suriname",4.97,-55.18,"Guianan moist forests","Guianan","Tropical Atlantic"
6,"ATDN","Suriname Brownsberg 5","Suriname",4.99,-55.2,"Guianan moist forests","Guianan","Tropical Atlantic"
7,"ATDN","Suriname Brownsberg 6","Suriname",4.94,-55.18,"Guianan moist forests","Guianan","Tropical Atlantic"
8,"ATDN","Suriname Brownsberg 7","Suriname",4.92,-55.13,"Guianan moist forests","Guianan","Tropical Atlantic"
9,"ATDN","Suriname Brownsberg 8","Suriname",4.93,-55.14,"Guianan moist forests","Guianan","Tropical Atlantic"
10,"ATDN","Suriname Brownsberg 9","Suriname",4.95,-55.19,"Guianan moist forests","Guianan","Tropical Atlantic"
11,"ATDN","Suriname Lely Mts 1","Suriname",4.27,-54.75,"Guianan moist forests","Guianan","Tropical Atlantic"
12,"ATDN","Suriname Lely Mts 2","Suriname",4.26,-54.74,"Guianan Highlands moist forests","Guianan","Tropical Atlantic"
13,"ATDN","Suriname Lely Mts 3","Suriname",4.27,-54.74,"Guianan Highlands moist forests","Guianan","Tropical Atlantic"
14,"ATDN","Suriname Lely Mts 4","Suriname",4.25,-54.73,"Guianan Highlands moist forests","Guianan","Tropical Atlantic"
15,"ATDN","Suriname Lely Mts 5","Suriname",4.25,-54.73,"Guianan Highlands moist forests","Guianan","Tropical Atlantic"
16,"ATDN","Suriname Lely Mts 6","Suriname",4.26,-54.78,"Guianan moist forests","Guianan","Tropical Atlantic"
17,"ATDN","Suriname Lely Mts 7","Suriname",4.27,-54.78,"Guianan moist forests","Guianan","Tropical Atlantic"
18,"ATDN","Suriname Lely Mts 8","Suriname",4.27,-54.75,"Guianan moist forests","Guianan","Tropical Atlantic"
19,"ATDN","Suriname Nassau Mts 1","Suriname",4.78,-54.62,"Guianan moist forests","Guianan","Tropical Atlantic"
20,"ATDN","Suriname Nassau Mts 2","Suriname",4.82,-54.61,"Guianan moist forests","Guianan","Tropical Atlantic"
21,"ATDN","Suriname Nassau Mts 3","Suriname",4.82,-54.6,"Guianan moist forests","Guianan","Tropical Atlantic"
22,"ATDN","Suriname Nassau Mts 4","Suriname",4.93,-54.52,"Guianan moist forests","Guianan","Tropical Atlantic"
23,"ATDN","Suriname Nassau Mts 5","Suriname",4.93,-54.52,"Guianan moist forests","Guianan","Tropical Atlantic"
24,"ATDN","Suriname Nassau Mts 6","Suriname",4.83,-54.61,"Guianan moist forests","Guianan","Tropical Atlantic"
25,"BDCTamar","FURG-Baleia-Franca","Brazil",-28.8185111,-49.2332036,"Serra do Mar coastal forests","Rio Grande","Temperate South America"
26,"BDCTamar","FURG-Baleia-Franca","Brazil",-28.8185111,-49.2332036,"Serra do Mar coastal forests","Rio Grande","Temperate South America"
27,"BDCTamar","Proj.Aruana","Brazil",-22.8117245,-43.0730146,"Serra do Mar coastal forests","Southeastern Brazil","Temperate South America"
28,"BDCTamar","BIOTA","Brazil",-10.2986269,-36.2902008,NA,"Northeastern Brazil","Tropical Atlantic"
29,"BDCTamar","BIOTA","Brazil",-10.2986269,-36.2902008,NA,"Northeastern Brazil","Tropical Atlantic"
30,"BDCTamar","Inst_Cananeia","Brazil",-25.0397886,-47.9015383,"Serra do Mar coastal forests","Southeastern Brazil","Temperate South America"
31,"BDCTamar","CECLIMAR","Brazil",-30.045738,-50.1476448,"Atlantic Coast restingas","Rio Grande","Temperate South America"
32,"BDCTamar","CRAM-FURG","Brazil",-32.0252073,-52.1068081,NA,"Rio Grande","Temperate South America"
33,"BDCTamar","Cabo_São_Roque","Brazil",-5.5587691,-35.2426445,"Atlantic Coast restingas","Northeastern Brazil","Tropical Atlantic"
34,"BDCTamar","CTA-PMP-BS","Brazil",-19.8651511,-40.0768002,"Bahia coastal forests","Eastern Brazil","Tropical Atlantic"
35,"BDCTamar","ECOASSOCIADOS","Brazil",-8.6050813,-35.045027,"Pernambuco coastal forests","Northeastern Brazil","Tropical Atlantic"
36,"BDCTamar","FURG","Brazil",-28.3356815,-48.6965234,NA,"Southeastern Brazil","Temperate South America"
37,"BDCTamar","GREMAR","Brazil",-23.9917373,-46.2436103,"Serra do Mar coastal forests","Southeastern Brazil","Temperate South America"
38,"BDCTamar","IBIMM","Brazil",-24.2552525,-46.9016875,"Serra do Mar coastal forests","Southeastern Brazil","Temperate South America"
39,"BDCTamar","Inst_MarcoDaniel","Brazil",-19.6520296,-39.8218477,"Bahia coastal forests","Eastern Brazil","Tropical Atlantic"
40,"BDCTamar","IPCMar","Brazil",-20.8335759,-40.7004193,"Bahia coastal forests","Eastern Brazil","Tropical Atlantic"
41,"BDCTamar","Mineral Eng.Amb.","Brazil",-24.7370813,-47.5613627,"Southern Atlantic mangroves","Southeastern Brazil","Temperate South America"
42,"BDCTamar","NEMA","Brazil",-33.7497021,-53.4028936,"Uruguayan savanna","Uruguay-Buenos Aires Shelf","Temperate South America"
43,"BDCTamar","Pesq_Noel Rosa","Brazil",-23.0052233,-44.2989246,"Serra do Mar coastal forests","Southeastern Brazil","Temperate South America"
44,"BDCTamar","IPAS-Parahyba","Brazil",-7.386071,-34.8021938,"Pernambuco interior forests","Northeastern Brazil","Tropical Atlantic"
45,"BDCTamar","PARNA-Abrolhos","Brazil",-17.9633287,-38.7094912,NA,"Eastern Brazil","Tropical Atlantic"
46,"BDCTamar","PARNA-Abrolhos","Brazil",-17.9633287,-38.7094912,NA,"Eastern Brazil","Tropical Atlantic"
47,"BDCTamar","PAT-Ecosmar","Brazil",-15.8517195,-38.8548747,NA,"Eastern Brazil","Tropical Atlantic"
48,"BDCTamar","PCCB-PMP-Potiguar-Ceara","Brazil",-3.8203062,-38.4105199,"Caatinga","Northeastern Brazil","Tropical Atlantic"
49,"BDCTamar","Porto Acu","Brazil",-22.01092,-40.99193,"Atlantic Coast restingas","Eastern Brazil","Tropical Atlantic"
50,"BDCTamar","Pro-TAMAR-BA-01","Brazil",-11.4545896,-37.3586438,NA,"Northeastern Brazil","Tropical Atlantic"
51,"BDCTamar","Pro-TAMAR-BA-01","Brazil",-11.4545896,-37.3586438,NA,"Northeastern Brazil","Tropical Atlantic"
52,"BDCTamar","Pro-TAMAR-ES-01","Brazil",-18.2816235,-39.652005,"Bahia coastal forests","Eastern Brazil","Tropical Atlantic"
53,"BDCTamar","Pro-TAMAR-ES-01","Brazil",-18.2816235,-39.652005,"Bahia coastal forests","Eastern Brazil","Tropical Atlantic"
54,"BDCTamar","Pro-TAMAR-ES-02","Brazil",-20.0557746,-40.1919458,"Bahia coastal forests","Eastern Brazil","Tropical Atlantic"
55,"BDCTamar","Pro-TAMAR-ES-03","Brazil",-20.7402317,-40.5356387,"Bahia coastal forests","Eastern Brazil","Tropical Atlantic"
56,"BDCTamar","Pro-TAMAR-PE-01","Brazil",-3.854854,-32.4458184,"Fernando de Noronha-Atol das Rocas moist forests","Fernando de Naronha and Atoll das Rocas","Tropical Atlantic"
57,"BDCTamar","Pro-TAMAR-PE-01","Brazil",-3.854854,-32.4458184,"Fernando de Noronha-Atol das Rocas moist forests","Fernando de Naronha and Atoll das Rocas","Tropical Atlantic"
58,"BDCTamar","Pro-TAMAR-PE-02","Brazil",-3.8670765,-32.4257311,NA,"Fernando de Naronha and Atoll das Rocas","Tropical Atlantic"
59,"BDCTamar","Pro-TAMAR-PE-02","Brazil",-3.8670765,-32.4257311,NA,"Fernando de Naronha and Atoll das Rocas","Tropical Atlantic"
60,"BDCTamar","Pro-TAMAR-RJ-01","Brazil",-21.3124301,-40.9601455,"Bahia interior forests","Eastern Brazil","Tropical Atlantic"
61,"BDCTamar","Pro-TAMAR-RN-01","Brazil",-6.3498915,-35.0281858,NA,"Northeastern Brazil","Tropical Atlantic"
62,"BDCTamar","Pro-TAMAR-RN-02","Brazil",-6.2277606,-35.0570266,"Atlantic Coast restingas","Northeastern Brazil","Tropical Atlantic"
63,"BDCTamar","Pro-TAMAR-RN-03","Brazil",-3.8701586,-32.4399197,"Fernando de Noronha-Atol das Rocas moist forests","Fernando de Naronha and Atoll das Rocas","Tropical Atlantic"
64,"BDCTamar","Pro-TAMAR-SC","Brazil",-27.5919375,-48.5337878,"Southern Atlantic mangroves","Southeastern Brazil","Temperate South America"
65,"BDCTamar","Pro-TAMAR-SE-01","Brazil",-10.49752,-36.39932,"Caatinga","Northeastern Brazil","Tropical Atlantic"
66,"BDCTamar","Pro-TAMAR-SE-01","Brazil",-10.49752,-36.39932,"Caatinga","Northeastern Brazil","Tropical Atlantic"
67,"BDCTamar","Pro-TAMAR-SE-02","Brazil",-11.1737625,-37.1666594,"Pernambuco interior forests","Northeastern Brazil","Tropical Atlantic"
68,"BDCTamar","Pro-TAMAR-SP-01","Brazil",-23.5338788,-45.1868924,NA,"Southeastern Brazil","Temperate South America"
69,"BDCTamar","Pro-TAMAR-Trindade","Brazil",-20.5145563,-29.3366597,NA,"Trindade and Martin Vaz Islands","Tropical Atlantic"
70,"BDCTamar","Pro-TAMAR-Trindade","Brazil",-20.5145563,-29.3366597,NA,"Trindade and Martin Vaz Islands","Tropical Atlantic"
71,"BDCTamar","REBIO_Rocas","Brazil",-3.8641005,-33.8081546,NA,"Fernando de Naronha and Atoll das Rocas","Tropical Atlantic"
72,"BDCTamar","Inst.Tartarugas do Delta","Brazil",-2.7220786,-41.9778654,NA,"Amazonia","Tropical Atlantic"
73,"BDCTamar","Proj.TartarugaViva","Brazil",-23.0073262,-44.3127138,"Serra do Mar coastal forests","Southeastern Brazil","Temperate South America"
74,"BDCTamar","UFF","Brazil",-23.0018896,-42.0886216,NA,"Southeastern Brazil","Temperate South America"
75,"BDCTamar","UFPA","Brazil",-0.5664006,-48.4819265,"Marajó varzeá","Amazonia","Tropical Atlantic"
76,"BDCTamar","UFPR","Brazil",-25.7124362,-48.4767659,"Serra do Mar coastal forests","Southeastern Brazil","Temperate South America"
77,"BDCTamar","UNESP-CLP","Brazil",-23.9951307,-46.2484066,"Serra do Mar coastal forests","Southeastern Brazil","Temperate South America"
78,"BDCTamar","UNIVILLE","Brazil",-26.1647059,-48.5453885,NA,"Southeastern Brazil","Temperate South America"
79,"Bio.LEP","Serra da Mantiqueira","Brazil",-22.3539634,-44.7976203,"Campos Rupestres montane savanna","Southeastern Brazil","Temperate South America"
80,"Bio.LEP","Área de Proteção Ambiental Serra de São José","Brazil",-21.06267222,-44.12301111,"Cerrado","Southeastern Brazil","Temperate South America"
81,"Bio.LEP","Ritápolis","Brazil",-21.05335455,-44.2783439,"Cerrado","Southeastern Brazil","Temperate South America"
82,"Bio.LEP","Ritápolis","Brazil",-21.05335455,-44.2783439,"Cerrado","Southeastern Brazil","Temperate South America"
83,"Bio.LEP","Tiradentes","Brazil",-21.24027777,-44.2225,"Cerrado","Southeastern Brazil","Temperate South America"
84,"Bio.LEP","Tiradentes","Brazil",-21.31444444,-44.38666667,"Cerrado","Southeastern Brazil","Temperate South America"
85,"Bio.LEP","Tiradentes","Brazil",-21.29944444,-44.41861111,"Cerrado","Southeastern Brazil","Temperate South America"
86,"Bio.LEP","Prados","Brazil",-21.23833333,-44.15972222,"Cerrado","Southeastern Brazil","Temperate South America"
87,"Bio.LEP","Prados","Brazil",-21.17472222,-44.32166667,"Cerrado","Southeastern Brazil","Temperate South America"
88,"Bio.LEP","Prados","Brazil",-21.09972222,-44.22027778,"Cerrado","Southeastern Brazil","Temperate South America"
89,"Bio.LEP","São João del-Rei","Brazil",-21.10916666,-44.23527778,"Cerrado","Southeastern Brazil","Temperate South America"
90,"Bio.LEP","São João del-Rei","Brazil",-21.13833333,-44.31444444,"Cerrado","Southeastern Brazil","Temperate South America"
91,"Bio.LEP","São João del-Rei","Brazil",-21.21611111,-44.28944444,"Cerrado","Southeastern Brazil","Temperate South America"
92,"Bio.LEP","Estação Ecológica Estadual Mata do Cedro","Brazil",-20.446389,-44.610556,"Bahia interior forests","Southeastern Brazil","Temperate South America"
93,"BST-Col","Cardonal Loma","Colombia",5.09,-74.77,"Magdalena Valley dry forests","Panama Bight","Tropical Eastern Pacific"
94,"BST-Col","Cardonal Plana","Colombia",5.08,-74.8,"Magdalena Valley dry forests","Panama Bight","Tropical Eastern Pacific"
95,"BST-Col","Cotove","Colombia",6.53,-75.83,"Cauca Valley dry forests","Panama Bight","Tropical Eastern Pacific"
96,"BST-Col","Jabiru","Colombia",5.06,-74.83,"Magdalena Valley dry forests","Panama Bight","Tropical Eastern Pacific"
97,"BST-Col","Macuira","Colombia",12.2,-71.35,"Guajira-Barranquilla xeric scrub","Southern Caribbean","Tropical Atlantic"
98,"BST-Col","Tambor","Colombia",5.17,-74.81,"Magdalena Valley dry forests","Panama Bight","Tropical Eastern Pacific"
99,"BST-Col","Tuparro","Colombia",5.25,-67.86,"Llanos",NA,NA
100,"BST-Col","Tayrona","Colombia",11.31,-74.13,"Guajira-Barranquilla xeric scrub","Southwestern Caribbean","Tropical Atlantic"
101,"BST-Col","Colorados","Colombia",9.94,-75.11,"Magdalena-Urabá moist forests","Southwestern Caribbean","Tropical Atlantic"
102,"Col-Tree","El Amargal 1","Colombia",5.57,-77.51,"Chocó-Darién moist forests","Panama Bight","Tropical Eastern Pacific"
103,"Col-Tree","El Amargal 2","Colombia",5.58,-77.5,"Chocó-Darién moist forests","Panama Bight","Tropical Eastern Pacific"
104,"Col-Tree","El Amargal 3","Colombia",5.61,-77.49,NA,"Panama Bight","Tropical Eastern Pacific"
105,"Col-Tree","Los Alpes-01_Parcela 11","Colombia",4.47,-75.58,"Magdalena Valley montane forests","Panama Bight","Tropical Eastern Pacific"
106,"Col-Tree","Los Alpes-02_Parcela 12","Colombia",4.47,-75.58,"Magdalena Valley montane forests","Panama Bight","Tropical Eastern Pacific"
107,"Col-Tree","Besotes-01","Colombia",10.53,-73.29,"Guajira-Barranquilla xeric scrub","Southwestern Caribbean","Tropical Atlantic"
108,"Col-Tree","Besotes-02","Colombia",10.59,-73.28,"Guajira-Barranquilla xeric scrub","Southwestern Caribbean","Tropical Atlantic"
109,"Col-Tree","Betulia 01","Colombia",6.91,-73.3,"Magdalena Valley montane forests","Southern Caribbean","Tropical Atlantic"
110,"Col-Tree","Betulia 02","Colombia",6.92,-73.3,"Magdalena Valley montane forests","Southern Caribbean","Tropical Atlantic"
111,"Col-Tree","Capurgana-A Bosque","Colombia",8.63,-77.37,"Chocó-Darién moist forests","Southwestern Caribbean","Tropical Atlantic"
112,"Col-Tree","Capurgana-B Rastrojo Avanzado","Colombia",8.63,-77.36,"Chocó-Darién moist forests","Southwestern Caribbean","Tropical Atlantic"
113,"Col-Tree","Capurgana-La Coquerita","Colombia",8.65,-77.35,"Amazon-Orinoco-Southern Caribbean mangroves","Southwestern Caribbean","Tropical Atlantic"
114,"Col-Tree","La Cascada-01_Parcela 17","Colombia",4.36,-75.67,"Cauca Valley montane forests","Panama Bight","Tropical Eastern Pacific"
115,"Col-Tree","La Chocoana","Colombia",5.63,-77.41,NA,"Panama Bight","Tropical Eastern Pacific"
116,"Col-Tree","El Diviso","Colombia",7.05,-73.02,"Magdalena Valley montane forests","Southern Caribbean","Tropical Atlantic"
117,"Col-Tree","El Ceibal I","Colombia",10.68,-75.27,"Guajira-Barranquilla xeric scrub","Southwestern Caribbean","Tropical Atlantic"
118,"Col-Tree","El Ceibal II","Colombia",10.68,-75.26,"Guajira-Barranquilla xeric scrub","Southwestern Caribbean","Tropical Atlantic"
119,"Col-Tree","Estrella de Agua-01_Parcela 4","Colombia",4.62,-75.43,"Magdalena Valley montane forests","Panama Bight","Tropical Eastern Pacific"
120,"Col-Tree","Estrella de Agua-03_Parcela 6","Colombia",4.63,-75.43,"Magdalena Valley montane forests","Panama Bight","Tropical Eastern Pacific"
121,"Col-Tree","Estrella de Agua-04_Parcela 7","Colombia",4.62,-75.42,"Magdalena Valley montane forests","Panama Bight","Tropical Eastern Pacific"
122,"Col-Tree","Estrella de Agua Parcela 22","Colombia",4.63,-75.43,"Magdalena Valley montane forests","Panama Bight","Tropical Eastern Pacific"
123,"Col-Tree","Isla Rosario","Colombia",9.92,-75.81,NA,"Southwestern Caribbean","Tropical Atlantic"
124,"Col-Tree","Jardin Botanico del Pacifico","Colombia",6.26,-77.38,"Chocó-Darién moist forests","Panama Bight","Tropical Eastern Pacific"
125,"Col-Tree","Jardín Botánico del Pacifico - Primario Inundable","Colombia",6.26,-77.38,"Chocó-Darién moist forests","Panama Bight","Tropical Eastern Pacific"
126,"Col-Tree","Jardin Botánico del Pacifico - Sucesional","Colombia",6.26,-77.38,"Chocó-Darién moist forests","Panama Bight","Tropical Eastern Pacific"
127,"Col-Tree","Jardin Botánico del Pacifico - Primario Terra Firme","Colombia",6.27,-77.38,"Chocó-Darién moist forests","Panama Bight","Tropical Eastern Pacific"
128,"Col-Tree","Jardín Botánico del Pacífico-Manglar","Colombia",6.27,-77.38,"Chocó-Darién moist forests","Panama Bight","Tropical Eastern Pacific"
129,"Col-Tree","Reserva Kalashe 1","Colombia",11.24,-74.14,"Guajira-Barranquilla xeric scrub","Southwestern Caribbean","Tropical Atlantic"
130,"Col-Tree","Mata del Miedo","Colombia",4.02,-72.61,"Llanos",NA,NA
131,"Col-Tree","La Montaña-01","Colombia",4.63,-75.46,"Cauca Valley montane forests","Panama Bight","Tropical Eastern Pacific"
132,"Col-Tree","La Montaña-02","Colombia",4.64,-75.47,"Cauca Valley montane forests","Panama Bight","Tropical Eastern Pacific"
133,"Col-Tree","La Montaña-03","Colombia",4.63,-75.46,"Cauca Valley montane forests","Panama Bight","Tropical Eastern Pacific"
134,"Col-Tree","Montevivo","Colombia",6.28,-75.51,"Magdalena Valley montane forests","Panama Bight","Tropical Eastern Pacific"
135,"Col-Tree","Orofino 1","Colombia",5.51,-75.68,"Cauca Valley montane forests","Panama Bight","Tropical Eastern Pacific"
136,"Col-Tree","Peña Roja Megaplot y Sequencia (estaba ARC-01 Araracuara)","Colombia",-0.65,-72.07,"Caqueta moist forests",NA,NA
137,"Col-Tree","La Popa-01_Parcela 14","Colombia",4.47,-75.6,"Cauca Valley montane forests","Panama Bight","Tropical Eastern Pacific"
138,"Col-Tree","Pino Roa-A","Colombia",8.57,-77.3,"Chocó-Darién moist forests","Southwestern Caribbean","Tropical Atlantic"
139,"Col-Tree","Pino Roa-B Rastrojo Bajo","Colombia",8.57,-77.3,"Chocó-Darién moist forests","Southwestern Caribbean","Tropical Atlantic"
140,"Col-Tree","Pino Roa-C Corchal","Colombia",8.57,-77.29,"Chocó-Darién moist forests","Southwestern Caribbean","Tropical Atlantic"
141,"Col-Tree","Puerto Nare","Colombia",6.12,-74.67,"Magdalena Valley montane forests","Panama Bight","Tropical Eastern Pacific"
142,"Col-Tree","La Patasola-01_Patasola 8_Parcela 8","Colombia",4.69,-75.54,"Cauca Valley montane forests","Panama Bight","Tropical Eastern Pacific"
143,"Col-Tree","La Patasola-02_Patasola 9_Parcela 9","Colombia",4.7,-75.54,"Cauca Valley montane forests","Panama Bight","Tropical Eastern Pacific"
144,"Col-Tree","La Patasola-03_Patasola 10_Parcela 10","Colombia",4.69,-75.54,"Cauca Valley montane forests","Panama Bight","Tropical Eastern Pacific"
145,"Col-Tree","Quincuyal-01_Parcela 16","Colombia",4.37,-75.68,"Cauca Valley montane forests","Panama Bight","Tropical Eastern Pacific"
146,"Col-Tree","Rancho Alegre","Colombia",4.02,-72.59,"Llanos",NA,NA
147,"Col-Tree","El Rasgon","Colombia",7.05,-73.01,"Magdalena Valley montane forests","Southern Caribbean","Tropical Atlantic"
148,"Col-Tree","Río Manso","Colombia",5.56,-74.72,"Magdalena-Urabá moist forests","Panama Bight","Tropical Eastern Pacific"
149,"Col-Tree","Sanguare","Colombia",9.71,-75.68,"Guajira-Barranquilla xeric scrub","Southwestern Caribbean","Tropical Atlantic"
150,"Col-Tree","Sanguaré Manglar Avicennia","Colombia",9.73,-75.64,"Guajira-Barranquilla xeric scrub","Southwestern Caribbean","Tropical Atlantic"
151,"Col-Tree","Sanguaré Savanna","Colombia",9.73,-75.64,"Guajira-Barranquilla xeric scrub","Southwestern Caribbean","Tropical Atlantic"
152,"Col-Tree","Socrateal","Colombia",4.02,-72.6,"Llanos",NA,NA
153,"Col-Tree","San Rafael","Colombia",6.27,-75.08,"Magdalena Valley montane forests","Panama Bight","Tropical Eastern Pacific"
154,"Col-Tree","Sasardi","Colombia",8.39,-77.13,"Chocó-Darién moist forests","Southwestern Caribbean","Tropical Atlantic"
155,"Col-Tree","San Sebastian","Colombia",6.1,-75.51,"Magdalena Valley montane forests","Panama Bight","Tropical Eastern Pacific"
156,"Col-Tree","La Tribuna_Parcela 13","Colombia",4.48,-75.59,"Cauca Valley montane forests","Panama Bight","Tropical Eastern Pacific"
157,"Col-Tree","El Vergel-01_Parcela 15","Colombia",4.45,-75.62,"Cauca Valley montane forests","Panama Bight","Tropical Eastern Pacific"
158,"Col-Tree","Zafire-05","Colombia",-3.99,-69.91,"Solimões-Japurá moist forests",NA,NA
159,"Col-Tree","Zafire-06","Colombia",-3.99,-69.91,"Solimões-Japurá moist forests",NA,NA
160,"Col-Tree","Zafire-07","Colombia",-3.99,-69.91,"Solimões-Japurá moist forests",NA,NA
161,"DipteraAp","Municipality of Mazagão","Brazil",-0.2212777778,-51,"Marajó varzeá","Amazonia","Tropical Atlantic"
162,"DipteraAp","Municipality of Macapá","Brazil",-0.005555555556,-51,NA,"Amazonia","Tropical Atlantic"
163,"DipteraAp","Municipality of Macapá - Abacate da Pedreira","Brazil",0.376696,-51,"Guianan savanna","Amazonia","Tropical Atlantic"
164,"DipteraAp","District Ilha de Santana","Brazil",-0.06641666667,-51,NA,"Amazonia","Tropical Atlantic"
165,"EcoEvol-group","Chama-Andes.Venezuela","Venezuela",8.679019,-71.005938,"Venezuelan Andes montane forests","Southern Caribbean","Tropical Atlantic"
166,"EcoEvol-group","Tuy-Miranda.Venezuela","Venezuela",10.181536,-66.972954,"La Costa xeric shrublands","Southern Caribbean","Tropical Atlantic"
167,"EcoEvol-group","Mucujun-Andes.Venezuela","Venezuela",8.65997,-71.103078,"Venezuelan Andes montane forests","Southern Caribbean","Tropical Atlantic"
168,"EcoEvol-group","Fria-Andes.Venezuela","Venezuela",8.507856,-71.132854,"Venezuelan Andes montane forests","Southern Caribbean","Tropical Atlantic"
169,"EcoEvol-group","Domingo-Andes.Venezuela","Venezuela",8.87153,-70.617688,"Venezuelan Andes montane forests","Southern Caribbean","Tropical Atlantic"
170,"EcoEvol-group","Toma-Andes.Venezuela","Venezuela",8.790602,-70.905676,"Cordillera de Merida páramo","Southern Caribbean","Tropical Atlantic"
171,"EcoEvol-group","Gavidea-Andes.Venezuela","Venezuela",8.687532,-70.932559,"Cordillera de Merida páramo","Southern Caribbean","Tropical Atlantic"
172,"EcoEvol-group","Corcovada-Andes.Venezuela","Venezuela",8.789242,-70.814809,"Cordillera de Merida páramo","Southern Caribbean","Tropical Atlantic"
173,"EcoEvol-group","Laraquete.Chile","Chile",-37,-73,"Valdivian temperate forests","Araucanian","Temperate South America"
174,"EcoEvol-group","Lota-River.Chile","Chile",-37,-73,"Valdivian temperate forests","Araucanian","Temperate South America"
175,"EcoEvol-group","Chivilingo-Estero.Chile","Chile",-37,-73,"Valdivian temperate forests","Araucanian","Temperate South America"
176,"EFMAsmallmammals","EFMA - Peridomicile","Brazil",-22.938333,-43.403056,"Serra do Mar coastal forests","Southeastern Brazil","Temperate South America"
177,"EFMAsmallmammals","EFMA - Transition area","Brazil",-22.941111,-43.409444,"Serra do Mar coastal forests","Southeastern Brazil","Temperate South America"
178,"EFMAsmallmammals","EFMA - Disturbed Forest","Brazil",-22.946389,-43.418611,"Serra do Mar coastal forests","Southeastern Brazil","Temperate South America"
179,"EFMAsmallmammals","EFMA - Preserved Forest","Brazil",-22.946693,-43.418817,"Serra do Mar coastal forests","Southeastern Brazil","Temperate South America"
180,"FERN.ECU","Jatun Sacha","Ecuador",-1.070277778,-77.61555556,"Napo moist forests","Guayaquil","Tropical Eastern Pacific"
181,"FERN.ECU","Galeras 1000","Ecuador",-0.8377777778,-77.56027778,"Eastern Cordillera real montane forests","Panama Bight","Tropical Eastern Pacific"
182,"FERN.ECU","Galeras 1500","Ecuador",-0.8294444444,-77.53555556,"Eastern Cordillera real montane forests","Panama Bight","Tropical Eastern Pacific"
183,"FERN.ECU","Guacamayos","Ecuador",-0.6383333333,-77.84,"Eastern Cordillera real montane forests","Panama Bight","Tropical Eastern Pacific"
184,"FERN.ECU","Yanayacu","Ecuador",-0.4258333333,-77.89833333,"Eastern Cordillera real montane forests","Panama Bight","Tropical Eastern Pacific"
185,"FERN.ECU","Guango","Ecuador",-0.3697222222,-78.0725,"Eastern Cordillera real montane forests","Panama Bight","Tropical Eastern Pacific"
186,"FERN.ECU","Oyacachi 3500","Ecuador",-0.2527777778,-78.09055556,"Northern Andean páramo","Panama Bight","Tropical Eastern Pacific"
187,"FERN.ECU","Oyacachi 4000","Ecuador",-0.2972222222,-78.13166667,"Northern Andean páramo","Panama Bight","Tropical Eastern Pacific"
188,"FERN.ECU","FCAT","Ecuador",0.36766,-79.66214,"Western Ecuador moist forests","Panama Bight","Tropical Eastern Pacific"
189,"FERN.ECU","Mashpi 800","Ecuador",0.1645,-78.88598,"Northwestern Andean montane forests","Panama Bight","Tropical Eastern Pacific"
190,"FERN.ECU","Mashpi 1000","Ecuador",0.16794,-78.87556,"Northwestern Andean montane forests","Panama Bight","Tropical Eastern Pacific"
191,"FERN.ECU","Milpe","Ecuador",0.035472,-78.866389,"Northwestern Andean montane forests","Panama Bight","Tropical Eastern Pacific"
192,"FERN.ECU","Río Bravo","Ecuador",0.0816,-78.73484,"Northwestern Andean montane forests","Panama Bight","Tropical Eastern Pacific"
193,"FERN.ECU","Intillacta","Ecuador",0.0459,-78.72197,"Northwestern Andean montane forests","Panama Bight","Tropical Eastern Pacific"
194,"FERN.ECU","Bellavista","Ecuador",-0.01535003,-78.68629997,"Northwestern Andean montane forests","Panama Bight","Tropical Eastern Pacific"
195,"FERN.ECU","Yanacocha 3400","Ecuador",-0.11711,-78.59048,"Northwestern Andean montane forests","Panama Bight","Tropical Eastern Pacific"
196,"FERN.ECU","Yanacocha 4000","Ecuador",-0.12672499,-78.590756,"Northwestern Andean montane forests","Panama Bight","Tropical Eastern Pacific"
197,"FERN.ECU","Sacha Urco 1200","Ecuador",-0.02268,-78.81228,"Northwestern Andean montane forests","Panama Bight","Tropical Eastern Pacific"
198,"ForestGEO","Ilha do Cardoso","Brazil",-2.50955,-47.9573,"Tocantins/Pindare moist forests","Amazonia","Tropical Atlantic"
199,"ForestGEO","Manaus","Brazil",-2.4417,-59.7858,"Uatuma-Trombetas moist forests",NA,NA
200,"ForestGEO","Amacayacu","Colombia",-3.8091,-70.2678,"Iquitos varzeá",NA,NA
201,"ForestGEO","La Planada","Colombia",1.1558,-77.9935,"Northwestern Andean montane forests","Panama Bight","Tropical Eastern Pacific"
202,"ForestGEO","San Emilio","Costa Rica",10.83938,-85.61355,"Central American dry forests","Chiapas-Nicaragua","Tropical Eastern Pacific"
203,"ForestGEO","Yasuní","Ecuador",-0.6859,-76.397,"Napo moist forests","Panama Bight","Tropical Eastern Pacific"
204,"ForestGEO","Barro Colorado Island","Panama",9.1543,-79.8461,"Isthmian-Atlantic moist forests","Southwestern Caribbean","Tropical Atlantic"
205,"ForestGEO","Cocoli","Panama",8.9877,-79.6166,"Isthmian-Atlantic moist forests","Panama Bight","Tropical Eastern Pacific"
206,"ForestGEO","San Lorenzo","Panama",9.2815,-79.974,"Isthmian-Atlantic moist forests","Southwestern Caribbean","Tropical Atlantic"
207,"ForestGEO","Luquillo","Puerto Rico, USA",18.3262,-65.816,"Puerto Rican moist forests","Greater Antilles","Tropical Atlantic"
208,"FundAmazonia","Rio Amazonas Research Station","Peru",-4.113888,-73.414444,"Iquitos varzeá",NA,NA
209,"FundAmazonia","Rio Amazonas Research Station","Peru",-4.113888,-73.414444,"Iquitos varzeá",NA,NA
210,"GEM","TORRE Caxiuana","Brazil",-1.72,-51.46,"Xingu-Tocantins-Araguaia moist forests","Amazonia","Tropical Atlantic"
211,"GEM","Caxiuana Terra Preta","Brazil",-1.85,-51.47,"Xingu-Tocantins-Araguaia moist forests","Amazonia","Tropical Atlantic"
212,"GEM","Kenia plot A (1 Patujusal)","Bolivia",-16.02,-62.73,"Chiquitano dry forests",NA,NA
213,"GEM","Kenia plot B (2 Momoquisal)","Bolivia",-16.01,-62.74,"Chiquitano dry forests",NA,NA
214,"Gradiente.Funcional","Gradiente.Funcional A","Brazil",-23.35564,-44.85106,"Serra do Mar coastal forests","Southeastern Brazil","Temperate South America"
215,"Gradiente.Funcional","Gradiente.Funcional B","Brazil",-23.33728,-44.83464,"Serra do Mar coastal forests","Southeastern Brazil","Temperate South America"
216,"Gradiente.Funcional","Gradiente.Funcional C","Brazil",-23.33575,-44.83464,"Serra do Mar coastal forests","Southeastern Brazil","Temperate South America"
217,"Gradiente.Funcional","Gradiente.Funcional D","Brazil",-23.33547,-44.83339,"Serra do Mar coastal forests","Southeastern Brazil","Temperate South America"
218,"Gradiente.Funcional","Gradiente.Funcional E","Brazil",-23.33438,-44.8325,"Serra do Mar coastal forests","Southeastern Brazil","Temperate South America"
219,"Gradiente.Funcional","Gradiente.Funcional F","Brazil",-23.38145,-45.07967,"Serra do Mar coastal forests","Southeastern Brazil","Temperate South America"
220,"Gradiente.Funcional","Gradiente.Funcional G","Brazil",-23.37521,-45.0821,"Serra do Mar coastal forests","Southeastern Brazil","Temperate South America"
221,"Gradiente.Funcional","Gradiente.Funcional H","Brazil",-23.37403,-45.08257,"Serra do Mar coastal forests","Southeastern Brazil","Temperate South America"
222,"Gradiente.Funcional","Gradiente.Funcional I","Brazil",-23.36829,-45.08452,"Serra do Mar coastal forests","Southeastern Brazil","Temperate South America"
223,"Gradiente.Funcional","Gradiente.Funcional J","Brazil",-23.36694,-45.08455,"Serra do Mar coastal forests","Southeastern Brazil","Temperate South America"
224,"Gradiente.Funcional","Gradiente.Funcional K","Brazil",-23.32601,-45.06841,"Serra do Mar coastal forests","Southeastern Brazil","Temperate South America"
225,"Gradiente.Funcional","Gradiente.Funcional L","Brazil",-23.32602,-45.06984,"Serra do Mar coastal forests","Southeastern Brazil","Temperate South America"
226,"Gradiente.Funcional","Gradiente.Funcional M","Brazil",-23.32799,-45.07319,"Serra do Mar coastal forests","Southeastern Brazil","Temperate South America"
227,"Gradiente.Funcional","Gradiente.Funcional N","Brazil",-23.32681,-45.07619,"Serra do Mar coastal forests","Southeastern Brazil","Temperate South America"
228,"LEB.CS","Riacho01","Brazil",-19.81539,-44.02673,"Cerrado","Southeastern Brazil","Temperate South America"
229,"LEB.CS","Riacho02","Brazil",-19.93972,-44.03916,"Bahia interior forests","Southeastern Brazil","Temperate South America"
230,"LEB.CS","Riacho03","Brazil",-19.99968,-43.99456,"Bahia interior forests","Southeastern Brazil","Temperate South America"
231,"LEB.CS","Riacho04","Brazil",-19.80601,-43.96964,"Cerrado","Southeastern Brazil","Temperate South America"
232,"LEB.CS","Riacho05","Brazil",-19.76688,-44.08752,"Cerrado","Southeastern Brazil","Temperate South America"
233,"LEB.CS","Riacho06","Brazil",-19.89814,-44.03065,"Bahia interior forests","Southeastern Brazil","Temperate South America"
234,"LEB.CS","Riacho07","Brazil",-19.84944,-43.98094,"Cerrado","Southeastern Brazil","Temperate South America"
235,"LEB.CS","Riacho08","Brazil",-19.81524,-43.99934,"Cerrado","Southeastern Brazil","Temperate South America"
236,"LEB.CS","Riacho09","Brazil",-19.69621,-44.19682,"Cerrado","Southeastern Brazil","Temperate South America"
237,"LEB.CS","Riacho10","Brazil",-19.63696,-43.89944,"Cerrado","Southeastern Brazil","Temperate South America"
238,"LEB.CS","Riacho11","Brazil",-19.83769,-43.91715,"Cerrado","Southeastern Brazil","Temperate South America"
239,"LEB.CS","Riacho12","Brazil",-19.76814,-44.00386,"Cerrado","Southeastern Brazil","Temperate South America"
240,"LEB.CS","Riacho13","Brazil",-19.78523,-43.94458,"Cerrado","Southeastern Brazil","Temperate South America"
241,"LEB.CS","Riacho14","Brazil",-19.86612,-43.95453,"Bahia interior forests","Southeastern Brazil","Temperate South America"
242,"LEB.CS","Riacho15","Brazil",-19.84644,-43.92424,"Cerrado","Southeastern Brazil","Temperate South America"
243,"LEB.CS","Riacho16","Brazil",-19.85404,-43.92937,"Cerrado","Southeastern Brazil","Temperate South America"
244,"LEB.CS","Riacho17","Brazil",-19.89643,-44.03381,"Bahia interior forests","Southeastern Brazil","Temperate South America"
245,"LEB.CS","Riacho18","Brazil",-19.86449,-44.01816,"Cerrado","Southeastern Brazil","Temperate South America"
246,"LEB.CS","Riacho19","Brazil",-20.25258,-43.80472,"Campos Rupestres montane savanna","Southeastern Brazil","Temperate South America"
247,"LEB.CS","Riacho20","Brazil",-20.27242,-43.80106,"Campos Rupestres montane savanna","Southeastern Brazil","Temperate South America"
248,"LEB.CS","Riacho21","Brazil",-20.50939,-43.87798,"Bahia interior forests","Southeastern Brazil","Temperate South America"
249,"LEB.CS","Riacho22","Brazil",-20.55688,-43.67158,"Bahia interior forests","Southeastern Brazil","Temperate South America"
250,"LEB.CS","Riacho23","Brazil",-20.51741,-43.73675,"Bahia interior forests","Southeastern Brazil","Temperate South America"
251,"LEB.CS","Riacho24","Brazil",-20.58932,-43.80397,"Bahia interior forests","Southeastern Brazil","Temperate South America"
252,"LEB.CS","Riacho25","Brazil",-20.49974,-43.84023,"Bahia interior forests","Southeastern Brazil","Temperate South America"
253,"LEB.CS","Riacho26","Brazil",-20.52066,-43.69829,"Bahia interior forests","Southeastern Brazil","Temperate South America"
254,"LEB.CS","Riacho27","Brazil",-20.3301,-44.05449,"Bahia interior forests","Southeastern Brazil","Temperate South America"
255,"LEB.CS","Riacho28","Brazil",-20.34014,-44.04746,"Bahia interior forests","Southeastern Brazil","Temperate South America"
256,"LEB.CS","Riacho29","Brazil",-20.26156,-43.80871,"Campos Rupestres montane savanna","Southeastern Brazil","Temperate South America"
257,"LEB.CS","Riacho30","Brazil",-20.51124,-43.85261,"Bahia interior forests","Southeastern Brazil","Temperate South America"
258,"LEB.CS","Riacho31","Brazil",-20.51645,-43.70683,"Bahia interior forests","Southeastern Brazil","Temperate South America"
259,"LEB.CS","Riacho32","Brazil",-20.25106,-43.77923,"Bahia interior forests","Southeastern Brazil","Temperate South America"
260,"LEB.CS","Riacho33","Brazil",-20.64133,-43.76962,"Bahia interior forests","Southeastern Brazil","Temperate South America"
261,"LEB.CS","Riacho34","Brazil",-20.36675,-43.7013,"Bahia interior forests","Southeastern Brazil","Temperate South America"
262,"LEB.CS","Riacho35","Brazil",-20.52761,-43.71941,"Bahia interior forests","Southeastern Brazil","Temperate South America"
263,"LEB.CS","Riacho36","Brazil",-20.24925,-43.80203,"Campos Rupestres montane savanna","Southeastern Brazil","Temperate South America"
264,"LEB.CS","Riacho37","Brazil",-20.58519,-43.6695,"Bahia interior forests","Southeastern Brazil","Temperate South America"
265,"LEB.CS","Riacho38","Brazil",-20.68101,-43.79183,"Bahia interior forests","Southeastern Brazil","Temperate South America"
266,"LEB.CS","Riacho39","Brazil",-19.83484,-43.90652,"Cerrado","Southeastern Brazil","Temperate South America"
267,"LEB.CS","Riacho40","Brazil",-19.84958,-43.99137,"Cerrado","Southeastern Brazil","Temperate South America"
268,"LEB.CS","Riacho41","Brazil",-19.8871,-44.00027,"Bahia interior forests","Southeastern Brazil","Temperate South America"
269,"LEB.CS","Riacho42","Brazil",-20.51918,-43.80192,"Bahia interior forests","Southeastern Brazil","Temperate South America"
270,"LEB.CS","Riacho43","Brazil",-20.55732,-43.85148,"Bahia interior forests","Southeastern Brazil","Temperate South America"
271,"LEB.CS","Riacho44","Brazil",-20.52932,-43.69318,"Bahia interior forests","Southeastern Brazil","Temperate South America"
272,"LEB.CS","Riacho45","Brazil",-20.24058,-43.8023,"Campos Rupestres montane savanna","Southeastern Brazil","Temperate South America"
273,"LEB.CS","Riacho46","Brazil",-20.51536,-43.68868,"Bahia interior forests","Southeastern Brazil","Temperate South America"
274,"LEB.GD","Gurimatã stream reference","Brazil",-20.548436,-43.718954,"Bahia interior forests","Southeastern Brazil","Temperate South America"
275,"LEB.GD","Gurimatã stream","Brazil",-20.528667,-43.763083,"Bahia interior forests","Southeastern Brazil","Temperate South America"
276,"LEB.GD","Passagem stream reference","Brazil",-20.56347,-43.746117,"Bahia interior forests","Southeastern Brazil","Temperate South America"
277,"LEB.GD","Passagem stream","Brazil",-20.562139,-43.775197,"Bahia interior forests","Southeastern Brazil","Temperate South America"
278,"LEB.NP","NP-00008","Brazil",-19.30691,-47.54267,"Cerrado",NA,NA
279,"LEB.NP","NP-00012","Brazil",-19.359346,-47.216859,"Cerrado",NA,NA
280,"LEB.NP","NP-00016","Brazil",-19.210689,-46.991532,"Cerrado",NA,NA
281,"LEB.NP","NP-00028","Brazil",-19.233173,-47.216063,"Cerrado",NA,NA
282,"LEB.NP","NP-00047","Brazil",-19.445977,-46.890222,"Cerrado",NA,NA
283,"LEB.NP","NP-00052","Brazil",-19.401523,-47.647527,"Cerrado",NA,NA
284,"LEB.NP","NP-00054","Brazil",-19.163647,-47.051648,"Cerrado",NA,NA
285,"LEB.NP","NP-00055","Brazil",-19.017454,-46.872687,"Cerrado",NA,NA
286,"LEB.NP","NP-00075","Brazil",-19.126141,-47.034047,"Cerrado",NA,NA
287,"LEB.NP","NP-00092","Brazil",-19.309391,-47.256407,"Cerrado",NA,NA
288,"LEB.NP","NP-00095","Brazil",-19.266675,-46.819856,"Cerrado",NA,NA
289,"LEB.NP","NP-00096","Brazil",-19.109999,-47.084211,"Cerrado",NA,NA
290,"LEB.NP","NP-00097","Brazil",-18.971221,-47.278277,"Cerrado",NA,NA
291,"LEB.NP","NP-00100","Brazil",-19.205965,-47.036349,"Cerrado",NA,NA
292,"LEB.NP","NP-00108","Brazil",-19.306197,-47.120973,"Cerrado",NA,NA
293,"LEB.NP","NP-00110","Brazil",-19.641696,-47.472508,"Cerrado",NA,NA
294,"LEB.NP","NP-00112","Brazil",-18.886268,-47.142019,"Cerrado",NA,NA
295,"LEB.NP","NP-00128","Brazil",-19.020518,-47.366036,"Cerrado",NA,NA
296,"LEB.NP","NP-00132","Brazil",-19.228431,-46.984009,"Cerrado",NA,NA
297,"LEB.NP","NP-00139","Brazil",-18.934246,-47.063026,"Cerrado",NA,NA
298,"LEB.NP","NP-00144","Brazil",-19.03656,-47.257804,"Cerrado",NA,NA
299,"LEB.NP","NP-00187","Brazil",-19.396172,-46.832135,"Cerrado",NA,NA
300,"LEB.NP","NP-00192","Brazil",-19.266526,-47.513261,"Cerrado",NA,NA
301,"LEB.NP","NP-00203","Brazil",-19.122894,-46.826732,"Cerrado",NA,NA
302,"LEB.NP","NP-00228","Brazil",-19.361046,-47.671398,"Cerrado",NA,NA
303,"LEB.NP","NP-00240","Brazil",-19.246427,-47.413134,"Cerrado",NA,NA
304,"LEB.NP","NP-00251","Brazil",-19.453405,-46.839059,"Cerrado",NA,NA
305,"LEB.NP","NP-00287","Brazil",-19.322335,-46.828711,"Cerrado",NA,NA
306,"LEB.NP","NP-00368","Brazil",-18.932152,-47.116668,"Cerrado",NA,NA
307,"LEB.NP","NP-00375","Brazil",-19.071744,-46.918695,"Cerrado",NA,NA
308,"LEB.NP","NP-00443","Brazil",-19.411207,-46.872533,"Cerrado",NA,NA
309,"LEB.NP","NP-00511","Brazil",-19.412644,-47.062347,"Cerrado",NA,NA
310,"LEB.NP","NP-01524","Brazil",-19.273933,-47.578509,"Cerrado",NA,NA
311,"LEB.NP","NP-02991","Brazil",-19.535983,-46.990305,"Cerrado",NA,NA
312,"LEB.NP","NP-05612","Brazil",-19.363583,-47.467354,"Cerrado",NA,NA
313,"LEB.NP","NP-07308","Brazil",-19.231009,-47.149542,"Cerrado",NA,NA
314,"LEB.NP","NP-09611","Brazil",-19.247202,-47.140405,"Cerrado",NA,NA
315,"LEB.NP","NP-09757","Brazil",-19.593938,-46.928047,"Cerrado",NA,NA
316,"LEB.NP","NP-12892","Brazil",-19.298978,-47.253318,"Cerrado",NA,NA
317,"LEB.NP","NP-15048","Brazil",-19.313967,-47.523375,"Cerrado",NA,NA
318,"LEB.NP","RCA 02","Brazil",-20.121032,-46.850764,"Cerrado",NA,NA
319,"LEB.NP","RCA 08","Brazil",-19.416842,-47.22365,"Cerrado",NA,NA
320,"LEB.NP","RCA 22","Brazil",-20.136111,-46.698889,"Cerrado",NA,NA
321,"LEB.NP","RCA 23","Brazil",-20.150833,-46.674444,"Cerrado",NA,NA
322,"LEB.NP","RCA 29","Brazil",-19.690009,-47.389479,"Cerrado",NA,NA
323,"LEB.NP","RCA 30","Brazil",-20.101389,-46.937778,"Cerrado",NA,NA
324,"LEB.NP","RCA 31","Brazil",-19.3642,-47.2497,"Cerrado",NA,NA
325,"LEB.NP","RCA 44","Brazil",-19.582696,-47.304781,"Cerrado",NA,NA
326,"LEB.NP","RCA 49","Brazil",-19.211294,-47.022313,"Cerrado",NA,NA
327,"LEB.NP","RCA 52","Brazil",-19.164609,-47.011876,"Cerrado",NA,NA
328,"LEB.NP","RCA 53","Brazil",-19.20964,-46.96178,"Cerrado",NA,NA
329,"LEB.NP","RCA 57","Brazil",-20.12381,-46.75668,"Cerrado",NA,NA
330,"LEB.NP","RCA 58","Brazil",-20.11837,-46.75309,"Cerrado",NA,NA
331,"LEB.NP","RCA 59","Brazil",-20.118333,-46.784167,"Cerrado",NA,NA
332,"LEB.NP","RCA 60","Brazil",-20.118611,-46.785556,"Cerrado",NA,NA
333,"LEB.NP","RCA 62","Brazil",-19.987778,-46.899722,"Cerrado",NA,NA
334,"LEB.NP","RCA 64","Brazil",-20.011944,-46.898056,"Cerrado",NA,NA
335,"LEB.NP","RCA 65","Brazil",-19.2436,-46.5658,"Cerrado",NA,NA
336,"LEB.NP","RCA 66","Brazil",-19.316269,-47.265649,"Cerrado",NA,NA
337,"LEB.NP","RCA 67","Brazil",-19.358828,-47.220131,"Cerrado",NA,NA
338,"LEB.NP","RCA 68","Brazil",-19.171792,-47.026508,"Cerrado",NA,NA
339,"LEB.NP","RCA 69","Brazil",-19.13187,-47.0481,"Cerrado",NA,NA
340,"LEB.NP","RCA 70","Brazil",-19.199239,-47.041524,"Cerrado",NA,NA
341,"LEB.NP","RCA 90","Brazil",-19.139514,-46.999482,"Cerrado",NA,NA
342,"LERSAF","Encantada- Maquiné","Brazil",-29.6171,-50.1809,"Serra do Mar coastal forests","Rio Grande","Temperate South America"
343,"LERSAF","Encantada- Maquiné","Brazil",-29.6117,-50.1883,"Serra do Mar coastal forests","Rio Grande","Temperate South America"
344,"LERSAF","Floresta Nacional de Chapecó","Brazil",-27.105694,-52.780194,"Alto Paraná Atlantic forests","Rio Grande","Temperate South America"
345,"LERSAF","Forqueta-Maquiné","Brazil",-29.5414,-50.1919,"Araucaria moist forests","Rio Grande","Temperate South America"
346,"LERSAF","Parque Nacional Aparados da Serra","Brazil",-29.1694,-50.1172,"Araucaria moist forests","Rio Grande","Temperate South America"
347,"LERSAF","Parque Nacional Aparados da Serra","Brazil",-29.1758,-50.0994,"Araucaria moist forests","Rio Grande","Temperate South America"
348,"LERSAF","Parque Nacional Aparados da Serra","Brazil",-29.1577,-50.0919,"Araucaria moist forests","Rio Grande","Temperate South America"
349,"LERSAF","RPPN Pró-Mata","Brazil",-29.4855,-50.2116,"Araucaria moist forests","Rio Grande","Temperate South America"
350,"LERSAF","RPPN Pró-Mata","Brazil",-29.4897,-50.1944,"Araucaria moist forests","Rio Grande","Temperate South America"
351,"LERSAF","RPPN Pró-Mata","Brazil",-29.4833,-50.2227,"Araucaria moist forests","Rio Grande","Temperate South America"
352,"LERSAF","Estação Ecológica Aratinga","Brazil",-29.394219,-50.238566,"Araucaria moist forests","Rio Grande","Temperate South America"
353,"LERSAF","Estação Ecológica Aratinga","Brazil",-29.3833,-50.2447,"Araucaria moist forests","Rio Grande","Temperate South America"
354,"LERSAF","Estação Ecológica Aratinga","Brazil",-29.3688,-50.2577,"Araucaria moist forests","Rio Grande","Temperate South America"
355,"LEV_ComPalmFixed","Estação Ecológica Paraiso","Brazil",-22.498583,-42.848757,"Serra do Mar coastal forests","Southeastern Brazil","Temperate South America"
356,"LEV_ComPalmFixed","Reserva Ecológica de Guapiaçu - parte alta","Brazil",-22.427616,-42.783088,"Serra do Mar coastal forests","Southeastern Brazil","Temperate South America"
357,"LEV_ComPalmFixed","Parque Nacional da Serra dos Órgãos","Brazil",-22.458048,-42.996793,"Serra do Mar coastal forests","Southeastern Brazil","Temperate South America"
358,"LEV_ComPalmVar","Estação Ecológica Paraiso","Brazil",-22.498583,-42.848757,"Serra do Mar coastal forests","Southeastern Brazil","Temperate South America"
359,"LEV_ComPalmVar","Reserva Ecológica de Guapiaçu - parte alta","Brazil",-22.427616,-42.783088,"Serra do Mar coastal forests","Southeastern Brazil","Temperate South America"
360,"LEV_ComPalmVar","Parque Nacional da Serra dos Órgãos","Brazil",-22.458048,-42.996793,"Serra do Mar coastal forests","Southeastern Brazil","Temperate South America"
361,"LEV_DinPalm","Fazenda Santa Helena","Brazil",-22.526212,-42.346869,"Serra do Mar coastal forests","Southeastern Brazil","Temperate South America"
362,"LEV_DinPalm","Fazenda Santa Helena","Brazil",-22.526212,-42.346869,"Serra do Mar coastal forests","Southeastern Brazil","Temperate South America"
363,"LEV_DinPalm","Fazenda Afetiva-Jorge","Brazil",-22.632619,-42.466525,"Serra do Mar coastal forests","Southeastern Brazil","Temperate South America"
364,"LEV_DinPalm","Fazenda Afetiva-Jorge","Brazil",-22.632619,-42.466525,"Serra do Mar coastal forests","Southeastern Brazil","Temperate South America"
365,"LEV_DinPalm","Fazenda Estreito","Brazil",-22.618724,-42.450221,"Serra do Mar coastal forests","Southeastern Brazil","Temperate South America"
366,"LEV_DinPalm","Fazenda Estreito","Brazil",-22.618724,-42.450221,"Serra do Mar coastal forests","Southeastern Brazil","Temperate South America"
367,"LEV_DinPalm","Reserva Biológica de Poço das Antas","Brazil",-22.590466,-42.338834,"Serra do Mar coastal forests","Southeastern Brazil","Temperate South America"
368,"LEV_DinPalm","Reserva Biológica União","Brazil",-22.436147,-42.050064,"Serra do Mar coastal forests","Eastern Brazil","Tropical Atlantic"
369,"Limnol.UFRRJ","UFRRJ - 1","Brazil",-22.762,-43.695,"Serra do Mar coastal forests","Southeastern Brazil","Temperate South America"
370,"Limnol.UFRRJ","UFRRJ - 2","Brazil",-22.76,-43.691,"Serra do Mar coastal forests","Southeastern Brazil","Temperate South America"
371,"Limnol.UFRRJ","UFRRJ - 3","Brazil",-22.76,-43.691,"Serra do Mar coastal forests","Southeastern Brazil","Temperate South America"
372,"Limnol.UFRRJ","Embrapa 1","Brazil",-22.76,-43.683,"Serra do Mar coastal forests","Southeastern Brazil","Temperate South America"
373,"Limnol.UFRRJ","Embrapa 2","Brazil",-22.761,-43.683,"Serra do Mar coastal forests","Southeastern Brazil","Temperate South America"
374,"Limnol.UFRRJ","Embrapa 3","Brazil",-22.761,-43.681,"Serra do Mar coastal forests","Southeastern Brazil","Temperate South America"
375,"LTSER-CHILE","Estación Atacama UC - Oasis de Niebla Alto Patache","Chile",-20.8166,-70.15,"Atacama desert","Humboldtian","Temperate South America"
376,"LTSER-CHILE","Sitio experimental de Fray Jorge","Chile",-30.6580983,-71.6638224,"Chilean matorral","Central Chile","Temperate South America"
377,"LTSER-CHILE","Estación Costera de Investigaciones Marinas","Chile",-33.5,-71.633333,"Chilean matorral","Araucanian","Temperate South America"
378,"LTSER-CHILE","Bosque Experimental San Martin - Chile","Chile",-39.640317,-73.201561,"Valdivian temperate forests","Araucanian","Temperate South America"
379,"LTSER-CHILE","Centro de Investigación Científica y Educación Ambiental Parque Katalapi","Chile",-41.534,-72.75,"Valdivian temperate forests","Chiloense","Temperate South America"
380,"LTSER-CHILE","Estación Biológica Senda Darwin","Chile",-41.8834,-73.6667,"Valdivian temperate forests","Chiloense","Temperate South America"
381,"LTSER-CHILE","Centro Científico Huinay","Chile",-42.22,-72.25,"Valdivian temperate forests","Chiloense","Temperate South America"
382,"LTSER-CHILE","Estación Patagonia de Investigaciones Interdisciplinarias","Chile",-46.274722,-73.53,"Valdivian temperate forests","Chiloense","Temperate South America"
383,"LTSER-CHILE","Parque Etnobotánico Omora","Chile",-54.9167,-67.65,NA,"Channels and Fjords of Southern Chile","Temperate South America"
384,"MarineGEO","STRI Dock","Panama",9.35102,-82.25766,"Isthmian-Atlantic moist forests","Southwestern Caribbean","Tropical Atlantic"
385,"MarineGEO","Almirante Coral Reef","Panama",9.289567,-82.343097,NA,"Southwestern Caribbean","Tropical Atlantic"
386,"MarineGEO","Crawl Cay Coral Reef","Panama",9.261707,-82.120391,NA,"Southwestern Caribbean","Tropical Atlantic"
387,"MarineGEO","Juan Point Coral Reef","Panama",9.301457,-82.293599,NA,"Southwestern Caribbean","Tropical Atlantic"
388,"MarineGEO","STRI Coral Reef","Panama",9.348839,-82.263114,"Isthmian-Atlantic moist forests","Southwestern Caribbean","Tropical Atlantic"
389,"MarineGEO","Almirante Seagrass","Panama",9.291224,-82.343067,NA,"Southwestern Caribbean","Tropical Atlantic"
390,"MarineGEO","Juan Point Seagrass","Panama",9.297491,-82.29321,NA,"Southwestern Caribbean","Tropical Atlantic"
391,"MarineGEO","STRI Seagrass","Panama",9.352281,-82.258437,"Isthmian-Atlantic moist forests","Southwestern Caribbean","Tropical Atlantic"
392,"MarineGEO","Twin Cays Seagrass","Belize",16.82385,-88.1028,NA,"Western Caribbean","Tropical Atlantic"
393,"MarineGEO","Curlew Seagrass","Belize",16.78728,-88.0851,NA,"Western Caribbean","Tropical Atlantic"
394,"MarineGEO","CBC Seagrass","Belize",16.8025,-88.0825,NA,"Western Caribbean","Tropical Atlantic"
395,"MarineGEO","Carrie Bow Patch Reef","Belize",16.80863,-88.08616,NA,"Western Caribbean","Tropical Atlantic"
396,"MarineGEO","Carrie Bow Reef","Belize",16.8021,-88.078817,NA,"Western Caribbean","Tropical Atlantic"
397,"MarineGEO","Carrie Bow Sand","Belize",16.80894,-88.08841,NA,"Western Caribbean","Tropical Atlantic"
398,"MarineGEO","Curlew Patch Reef","Belize",16.78,-88.10123,NA,"Western Caribbean","Tropical Atlantic"
399,"MarineGEO","Curlew Sand","Belize",16.78734,-88.09379,NA,"Western Caribbean","Tropical Atlantic"
400,"MarineGEO","House Reef","Belize",16.80126,-88.08306,NA,"Western Caribbean","Tropical Atlantic"
401,"MarineGEO","South Reef","Belize",16.776183,-88.0754,NA,"Western Caribbean","Tropical Atlantic"
402,"MarineGEO","Tobacco Reef","Belize",16.868278,-88.066167,NA,"Western Caribbean","Tropical Atlantic"
403,"MarineGEO","Tobacco Sand","Belize",16.883806,-88.073361,NA,"Western Caribbean","Tropical Atlantic"
404,"MarineGEO","Twin Cays Mangrove","Belize",16.82878,-88.1048,NA,"Western Caribbean","Tropical Atlantic"
405,"MarineGEO","Tobacco Mangrove","Belize",16.87853,-88.0926,NA,"Western Caribbean","Tropical Atlantic"
406,"MarineGEO","Blueground Mangrove","Belize",16.80807,-88.1468,NA,"Western Caribbean","Tropical Atlantic"
407,"MonANPeru","Acjanacao","Peru",-13.15,-71.63,"Peruvian Yungas",NA,NA
408,"MonANPeru","Aguajal","Peru",-11.89,-71.36,"Southwest Amazon moist forests",NA,NA
409,"MonANPeru","Altos de Maizal","Peru",-11.8,-71.47,"Southwest Amazon moist forests",NA,NA
410,"MonANPeru","Allpahuayo A","Peru",-3.95,-73.43,"Iquitos varzeá",NA,NA
411,"MonANPeru","Allpahuayo B","Peru",-3.95,-73.44,"Iquitos varzeá",NA,NA
412,"MonANPeru","Allpahuayo C","Peru",-3.95,-73.43,"Iquitos varzeá",NA,NA
413,"MonANPeru","Allpahuayo D","Peru",-3.94,-73.44,"Iquitos varzeá",NA,NA
414,"MonANPeru","INIA Varillal","Peru",-3.95,-73.41,"Iquitos varzeá",NA,NA
415,"MonANPeru","Allpahuayo F","Peru",-3.89,-73.66,"Napo moist forests",NA,NA
416,"MonANPeru","Barranco (TEAM VGCOU-2)","Peru",-11.9,-71.42,"Southwest Amazon moist forests",NA,NA
417,"MonANPeru","Barro Colorado","Peru",-7.04,-77.93,"Marañón dry forests","Central Peru","Temperate South America"
418,"MonANPeru","Buena Vista","Peru",-4.24,-73.2,"Southwest Amazon moist forests",NA,NA
419,"MonANPeru","Callanga Plot 1","Peru",-12.8,-71.78,"Peruvian Yungas",NA,NA
420,"MonANPeru","Callanga Plot 2","Peru",-12.81,-71.78,"Peruvian Yungas",NA,NA
421,"MonANPeru","Chomal","Peru",-7,-77.89,"Peruvian Yungas","Central Peru","Temperate South America"
422,"MonANPeru","Cuzco Amazonico, CUZAM1E","Peru",-12.54,-69.06,"Southwest Amazon moist forests",NA,NA
423,"MonANPeru","Cuzco Amazonico, CUZAM1U","Peru",-12.54,-69.06,"Southwest Amazon moist forests",NA,NA
424,"MonANPeru","Cuzco Amazonico, CUZAM2E","Peru",-12.53,-69.05,"Southwest Amazon moist forests",NA,NA
425,"MonANPeru","Cuzco Amazonico, CUZAM2U","Peru",-12.54,-69.05,"Southwest Amazon moist forests",NA,NA
426,"MonANPeru","Esperanza","Peru",-13.18,-71.59,"Peruvian Yungas",NA,NA
427,"MonANPeru","Gotas de Agua 1","Peru",-5.68,-78.77,"Eastern Cordillera real montane forests","Guayaquil","Tropical Eastern Pacific"
428,"MonANPeru","Gotas de Agua 2","Peru",-5.68,-78.76,"Eastern Cordillera real montane forests","Guayaquil","Tropical Eastern Pacific"
429,"MonANPeru","Jenaro Herrera 05 Tahuampa, moderate harvest","Peru",-4.96,-73.72,"Southwest Amazon moist forests",NA,NA
430,"MonANPeru","Jenaro Herrera 06 Tahuampa, low harvest","Peru",-4.96,-73.72,"Southwest Amazon moist forests",NA,NA
431,"MonANPeru","Jenaro Herrera 07 Tahuampa, control (no harvest)","Peru",-4.96,-73.73,"Southwest Amazon moist forests",NA,NA
432,"MonANPeru","Jenaro Herrera A Terraza Alta","Peru",-4.88,-73.63,"Iquitos varzeá",NA,NA
433,"MonANPeru","Jenaro Herrera B Varillal","Peru",-4.9,-73.63,"Southwest Amazon moist forests",NA,NA
434,"MonANPeru","Jenaro Herrera C","Peru",-4.92,-73.54,"Southwest Amazon moist forests",NA,NA
435,"MonANPeru","Jenaro Hererra 14, Cocha Iricahua","Peru",-4.84,-73.83,"Southwest Amazon moist forests",NA,NA
436,"MonANPeru","Jenaro Herrera 15, Quebrada Sapuena","Peru",-4.84,-73.65,"Southwest Amazon moist forests",NA,NA
437,"MonANPeru","Castanal Los Amigos","Peru",-12.55,-70.11,"Southwest Amazon moist forests",NA,NA
438,"MonANPeru","Jacaratia Los Amigos","Peru",-12.57,-70.09,"Southwest Amazon moist forests",NA,NA
439,"MonANPeru","Manu, alluvial Cocha Cashu Trail 3, M1","Peru",-11.89,-71.41,"Southwest Amazon moist forests",NA,NA
440,"MonANPeru","Manu, terra firme terrace, M3","Peru",-11.9,-71.4,"Southwest Amazon moist forests",NA,NA
441,"MonANPeru","Manu, terra firme ravine, M4 (TEAM VGCOU-4)","Peru",-11.9,-71.4,"Southwest Amazon moist forests",NA,NA
442,"MonANPeru","Manu, alluvial Cocha Cashu Trail 12 (TEAM VGCOU-5)","Peru",-11.88,-71.41,"Southwest Amazon moist forests",NA,NA
443,"MonANPeru","Manu, alluvial Cocha Cashu Trail 2 & 31 (TEAM VGCOU-1)","Peru",-11.89,-71.4,"Southwest Amazon moist forests",NA,NA
444,"MonANPeru","Cocha Salvador Manu","Peru",-12,-71.24,"Southwest Amazon moist forests",NA,NA
445,"MonANPeru","Pakitza, Manu River, dissected alluvial, plot1 (TEAM VGCOU-3)","Peru",-11.94,-71.28,"Southwest Amazon moist forests",NA,NA
446,"MonANPeru","Pakitza 02 (TEAM VGCOU-6)","Peru",-11.97,-71.27,"Southwest Amazon moist forests",NA,NA
447,"MonANPeru","Pantiacolla 2","Peru",-12.65,-71.26,"Southwest Amazon moist forests",NA,NA
448,"MonANPeru","Pantiacolla 3","Peru",-12.64,-71.27,"Southwest Amazon moist forests",NA,NA
449,"MonANPeru","Yanachaga Bosque Montano Muy Humedo","Peru",-10.38,-75.47,"Peruvian Yungas","Central Peru","Temperate South America"
450,"MonANPeru","Yanachaga Oso-Playa Bosque Montano Humedo","Peru",-10.3,-75.61,"Peruvian Yungas","Central Peru","Temperate South America"
451,"MonANPeru","Yanachaga Paujil-Ozuz Bosque Humedo Tropical","Peru",-10.31,-75.29,"Ucayali moist forests","Central Peru","Temperate South America"
452,"MonANPeru","Yanachaga Paujil Bosque Humedo Tropical","Peru",-10.34,-75.25,"Ucayali moist forests","Central Peru","Temperate South America"
453,"MonANPeru","Yanachaga Paujil-Venado Bosque Humedo Tropical compartida con TEAM: VGYANCH01","Peru",-10.35,-75.25,"Ucayali moist forests","Central Peru","Temperate South America"
454,"MonANPeru","Yanachaga Paujil-Venado Bosque Humedo Tropical","Peru",-10.36,-75.25,"Ucayali moist forests","Central Peru","Temperate South America"
455,"MonANPeru","Yanachaga Paujil-Venado Bosque Humedo Tropical","Peru",-10.35,-75.26,"Ucayali moist forests","Central Peru","Temperate South America"
456,"MonANPeru","Yanachaga Oso Playa Pajonal","Peru",-10.32,-75.61,"Peruvian Yungas","Central Peru","Temperate South America"
457,"MonANPeru","Yanachaga Tunqui","Peru",-10.27,-75.5,"Peruvian Yungas","Central Peru","Temperate South America"
458,"MonANPeru","Yanachaga San Alberto, Damien Catchpole Plot 1, Barlovento El Cedro","Peru",-10.54,-75.36,"Peruvian Yungas","Central Peru","Temperate South America"
459,"MonANPeru","Yanachaga San Alberto, Damien Catchpole Plot 2 , Abra Esperanza","Peru",-10.53,-75.35,"Peruvian Yungas","Central Peru","Temperate South America"
460,"MonANPeru","Yanachaga San Alberto, Damien Catchpole Plot 3, Danubio Azul","Peru",-10.53,-75.34,"Peruvian Yungas","Central Peru","Temperate South America"
461,"MonANPeru","Yanachaga: Bosque Amazonico","Peru",-10.38,-75.28,"Ucayali moist forests","Central Peru","Temperate South America"
462,"MonANPeru","TEAM Yanachaga VGYANCH02: Bosque Amazonico Pescado","Peru",-10.38,-75.26,"Ucayali moist forests","Central Peru","Temperate South America"
463,"MonANPeru","TEAM Yanachaga VGYANCH03: Bosque de transicion","Peru",-10.35,-75.29,"Ucayali moist forests","Central Peru","Temperate South America"
464,"MonANPeru","TEAM Yanachaga VGYANCH04: Bosque de transicion Tornillo","Peru",-10.38,-75.29,"Ucayali moist forests","Central Peru","Temperate South America"
465,"MonANPeru","TEAM Yanachaga VGYANCH05: Bosque premontano 1400","Peru",-10.41,-75.33,"Peruvian Yungas","Central Peru","Temperate South America"
466,"MonANPeru","TEAM Yanachaga VGYANCH06: Bosque premontano 1200","Peru",-10.42,-75.32,"Peruvian Yungas","Central Peru","Temperate South America"
467,"MonANPeru","TEAM Yanachaga VGYANCH07: Bosque Montano muy Humedo El Cedro","Peru",-10.55,-75.35,"Peruvian Yungas","Central Peru","Temperate South America"
468,"MonANPeru","Quistococha","Peru",-3.83,-73.32,"Iquitos varzeá",NA,NA
469,"MonANPeru","IntipunKu Bosque Montano Muy Humedo","Peru",-13.1,-72.32,"Central Andean wet puna",NA,NA
470,"MonANPeru","Intipaca, Bosque Montano Muy Húmedo","Peru",-13.2,-72.54,"Peruvian Yungas","Humboldtian","Temperate South America"
471,"MonANPeru","San Jorge","Peru",-4.06,-73.2,"Iquitos varzeá",NA,NA
472,"MonANPeru","San Pedro 1","Peru",-13.05,-71.54,"Peruvian Yungas",NA,NA
473,"MonANPeru","San Pedro 2","Peru",-13.05,-71.54,"Peruvian Yungas",NA,NA
474,"MonANPeru","Sucusari A","Peru",-3.25,-72.91,"Solimões-Japurá moist forests",NA,NA
475,"MonANPeru","Sucusari B","Peru",-3.25,-72.9,"Solimões-Japurá moist forests",NA,NA
476,"MonANPeru","Sucusari C","Peru",-3.25,-72.92,"Solimões-Japurá moist forests",NA,NA
477,"MonANPeru","Sucusari D","Peru",-3.25,-72.89,"Solimões-Japurá moist forests",NA,NA
478,"MonANPeru","Sucusari E","Peru",-3.26,-72.89,"Solimões-Japurá moist forests",NA,NA
479,"MonANPeru","Tambopata plot zero","Peru",-12.84,-69.29,"Southwest Amazon moist forests",NA,NA
480,"MonANPeru","Tambopata plot one","Peru",-12.83,-69.29,"Southwest Amazon moist forests",NA,NA
481,"MonANPeru","Tambopata plot two swamp","Peru",-12.84,-69.28,"Southwest Amazon moist forests",NA,NA
482,"MonANPeru","Tambopata plot two swamp edge clay","Peru",-12.84,-69.28,"Southwest Amazon moist forests",NA,NA
483,"MonANPeru","Tambopata plot three","Peru",-12.83,-69.27,"Southwest Amazon moist forests",NA,NA
484,"MonANPeru","Tambopata plot four","Peru",-12.84,-69.3,"Southwest Amazon moist forests",NA,NA
485,"MonANPeru","Tambopata plot six","Peru",-12.83,-69.26,"Southwest Amazon moist forests",NA,NA
486,"MonANPeru","Tambopata plot seven","Peru",-12.83,-69.27,"Southwest Amazon moist forests",NA,NA
487,"MonANPeru","Tambopata plot eight","Peru",-12.83,-69.28,"Southwest Amazon moist forests",NA,NA
488,"MonANPeru","Trocha Union Plot 1","Peru",-13.11,-71.61,"Peruvian Yungas",NA,NA
489,"MonANPeru","Trocha Union Plot 2","Peru",-13.11,-71.6,"Peruvian Yungas",NA,NA
490,"MonANPeru","Trocha Union Plot 3","Peru",-13.11,-71.6,"Peruvian Yungas",NA,NA
491,"MonANPeru","Trocha Union Plot 4","Peru",-13.11,-71.59,"Peruvian Yungas",NA,NA
492,"MonANPeru","Trocha Union Plot 5","Peru",-13.09,-71.57,"Peruvian Yungas",NA,NA
493,"MonANPeru","Trocha Union Plot 6","Peru",-13.08,-71.57,"Peruvian Yungas",NA,NA
494,"MonANPeru","Trocha Union Plot 7","Peru",-13.07,-71.56,"Peruvian Yungas",NA,NA
495,"MonANPeru","Trocha Union Plot 8","Peru",-13.07,-71.56,"Peruvian Yungas",NA,NA
496,"MonANPeru","Veinte de Enero (20Ene-1)","Peru",-4.67,-73.82,"Iquitos varzeá",NA,NA
497,"MonANPeru","Veinte de Enero (20Ene-2)","Peru",-4.67,-73.82,"Iquitos varzeá",NA,NA
498,"MonANPeru","Veinte de Enero (20ene-3)","Peru",-4.68,-73.82,"Iquitos varzeá",NA,NA
499,"MonANPeru","Veinte de Enero 4 (20ene-4)","Peru",-4.68,-73.82,"Iquitos varzeá",NA,NA
500,"MonANPeru","Veinte de Enero (20ene-5)","Peru",-4.69,-73.82,"Iquitos varzeá",NA,NA
501,"MonANPeru","Wayquecha","Peru",-13.19,-71.59,"Peruvian Yungas",NA,NA
502,"MonANPeru","Yanamono A","Peru",-3.43,-72.84,"Solimões-Japurá moist forests",NA,NA
503,"MonANPeru","Yanamono B","Peru",-3.43,-72.84,"Solimões-Japurá moist forests",NA,NA
504,"NEMA.Brasil","São Caetano de Odivelas (PA)","Brazil",-0.677917,-48.010336,NA,"Amazonia","Tropical Atlantic"
505,"NEMA.Brasil","Extremoz (RN)","Brazil",-5.677253,-35.227211,"Atlantic Coast restingas","Northeastern Brazil","Tropical Atlantic"
506,"NEMA.Brasil","Barra de São Miguel (AL)","Brazil",-9.841667,-35.939514,"Southern Atlantic mangroves","Northeastern Brazil","Tropical Atlantic"
507,"NEMA.Brasil","Caravelas (BA)","Brazil",-17.726611,-39.28075,"Bahia coastal forests","Eastern Brazil","Tropical Atlantic"
508,"NEMA.Brasil","Baía de Guanabara (RJ)","Brazil",-22.692972,-43.110656,"Southern Atlantic mangroves","Southeastern Brazil","Temperate South America"
509,"NEMA.Brasil","Guaratiba (RJ)","Brazil",-23.013794,-43.5758,"Southern Atlantic mangroves","Southeastern Brazil","Temperate South America"
510,"NEMA.Brasil","Itacuruçá (RJ)","Brazil",-22.921597,-43.88825,NA,"Southeastern Brazil","Temperate South America"
511,"NEMA.Brasil","Vila Dois Rios (Ilha Grande, RJ)","Brazil",-23.186733,-44.192564,"Serra do Mar coastal forests","Southeastern Brazil","Temperate South America"
512,"NEMA.Brasil","Florianópolis (SC)","Brazil",-27.648458,-48.551097,NA,"Southeastern Brazil","Temperate South America"
513,"OPWALL-DOM-T","Transect 1 0m","Dominica",15.373733,-61.27665,"Windward Islands moist forests","Eastern Caribbean","Tropical Atlantic"
514,"OPWALL-DOM-T","Transect 1 300m","Dominica",15.373533,-61.279467,"Windward Islands moist forests","Eastern Caribbean","Tropical Atlantic"
515,"OPWALL-DOM-T","Transect 1 600m","Dominica",15.373917,-61.282183,"Windward Islands moist forests","Eastern Caribbean","Tropical Atlantic"
516,"OPWALL-DOM-T","Transect 2 0m","Dominica",15.372617,-61.2737,"Windward Islands moist forests","Eastern Caribbean","Tropical Atlantic"
517,"OPWALL-DOM-T","Transect 2 300m","Dominica",15.371983,-61.275617,"Windward Islands moist forests","Eastern Caribbean","Tropical Atlantic"
518,"OPWALL-DOM-T","Transect 2 600m","Dominica",15.370216,-61.2775833,"Windward Islands moist forests","Eastern Caribbean","Tropical Atlantic"
519,"OPWALL-DOM-T","Transect 3 0m","Dominica",15.370533,-61.281317,"Windward Islands moist forests","Eastern Caribbean","Tropical Atlantic"
520,"OPWALL-DOM-T","Transect 3 300m","Dominica",15.369775,-61.282833,"Windward Islands moist forests","Eastern Caribbean","Tropical Atlantic"
521,"OPWALL-DOM-T","Pont Casse PC1","Dominica",15.380397,-61.3436,"Windward Islands moist forests","Eastern Caribbean","Tropical Atlantic"
522,"OPWALL-DOM-T","Pont Casse PC2","Dominica",15.380397,-61.3436,"Windward Islands moist forests","Eastern Caribbean","Tropical Atlantic"
523,"OPWALL-GUY-T","Turtle Mountain","Guyana",4.735278386,-58.71662479,"Guianan moist forests","Guianan","Tropical Atlantic"
524,"OPWALL-GUY-T","Kabocalli","Guyana",4.287759912,-58.50861842,"Guianan moist forests","Guianan","Tropical Atlantic"
525,"OPWALL-GUY-T","Canopy Walkway","Guyana",4.387091404,-58.9197226,"Guianan moist forests","Guianan","Tropical Atlantic"
526,"OPWALL-GUY-T","Sandstone","Guyana",4.248248767,-58.90418891,"Guianan moist forests","Guianan","Tropical Atlantic"
527,"OPWALL-GUY-T","Rock Landing","Guyana",4.181925712,-59.0820412,"Guianan moist forests","Guianan","Tropical Atlantic"
528,"OPWALL-GUY-T","Mill Site","Guyana",4.609444444,-58.73444444,"Guianan moist forests","Guianan","Tropical Atlantic"
529,"OPWALL-GUY-T","Turtle Mountain Transect 1","Guyana",4.735278386,-58.71662479,"Guianan moist forests","Guianan","Tropical Atlantic"
530,"OPWALL-GUY-T","Turtle Mountain Transect 2","Guyana",4.735278386,-58.71662479,"Guianan moist forests","Guianan","Tropical Atlantic"
531,"OPWALL-GUY-T","Kabocalli Transect 1","Guyana",4.287759912,-58.50861842,"Guianan moist forests","Guianan","Tropical Atlantic"
532,"OPWALL-GUY-T","Kabocalli Transect 2","Guyana",4.287759912,-58.50861842,"Guianan moist forests","Guianan","Tropical Atlantic"
533,"OPWALL-GUY-T","Canopy Walkway Transect 1","Guyana",4.387091404,-58.9197226,"Guianan moist forests","Guianan","Tropical Atlantic"
534,"OPWALL-GUY-T","Canopy Walkway Transect 2","Guyana",4.387091404,-58.9197226,"Guianan moist forests","Guianan","Tropical Atlantic"
535,"OPWALL-GUY-T","Sandstone Transect 1","Guyana",4.248248767,-58.90418891,"Guianan moist forests","Guianan","Tropical Atlantic"
536,"OPWALL-GUY-T","Sandstone Transect 2","Guyana",4.248248767,-58.90418891,"Guianan moist forests","Guianan","Tropical Atlantic"
537,"OPWALL-GUY-T","Sandstone Transect River","Guyana",4.248248767,-58.90418891,"Guianan moist forests","Guianan","Tropical Atlantic"
538,"OPWALL-GUY-T","Rock Landing Transect 1","Guyana",4.181925712,-59.0820412,"Guianan moist forests","Guianan","Tropical Atlantic"
539,"OPWALL-GUY-T","Rock Landing Transect 2","Guyana",4.181925712,-59.0820412,"Guianan moist forests","Guianan","Tropical Atlantic"
540,"OPWALL-GUY-T","Rock Landing Transect River","Guyana",4.181925712,-59.0820412,"Guianan moist forests","Guianan","Tropical Atlantic"
541,"OPWALL-GUY-T","Mill Site Transect 1","Guyana",4.609444444,-58.73444444,"Guianan moist forests","Guianan","Tropical Atlantic"
542,"OPWALL-GUY-T","Mill Site Transect 2","Guyana",4.609444444,-58.73444444,"Guianan moist forests","Guianan","Tropical Atlantic"
543,"OPWALL-HON-M-T","Aldrids","Honduras",15.86496,-87.49841,NA,"Western Caribbean","Tropical Atlantic"
544,"OPWALL-HON-M-T","Butterfingers","Honduras",15.86351,-87.49525,NA,"Western Caribbean","Tropical Atlantic"
545,"OPWALL-HON-M-T","Canyon","Honduras",15.86414,-87.50662,NA,"Western Caribbean","Tropical Atlantic"
546,"OPWALL-HON-M-T","Kisci's Garden","Honduras",15.8655,-87.50017,NA,"Western Caribbean","Tropical Atlantic"
547,"OPWALL-HON-M-T","Mushroom Mountain","Honduras",15.86497,-87.4973,NA,"Western Caribbean","Tropical Atlantic"
548,"OPWALL-HON-M-T","Rotonda","Honduras",15.86561,-87.5068,NA,"Western Caribbean","Tropical Atlantic"
549,"OPWALL-HON-M-U","Coral View","Honduras",16.08823274,-86.91094506,"Central American Atlantic moist forests","Western Caribbean","Tropical Atlantic"
550,"OPWALL-HON-M-U","Sturch Bank","Honduras",16.089602,-86.9035006,NA,"Western Caribbean","Tropical Atlantic"
551,"OPWALL-HON-M-U","Lighthouse","Honduras",16.08498,-86.90032,NA,"Western Caribbean","Tropical Atlantic"
552,"OPWALL-HON-M-U","Black Coral Wall","Honduras",16.08305968,-86.91699554,NA,"Western Caribbean","Tropical Atlantic"
553,"OPWALL-HON-M-U","Little Bight","Honduras",16.07926302,-86.92942222,"Central American Atlantic moist forests","Western Caribbean","Tropical Atlantic"
554,"OPWALL-HON-M-U","Stingray Point","Honduras",16.0689055,-86.95477948,"Central American Atlantic moist forests","Western Caribbean","Tropical Atlantic"
555,"OPWALL-HON-T","Buenos Aires Camp","Honduras",15.49978432,-88.17939533,"Central American Atlantic moist forests","Western Caribbean","Tropical Atlantic"
556,"OPWALL-HON-T","Base Camp","Honduras",15.49641102,-88.21185554,"Central American Atlantic moist forests","Western Caribbean","Tropical Atlantic"
557,"OPWALL-HON-T","Cantilles Camp","Honduras",15.51345675,-88.2416807,"Central American Atlantic moist forests","Western Caribbean","Tropical Atlantic"
558,"OPWALL-HON-T","Cortecito Camp","Honduras",15.52328938,-88.28853335,"Central American Atlantic moist forests","Western Caribbean","Tropical Atlantic"
559,"OPWALL-HON-T","Danto Camp","Honduras",15.52827721,-88.27757274,"Central American Atlantic moist forests","Western Caribbean","Tropical Atlantic"
560,"OPWALL-HON-T","Guanales Camp","Honduras",15.4885122,-88.23406385,"Central American Atlantic moist forests","Western Caribbean","Tropical Atlantic"
561,"OPWALL-HON-T","Santo Tomas Camp","Honduras",15.56107674,-88.29742081,"Central American Atlantic moist forests","Western Caribbean","Tropical Atlantic"
562,"OPWALL-HON-T","Buenos Aires Transect 1","Honduras",15.51139888,-88.18552793,"Central American Atlantic moist forests","Western Caribbean","Tropical Atlantic"
563,"OPWALL-HON-T","Buenos Aires Transect 2","Honduras",15.500015,-88.190375,"Central American Atlantic moist forests","Western Caribbean","Tropical Atlantic"
564,"OPWALL-HON-T","Buenos Aires Transect 3","Honduras",15.499614,-88.19519,"Central American Atlantic moist forests","Western Caribbean","Tropical Atlantic"
565,"OPWALL-HON-T","Buenos Aires Transect 4","Honduras",15.50280735,-88.19695012,"Central American Atlantic moist forests","Western Caribbean","Tropical Atlantic"
566,"OPWALL-HON-T","Base Camp Transect 1","Honduras",15.49743715,-88.21186136,"Central American Atlantic moist forests","Western Caribbean","Tropical Atlantic"
567,"OPWALL-HON-T","Base Camp Transect 2","Honduras",15.499559,-88.203026,"Central American Atlantic moist forests","Western Caribbean","Tropical Atlantic"
568,"OPWALL-HON-T","Base Camp Transect 3","Honduras",15.495107,-88.21883,"Central American Atlantic moist forests","Western Caribbean","Tropical Atlantic"
569,"OPWALL-HON-T","Base Camp Transect 4","Honduras",15.494444,-88.213927,"Central American Atlantic moist forests","Western Caribbean","Tropical Atlantic"
570,"OPWALL-HON-T","Cantiles Transect 2","Honduras",15.50721045,-88.23360351,"Central American Atlantic moist forests","Western Caribbean","Tropical Atlantic"
571,"OPWALL-HON-T","Cantiles Transect 3","Honduras",15.505413,-88.23648,"Central American Atlantic moist forests","Western Caribbean","Tropical Atlantic"
572,"OPWALL-HON-T","Cantiles Transect 4","Honduras",15.513328,-88.24145,"Central American Atlantic moist forests","Western Caribbean","Tropical Atlantic"
573,"OPWALL-HON-T","Cantiles Transect 5","Honduras",15.513573,-88.24222,"Central American Atlantic moist forests","Western Caribbean","Tropical Atlantic"
574,"OPWALL-HON-T","Cortecito Transect 1","Honduras",15.524283,-88.291774,"Central American Atlantic moist forests","Western Caribbean","Tropical Atlantic"
575,"OPWALL-HON-T","Cortecito Transect 2","Honduras",15.524221,-88.288561,"Central American Atlantic moist forests","Western Caribbean","Tropical Atlantic"
576,"OPWALL-HON-T","Cortecito Transect 3","Honduras",15.519815,-88.285727,"Central American Atlantic moist forests","Western Caribbean","Tropical Atlantic"
577,"OPWALL-HON-T","Danto Transect 0","Honduras",15.52654356,-88.27730399,"Central American Atlantic moist forests","Western Caribbean","Tropical Atlantic"
578,"OPWALL-HON-T","Danto Transect 1","Honduras",15.530193,-88.276285,"Central American Atlantic moist forests","Western Caribbean","Tropical Atlantic"
579,"OPWALL-HON-T","Danto Transect 2","Honduras",15.522844,-88.274386,"Central American Atlantic moist forests","Western Caribbean","Tropical Atlantic"
580,"OPWALL-HON-T","Danto Transect 4","Honduras",15.530929,-88.282285,"Central American Atlantic moist forests","Western Caribbean","Tropical Atlantic"
581,"OPWALL-HON-T","Guanales Transect 1","Honduras",15.491322,-88.235724,"Central American Atlantic moist forests","Western Caribbean","Tropical Atlantic"
582,"OPWALL-HON-T","Guanales Transect 2","Honduras",15.4874134,-88.23431706,"Central American Atlantic moist forests","Western Caribbean","Tropical Atlantic"
583,"OPWALL-HON-T","Guanales Transect 3","Honduras",15.489283,-88.236393,"Central American Atlantic moist forests","Western Caribbean","Tropical Atlantic"
584,"OPWALL-HON-T","Guanales Transect 4","Honduras",15.48862307,-88.23579093,"Central American Atlantic moist forests","Western Caribbean","Tropical Atlantic"
585,"OPWALL-HON-T","Santo Tomas Transect 1","Honduras",15.565315,-88.288072,"Central American Atlantic moist forests","Western Caribbean","Tropical Atlantic"
586,"OPWALL-HON-T","Santo Tomas Transect 2","Honduras",15.55544763,-88.29416687,"Central American Atlantic moist forests","Western Caribbean","Tropical Atlantic"
587,"OPWALL-HON-T","Santo Tomas Transect 3","Honduras",15.547875,-88.29848,"Central American Atlantic moist forests","Western Caribbean","Tropical Atlantic"
588,"OPWALL-HON-T","Buenos Aires Transect 1 Site 1","Honduras",15.51076526,-88.29824774,"Central American Atlantic moist forests","Western Caribbean","Tropical Atlantic"
589,"OPWALL-HON-T","Buenos Aires Transect 1 Site 2","Honduras",15.51494787,-88.18512158,"Central American Atlantic moist forests","Western Caribbean","Tropical Atlantic"
590,"OPWALL-HON-T","Buenos Aires Transect 1 Site 3","Honduras",15.51577206,-88.18714128,"Central American Atlantic moist forests","Western Caribbean","Tropical Atlantic"
591,"OPWALL-HON-T","Buenos Aires Transect 1 Site 4","Honduras",15.51701635,-88.18847232,"Central American Atlantic moist forests","Western Caribbean","Tropical Atlantic"
592,"OPWALL-HON-T","Buenos Aires Transect 1 Site 5","Honduras",15.51562713,-88.18967605,"Central American Atlantic moist forests","Western Caribbean","Tropical Atlantic"
593,"OPWALL-HON-T","Buenos Aires Transect 2 Site 1","Honduras",15.500015,-88.190375,"Central American Atlantic moist forests","Western Caribbean","Tropical Atlantic"
594,"OPWALL-HON-T","Buenos Aires Transect 2 Site 2","Honduras",15.498187,-88.190075,"Central American Atlantic moist forests","Western Caribbean","Tropical Atlantic"
595,"OPWALL-HON-T","Buenos Aires Transect 2 Site 3","Honduras",15.496407,-88.189876,"Central American Atlantic moist forests","Western Caribbean","Tropical Atlantic"
596,"OPWALL-HON-T","Buenos Aires Transect 2 Site 4","Honduras",15.494933,-88.190517,"Central American Atlantic moist forests","Western Caribbean","Tropical Atlantic"
597,"OPWALL-HON-T","Buenos Aires Transect 2 Site 5","Honduras",15.493657,-88.190903,"Central American Atlantic moist forests","Western Caribbean","Tropical Atlantic"
598,"OPWALL-HON-T","Buenos Aires Transect 2 Site 6","Honduras",15.490026,-88.18738,"Central American Atlantic moist forests","Western Caribbean","Tropical Atlantic"
599,"OPWALL-HON-T","Buenos Aires Transect 3 Site 1","Honduras",15.499614,-88.19519,"Central American Atlantic moist forests","Western Caribbean","Tropical Atlantic"
600,"OPWALL-HON-T","Buenos Aires Transect 3 Site 2","Honduras",15.497464,-88.19607,"Central American Atlantic moist forests","Western Caribbean","Tropical Atlantic"
601,"OPWALL-HON-T","Buenos Aires Transect 3 Site 3","Honduras",15.50280735,-88.19695012,"Central American Atlantic moist forests","Western Caribbean","Tropical Atlantic"
602,"OPWALL-HON-T","Buenos Aires Transect 3 Site 4","Honduras",15.50294146,-88.19954909,"Central American Atlantic moist forests","Western Caribbean","Tropical Atlantic"
603,"OPWALL-HON-T","Buenos Aires Transect 3 Site 5","Honduras",15.50461994,-88.20137283,"Central American Atlantic moist forests","Western Caribbean","Tropical Atlantic"
604,"OPWALL-HON-T","Buenos Aires Transect 3 Site 6","Honduras",15.50629724,-88.20190106,"Central American Atlantic moist forests","Western Caribbean","Tropical Atlantic"
605,"OPWALL-HON-T","Buenos Aires Transect 3 Site 7","Honduras",15.50961924,-88.20045979,"Central American Atlantic moist forests","Western Caribbean","Tropical Atlantic"
606,"OPWALL-HON-T","Base Camp Transect 1 Site 1","Honduras",15.49743715,-88.21186136,"Central American Atlantic moist forests","Western Caribbean","Tropical Atlantic"
607,"OPWALL-HON-T","Base Camp Transect 1 Site 2","Honduras",15.49916392,-88.21340547,"Central American Atlantic moist forests","Western Caribbean","Tropical Atlantic"
608,"OPWALL-HON-T","Base Camp Transect 1 Site 3","Honduras",15.50048665,-88.21441549,"Central American Atlantic moist forests","Western Caribbean","Tropical Atlantic"
609,"OPWALL-HON-T","Base Camp Transect 1 Site 4","Honduras",15.49990444,-88.21233233,"Central American Atlantic moist forests","Western Caribbean","Tropical Atlantic"
610,"OPWALL-HON-T","Base Camp Transect 1 Site 5","Honduras",15.50117824,-88.21222454,"Central American Atlantic moist forests","Western Caribbean","Tropical Atlantic"
611,"OPWALL-HON-T","Base Camp Transect 1 Site 6","Honduras",15.50295847,-88.21277984,"Central American Atlantic moist forests","Western Caribbean","Tropical Atlantic"
612,"OPWALL-HON-T","Base Camp Transect 1 Site 7","Honduras",15.5044994,-88.21360974,"Central American Atlantic moist forests","Western Caribbean","Tropical Atlantic"
613,"OPWALL-HON-T","Base Camp Transect 1 Site 8","Honduras",15.50654283,-88.21500264,"Central American Atlantic moist forests","Western Caribbean","Tropical Atlantic"
614,"OPWALL-HON-T","Base Camp Transect 2 Site 1","Honduras",15.499559,-88.203026,"Central American Atlantic moist forests","Western Caribbean","Tropical Atlantic"
615,"OPWALL-HON-T","Base Camp Transect 2 Site 2","Honduras",15.502066,-88.204626,"Central American Atlantic moist forests","Western Caribbean","Tropical Atlantic"
616,"OPWALL-HON-T","Base Camp Transect 2 Site 3","Honduras",15.503748,-88.205267,"Central American Atlantic moist forests","Western Caribbean","Tropical Atlantic"
617,"OPWALL-HON-T","Base Camp Transect 2 Site 4","Honduras",15.504685,-88.204452,"Central American Atlantic moist forests","Western Caribbean","Tropical Atlantic"
618,"OPWALL-HON-T","Base Camp Transect 3 Site 1","Honduras",15.495107,-88.21883,"Central American Atlantic moist forests","Western Caribbean","Tropical Atlantic"
619,"OPWALL-HON-T","Base Camp Transect 3 Site 2","Honduras",15.492711,-88.218007,"Central American Atlantic moist forests","Western Caribbean","Tropical Atlantic"
620,"OPWALL-HON-T","Base Camp Transect 3 Site 3","Honduras",15.488112,-88.214362,"Central American Atlantic moist forests","Western Caribbean","Tropical Atlantic"
621,"OPWALL-HON-T","Base Camp Transect 3 Site 4","Honduras",15.487543,-88.213083,"Central American Atlantic moist forests","Western Caribbean","Tropical Atlantic"
622,"OPWALL-HON-T","Base Camp Transect 3 Site 5","Honduras",15.486955,-88.21167,"Central American Atlantic moist forests","Western Caribbean","Tropical Atlantic"
623,"OPWALL-HON-T","Base Camp Transect 3 Site 6","Honduras",15.485902,-88.210756,"Central American Atlantic moist forests","Western Caribbean","Tropical Atlantic"
624,"OPWALL-HON-T","Base Camp Transect 3 Site 7","Honduras",15.484824,-88.209531,"Central American Atlantic moist forests","Western Caribbean","Tropical Atlantic"
625,"OPWALL-HON-T","Base Camp Transect 4 Site 1","Honduras",15.494444,-88.213927,"Central American Atlantic moist forests","Western Caribbean","Tropical Atlantic"
626,"OPWALL-HON-T","Base Camp Transect 4 Site 2","Honduras",15.49564,-88.217943,"Central American Atlantic moist forests","Western Caribbean","Tropical Atlantic"
627,"OPWALL-HON-T","Base Camp Transect 4 Site 3","Honduras",15.497103,-88.221117,"Central American Atlantic moist forests","Western Caribbean","Tropical Atlantic"
628,"OPWALL-HON-T","Base Camp Transect 4 Site 4","Honduras",15.497784,-88.222423,"Central American Atlantic moist forests","Western Caribbean","Tropical Atlantic"
629,"OPWALL-HON-T","Base Camp Transect 4 Site 5","Honduras",15.49911,-88.224883,"Central American Atlantic moist forests","Western Caribbean","Tropical Atlantic"
630,"OPWALL-HON-T","Base Camp Transect 4 Site 6","Honduras",15.49986,-88.225757,"Central American Atlantic moist forests","Western Caribbean","Tropical Atlantic"
631,"OPWALL-HON-T","Cantiles Transect 2 Site 1","Honduras",15.50721045,-88.23360351,"Central American Atlantic moist forests","Western Caribbean","Tropical Atlantic"
632,"OPWALL-HON-T","Cantiles Transect 2 Site 2","Honduras",15.50834108,-88.23275317,"Central American Atlantic moist forests","Western Caribbean","Tropical Atlantic"
633,"OPWALL-HON-T","Cantiles Transect 2 Site 3","Honduras",15.51043329,-88.23244656,"Central American Atlantic moist forests","Western Caribbean","Tropical Atlantic"
634,"OPWALL-HON-T","Cantiles Transect 2 Site 4","Honduras",15.51356628,-88.23092809,"Central American Atlantic moist forests","Western Caribbean","Tropical Atlantic"
635,"OPWALL-HON-T","Cantiles Transect 2 Site 5","Honduras",15.51513981,-88.2303178,"Central American Atlantic moist forests","Western Caribbean","Tropical Atlantic"
636,"OPWALL-HON-T","Cantiles Transect 2 Site 6","Honduras",15.51742665,-88.23048846,"Central American Atlantic moist forests","Western Caribbean","Tropical Atlantic"
637,"OPWALL-HON-T","Cantiles Transect 2 Site 7","Honduras",15.51985421,-88.23192981,"Central American Atlantic moist forests","Western Caribbean","Tropical Atlantic"
638,"OPWALL-HON-T","Cantiles Transect 3 Site 1","Honduras",15.505413,-88.23648,"Central American Atlantic moist forests","Western Caribbean","Tropical Atlantic"
639,"OPWALL-HON-T","Cantiles Transect 3 Site 2","Honduras",15.50585,-88.23789,"Central American Atlantic moist forests","Western Caribbean","Tropical Atlantic"
640,"OPWALL-HON-T","Cantiles Transect 3 Site 3","Honduras",15.504799,-88.243214,"Central American Atlantic moist forests","Western Caribbean","Tropical Atlantic"
641,"OPWALL-HON-T","Cantiles Transect 4 Site 1","Honduras",15.513328,-88.24145,"Central American Atlantic moist forests","Western Caribbean","Tropical Atlantic"
642,"OPWALL-HON-T","Cantiles Transect 4 Site 2","Honduras",15.511824,-88.238412,"Central American Atlantic moist forests","Western Caribbean","Tropical Atlantic"
643,"OPWALL-HON-T","Cantiles Transect 4 Site 3","Honduras",15.510724,-88.237867,"Central American Atlantic moist forests","Western Caribbean","Tropical Atlantic"
644,"OPWALL-HON-T","Cantiles Transect 4 Site 4","Honduras",15.510253,-88.236971,"Central American Atlantic moist forests","Western Caribbean","Tropical Atlantic"
645,"OPWALL-HON-T","Cantiles Transect 5 Site 1","Honduras",15.513573,-88.24222,"Central American Atlantic moist forests","Western Caribbean","Tropical Atlantic"
646,"OPWALL-HON-T","Cantiles Transect 5 Site 2","Honduras",15.514057,-88.244059,"Central American Atlantic moist forests","Western Caribbean","Tropical Atlantic"
647,"OPWALL-HON-T","Cantiles Transect 5 Site 3","Honduras",15.516443,-88.243846,"Central American Atlantic moist forests","Western Caribbean","Tropical Atlantic"
648,"OPWALL-HON-T","Cantiles Transect 5 Site 4","Honduras",15.518425,-88.2439,"Central American Atlantic moist forests","Western Caribbean","Tropical Atlantic"
649,"OPWALL-HON-T","Cantiles Transect 5 Site 5","Honduras",15.519896,-88.244145,"Central American Atlantic moist forests","Western Caribbean","Tropical Atlantic"
650,"OPWALL-HON-T","Cantiles Transect 5 Site 6","Honduras",15.52054,-88.245313,"Central American Atlantic moist forests","Western Caribbean","Tropical Atlantic"
651,"OPWALL-HON-T","Cantiles Transect 5 Site 7","Honduras",15.522138,-88.24588,"Central American Atlantic moist forests","Western Caribbean","Tropical Atlantic"
652,"OPWALL-HON-T","Cantiles Transect 5 Site 8","Honduras",15.523423,-88.247108,"Central American Atlantic moist forests","Western Caribbean","Tropical Atlantic"
653,"OPWALL-HON-T","Cortecito Transect 1 Site 1","Honduras",15.524283,-88.291774,"Central American Atlantic moist forests","Western Caribbean","Tropical Atlantic"
654,"OPWALL-HON-T","Cortecito Transect 1 Site 2","Honduras",15.52502,-88.292098,"Central American Atlantic moist forests","Western Caribbean","Tropical Atlantic"
655,"OPWALL-HON-T","Cortecito Transect 1 Site 3","Honduras",15.526552,-88.293374,"Central American Atlantic moist forests","Western Caribbean","Tropical Atlantic"
656,"OPWALL-HON-T","Cortecito Transect 1 Site 4","Honduras",15.532555,-88.300156,"Central American Atlantic moist forests","Western Caribbean","Tropical Atlantic"
657,"OPWALL-HON-T","Cortecito Transect 1 Site 5","Honduras",15.534445,-88.301585,"Central American Atlantic moist forests","Western Caribbean","Tropical Atlantic"
658,"OPWALL-HON-T","Cortecito Transect 2 Site 1","Honduras",15.524221,-88.288561,"Central American Atlantic moist forests","Western Caribbean","Tropical Atlantic"
659,"OPWALL-HON-T","Cortecito Transect 2 Site 2","Honduras",15.524157,-88.287147,"Central American Atlantic moist forests","Western Caribbean","Tropical Atlantic"
660,"OPWALL-HON-T","Cortecito Transect 2 Site 3","Honduras",15.524051,-88.284082,"Central American Atlantic moist forests","Western Caribbean","Tropical Atlantic"
661,"OPWALL-HON-T","Cortecito Transect 3 Site 1","Honduras",15.519815,-88.285727,"Central American Atlantic moist forests","Western Caribbean","Tropical Atlantic"
662,"OPWALL-HON-T","Cortecito Transect 3 Site 2","Honduras",15.516476,-88.286183,"Central American Atlantic moist forests","Western Caribbean","Tropical Atlantic"
663,"OPWALL-HON-T","Cortecito Transect 3 Site 3","Honduras",15.514785,-88.287017,"Central American Atlantic moist forests","Western Caribbean","Tropical Atlantic"
664,"OPWALL-HON-T","Cortecito Transect 3 Site 4","Honduras",15.512378,-88.288863,"Central American Atlantic moist forests","Western Caribbean","Tropical Atlantic"
665,"OPWALL-HON-T","Cortecito Transect 3 Site 5","Honduras",15.510666,-88.292906,"Central American Atlantic moist forests","Western Caribbean","Tropical Atlantic"
666,"OPWALL-HON-T","Cortecito Transect 3 Site 6","Honduras",15.507315,-88.294269,"Central American Atlantic moist forests","Western Caribbean","Tropical Atlantic"
667,"OPWALL-HON-T","Danto Transect 0 Site 1","Honduras",15.52654356,-88.27730399,"Central American Atlantic moist forests","Western Caribbean","Tropical Atlantic"
668,"OPWALL-HON-T","Danto Transect 0 Site 2","Honduras",15.52254313,-88.27597638,"Central American Atlantic moist forests","Western Caribbean","Tropical Atlantic"
669,"OPWALL-HON-T","Danto Transect 0 Site 3","Honduras",15.52128232,-88.27541202,"Central American Atlantic moist forests","Western Caribbean","Tropical Atlantic"
670,"OPWALL-HON-T","Danto Transect 0 Site 4","Honduras",15.51880145,-88.27549383,"Central American Atlantic moist forests","Western Caribbean","Tropical Atlantic"
671,"OPWALL-HON-T","Danto Transect 0 Site 5","Honduras",15.51755145,-88.27561453,"Central American Atlantic moist forests","Western Caribbean","Tropical Atlantic"
672,"OPWALL-HON-T","Danto Transect 0 Site 6","Honduras",15.51564876,-88.27559768,"Central American Atlantic moist forests","Western Caribbean","Tropical Atlantic"
673,"OPWALL-HON-T","Danto Transect 1 Site 1","Honduras",15.530193,-88.276285,"Central American Atlantic moist forests","Western Caribbean","Tropical Atlantic"
674,"OPWALL-HON-T","Danto Transect 1 Site 2","Honduras",15.530882,-88.274606,"Central American Atlantic moist forests","Western Caribbean","Tropical Atlantic"
675,"OPWALL-HON-T","Danto Transect 1 Site 3","Honduras",15.529687,-88.2713,"Central American Atlantic moist forests","Western Caribbean","Tropical Atlantic"
676,"OPWALL-HON-T","Danto Transect 1 Site 4","Honduras",15.52989,-88.270093,"Central American Atlantic moist forests","Western Caribbean","Tropical Atlantic"
677,"OPWALL-HON-T","Danto Transect 1 Site 5","Honduras",15.528361,-88.271641,"Central American Atlantic moist forests","Western Caribbean","Tropical Atlantic"
678,"OPWALL-HON-T","Danto Transect 1 Site 6","Honduras",15.52512,-88.269885,"Central American Atlantic moist forests","Western Caribbean","Tropical Atlantic"
679,"OPWALL-HON-T","Danto Transect 2 Site 1","Honduras",15.522844,-88.274386,"Central American Atlantic moist forests","Western Caribbean","Tropical Atlantic"
680,"OPWALL-HON-T","Danto Transect 2 Site 2","Honduras",15.522939,-88.271234,"Central American Atlantic moist forests","Western Caribbean","Tropical Atlantic"
681,"OPWALL-HON-T","Danto Transect 2 Site 3","Honduras",15.523193,-88.268888,"Central American Atlantic moist forests","Western Caribbean","Tropical Atlantic"
682,"OPWALL-HON-T","Danto Transect 2 Site 4","Honduras",15.52321552,-88.26746824,"Central American Atlantic moist forests","Western Caribbean","Tropical Atlantic"
683,"OPWALL-HON-T","Danto Transect 4 Site 1","Honduras",15.530929,-88.282285,"Central American Atlantic moist forests","Western Caribbean","Tropical Atlantic"
684,"OPWALL-HON-T","Guanales Transect 1 Site 1","Honduras",15.491322,-88.235724,"Central American Atlantic moist forests","Western Caribbean","Tropical Atlantic"
685,"OPWALL-HON-T","Guanales Transect 1 Site 2","Honduras",15.492288,-88.237314,"Central American Atlantic moist forests","Western Caribbean","Tropical Atlantic"
686,"OPWALL-HON-T","Guanales Transect 1 Site 3","Honduras",15.495386,-88.238227,"Central American Atlantic moist forests","Western Caribbean","Tropical Atlantic"
687,"OPWALL-HON-T","Guanales Transect 1 Site 4","Honduras",15.496637,-88.237441,"Central American Atlantic moist forests","Western Caribbean","Tropical Atlantic"
688,"OPWALL-HON-T","Guanales Transect 1 Site 5","Honduras",15.498972,-88.237437,"Central American Atlantic moist forests","Western Caribbean","Tropical Atlantic"
689,"OPWALL-HON-T","Guanales Transect 1 Site 6","Honduras",15.5006468,-88.23735855,"Central American Atlantic moist forests","Western Caribbean","Tropical Atlantic"
690,"OPWALL-HON-T","Guanales Transect 1 Site 7","Honduras",15.50257,-88.23737,"Central American Atlantic moist forests","Western Caribbean","Tropical Atlantic"
691,"OPWALL-HON-T","Guanales Transect 1 Site 8","Honduras",15.50364,-88.237371,"Central American Atlantic moist forests","Western Caribbean","Tropical Atlantic"
692,"OPWALL-HON-T","Guanales Transect 2 Site 1","Honduras",15.4874134,-88.23431706,"Central American Atlantic moist forests","Western Caribbean","Tropical Atlantic"
693,"OPWALL-HON-T","Guanales Transect 2 Site 2","Honduras",15.48531214,-88.23128214,"Central American montane forests","Western Caribbean","Tropical Atlantic"
694,"OPWALL-HON-T","Guanales Transect 2 Site 3","Honduras",15.48408017,-88.22896295,"Central American montane forests","Western Caribbean","Tropical Atlantic"
695,"OPWALL-HON-T","Guanales Transect 2 Site 4","Honduras",15.48161438,-88.22643908,"Central American montane forests","Western Caribbean","Tropical Atlantic"
696,"OPWALL-HON-T","Guanales Transect 2 Site 5","Honduras",15.48021351,-88.22660328,"Central American montane forests","Western Caribbean","Tropical Atlantic"
697,"OPWALL-HON-T","Guanales Transect 2 Site 6","Honduras",15.48041929,-88.2246187,"Central American montane forests","Western Caribbean","Tropical Atlantic"
698,"OPWALL-HON-T","Guanales Transect 2 Site 7","Honduras",15.48100082,-88.22288322,"Central American montane forests","Western Caribbean","Tropical Atlantic"
699,"OPWALL-HON-T","Guanales Transect 2 Site 8","Honduras",15.48341397,-88.22050444,"Central American Atlantic moist forests","Western Caribbean","Tropical Atlantic"
700,"OPWALL-HON-T","Guanales Transect 3 Site 1","Honduras",15.489283,-88.236393,"Central American Atlantic moist forests","Western Caribbean","Tropical Atlantic"
701,"OPWALL-HON-T","Guanales Transect 3 Site 2","Honduras",15.488356,-88.23864,"Central American Atlantic moist forests","Western Caribbean","Tropical Atlantic"
702,"OPWALL-HON-T","Guanales Transect 4 Site 1","Honduras",15.48862307,-88.23579093,"Central American Atlantic moist forests","Western Caribbean","Tropical Atlantic"
703,"OPWALL-HON-T","Guanales Transect 4 Site 2","Honduras",15.4861779,-88.23685477,"Central American montane forests","Western Caribbean","Tropical Atlantic"
704,"OPWALL-HON-T","Guanales Transect 4 Site 3","Honduras",15.4845586,-88.23452468,"Central American montane forests","Western Caribbean","Tropical Atlantic"
705,"OPWALL-HON-T","Santo Tomas Transect 1 Site 1","Honduras",15.565315,-88.288072,"Central American Atlantic moist forests","Western Caribbean","Tropical Atlantic"
706,"OPWALL-HON-T","Santo Tomas Transect 1 Site 2","Honduras",15.564257,-88.285195,"Central American Atlantic moist forests","Western Caribbean","Tropical Atlantic"
707,"OPWALL-HON-T","Santo Tomas Transect 1 Site 3","Honduras",15.561819,-88.292175,"Central American Atlantic moist forests","Western Caribbean","Tropical Atlantic"
708,"OPWALL-HON-T","Santo Tomas Transect 1 Site 4","Honduras",15.560271,-88.292487,"Central American Atlantic moist forests","Western Caribbean","Tropical Atlantic"
709,"OPWALL-HON-T","Santo Tomas Transect 3 Site 1","Honduras",15.55544763,-88.29416687,"Central American Atlantic moist forests","Western Caribbean","Tropical Atlantic"
710,"OPWALL-HON-T","Santo Tomas Transect 3 Site 2","Honduras",15.55244825,-88.29428371,"Central American Atlantic moist forests","Western Caribbean","Tropical Atlantic"
711,"OPWALL-HON-T","Santo Tomas Transect 3 Site 3","Honduras",15.55153663,-88.29249392,"Central American Atlantic moist forests","Western Caribbean","Tropical Atlantic"
712,"OPWALL-HON-T","Santo Tomas Transect 3 Site 4","Honduras",15.54968323,-88.29320672,"Central American Atlantic moist forests","Western Caribbean","Tropical Atlantic"
713,"OPWALL-HON-T","Santo Tomas Transect 3 Site 5","Honduras",15.54840205,-88.29261965,"Central American Atlantic moist forests","Western Caribbean","Tropical Atlantic"
714,"OPWALL-HON-T","Santo Tomas Transect 3 Site 6","Honduras",15.54844078,-88.29057069,"Central American Atlantic moist forests","Western Caribbean","Tropical Atlantic"
715,"OPWALL-HON-T","Santo Tomas Transect 4 Site 1","Honduras",15.547875,-88.29848,"Central American Atlantic moist forests","Western Caribbean","Tropical Atlantic"
716,"OPWALL-HON-T","Santo Tomas Transect 4 Site 2","Honduras",15.544158,-88.296203,"Central American Atlantic moist forests","Western Caribbean","Tropical Atlantic"
717,"PBDFF","BDFFP, 2303 Dimona.5-6","na",-2.34,-60.1,"Uatuma-Trombetas moist forests",NA,NA
718,"PBDFF","BDFFP, 1101 Gaviao","na",-2.42,-59.85,"Uatuma-Trombetas moist forests",NA,NA
719,"PBDFF","BDFFP, 1102 Gaviao","na",-2.43,-59.85,"Uatuma-Trombetas moist forests",NA,NA
720,"PBDFF","BDFFP, 1103 Gaviao","na",-2.43,-59.85,"Uatuma-Trombetas moist forests",NA,NA
721,"PBDFF","BDFFP, 1201 Gaviao","na",-2.41,-59.86,"Uatuma-Trombetas moist forests",NA,NA
722,"PBDFF","BDFFP, 1105 Gaviao","na",-2.4,-59.9,"Uatuma-Trombetas moist forests",NA,NA
723,"PBDFF","BDFFP, 1109 Gaviao","na",-2.4,-59.9,"Uatuma-Trombetas moist forests",NA,NA
724,"PBDFF","BDFFP, 1113 Florestal","na",-2.4,-59.85,"Uatuma-Trombetas moist forests",NA,NA
725,"PBDFF","BDFFP, 1301 Florestal 1= plot 1301.1 and 1301.3","na",-2.39,-59.86,"Uatuma-Trombetas moist forests",NA,NA
726,"PBDFF","BDFFP, 1301 Florestal 2= plots 1301.4,5,6","na",-2.38,-59.85,"Uatuma-Trombetas moist forests",NA,NA
727,"PBDFF","BDFFP, 1301 Florestal 3=plots 1301.7,8","na",-2.39,-59.85,"Uatuma-Trombetas moist forests",NA,NA
728,"PBDFF","BDFFP, 3402 Cabo Frio","na",-2.4,-59.91,"Uatuma-Trombetas moist forests",NA,NA
729,"PBDFF","BDFFP, 3304 Porto Alegre","na",-2.36,-59.97,"Uatuma-Trombetas moist forests",NA,NA
730,"PBPaAg","Angatuba- Matriz de Eucaliptais","Brazil",-23.33,-48.46,"Cerrado","Southeastern Brazil","Temperate South America"
731,"PBPaAg","Leçóis Paulista- Matriz de Canaviais","Brazil",-22.77,-48.8,"Cerrado","Southeastern Brazil","Temperate South America"
732,"PEBANPA","Ea. Los Cerros, Tierra del Fuego","Argentina",-54.375132,-67.863897,"Magellanic subpolar forests","Patagonian Shelf","Temperate South America"
733,"PEBANPA","Ea. San Justo, Tierra del Fuego","Argentina",-54.124283,-68.596113,"Magellanic subpolar forests","Channels and Fjords of Southern Chile","Temperate South America"
734,"PEBANPA","Ea. Nibepo Aike, Santa Cruz","Argentina",-50.57249,-72.85527,"Magellanic subpolar forests","Channels and Fjords of Southern Chile","Temperate South America"
735,"PEBANPA","Ea. Stag River, Santa Cruz","Argentina",-51.676118,-71.969136,"Patagonian steppe","Channels and Fjords of Southern Chile","Temperate South America"
736,"PELD - IAFA","Reserva Ducke","Brazil",-2.55,-59.59,"Uatuma-Trombetas moist forests",NA,NA
737,"PELD - IAFA","PDBFF","Brazil",-2.44,-59.93,"Uatuma-Trombetas moist forests",NA,NA
738,"PELD - IAFA","ZF2 Forest Management Station","Brazil",-2.61,-60.18,"Uatuma-Trombetas moist forests",NA,NA
739,"PELD-BISC","Módulo Santa Bárbara","Brazil",-28.15774,-49.62861,"Araucaria moist forests","Rio Grande","Temperate South America"
740,"PELD-BISC","Módulo Morro da Igreja","Brazil",-28.10838,-49.49861,"Araucaria moist forests","Southeastern Brazil","Temperate South America"
741,"PELD-BISC","Módulo Orleans","Brazil",-28.17814,-49.39429,"Araucaria moist forests","Southeastern Brazil","Temperate South America"
742,"PELD.RioDoce.sub.II","Lagoa Dom Helvécio - Escoadouro","Brazil",-19.777778,-42.588056,"Bahia interior forests","Eastern Brazil","Tropical Atlantic"
743,"PELD.RioDoce.sub.II","Lagoa Bonita","Brazil",-19.77012,-42.58427,"Bahia interior forests","Eastern Brazil","Tropical Atlantic"
744,"PELD.RioDoce.sub.II","Lagoa Bonita - interior da floresta (crista)","Brazil",-19.773889,-42.591389,"Bahia interior forests","Eastern Brazil","Tropical Atlantic"
745,"PELD.RioDoce.sub.II","Lagoa Anastácia","Brazil",-19.761111,-42.581944,"Bahia interior forests","Eastern Brazil","Tropical Atlantic"
746,"PELD.RioDoce.sub.II","Lagoa Porto Capim","Brazil",-19.77194,-42.62639,"Bahia interior forests","Eastern Brazil","Tropical Atlantic"
747,"PELD.RioDoce.sub.II","Lagoa Porto Capim - interior floresta","Brazil",-19.773611,-42.626389,"Bahia interior forests","Eastern Brazil","Tropical Atlantic"
748,"PELD.RioDoce.sub.II","Vinhático","Brazil",-19.76444,-42.62139,"Bahia interior forests","Eastern Brazil","Tropical Atlantic"
749,"PELD.RioDoce.sub.II","Viveiro","Brazil",-19.762222,-42.630278,"Bahia interior forests","Eastern Brazil","Tropical Atlantic"
750,"PELD.RioDoce.sub.II","Aeroporto - transecto 1","Brazil",-19.749167,-42.62,"Bahia interior forests","Eastern Brazil","Tropical Atlantic"
751,"PELD.RioDoce.sub.II","Aeroporto - transecto 2","Brazil",-19.753333,-42.632222,"Bahia interior forests","Eastern Brazil","Tropical Atlantic"
752,"PELD.RioDoce.sub.II","Aeroporto I","Brazil",-19.758314,-42.631936,"Bahia interior forests","Eastern Brazil","Tropical Atlantic"
753,"PELD.RioDoce.sub.II","Aeroporto I - interior da floresta","Brazil",-19.757908,-42.631428,"Bahia interior forests","Eastern Brazil","Tropical Atlantic"
754,"PELD.RioDoce.sub.II","Estrada do Restaurante","Brazil",-19.78507,-42.63648,"Bahia interior forests","Eastern Brazil","Tropical Atlantic"
755,"PELD.RioDoce.sub.II","Foresta-Fazenda","Brazil",-19.76317,-42.6333,"Bahia interior forests","Eastern Brazil","Tropical Atlantic"
756,"PELD.RioDoce.sub.II","Ponte Queimada","Brazil",-19.749166,-42.479341,"Bahia interior forests","Eastern Brazil","Tropical Atlantic"
757,"PELD.RioDoce.sub.II","Ponte Queimada - interior floresta","Brazil",-19.749003,-42.479558,"Bahia interior forests","Eastern Brazil","Tropical Atlantic"
758,"PELD.RioDoce.sub.II","Mombaça I","Brazil",-19.81386,-42.580104,"Bahia interior forests","Eastern Brazil","Tropical Atlantic"
759,"PELD.RioDoce.sub.II","Mombaça I - interior floresta","Brazil",-19.812945,-42.578632,"Bahia interior forests","Eastern Brazil","Tropical Atlantic"
760,"PELD.RioDoce.sub.II","Mombaça II","Brazil",-19.810278,-42.508028,"Bahia interior forests","Eastern Brazil","Tropical Atlantic"
761,"PELD.RioDoce.sub.II","Mombaça II - interior floresta","Brazil",-19.80975,-42.507722,"Bahia interior forests","Eastern Brazil","Tropical Atlantic"
762,"PELD.RioDoce.sub.II","Rio Turvo I","Brazil",-19.699194,-42.518278,"Bahia interior forests","Eastern Brazil","Tropical Atlantic"
763,"PELD.RioDoce.sub.II","Rio Turvo I - interior floresta","Brazil",-19.7,-42.51,"Bahia interior forests","Eastern Brazil","Tropical Atlantic"
764,"PELD.RioDoce.sub.II","Rio Turvo II","Brazil",-19.699444,-42.515996,"Bahia interior forests","Eastern Brazil","Tropical Atlantic"
765,"PELD.RioDoce.sub.II","Rio Turvo II - interior floresta","Brazil",-19.700142,-42.515514,"Bahia interior forests","Eastern Brazil","Tropical Atlantic"
766,"PELD.RioDoce.sub.II","Rio Doce","Brazil",-19.724817,-42.496208,"Bahia interior forests","Eastern Brazil","Tropical Atlantic"
767,"PELD.RioDoce.sub.II","Rio Doce - interior da floresta","Brazil",-19.725005,-42.496279,"Bahia interior forests","Eastern Brazil","Tropical Atlantic"
768,"PELDFORR","Parque Nacional do Viruá - grid PPBio","Brazil",1.485833,-61.038611,"Rio Negro campinarana",NA,NA
769,"PELDFORR","Estação Ecológica de Maracá - grid PPBio","Brazil",3.407222,-61.486944,"Guianan savanna",NA,NA
770,"PELDFORR","Castanhal Itã - parcela 1","Brazil",1.816111,-61.128056,"Guianan savanna",NA,NA
771,"PELDFORR","Castanhal Itã - parcela 2","Brazil",1.816111,-61.128056,"Guianan savanna",NA,NA
772,"PELDFORR","Castanhal Cujubim - parcela 1","Brazil",1.850722,-61.0085,"Uatuma-Trombetas moist forests",NA,NA
773,"PELDFORR","Castanhal Cujubim - parcela 2","Brazil",1.850722,-61.0085,"Uatuma-Trombetas moist forests",NA,NA
774,"PELDFORR","Castanhal São João da Baliza","Brazil",0.950556,-59.911389,"Uatuma-Trombetas moist forests",NA,NA
775,"BISC","Parque Nacional de São Joaquim - Morro da Igreja","Brazil",-28.10351615,-49.49482231,"Araucaria moist forests","Southeastern Brazil","Temperate South America"
776,"BISC","Parque Nacional  de São Joaquim - Santa Bárbara","Brazil",-28.1517662,-49.6271502,"Araucaria moist forests","Rio Grande","Temperate South America"
777,"BISC","Parque Estadual da Serra Furada","Brazil",-28.18066581,-49.38938984,"Serra do Mar coastal forests","Southeastern Brazil","Temperate South America"
778,"PMBioSA","RPPN Acurizal","Brazil",-17.83,-57.55,"Chiquitano dry forests",NA,NA
779,"PMBioSA","RPPN Eliezer Batista","Brazil",-18.09,-57.47,"Chiquitano dry forests",NA,NA
780,"PMBioSA","Sítio Santa Rosa","Brazil",-18.02,-57.49,"Chiquitano dry forests",NA,NA
781,"PMBioSA","Fazenda Santa Teresa","Brazil",-18.31,-57.5,"Chiquitano dry forests",NA,NA
782,"PMBioSA","RPPN Penha","Brazil",-17.97,-57.51,"Chiquitano dry forests",NA,NA
783,"PMCC","bci","Panama",9.15125,-79.8553,"Isthmian-Atlantic moist forests","Southwestern Caribbean","Tropical Atlantic"
784,"PMCC","sherman","Panama",9.28087,-79.9747,"Isthmian-Atlantic moist forests","Southwestern Caribbean","Tropical Atlantic"
785,"PMCC","cocoli","Panama",8.98641,-79.618,"Isthmian-Atlantic moist forests","Panama Bight","Tropical Eastern Pacific"
786,"PMCC","plot31","Panama",9.35822,-79.7481,"Isthmian-Atlantic moist forests","Southwestern Caribbean","Tropical Atlantic"
787,"PMCC","Achotines - p40","Panama",7.41381,-80.1675,"Isthmian-Pacific moist forests","Panama Bight","Tropical Eastern Pacific"
788,"PMCC","Achotines - transecto","Panama",7.42047,-80.1713,"Isthmian-Pacific moist forests","Panama Bight","Tropical Eastern Pacific"
789,"PMCC","Albrook - transecto","Panama",8.97686,-79.564,"Isthmian-Atlantic moist forests","Panama Bight","Tropical Eastern Pacific"
790,"PMCC","Parque Nacional Sarigua - transecto","Panama",7.99287,-80.531,"Panamanian dry forests","Panama Bight","Tropical Eastern Pacific"
791,"PMCC","Altos de Campana - transecto","Panama",8.68133,-79.9239,"Isthmian-Atlantic moist forests","Panama Bight","Tropical Eastern Pacific"
792,"PMCC","Camino Plantacion - transecto","Panama",9.08957,-79.6532,"Isthmian-Atlantic moist forests","Southwestern Caribbean","Tropical Atlantic"
793,"PMCC","Camino a Patacon - transecto","Panama",9.04689,-79.5717,"Isthmian-Atlantic moist forests","Panama Bight","Tropical Eastern Pacific"
794,"PMCC","Camino Castillo San Lorenzo - transecto","Panama",9.33736,-79.9836,"Isthmian-Atlantic moist forests","Southwestern Caribbean","Tropical Atlantic"
795,"PMCC","Campo Chagres - p40","Panama",9.21146,-79.5998,"Isthmian-Atlantic moist forests","Southwestern Caribbean","Tropical Atlantic"
796,"PMCC","Cerro Azul - Finca Coba - transecto","Panama",9.20758,-79.3702,"Isthmian-Atlantic moist forests","Southwestern Caribbean","Tropical Atlantic"
797,"PMCC","Cerro Azul - Finca Coba - p40.1","Panama",9.20313,-79.3622,"Isthmian-Atlantic moist forests","Southwestern Caribbean","Tropical Atlantic"
798,"PMCC","Cerro Azul - Finca Coba - p40.2","Panama",9.20958,-79.3713,"Isthmian-Atlantic moist forests","Southwestern Caribbean","Tropical Atlantic"
799,"PMCC","Cerro Guacamaya - transecto","Panama",8.51601,-80.4372,"Panamanian dry forests","Southwestern Caribbean","Tropical Atlantic"
800,"PMCC","Cerro Jefe - transecto","Panama",9.24431,-79.4499,"Isthmian-Atlantic moist forests","Southwestern Caribbean","Tropical Atlantic"
801,"PMCC","Cerro Minon - p1ha","Panama",8.93995,-79.6097,"Isthmian-Atlantic moist forests","Panama Bight","Tropical Eastern Pacific"
802,"PMCC","Cerro Minon - transecto","Panama",8.94091,-79.6078,"Isthmian-Atlantic moist forests","Panama Bight","Tropical Eastern Pacific"
803,"PMCC","Cerro Patacon - p40","Panama",9.01382,-79.596,"Isthmian-Atlantic moist forests","Panama Bight","Tropical Eastern Pacific"
804,"PMCC","Cerro Pelado - Gamboa - p40","Panama",9.12134,-79.7067,"Isthmian-Atlantic moist forests","Southwestern Caribbean","Tropical Atlantic"
805,"PMCC","Cerro Pelado - Gamboa - p1ha","Panama",9.12099,-79.6973,"Isthmian-Atlantic moist forests","Southwestern Caribbean","Tropical Atlantic"
806,"PMCC","Cerro Pelado - Gamboa - transecto.1","Panama",9.1266,-79.7048,"Isthmian-Atlantic moist forests","Southwestern Caribbean","Tropical Atlantic"
807,"PMCC","Cerro Pelado - Gamboa - transecto.2","Panama",9.12596,-79.7076,"Isthmian-Atlantic moist forests","Southwestern Caribbean","Tropical Atlantic"
808,"PMCC","Cerro Zuela - transecto","Panama",8.35582,-80.4659,"Panamanian dry forests","Panama Bight","Tropical Eastern Pacific"
809,"PMCC","Chagrecito - p40.1","Panama",9.3559,-79.3215,"Isthmian-Atlantic moist forests","Southwestern Caribbean","Tropical Atlantic"
810,"PMCC","Chagrecito - p40.2","Panama",9.36099,-79.3209,"Isthmian-Atlantic moist forests","Southwestern Caribbean","Tropical Atlantic"
811,"PMCC","Chagrecito - transecto","Panama",9.35845,-79.3212,"Isthmian-Atlantic moist forests","Southwestern Caribbean","Tropical Atlantic"
812,"PMCC","Chagres - Chilibre - p1ha","Panama",9.21255,-79.5979,"Isthmian-Atlantic moist forests","Southwestern Caribbean","Tropical Atlantic"
813,"PMCC","Chagres - Chilibre - transecto","Panama",9.21113,-79.597,"Isthmian-Atlantic moist forests","Southwestern Caribbean","Tropical Atlantic"
814,"PMCC","Futuro Forestal - transecto","Panama",8.20225,-81.9063,"Isthmian-Pacific moist forests","Nicoya","Tropical Eastern Pacific"
815,"PMCC","Clayton - transecto","Panama",9.00354,-79.5662,"Isthmian-Atlantic moist forests","Panama Bight","Tropical Eastern Pacific"
816,"PMCC","Desembocadura Rio Chagres - transecto","Panama",9.31925,-79.9986,"Isthmian-Atlantic moist forests","Southwestern Caribbean","Tropical Atlantic"
817,"PMCC","Esperanza - transecto","Panama",9.37571,-79.3579,"Isthmian-Atlantic moist forests","Southwestern Caribbean","Tropical Atlantic"
818,"PMCC","Esperanza - p40.1","Panama",9.37499,-79.3559,"Isthmian-Atlantic moist forests","Southwestern Caribbean","Tropical Atlantic"
819,"PMCC","Esperanza - p40.2","Panama",9.37642,-79.3598,"Isthmian-Atlantic moist forests","Southwestern Caribbean","Tropical Atlantic"
820,"PMCC","Finca - Batipa - transecto","Panama",8.35778,-82.2421,"Southern Mesoamerican Pacific mangroves","Nicoya","Tropical Eastern Pacific"
821,"PMCC","Fuerte San Lorenzo - p40.1","Panama",9.32393,-79.9966,"Isthmian-Atlantic moist forests","Southwestern Caribbean","Tropical Atlantic"
822,"PMCC","Fuerte San Lorenzo - p40.2","Panama",9.3372,-79.9851,"Isthmian-Atlantic moist forests","Southwestern Caribbean","Tropical Atlantic"
823,"PMCC","Sherman - Area de Manglar - transecto","Panama",9.34253,-79.9513,"Isthmian-Atlantic moist forests","Southwestern Caribbean","Tropical Atlantic"
824,"PMCC","Sherman - Roca Calcarea - transecto","Panama",9.3344,-79.9523,"Isthmian-Atlantic moist forests","Southwestern Caribbean","Tropical Atlantic"
825,"PMCC","Gigante - p40","Panama",9.09719,-79.8564,"Isthmian-Atlantic moist forests","Southwestern Caribbean","Tropical Atlantic"
826,"PMCC","Howard - transecto","Panama",8.93803,-79.5975,"Isthmian-Atlantic moist forests","Panama Bight","Tropical Eastern Pacific"
827,"PMCC","INA - Divisa - transecto","Panama",8.13736,-80.6853,"Panamanian dry forests","Panama Bight","Tropical Eastern Pacific"
828,"PMCC","Isla Bastimentos - p40","Panama",9.30978,-82.1069,"Isthmian-Atlantic moist forests","Southwestern Caribbean","Tropical Atlantic"
829,"PMCC","Isla Bastimentos - transecto.1","Panama",9.29338,-82.1019,"Isthmian-Atlantic moist forests","Southwestern Caribbean","Tropical Atlantic"
830,"PMCC","Isla Bastimentos - transecto.2","Panama",9.30242,-82.1029,"Isthmian-Atlantic moist forests","Southwestern Caribbean","Tropical Atlantic"
831,"PMCC","Isla Colon - p40","Panama",9.39207,-82.2866,"Isthmian-Atlantic moist forests","Southwestern Caribbean","Tropical Atlantic"
832,"PMCC","Isla Colon-Finca Rose Mary - transecto.1","Panama",9.43743,-82.2805,"Isthmian-Atlantic moist forests","Southwestern Caribbean","Tropical Atlantic"
833,"PMCC","Isla Colon-Finca Rose Mary - transecto.2","Panama",9.43564,-82.2835,"Isthmian-Atlantic moist forests","Southwestern Caribbean","Tropical Atlantic"
834,"PMCC","Isla Galeta - transecto","Panama",9.36914,-79.8581,"Isthmian-Atlantic moist forests","Southwestern Caribbean","Tropical Atlantic"
835,"PMCC","Isla Popa - transecto.1","Panama",9.22337,-82.1103,NA,"Southwestern Caribbean","Tropical Atlantic"
836,"PMCC","Isla Popa - transecto.2","Panama",9.22421,-82.1145,NA,"Southwestern Caribbean","Tropical Atlantic"
837,"PMCC","Nusagandi - transect.1","Panama",9.31026,-78.985,"Chocó-Darién moist forests","Southwestern Caribbean","Tropical Atlantic"
838,"PMCC","Nusagandi - transect.2","Panama",9.3023,-78.9872,"Chocó-Darién moist forests","Southwestern Caribbean","Tropical Atlantic"
839,"PMCC","Nusagandi - transect.3","Panama",9.28296,-78.9703,"Chocó-Darién moist forests","Southwestern Caribbean","Tropical Atlantic"
840,"PMCC","Tonosi - Las Tablas - transecto","Panama",7.50311,-80.1162,"Panamanian dry forests","Panama Bight","Tropical Eastern Pacific"
841,"PMCC","Playa Venado - CaÃ±as - transecto","Panama",7.42161,-80.1696,"Isthmian-Pacific moist forests","Panama Bight","Tropical Eastern Pacific"
842,"PMCC","Limites Parque Nac Chagres - transecto.1","Panama",9.26994,-79.432,"Isthmian-Atlantic moist forests","Southwestern Caribbean","Tropical Atlantic"
843,"PMCC","Limites Parque Nac Chagres - transecto.2","Panama",9.25414,-79.4382,"Isthmian-Atlantic moist forests","Southwestern Caribbean","Tropical Atlantic"
844,"PMCC","Mocambo - transecto","Panama",9.06604,-79.5684,"Isthmian-Atlantic moist forests","Panama Bight","Tropical Eastern Pacific"
845,"PMCC","Nva Providencia-RÃ­Â­o Palenque - transecto","Panama",9.27206,-79.7969,"Isthmian-Atlantic moist forests","Southwestern Caribbean","Tropical Atlantic"
846,"PMCC","Paraiso - Cerro Luisa - p40.1","Panama",9.02582,-79.615,"Isthmian-Atlantic moist forests","Panama Bight","Tropical Eastern Pacific"
847,"PMCC","Paraiso - Cerro Luisa - p40.2","Panama",9.02988,-79.6165,"Isthmian-Atlantic moist forests","Panama Bight","Tropical Eastern Pacific"
848,"PMCC","Paraiso - transecto","Panama",9.02532,-79.6148,"Isthmian-Atlantic moist forests","Panama Bight","Tropical Eastern Pacific"
849,"PMCC","Parque Metropolitano - transecto.1","Panama",8.99119,-79.5467,"Isthmian-Atlantic moist forests","Panama Bight","Tropical Eastern Pacific"
850,"PMCC","Parque Metropolitano - transecto.2","Panama",8.99147,-79.5444,"Isthmian-Atlantic moist forests","Panama Bight","Tropical Eastern Pacific"
851,"PMCC","Parque Metropolitano - transecto.3","Panama",8.99534,-79.5491,"Isthmian-Atlantic moist forests","Panama Bight","Tropical Eastern Pacific"
852,"PMCC","Parque Metropolitano - transecto.4","Panama",8.98489,-79.5466,"Isthmian-Atlantic moist forests","Panama Bight","Tropical Eastern Pacific"
853,"PMCC","Parque Camino de Cruces - transecto","Panama",9.1991,-79.5455,"Isthmian-Atlantic moist forests","Southwestern Caribbean","Tropical Atlantic"
854,"PMCC","Parq Nac Altos de Campana - p40.1","Panama",8.68288,-79.9281,"Isthmian-Atlantic moist forests","Panama Bight","Tropical Eastern Pacific"
855,"PMCC","Parq Nac Altos de Campana - p40.2","Panama",8.68347,-79.9249,"Isthmian-Atlantic moist forests","Panama Bight","Tropical Eastern Pacific"
856,"PMCC","Parq Nac Altos de Campana - transecto.1","Panama",8.68211,-79.9288,"Isthmian-Atlantic moist forests","Panama Bight","Tropical Eastern Pacific"
857,"PMCC","Parq Nac Altos de Campana - transecto.2","Panama",8.68155,-79.9232,"Isthmian-Atlantic moist forests","Panama Bight","Tropical Eastern Pacific"
858,"PMCC","Parq Nac Altos de Campana - transecto.3","Panama",8.68852,-79.9164,"Isthmian-Atlantic moist forests","Panama Bight","Tropical Eastern Pacific"
859,"PMCC","Portobelo - Nuevo Tonosi - transecto","Panama",9.54503,-79.6027,"Isthmian-Atlantic moist forests","Southwestern Caribbean","Tropical Atlantic"
860,"PMCC","Portobelo - Rio More - transecto","Panama",9.56596,-79.6534,"Isthmian-Atlantic moist forests","Southwestern Caribbean","Tropical Atlantic"
861,"PMCC","Quebrada Lopez - transecto","Panama",9.32444,-79.7995,"Isthmian-Atlantic moist forests","Southwestern Caribbean","Tropical Atlantic"
862,"PMCC","Rio Hato - parcelas","Panama",8.42722,-80.1232,"Panamanian dry forests","Panama Bight","Tropical Eastern Pacific"
863,"PMCC","Sherman - Camino de Pinas - p40.1","Panama",9.27975,-79.9829,"Isthmian-Atlantic moist forests","Southwestern Caribbean","Tropical Atlantic"
864,"PMCC","Sherman - Camino de Pinas - p40.2","Panama",9.2759,-79.9778,"Isthmian-Atlantic moist forests","Southwestern Caribbean","Tropical Atlantic"
865,"PMCC","Sherman - Camino de Pinas - transecto.1","Panama",9.27614,-79.9784,"Isthmian-Atlantic moist forests","Southwestern Caribbean","Tropical Atlantic"
866,"PMCC","Sherman - Camino de Pinas - transecto.2","Panama",9.28074,-79.9775,"Isthmian-Atlantic moist forests","Southwestern Caribbean","Tropical Atlantic"
867,"PMCC","Santa Rita - p40.1","Panama",9.35822,-79.7481,"Isthmian-Atlantic moist forests","Southwestern Caribbean","Tropical Atlantic"
868,"PMCC","Santa Rita - p40.2","Panama",9.34058,-79.7726,"Isthmian-Atlantic moist forests","Southwestern Caribbean","Tropical Atlantic"
869,"PMCC","Santa Rita - transecto","Panama",9.35489,-79.7511,"Isthmian-Atlantic moist forests","Southwestern Caribbean","Tropical Atlantic"
870,"PMCC","Santa Rita - p40","Panama",9.3561,-79.7266,"Isthmian-Atlantic moist forests","Southwestern Caribbean","Tropical Atlantic"
871,"PMCC","Santa Rita - Sierra - transecto","Panama",9.34195,-79.7723,"Isthmian-Atlantic moist forests","Southwestern Caribbean","Tropical Atlantic"
872,"PMCC","Santa Rita - Torres - transecto","Panama",9.32393,-79.7787,"Isthmian-Atlantic moist forests","Southwestern Caribbean","Tropical Atlantic"
873,"PMCC","Sendero El Charco - p40.1","Panama",9.0895,-79.6733,"Isthmian-Atlantic moist forests","Southwestern Caribbean","Tropical Atlantic"
874,"PMCC","Sendero El Charco - p40.2","Panama",9.09052,-79.6725,"Isthmian-Atlantic moist forests","Southwestern Caribbean","Tropical Atlantic"
875,"PMCC","Sendero El Charco - p40.3","Panama",9.08335,-79.6668,"Isthmian-Atlantic moist forests","Southwestern Caribbean","Tropical Atlantic"
876,"PMCC","Sendero El Charco - p40.4","Panama",9.08396,-79.6639,"Isthmian-Atlantic moist forests","Southwestern Caribbean","Tropical Atlantic"
877,"PMCC","Sendero El Charco - p40.5","Panama",9.08455,-79.6624,"Isthmian-Atlantic moist forests","Southwestern Caribbean","Tropical Atlantic"
878,"PMCC","Sendero El Charco - p1ha","Panama",9.08734,-79.6619,"Isthmian-Atlantic moist forests","Southwestern Caribbean","Tropical Atlantic"
879,"PMCC","Sendero El Charco - transecto","Panama",9.08691,-79.6619,"Isthmian-Atlantic moist forests","Southwestern Caribbean","Tropical Atlantic"
880,"PMCC","plot32","Panama",9.35583,-79.7269,"Isthmian-Atlantic moist forests","Southwestern Caribbean","Tropical Atlantic"
881,"PMCC","p01","Panama",9.33253,-79.9541,"Isthmian-Atlantic moist forests","Southwestern Caribbean","Tropical Atlantic"
882,"PMCC","p02","Panama",9.32296,-79.9621,"Isthmian-Atlantic moist forests","Southwestern Caribbean","Tropical Atlantic"
883,"PMCC","p03","Panama",9.26033,-79.956,"Isthmian-Atlantic moist forests","Southwestern Caribbean","Tropical Atlantic"
884,"PMCC","p04","Panama",9.25802,-79.9529,"Isthmian-Atlantic moist forests","Southwestern Caribbean","Tropical Atlantic"
885,"PMCC","p05","Panama",9.15682,-79.7517,"Isthmian-Atlantic moist forests","Southwestern Caribbean","Tropical Atlantic"
886,"PMCC","p06","Panama",9.1565,-79.7442,"Isthmian-Atlantic moist forests","Southwestern Caribbean","Tropical Atlantic"
887,"PMCC","p07","Panama",9.16093,-79.7427,"Isthmian-Atlantic moist forests","Southwestern Caribbean","Tropical Atlantic"
888,"PMCC","p08","Panama",9.1683,-79.7464,"Isthmian-Atlantic moist forests","Southwestern Caribbean","Tropical Atlantic"
889,"PMCC","p09","Panama",9.16878,-79.7407,"Isthmian-Atlantic moist forests","Southwestern Caribbean","Tropical Atlantic"
890,"PMCC","p10","Panama",9.14462,-79.8587,"Isthmian-Atlantic moist forests","Southwestern Caribbean","Tropical Atlantic"
891,"PMCC","p11","Panama",9.14491,-79.8779,"Isthmian-Atlantic moist forests","Southwestern Caribbean","Tropical Atlantic"
892,"PMCC","p12","Panama",9.17936,-79.8296,"Isthmian-Atlantic moist forests","Southwestern Caribbean","Tropical Atlantic"
893,"PMCC","p13","Panama",9.18788,-79.821,"Isthmian-Atlantic moist forests","Southwestern Caribbean","Tropical Atlantic"
894,"PMCC","p14","Panama",9.15824,-79.8612,"Isthmian-Atlantic moist forests","Southwestern Caribbean","Tropical Atlantic"
895,"PMCC","p15","Panama",9.16176,-79.7453,"Isthmian-Atlantic moist forests","Southwestern Caribbean","Tropical Atlantic"
896,"PMCC","p16","Panama",9.14674,-79.7125,"Isthmian-Atlantic moist forests","Southwestern Caribbean","Tropical Atlantic"
897,"PMCC","p17","Panama",9.15181,-79.7158,"Isthmian-Atlantic moist forests","Southwestern Caribbean","Tropical Atlantic"
898,"PMCC","p18","Panama",9.14346,-79.8825,"Isthmian-Atlantic moist forests","Southwestern Caribbean","Tropical Atlantic"
899,"PMCC","p19","Panama",9.19917,-79.7741,"Isthmian-Atlantic moist forests","Southwestern Caribbean","Tropical Atlantic"
900,"PMCC","p20","Panama",9.19028,-79.7643,"Isthmian-Atlantic moist forests","Southwestern Caribbean","Tropical Atlantic"
901,"PMCC","p21","Panama",9.14149,-79.6935,"Isthmian-Atlantic moist forests","Southwestern Caribbean","Tropical Atlantic"
902,"PMCC","p22","Panama",9.14787,-79.6931,"Isthmian-Atlantic moist forests","Southwestern Caribbean","Tropical Atlantic"
903,"PMCC","p23","Panama",9.1217,-79.6731,"Isthmian-Atlantic moist forests","Southwestern Caribbean","Tropical Atlantic"
904,"PMCC","p24","Panama",9.12372,-79.6767,"Isthmian-Atlantic moist forests","Southwestern Caribbean","Tropical Atlantic"
905,"PMCC","p25","Panama",9.07852,-79.7989,"Isthmian-Atlantic moist forests","Southwestern Caribbean","Tropical Atlantic"
906,"PMCC","p26","Panama",9.07646,-79.7869,"Isthmian-Atlantic moist forests","Southwestern Caribbean","Tropical Atlantic"
907,"PMCC","p27","Panama",9.08048,-79.6451,"Isthmian-Atlantic moist forests","Southwestern Caribbean","Tropical Atlantic"
908,"PMCC","p28","Panama",9.08652,-79.6424,"Isthmian-Atlantic moist forests","Southwestern Caribbean","Tropical Atlantic"
909,"PMCC","p29","Panama",8.98591,-79.6384,"Isthmian-Atlantic moist forests","Panama Bight","Tropical Eastern Pacific"
910,"PMCC","p30","Panama",8.99585,-79.6425,"Isthmian-Atlantic moist forests","Panama Bight","Tropical Eastern Pacific"
911,"PMCC","p33","Panama",9.39101,-79.6556,"Isthmian-Atlantic moist forests","Southwestern Caribbean","Tropical Atlantic"
912,"PMCC","p34","Panama",9.41848,-79.5392,"Isthmian-Atlantic moist forests","Southwestern Caribbean","Tropical Atlantic"
913,"PMCC","p35","Panama",9.45961,-79.5738,"Eastern Panamanian montane forests","Southwestern Caribbean","Tropical Atlantic"
914,"PMCC","p36","Panama",9.39658,-79.5265,"Isthmian-Atlantic moist forests","Southwestern Caribbean","Tropical Atlantic"
915,"PMCC","p37","Panama",9.31929,-79.2868,"Isthmian-Atlantic moist forests","Southwestern Caribbean","Tropical Atlantic"
916,"PMCC","p38","Panama",8.70954,-80.0845,"Isthmian-Atlantic moist forests","Southwestern Caribbean","Tropical Atlantic"
917,"PMCC","p39","Panama",8.73808,-80.0803,"Talamancan montane forests","Southwestern Caribbean","Tropical Atlantic"
918,"PMCC","p40","Panama",9.28448,-79.4504,"Isthmian-Atlantic moist forests","Southwestern Caribbean","Tropical Atlantic"
919,"PMCC","p41","Panama",9.28826,-79.4156,"Isthmian-Atlantic moist forests","Southwestern Caribbean","Tropical Atlantic"
920,"PMCC","achotines","Panama",7.38668,-80.1676,NA,"Panama Bight","Tropical Eastern Pacific"
921,"PMCC","campochagres","Panama",9.21146,-79.5998,"Isthmian-Atlantic moist forests","Southwestern Caribbean","Tropical Atlantic"
922,"PMCC","caritas","Panama",9.08519,-79.6077,"Isthmian-Atlantic moist forests","Southwestern Caribbean","Tropical Atlantic"
923,"PMCC","cerrogalera","Panama",8.9267,-79.6232,"Isthmian-Atlantic moist forests","Panama Bight","Tropical Eastern Pacific"
924,"PMCC","cerrolatorre","Panama",8.91182,-79.5868,"Panamanian dry forests","Panama Bight","Tropical Eastern Pacific"
925,"PMCC","coba1","Panama",9.20313,-79.3622,"Isthmian-Atlantic moist forests","Southwestern Caribbean","Tropical Atlantic"
926,"PMCC","coba2","Panama",9.20958,-79.3713,"Isthmian-Atlantic moist forests","Southwestern Caribbean","Tropical Atlantic"
927,"PMCC","elcharco","Panama",9.08405,-79.6634,"Isthmian-Atlantic moist forests","Southwestern Caribbean","Tropical Atlantic"
928,"PMCC","ina","Panama",8.13735,-80.6854,"Panamanian dry forests","Panama Bight","Tropical Eastern Pacific"
929,"PMCC","lp1","Panama",9.1247,-79.9048,"Isthmian-Atlantic moist forests","Southwestern Caribbean","Tropical Atlantic"
930,"PMCC","lp2","Panama",9.12526,-79.8853,"Isthmian-Atlantic moist forests","Southwestern Caribbean","Tropical Atlantic"
931,"PMCC","gigante1","Panama",9.09919,-79.854,"Isthmian-Atlantic moist forests","Southwestern Caribbean","Tropical Atlantic"
932,"PMCC","gavilan","Panama",9.18769,-82.5404,"Isthmian-Atlantic moist forests","Southwestern Caribbean","Tropical Atlantic"
933,"PMCC","metrop","Panama",8.99459,-79.543,"Isthmian-Atlantic moist forests","Panama Bight","Tropical Eastern Pacific"
934,"PMCC","soberania","Panama",9.06195,-79.6394,"Isthmian-Atlantic moist forests","Southwestern Caribbean","Tropical Atlantic"
935,"PMCC","gigante2","Panama",9.10353,-79.8536,"Isthmian-Atlantic moist forests","Southwestern Caribbean","Tropical Atlantic"
936,"PMCC","Pavas1","Panama",9.09014,-79.8923,"Isthmian-Atlantic moist forests","Southwestern Caribbean","Tropical Atlantic"
937,"PMCC","Pavas2","Panama",9.0756,-79.8938,"Isthmian-Atlantic moist forests","Southwestern Caribbean","Tropical Atlantic"
938,"PMCC","Mendoza1","Panama",9.01959,-79.8788,"Isthmian-Atlantic moist forests","Southwestern Caribbean","Tropical Atlantic"
939,"PMCC","CanoQuebrado","Panama",8.99043,-79.8501,"Isthmian-Atlantic moist forests","Southwestern Caribbean","Tropical Atlantic"
940,"PMCC","Cacao_Lidice","Panama",8.75003,-80.002,"Isthmian-Atlantic moist forests","Southwestern Caribbean","Tropical Atlantic"
941,"PMCC","Cacao_Cirigrande","Panama",8.75997,-80.0238,"Isthmian-Atlantic moist forests","Southwestern Caribbean","Tropical Atlantic"
942,"PMCC","Ciri_ArenaBlanca","Panama",8.86259,-80.056,"Isthmian-Atlantic moist forests","Southwestern Caribbean","Tropical Atlantic"
943,"PMCC","Ciri_Pueblo","Panama",8.82039,-80.0663,"Isthmian-Atlantic moist forests","Southwestern Caribbean","Tropical Atlantic"
944,"PMCC","Lagarterita","Panama",9.07357,-79.9135,"Isthmian-Atlantic moist forests","Southwestern Caribbean","Tropical Atlantic"
945,"PMCC","LasPavas_entrada","Panama",9.07066,-79.9131,"Isthmian-Atlantic moist forests","Southwestern Caribbean","Tropical Atlantic"
946,"PMCC","CerroCama_Mendoza","Panama",9.01987,-79.8956,"Isthmian-Atlantic moist forests","Southwestern Caribbean","Tropical Atlantic"
947,"PMCC","Pavas3","Panama",9.06517,-79.921,"Isthmian-Atlantic moist forests","Southwestern Caribbean","Tropical Atlantic"
948,"PMCC","Pavas4","Panama",9.05604,-79.9175,"Isthmian-Atlantic moist forests","Southwestern Caribbean","Tropical Atlantic"
949,"PMCC","Arenosa1","Panama",9.03137,-79.9337,"Isthmian-Atlantic moist forests","Southwestern Caribbean","Tropical Atlantic"
950,"PMCC","Arenosa2","Panama",9.00714,-79.9306,"Isthmian-Atlantic moist forests","Southwestern Caribbean","Tropical Atlantic"
951,"PMCC","Arenosa3","Panama",8.99686,-79.9264,"Isthmian-Atlantic moist forests","Southwestern Caribbean","Tropical Atlantic"
952,"PMCC","Tinajones_arriba1","Panama",9.04607,-79.8807,"Isthmian-Atlantic moist forests","Southwestern Caribbean","Tropical Atlantic"
953,"PMCC","Tinajones_arriba2","Panama",9.0283,-79.8786,"Isthmian-Atlantic moist forests","Southwestern Caribbean","Tropical Atlantic"
954,"PMCC","Arenas_Blanca2","Panama",8.85581,-80.0569,"Isthmian-Atlantic moist forests","Southwestern Caribbean","Tropical Atlantic"
955,"PMCC","Laguna1","Panama",9.01724,-79.8692,"Isthmian-Atlantic moist forests","Southwestern Caribbean","Tropical Atlantic"
956,"PMCC","Laguna2","Panama",9.02785,-79.8647,"Isthmian-Atlantic moist forests","Southwestern Caribbean","Tropical Atlantic"
957,"PMCC","Jobo1","Panama",9.00816,-79.8402,"Isthmian-Atlantic moist forests","Southwestern Caribbean","Tropical Atlantic"
958,"PMCC","Jobo2","Panama",9.00733,-79.827,"Isthmian-Atlantic moist forests","Southwestern Caribbean","Tropical Atlantic"
959,"PMCC","Congo1","Panama",8.9236,-79.7857,"Isthmian-Atlantic moist forests","Panama Bight","Tropical Eastern Pacific"
960,"PMCC","Congo2","Panama",8.9627,-79.8002,"Isthmian-Atlantic moist forests","Southwestern Caribbean","Tropical Atlantic"
961,"PMCC","Congo3","Panama",8.96951,-79.8127,"Isthmian-Atlantic moist forests","Southwestern Caribbean","Tropical Atlantic"
962,"PMCC","fincaroubik","Panama",9.33476,-79.7809,"Isthmian-Atlantic moist forests","Southwestern Caribbean","Tropical Atlantic"
963,"PMCC","metrop2","Panama",8.98325,-79.5454,"Isthmian-Atlantic moist forests","Panama Bight","Tropical Eastern Pacific"
964,"PMP.BCES","PMP-BCES - Trecho 1A","Brazil",-18.47053,-39.71689,"Southern Atlantic mangroves","Eastern Brazil","Tropical Atlantic"
965,"PMP.BCES","PMP-BCES - Trecho 1B","Brazil",-18.84782,-39.7492,"Southern Atlantic mangroves","Eastern Brazil","Tropical Atlantic"
966,"PMP.BCES","PMP-BCES - Trecho 2A","Brazil",-19.37973,-39.70064,"Atlantic Coast restingas","Eastern Brazil","Tropical Atlantic"
967,"PMP.BCES","PMP-BCES - Trecho 2B","Brazil",-19.7209,-39.96147,"Bahia coastal forests","Eastern Brazil","Tropical Atlantic"
968,"PMP.BCES","PMP-BCES - Trecho 3A","Brazil",-19.9408,-40.1395,"Bahia coastal forests","Eastern Brazil","Tropical Atlantic"
969,"PMP.BCES","PMP-BCES - Trecho 3B","Brazil",-20.23643,-40.21564,"Bahia coastal forests","Eastern Brazil","Tropical Atlantic"
970,"PMP.BCES","PMP-BCES - Trecho 4A","Brazil",-20.7284,-40.5224,"Bahia coastal forests","Eastern Brazil","Tropical Atlantic"
971,"PMP.BCES","PMP-BCES - Trecho 4B","Brazil",-21.0435,-40.8243,"Bahia interior forests","Eastern Brazil","Tropical Atlantic"
972,"PMP.BCES","PMP-BCES - Trecho 5A","Brazil",-21.4875,-41.0635,"Atlantic Coast restingas","Eastern Brazil","Tropical Atlantic"
973,"PMP.BCES","PMP-BCES - Trecho 5B","Brazil",-21.916,-40.9808,"Atlantic Coast restingas","Eastern Brazil","Tropical Atlantic"
974,"PMP.BCES","PMP-BCES - Trecho 6A","Brazil",-22.19045,-41.40721,"Atlantic Coast restingas","Eastern Brazil","Tropical Atlantic"
975,"PMP.BCES","PMP-BCES - Trecho 6B","Brazil",-22.4542,-41.8551,"Serra do Mar coastal forests","Eastern Brazil","Tropical Atlantic"
976,"PMP.BCES","PMP-BCES - Trecho 7A","Brazil",-22.7548,-41.9007,"Serra do Mar coastal forests","Eastern Brazil","Tropical Atlantic"
977,"PMP.BCES","PMP-BCES - Trecho 7B","Brazil",-22.94036,-42.2547,"Serra do Mar coastal forests","Southeastern Brazil","Temperate South America"
978,"PMP.BS.RJ","PMP-BS-RJ - Trecho 11","Brazil",-23.2456,-44.7111,"Southern Atlantic mangroves","Southeastern Brazil","Temperate South America"
979,"PMP.BS.RJ","PMP-BS-RJ - Trecho 12","Brazil",-23.0123,-44.318,"Serra do Mar coastal forests","Southeastern Brazil","Temperate South America"
980,"PMP.BS.RJ","PMP-BS-RJ - Trecho 13","Brazil",-22.957,-43.9098,NA,"Southeastern Brazil","Temperate South America"
981,"PMP.BS.RJ","PMP-BS-RJ - Trecho 14","Brazil",-22.9102,-43.1613,NA,"Southeastern Brazil","Temperate South America"
982,"PMP.BS.RJ","PMP-BS-RJ - Trecho 15","Brazil",-22.9563,-42.7229,"Serra do Mar coastal forests","Southeastern Brazil","Temperate South America"
983,"PMP.BS.SCPR","PMP-BS-SCPR - Trecho 1","Brazil",-28.28,-48.6898,"Serra do Mar coastal forests","Southeastern Brazil","Temperate South America"
984,"PMP.BS.SCPR","PMP-BS-SCPR - Trecho 2","Brazil",-27.9091,-48.591,"Serra do Mar coastal forests","Southeastern Brazil","Temperate South America"
985,"PMP.BS.SCPR","PMP-BS-SCPR - Trecho 3","Brazil",-27.6025,-48.431,"Serra do Mar coastal forests","Southeastern Brazil","Temperate South America"
986,"PMP.BS.SCPR","PMP-BS-SCPR - Trecho 4","Brazil",-26.9187,-48.6405,NA,"Southeastern Brazil","Temperate South America"
987,"PMP.BS.SCPR","PMP-BS-SCPR - Trecho 5","Brazil",-26.1714,-48.55,"Southern Atlantic mangroves","Southeastern Brazil","Temperate South America"
988,"PMP.BS.SCPR","PMP-BS-SCPR - Trecho 6","Brazil",-25.5689,-48.3495,NA,"Southeastern Brazil","Temperate South America"
989,"PMP.BS.SP","PMP-BS-SP - Trecho 7","Brazil",-25.0527,-47.9046,NA,"Southeastern Brazil","Temperate South America"
990,"PMP.BS.SP","PMP-BS-SP - Trecho 8","Brazil",-24.0839,-46.5914,"Serra do Mar coastal forests","Southeastern Brazil","Temperate South America"
991,"PMP.BS.SP","PMP-BS-SP - Trecho 9","Brazil",-23.9093,-46.1633,"Serra do Mar coastal forests","Southeastern Brazil","Temperate South America"
992,"PMP.BS.SP","PMP-BS-SP - Trecho 10","Brazil",-23.4497,-45.0632,"Serra do Mar coastal forests","Southeastern Brazil","Temperate South America"
993,"PMP.RNCE","PMP-RNCE - Trecho A","Brazil",-25,-47,NA,"Southeastern Brazil","Temperate South America"
994,"PMP.RNCE","PMP-RNCE - Trecho B","Brazil",-4.9378,-36.9063,NA,"Northeastern Brazil","Tropical Atlantic"
996,"PMP.RNCE","PMP-RNCE - Trecho D","Brazil",-5.0756,-36.1391,NA,"Northeastern Brazil","Tropical Atlantic"
997,"PMP.RNCE","PMP-RNCE - Trecho E","Brazil",-4.11811,-38.13742,"Caatinga","Northeastern Brazil","Tropical Atlantic"
998,"PMP.SEAL","PMP-SEAL - Trecho Pontal do Peba","Brazil",-10.4935,-36.30162,NA,"Northeastern Brazil","Tropical Atlantic"
999,"PMP.SEAL","PMP-SEAL - Trecho Ponta dos Mangues","Brazil",-10.74234,-36.60768,NA,"Northeastern Brazil","Tropical Atlantic"
1000,"PMP.SEAL","PMP-SEAL - Trecho Barra dos Coqueiros","Brazil",-10.95311,-36.85397,NA,"Northeastern Brazil","Tropical Atlantic"
1001,"PMP.SEAL","PMP-SEAL - Trecho Aracaju","Brazil",-11.12485,-37.03507,NA,"Northeastern Brazil","Tropical Atlantic"
1002,"PMP.SEAL","PMP-SEAL - Trecho Abaís","Brazil",-11.42932,-37.17372,NA,"Northeastern Brazil","Tropical Atlantic"
1003,"PMP.SEAL","PMP-SEAL - Trecho Mangue Seco","Brazil",-11.74011,-37.35249,NA,"Northeastern Brazil","Tropical Atlantic"
1004,"PMP.SEAL","PMP-SEAL - Trecho Sítio do Conde","Brazil",-11.96576,-37.51317,NA,"Northeastern Brazil","Tropical Atlantic"
1005,"POPA APAF","APA_Alter_do_Chao_Mataraí","Brazil",-2.47232,-54.96292,"Madeira-Tapajós moist forests","Amazonia","Tropical Atlantic"
1006,"POPA APAF","APA_Alter_do_Chao_Arioca","Brazil",-2.48375,-54.9645,"Madeira-Tapajós moist forests","Amazonia","Tropical Atlantic"
1007,"POPA APAF","APA_Alter_do_Chao_Bufalo","Brazil",-2.48765,-54.95524,"Madeira-Tapajós moist forests","Amazonia","Tropical Atlantic"
1008,"POPA APAF","APA_Alter_do_Chao_Pirarucuri","Brazil",-2.49195,-54.95488,"Madeira-Tapajós moist forests","Amazonia","Tropical Atlantic"
1009,"POPA APAF","APA_Alter_do_Chao_Miritiapina","Brazil",-2.47826,-54.95219,"Tapajós-Xingu moist forests","Amazonia","Tropical Atlantic"
1010,"POPA APAF","APA_Alter_do_Chao_Jucá","Brazil",-2.48304,-54.9463,"Tapajós-Xingu moist forests","Amazonia","Tropical Atlantic"
1011,"POPA APAF","APA_Alter_do_Chao_Miritiapina-atras","Brazil",-2.4734,-54.95222,"Tapajós-Xingu moist forests","Amazonia","Tropical Atlantic"
1012,"POPA APAF","APA_Alter_do_Chao_Mucaim/HelenaTapajos","Brazil",-2.46458,-54.94626,"Tapajós-Xingu moist forests","Amazonia","Tropical Atlantic"
1013,"POPA APAF","APA_Alter_do_Chao_Macaco1","Brazil",-2.45923,-54.91492,"Tapajós-Xingu moist forests","Amazonia","Tropical Atlantic"
1014,"POPA APAF","APA_Alter_do_Chao_Mucaim-D.Helena","Brazil",-2.46683,-54.93402,"Tapajós-Xingu moist forests","Amazonia","Tropical Atlantic"
1015,"POPA APAF","APA_Alter_do_Chao_Cambeua","Brazil",-2.45545,-54.93324,"Tapajós-Xingu moist forests","Amazonia","Tropical Atlantic"
1016,"POPA APAF","APA_Alter_do_Chao_Caapiranga-Lago","Brazil",-2.48115,-54.92392,"Tapajós-Xingu moist forests","Amazonia","Tropical Atlantic"
1017,"POPA APAF","APA_Alter_do_Chao_Caapiranga","Brazil",-2.48508,-54.91916,"Tapajós-Xingu moist forests","Amazonia","Tropical Atlantic"
1018,"POPA APAF","APA_Alter_do_Chao_Norato","Brazil",-2.49296,-54.92893,"Tapajós-Xingu moist forests","Amazonia","Tropical Atlantic"
1019,"POPA APAF","APA_Alter_do_Chao_Saru","Brazil",-2.47996,-54.93384,"Tapajós-Xingu moist forests","Amazonia","Tropical Atlantic"
1020,"POPA APAF","APA_Alter_do_Chao_Sta Luzia","Brazil",-2.49425,-54.93947,"Tapajós-Xingu moist forests","Amazonia","Tropical Atlantic"
1021,"POPA APAF","APA_Alter_do_Chao_Taracua","Brazil",-2.4953,-54.91359,"Tapajós-Xingu moist forests","Amazonia","Tropical Atlantic"
1022,"POPA APAF","APA_Alter_do_Chao_Parana","Brazil",-2.50954,-54.921,"Tapajós-Xingu moist forests","Amazonia","Tropical Atlantic"
1023,"POPA APAF","APA_Alter_do_Chao_Ilha Grande","Brazil",-2.4987,-54.90245,"Tapajós-Xingu moist forests","Amazonia","Tropical Atlantic"
1024,"POPA APAF","APA_Alter_do_Chao_Seringa","Brazil",-2.48647,-54.89592,"Tapajós-Xingu moist forests","Amazonia","Tropical Atlantic"
1025,"POPA APAF","APA_Alter_do_Chao_Paraiso","Brazil",-2.46923,-54.89251,"Tapajós-Xingu moist forests","Amazonia","Tropical Atlantic"
1026,"POPA APAF","APA_Alter_do_Chao_Jacú","Brazil",-2.45735,-54.89819,"Tapajós-Xingu moist forests","Amazonia","Tropical Atlantic"
1027,"POPA APAF","APA_Alter_do_Chao_Ilha da roça","Brazil",-2.45586,-54.89073,"Tapajós-Xingu moist forests","Amazonia","Tropical Atlantic"
1028,"POPA APAF","APA_Alter_do_Chao_Mureta","Brazil",-2.5314,-54.97554,"Madeira-Tapajós moist forests","Amazonia","Tropical Atlantic"
1029,"POPA APAF","APA_Alter_do_Chao_Jurucui","Brazil",-2.54306,-54.96405,"Madeira-Tapajós moist forests","Amazonia","Tropical Atlantic"
1030,"POPA APAF","APA_Alter_do_Chao_Mucaim-Estrada","Brazil",-2.47089,-54.94989,"Tapajós-Xingu moist forests","Amazonia","Tropical Atlantic"
1031,"POPA APAF","APA_Alter_do_Chao_São Luiz","Brazil",-2.54107,-54.95714,"Madeira-Tapajós moist forests","Amazonia","Tropical Atlantic"
1032,"POPA APAF","APA_Alter_do_Chao_São Vicente","Brazil",-2.53578,-54.92504,"Tapajós-Xingu moist forests","Amazonia","Tropical Atlantic"
1033,"POPA APAF","APA_Alter_do_Chao_Anisio","Brazil",-2.53654,-54.91146,"Tapajós-Xingu moist forests","Amazonia","Tropical Atlantic"
1034,"POPA APAF","APA_Alter_do_Chao_Caratinga","Brazil",-2.52992,-54.95477,"Madeira-Tapajós moist forests","Amazonia","Tropical Atlantic"
1035,"POPA APAF","APA_Alter_do_Chao_São Raimundo","Brazil",-2.57722,-54.91579,"Tapajós-Xingu moist forests","Amazonia","Tropical Atlantic"
1036,"POPA APAF","APA_Alter_do_Chao_Serra do Mocoto","Brazil",-2.54674,-54.94904,"Madeira-Tapajós moist forests","Amazonia","Tropical Atlantic"
1037,"POPA APAF","APA_Alter_do_Chao_Murajuba","Brazil",-2.54858,-54.89786,"Tapajós-Xingu moist forests","Amazonia","Tropical Atlantic"
1038,"POPA APAF","APA_Alter_do_Chao_Andiroba-Advogado","Brazil",-2.50315,-54.85775,"Tapajós-Xingu moist forests","Amazonia","Tropical Atlantic"
1039,"POPA APAS","APA_Alter_do_Chao_S01","Brazil",-2.48896,-54.96246,"Madeira-Tapajós moist forests","Amazonia","Tropical Atlantic"
1040,"POPA APAS","APA_Alter_do_Chao_S02","Brazil",-2.49166,-54.93709,"Tapajós-Xingu moist forests","Amazonia","Tropical Atlantic"
1041,"POPA APAS","APA_Alter_do_Chao_S04","Brazil",-2.53554,-54.97435,"Madeira-Tapajós moist forests","Amazonia","Tropical Atlantic"
1042,"POPA APAS","APA_Alter_do_Chao_S05","Brazil",-2.54489,-54.97569,"Madeira-Tapajós moist forests","Amazonia","Tropical Atlantic"
1043,"POPA APAS","APA_Alter_do_Chao_S06","Brazil",-2.47456,-54.92815,"Tapajós-Xingu moist forests","Amazonia","Tropical Atlantic"
1044,"POPA APAS","APA_Alter_do_Chao_S07","Brazil",-2.51197,-54.92709,"Madeira-Tapajós moist forests","Amazonia","Tropical Atlantic"
1045,"POPA APAS","APA_Alter_do_Chao_S08","Brazil",-2.53557,-54.9013,"Tapajós-Xingu moist forests","Amazonia","Tropical Atlantic"
1046,"POPA APAS","APA_Alter_do_Chao_S09","Brazil",-2.48653,-54.95977,"Madeira-Tapajós moist forests","Amazonia","Tropical Atlantic"
1047,"POPA APAS","APA_Alter_do_Chao_S10","Brazil",-2.53071,-54.90686,"Tapajós-Xingu moist forests","Amazonia","Tropical Atlantic"
1048,"POPA APAS","APA_Alter_do_Chao_S13","Brazil",-2.45056,-54.90017,"Tapajós-Xingu moist forests","Amazonia","Tropical Atlantic"
1049,"POPA APAS","APA_Alter_do_Chao_S14","Brazil",-2.494,-54.89826,"Tapajós-Xingu moist forests","Amazonia","Tropical Atlantic"
1050,"POPA APAS","APA_Alter_do_Chao_S15","Brazil",-2.52674,-54.90431,"Tapajós-Xingu moist forests","Amazonia","Tropical Atlantic"
1051,"POPA APAS","APA_Alter_do_Chao_S16","Brazil",-2.52688,-54.91019,"Tapajós-Xingu moist forests","Amazonia","Tropical Atlantic"
1052,"POPA APAS","APA_Alter_do_Chao_S17","Brazil",-2.54015,-54.97463,"Madeira-Tapajós moist forests","Amazonia","Tropical Atlantic"
1053,"POPA APAS","APA_Alter_do_Chao_S18","Brazil",-2.52518,-54.97478,"Madeira-Tapajós moist forests","Amazonia","Tropical Atlantic"
1054,"POPA APAS","APA_Alter_do_Chao_S19","Brazil",-2.47526,-54.92032,"Tapajós-Xingu moist forests","Amazonia","Tropical Atlantic"
1055,"POPA APAS","APA_Alter_do_Chao_S20","Brazil",-2.47256,-54.92114,"Tapajós-Xingu moist forests","Amazonia","Tropical Atlantic"
1056,"POPA APAS","APA_Alter_do_Chao_S21","Brazil",-2.49213,-54.93205,"Tapajós-Xingu moist forests","Amazonia","Tropical Atlantic"
1057,"POPA APAS","APA_Alter_do_Chao_S22","Brazil",-2.48498,-54.93451,"Tapajós-Xingu moist forests","Amazonia","Tropical Atlantic"
1058,"POPA APAS","APA_Alter_do_Chao_S23","Brazil",-2.49846,-54.93275,"Tapajós-Xingu moist forests","Amazonia","Tropical Atlantic"
1059,"POPA APAS","APA_Alter_do_Chao_S24","Brazil",-2.49459,-54.92114,"Tapajós-Xingu moist forests","Amazonia","Tropical Atlantic"
1060,"POPA APAS","APA_Alter_do_Chao_S25","Brazil",-2.51316,-54.91787,"Tapajós-Xingu moist forests","Amazonia","Tropical Atlantic"
1061,"POPA APAS","APA_Alter_do_Chao_S26","Brazil",-2.50552,-54.92764,"Tapajós-Xingu moist forests","Amazonia","Tropical Atlantic"
1062,"POPA APAS","APA_Alter_do_Chao_S27","Brazil",-2.50493,-54.92099,"Tapajós-Xingu moist forests","Amazonia","Tropical Atlantic"
1063,"POPA APAS","APA_Alter_do_Chao_S28","Brazil",-2.5089,-54.91165,"Tapajós-Xingu moist forests","Amazonia","Tropical Atlantic"
1064,"POPA APAS","APA_Alter_do_Chao_S29","Brazil",-2.45372,-54.90329,"Tapajós-Xingu moist forests","Amazonia","Tropical Atlantic"
1065,"POPA APAS","APA_Alter_do_Chao_S31","Brazil",-2.46902,-54.89699,"Tapajós-Xingu moist forests","Amazonia","Tropical Atlantic"
1066,"POPA APAS","APA_Alter_do_Chao_S32","Brazil",-2.48394,-54.89569,"Tapajós-Xingu moist forests","Amazonia","Tropical Atlantic"
1067,"POPA APAS","APA_Alter_do_Chao_S33","Brazil",-2.49541,-54.90542,"Tapajós-Xingu moist forests","Amazonia","Tropical Atlantic"
1068,"POPA APAS","APA_Alter_do_Chao_S34","Brazil",-2.47326,-54.90272,"Tapajós-Xingu moist forests","Amazonia","Tropical Atlantic"
1069,"POPA APAS","APA_Alter_do_Chao_S35","Brazil",-2.45907,-54.88808,"Tapajós-Xingu moist forests","Amazonia","Tropical Atlantic"
1070,"POPA APAS","APA_Alter_do_Chao_S36","Brazil",-2.46798,-54.88327,"Tapajós-Xingu moist forests","Amazonia","Tropical Atlantic"
1071,"POPA APAS","APA_Alter_do_Chao_S37","Brazil",-2.47527,-54.89378,"Tapajós-Xingu moist forests","Amazonia","Tropical Atlantic"
1072,"POPA APAS","APA_Alter_do_Chao_S38","Brazil",-2.45767,-54.8776,"Tapajós-Xingu moist forests","Amazonia","Tropical Atlantic"
1073,"POPA APAS","APA_Alter_do_Chao_S39","Brazil",-2.46564,-54.87619,"Tapajós-Xingu moist forests","Amazonia","Tropical Atlantic"
1074,"POPA APAS","APA_Alter_do_Chao_S40","Brazil",-2.4596,-54.90284,"Tapajós-Xingu moist forests","Amazonia","Tropical Atlantic"
1075,"POPA ervas","Floresta Nacional do Tapajós - POPA","Brazil",-3.36982,-54.94344,"Tapajós-Xingu moist forests","Amazonia","Tropical Atlantic"
1076,"POPA FNT","Modulo_Acaratinga_500S","Brazil",-2.847222,-55.039167,"Madeira-Tapajós moist forests","Amazonia","Tropical Atlantic"
1077,"POPA FNT","Modulo_Acaratinga_1500S","Brazil",-2.847222,-55.039167,"Madeira-Tapajós moist forests","Amazonia","Tropical Atlantic"
1078,"POPA FNT","Modulo_Acaratinga_2500S","Brazil",-2.847222,-55.039167,"Madeira-Tapajós moist forests","Amazonia","Tropical Atlantic"
1079,"POPA FNT","Modulo_Acaratinga_3500S","Brazil",-2.847222,-55.039167,"Madeira-Tapajós moist forests","Amazonia","Tropical Atlantic"
1080,"POPA FNT","Modulo_Acaratinga_4500S","Brazil",-2.847222,-55.039167,"Madeira-Tapajós moist forests","Amazonia","Tropical Atlantic"
1081,"POPA FNT","Modulo_Acaratinga_500N","Brazil",-2.847222,-55.039167,"Madeira-Tapajós moist forests","Amazonia","Tropical Atlantic"
1082,"POPA FNT","Modulo_Acaratinga_1500N","Brazil",-2.847222,-55.039167,"Madeira-Tapajós moist forests","Amazonia","Tropical Atlantic"
1083,"POPA FNT","Modulo_Acaratinga_2500N","Brazil",-2.847222,-55.039167,"Madeira-Tapajós moist forests","Amazonia","Tropical Atlantic"
1084,"POPA FNT","Modulo_Acaratinga_3500N","Brazil",-2.847222,-55.039167,"Madeira-Tapajós moist forests","Amazonia","Tropical Atlantic"
1085,"POPA FNT","Modulo_Acaratinga_4500N","Brazil",-2.847222,-55.039167,"Madeira-Tapajós moist forests","Amazonia","Tropical Atlantic"
1086,"POPA FNT","Modulo_Jaguarari_500N","Brazil",-2.894167,-55.058056,"Madeira-Tapajós moist forests","Amazonia","Tropical Atlantic"
1087,"POPA FNT","Modulo_Jaguarari_1500S","Brazil",-2.894167,-55.058056,"Madeira-Tapajós moist forests","Amazonia","Tropical Atlantic"
1088,"POPA FNT","Modulo_Jaguarari_2500S","Brazil",-2.894167,-55.058056,"Madeira-Tapajós moist forests","Amazonia","Tropical Atlantic"
1089,"POPA FNT","Modulo_Jaguarari_3500S","Brazil",-2.894167,-55.058056,"Madeira-Tapajós moist forests","Amazonia","Tropical Atlantic"
1090,"POPA FNT","Modulo_Jaguarari_4500S","Brazil",-2.894167,-55.058056,"Madeira-Tapajós moist forests","Amazonia","Tropical Atlantic"
1091,"POPA FNT","Modulo_km67_500S","Brazil",-2.845343,-54.910673,"Tapajós-Xingu moist forests","Amazonia","Tropical Atlantic"
1092,"POPA FNT","Modulo_km67_1500S","Brazil",-2.845343,-54.910673,"Tapajós-Xingu moist forests","Amazonia","Tropical Atlantic"
1093,"POPA FNT","Modulo_km67_2500S","Brazil",-2.845343,-54.910673,"Tapajós-Xingu moist forests","Amazonia","Tropical Atlantic"
1094,"POPA FNT","Modulo_km67_3500S","Brazil",-2.845343,-54.910673,"Tapajós-Xingu moist forests","Amazonia","Tropical Atlantic"
1095,"POPA FNT","Modulo_km67_4500S","Brazil",-2.845343,-54.910673,"Tapajós-Xingu moist forests","Amazonia","Tropical Atlantic"
1096,"POPA FNT","Modulo_km67_500N","Brazil",-2.845343,-54.910673,"Tapajós-Xingu moist forests","Amazonia","Tropical Atlantic"
1097,"POPA FNT","Modulo_km67_1500N","Brazil",-2.845343,-54.910673,"Tapajós-Xingu moist forests","Amazonia","Tropical Atlantic"
1098,"POPA FNT","Modulo_km67_2500N","Brazil",-2.845343,-54.910673,"Tapajós-Xingu moist forests","Amazonia","Tropical Atlantic"
1099,"POPA FNT","Modulo_km67_3500N","Brazil",-2.845343,-54.910673,"Tapajós-Xingu moist forests","Amazonia","Tropical Atlantic"
1100,"POPA FNT","Modulo_km67_4500N","Brazil",-2.845343,-54.910673,"Tapajós-Xingu moist forests","Amazonia","Tropical Atlantic"
1101,"POPA FNT","Modulo_km117A_500E","Brazil",-3.366977,-54.951055,"Tapajós-Xingu moist forests","Amazonia","Tropical Atlantic"
1102,"POPA FNT","Modulo_km117A_1500E","Brazil",-3.366977,-54.951055,"Tapajós-Xingu moist forests","Amazonia","Tropical Atlantic"
1103,"POPA FNT","Modulo_km117A_2500E","Brazil",-3.366977,-54.951055,"Tapajós-Xingu moist forests","Amazonia","Tropical Atlantic"
1104,"POPA FNT","Modulo_km117A_3500E","Brazil",-3.366977,-54.951055,"Tapajós-Xingu moist forests","Amazonia","Tropical Atlantic"
1105,"POPA FNT","Modulo_km117A_4500E","Brazil",-3.366977,-54.951055,"Tapajós-Xingu moist forests","Amazonia","Tropical Atlantic"
1106,"POPA FNT","Modulo_km117A_500W","Brazil",-3.366977,-54.951055,"Tapajós-Xingu moist forests","Amazonia","Tropical Atlantic"
1107,"POPA FNT","Modulo_km117A_1500W","Brazil",-3.366977,-54.951055,"Tapajós-Xingu moist forests","Amazonia","Tropical Atlantic"
1108,"POPA FNT","Modulo_km117A_2500W","Brazil",-3.366977,-54.951055,"Tapajós-Xingu moist forests","Amazonia","Tropical Atlantic"
1109,"POPA FNT","Modulo_km117A_3500W","Brazil",-3.366977,-54.951055,"Tapajós-Xingu moist forests","Amazonia","Tropical Atlantic"
1110,"POPA FNT","Modulo_km117A_4500W","Brazil",-3.366977,-54.951055,"Tapajós-Xingu moist forests","Amazonia","Tropical Atlantic"
1111,"POPA FNT","Modulo_km134_500S","Brazil",-3.47135,-54.908105,"Tapajós-Xingu moist forests","Amazonia","Tropical Atlantic"
1112,"POPA FNT","Modulo_km134_1500S","Brazil",-3.47135,-54.908105,"Tapajós-Xingu moist forests","Amazonia","Tropical Atlantic"
1113,"POPA FNT","Modulo_km134_2500S","Brazil",-3.47135,-54.908105,"Tapajós-Xingu moist forests","Amazonia","Tropical Atlantic"
1114,"POPA FNT","Modulo_km134_3500S","Brazil",-3.47135,-54.908105,"Tapajós-Xingu moist forests","Amazonia","Tropical Atlantic"
1115,"POPA FNT","Modulo_km134_4500S","Brazil",-3.47135,-54.908105,"Tapajós-Xingu moist forests","Amazonia","Tropical Atlantic"
1116,"POPA FNT","Modulo_km134_500N","Brazil",-3.47135,-54.908105,"Tapajós-Xingu moist forests","Amazonia","Tropical Atlantic"
1117,"POPA FNT","Modulo_km134_1500N","Brazil",-3.47135,-54.908105,"Tapajós-Xingu moist forests","Amazonia","Tropical Atlantic"
1118,"POPA FNT","Modulo_km134_2500N","Brazil",-3.47135,-54.908105,"Tapajós-Xingu moist forests","Amazonia","Tropical Atlantic"
1119,"POPA FNT","Modulo_km134_3500N","Brazil",-3.47135,-54.908105,"Tapajós-Xingu moist forests","Amazonia","Tropical Atlantic"
1120,"POPA FNT","Modulo_km134_4500N","Brazil",-3.47135,-54.908105,"Tapajós-Xingu moist forests","Amazonia","Tropical Atlantic"
1121,"PPBioCS","Alegrete","Brazil",-29.772769,-55.413364,"Uruguayan savanna",NA,NA
1122,"PPBioCS","Jaguarão","Brazil",-32.247142,-53.427486,"Uruguayan savanna","Rio Grande","Temperate South America"
1123,"PPBioCS","Lavras do Sul","Brazil",-30.791083,-54.415703,"Uruguayan savanna","Rio Grande","Temperate South America"
1124,"PPBioCS","Painel","Brazil",-28.005328,-50.188153,"Araucaria moist forests","Rio Grande","Temperate South America"
1125,"PPBioCS","Palmas","Brazil",-26.523539,-51.634869,"Araucaria moist forests","Southeastern Brazil","Temperate South America"
1126,"PPBioCS","Quaraí","Brazil",-30.293933,-55.946153,"Uruguayan savanna","Rio de la Plata","Temperate South America"
1127,"PPBioCS","Santana da Boa Vista","Brazil",-30.836992,-53.222197,"Uruguayan savanna","Rio Grande","Temperate South America"
1128,"PPBioCS","Santo Antônio das Missões","Brazil",-28.535456,-55.442875,"Uruguayan savanna",NA,NA
1129,"PPBioCS","São Gabriel","Brazil",-30.08869722,-54.308461,"Uruguayan savanna","Rio Grande","Temperate South America"
1130,"PPBioCS","Soledade","Brazil",-28.872117,-52.459075,"Alto Paraná Atlantic forests","Rio Grande","Temperate South America"
1131,"PPBioCS","Tavares","Brazil",-31.216483,-50.944639,"Uruguayan savanna","Rio Grande","Temperate South America"
1132,"PPBioCS","Tibagi","Brazil",-24.551458,-50.243814,"Cerrado","Southeastern Brazil","Temperate South America"
1133,"PPBioCS","Tibagi","Brazil",-24.551458,-50.243814,"Cerrado","Southeastern Brazil","Temperate South America"
1134,"PPBioCS","Vacaria","Brazil",-28.178625,-50.999519,"Araucaria moist forests","Rio Grande","Temperate South America"
1135,"PPBioCS","Barra do Quaraí","Brazil",-30.195749,-57.49642,"Uruguayan savanna","Rio de la Plata","Temperate South America"
1136,"PPBioCS","Barra do Quaraí","Brazil",-30.195749,-57.49642,"Uruguayan savanna","Rio de la Plata","Temperate South America"
1137,"PPBioCS","Jaquirana","Brazil",-29.096546,-50.368372,"Araucaria moist forests","Rio Grande","Temperate South America"
1138,"PPBioCS","Jaquirana","Brazil",-29.096546,-50.368372,"Araucaria moist forests","Rio Grande","Temperate South America"
1139,"PPBioMA","Parque Nacional de São Joaquim - Módulo Santa Bárbara","Brazil",-28.153297,-49.641119,"Araucaria moist forests","Rio Grande","Temperate South America"
1140,"PPBioMA","Parque Nacional de São Joaquim - Módulo Morro da Igreja","Brazil",-28.096394,-49.490667,"Araucaria moist forests","Southeastern Brazil","Temperate South America"
1141,"Rede Ripária","Floresta Nacional do Tapajós - Rede Ripária","Brazil",-4.04414,-54.94772,"Tapajós-Xingu moist forests","Amazonia","Tropical Atlantic"
1142,"ReefCheck","Blackgarden","Anguilla",18.24,-63.051139,"Lesser Antillean dry forests","Eastern Caribbean","Tropical Atlantic"
1143,"ReefCheck","Boons Reef","Antigua and Barbuda",17.196417,-61.8315,NA,"Eastern Caribbean","Tropical Atlantic"
1144,"ReefCheck","Green Island","Antigua and Barbuda",17.0675,-61.665278,NA,"Eastern Caribbean","Tropical Atlantic"
1145,"ReefCheck","Little Bird Reef","Antigua and Barbuda",17.168417,-61.818333,"Caribbean shrublands","Eastern Caribbean","Tropical Atlantic"
1146,"ReefCheck","North Shore","Antigua and Barbuda",17.735278,-61.852222,NA,"Eastern Caribbean","Tropical Atlantic"
1147,"ReefCheck","Angel Reef","Trinidad and Tobago",11.300333,-60.521111,NA,"Southern Caribbean","Tropical Atlantic"
1148,"ReefCheck","Baby Beach","Aruba",12.412361,-69.874667,"Amazon-Orinoco-Southern Caribbean mangroves","Southern Caribbean","Tropical Atlantic"
1149,"ReefCheck","Baby Beach Reef","Aruba",12.418389,-69.883944,"Amazon-Orinoco-Southern Caribbean mangroves","Southern Caribbean","Tropical Atlantic"
1150,"ReefCheck","Baby Beach/Pet Cemetary","Aruba",12.412361,-69.874667,"Amazon-Orinoco-Southern Caribbean mangroves","Southern Caribbean","Tropical Atlantic"
1151,"ReefCheck","Blackie","Trinidad and Tobago",11.325667,-60.594556,NA,"Southern Caribbean","Tropical Atlantic"
1152,"ReefCheck","Cathedral","Trinidad and Tobago",11.301,-60.507694,NA,"Southern Caribbean","Tropical Atlantic"
1153,"ReefCheck","Cathedral 2","Trinidad and Tobago",11.297889,-60.508889,NA,"Southern Caribbean","Tropical Atlantic"
1154,"ReefCheck","Englishman's Bay","Trinidad and Tobago",11.294306,-60.671389,NA,"Southern Caribbean","Tropical Atlantic"
1155,"ReefCheck","Mangel Halto","Aruba",12.462778,-69.971111,"Amazon-Orinoco-Southern Caribbean mangroves","Southern Caribbean","Tropical Atlantic"
1156,"ReefCheck","Mangel Halto 2","Aruba",12.464556,-69.9685,"Amazon-Orinoco-Southern Caribbean mangroves","Southern Caribbean","Tropical Atlantic"
1157,"ReefCheck","Pos Chiquito","Aruba",12.461861,-69.966667,"Amazon-Orinoco-Southern Caribbean mangroves","Southern Caribbean","Tropical Atlantic"
1158,"ReefCheck","Rocky Beach","Aruba",12.462639,-69.966806,"Amazon-Orinoco-Southern Caribbean mangroves","Southern Caribbean","Tropical Atlantic"
1159,"ReefCheck","Sanger Rock","Trinidad and Tobago",11.338389,-60.550028,NA,"Southern Caribbean","Tropical Atlantic"
1160,"ReefCheck","Sanger Rock 2","Trinidad and Tobago",11.340111,-60.547611,NA,"Southern Caribbean","Tropical Atlantic"
1161,"ReefCheck","Sea Fan Alley","Trinidad and Tobago",11.255389,-60.537333,"Trinidad and Tobago moist forests","Southern Caribbean","Tropical Atlantic"
1162,"ReefCheck","Sheep Pen","Trinidad and Tobago",11.248889,-60.550417,"Trinidad and Tobago moist forests","Southern Caribbean","Tropical Atlantic"
1163,"ReefCheck","St Giles","Trinidad and Tobago",11.354167,-60.527556,NA,"Southern Caribbean","Tropical Atlantic"
1164,"ReefCheck","Bamboo","Bahamas",24.803917,-76.340194,NA,"Bahamian","Tropical Atlantic"
1165,"ReefCheck","Bamboo Point","Bahamas",24.69425,-76.217667,NA,"Bahamian","Tropical Atlantic"
1166,"ReefCheck","Big Majors","Bahamas",24.174556,-76.433639,NA,"Bahamian","Tropical Atlantic"
1167,"ReefCheck","Blue Buoy","Bahamas",24.740444,-76.240444,NA,"Bahamian","Tropical Atlantic"
1168,"ReefCheck","Cannonball Reef","Bahamas",25.093,-77.232972,NA,"Bahamian","Tropical Atlantic"
1169,"ReefCheck","Coconut Grove, Andros Island","Bahamas",25.189194,-78.012778,NA,"Bahamian","Tropical Atlantic"
1170,"ReefCheck","East Red Snapper","Bahamas",24.740306,-76.239861,"Bahamian pine mosaic","Bahamian","Tropical Atlantic"
1171,"ReefCheck","Fish School Reef","Bahamas",23.846667,-75.123333,NA,"Bahamian","Tropical Atlantic"
1172,"ReefCheck","Flamingo Tongue Reef","Bahamas",23.633361,-75.352444,NA,"Bahamian","Tropical Atlantic"
1173,"ReefCheck","French Bay","Bahamas",23.94725,-74.551083,NA,"Bahamian","Tropical Atlantic"
1174,"ReefCheck","Fuel Dock","Bahamas",22.449306,-73.130861,NA,"Bahamian","Tropical Atlantic"
1175,"ReefCheck","Goulding Cay","Bahamas",25.022222,-77.570278,NA,"Bahamian","Tropical Atlantic"
1176,"ReefCheck","Goulding Cay Reef","Bahamas",25.0195,-77.569333,NA,"Bahamian","Tropical Atlantic"
1177,"ReefCheck","Grotto Beach","Bahamas",23.955778,-74.560861,NA,"Bahamian","Tropical Atlantic"
1178,"ReefCheck","Inside Gun Cay","Bahamas",25.581861,-79.297972,NA,"Bahamian","Tropical Atlantic"
1179,"ReefCheck","Isolated Reef","Bahamas",21.763389,-72.451,NA,"Bahamian","Tropical Atlantic"
1180,"ReefCheck","Jeep Reef","Bahamas",24.3505,-76.589222,NA,"Bahamian","Tropical Atlantic"
1181,"ReefCheck","Lindsay Reef","Bahamas",24.000556,-74.538111,NA,"Bahamian","Tropical Atlantic"
1182,"ReefCheck","Mayaguana Cay","Bahamas",22.4875,-73.133333,NA,"Bahamian","Tropical Atlantic"
1183,"ReefCheck","Mike's Reef East","Bahamas",24.973278,-77.533444,NA,"Bahamian","Tropical Atlantic"
1184,"ReefCheck","Mike's Reef West","Bahamas",24.973278,-77.533444,NA,"Bahamian","Tropical Atlantic"
1185,"ReefCheck","North Horseshoe Reef","Bahamas",24.177389,-76.433056,NA,"Bahamian","Tropical Atlantic"
1186,"ReefCheck","North Norman's Patch Reef","Bahamas",23.790167,-76.138667,NA,"Bahamian","Tropical Atlantic"
1187,"ReefCheck","North Perry","Bahamas",23.783333,-76.100333,"Bahamian pine mosaic","Bahamian","Tropical Atlantic"
1188,"ReefCheck","Paradise Island Winward Reef","Bahamas",25.0895,-77.341167,NA,"Bahamian","Tropical Atlantic"
1189,"ReefCheck","Parrotfish Reef","Bahamas",24.433417,-76.680889,NA,"Bahamian","Tropical Atlantic"
1190,"ReefCheck","Plana Cays","Bahamas",22.595833,-73.626667,NA,"Bahamian","Tropical Atlantic"
1191,"ReefCheck","Shark Reef","Bahamas",24.431722,-76.685722,NA,"Bahamian","Tropical Atlantic"
1192,"ReefCheck","Snapshot Reef","Bahamas",24.025722,-74.525083,NA,"Bahamian","Tropical Atlantic"
1193,"ReefCheck","Something to See","Bahamas",24.817778,-76.348333,NA,"Bahamian","Tropical Atlantic"
1194,"ReefCheck","Strip Reef","Bahamas",25.736528,-79.302861,NA,"Bahamian","Tropical Atlantic"
1195,"ReefCheck","Sumner Point Inner Reef","Bahamas",23.638611,-74.851111,NA,"Bahamian","Tropical Atlantic"
1196,"ReefCheck","Sumner Point Outer Reef","Bahamas",23.635,-74.848333,NA,"Bahamian","Tropical Atlantic"
1197,"ReefCheck","Turtle Rocks","Bahamas",25.657333,-79.305583,NA,"Bahamian","Tropical Atlantic"
1198,"ReefCheck","Turtle Rocks 2","Bahamas",25.662917,-79.308917,NA,"Bahamian","Tropical Atlantic"
1199,"ReefCheck","Turtle Rocks 3","Bahamas",25.662611,-79.307667,NA,"Bahamian","Tropical Atlantic"
1200,"ReefCheck","Upper Chub Point","Bahamas",24.832722,-76.35,NA,"Bahamian","Tropical Atlantic"
1201,"ReefCheck","West Plana Cay Reef","Bahamas",22.594667,-73.626667,NA,"Bahamian","Tropical Atlantic"
1202,"ReefCheck","Atlantis","Barbados",13.121667,-59.646167,NA,"Eastern Caribbean","Tropical Atlantic"
1203,"ReefCheck","Atlantis 2","Barbados",13.125167,-59.637667,NA,"Eastern Caribbean","Tropical Atlantic"
1204,"ReefCheck","Atlantis 3","Barbados",13.125167,-59.633667,NA,"Eastern Caribbean","Tropical Atlantic"
1205,"ReefCheck","Bats Rock","Barbados",13.645278,-59.135833,NA,"Eastern Caribbean","Tropical Atlantic"
1206,"ReefCheck","Bell Buoys","Barbados",13.075,-59.620972,NA,"Eastern Caribbean","Tropical Atlantic"
1207,"ReefCheck","Bougenvillea","Barbados",13.062639,-59.556611,"Caribbean shrublands","Eastern Caribbean","Tropical Atlantic"
1208,"ReefCheck","Carlisle Bay","Barbados",13.085778,-59.612583,NA,"Eastern Caribbean","Tropical Atlantic"
1209,"ReefCheck","Carlisle Bay 2","Barbados",13.261667,-59.645,"Caribbean shrublands","Eastern Caribbean","Tropical Atlantic"
1210,"ReefCheck","Carlisle Bay 3","Barbados",13.083056,-59.614167,NA,"Eastern Caribbean","Tropical Atlantic"
1211,"ReefCheck","Coconut Court","Barbados",13.090583,-59.613111,"Caribbean shrublands","Eastern Caribbean","Tropical Atlantic"
1212,"ReefCheck","Coconut Court Hotel/Asta","Barbados",13.073333,-59.603333,"Caribbean shrublands","Eastern Caribbean","Tropical Atlantic"
1213,"ReefCheck","Dottins","Barbados",13.184333,-59.658667,NA,"Eastern Caribbean","Tropical Atlantic"
1214,"ReefCheck","Dottins South","Barbados",13.184333,-59.658667,NA,"Eastern Caribbean","Tropical Atlantic"
1215,"ReefCheck","Folkestone Marine Park","Barbados",13.178528,-59.640333,NA,"Eastern Caribbean","Tropical Atlantic"
1216,"ReefCheck","Folkestone Marine Park 2","Barbados",13.191194,-59.641,NA,"Eastern Caribbean","Tropical Atlantic"
1217,"ReefCheck","Folkestone Marine Park 3","Barbados",13.179667,-59.641333,NA,"Eastern Caribbean","Tropical Atlantic"
1218,"ReefCheck","Folkestone Marine Park 4","Barbados",13.19,-59.641667,NA,"Eastern Caribbean","Tropical Atlantic"
1219,"ReefCheck","Greensleeves","Barbados",13.225556,-59.645278,NA,"Eastern Caribbean","Tropical Atlantic"
1220,"ReefCheck","Heywoods Beach","Barbados",13.260583,-59.645889,"Caribbean shrublands","Eastern Caribbean","Tropical Atlantic"
1221,"ReefCheck","Lower Carlton","Barbados",13.227778,-59.640556,"Caribbean shrublands","Eastern Caribbean","Tropical Atlantic"
1222,"ReefCheck","Maxwell","Barbados",13.062972,-59.56,"Caribbean shrublands","Eastern Caribbean","Tropical Atlantic"
1223,"ReefCheck","Oistins","Barbados",13.055,-59.541111,NA,"Eastern Caribbean","Tropical Atlantic"
1224,"ReefCheck","Port St. Charles","Barbados",13.839444,-59.616667,NA,"Eastern Caribbean","Tropical Atlantic"
1225,"ReefCheck","Sewage","Barbados",13.135833,-59.64,NA,"Eastern Caribbean","Tropical Atlantic"
1226,"ReefCheck","South Bellairs","Barbados",13.183417,-59.640069,NA,"Eastern Caribbean","Tropical Atlantic"
1227,"ReefCheck","South Bellairs 2","Barbados",13.135833,-59.638889,NA,"Eastern Caribbean","Tropical Atlantic"
1228,"ReefCheck","Tropicana","Barbados",13.219111,-59.643583,NA,"Eastern Caribbean","Tropical Atlantic"
1229,"ReefCheck","Basil Jones","Belize",18.086278,-87.865861,NA,"Western Caribbean","Tropical Atlantic"
1230,"ReefCheck","Buena Vista","Belize",17.938472,-87.934861,NA,"Western Caribbean","Tropical Atlantic"
1231,"ReefCheck","Buena Vista 2","Belize",17.937,-87.93575,NA,"Western Caribbean","Tropical Atlantic"
1232,"ReefCheck","Bungy Back Side","Belize",16.165,-88.338611,NA,"Western Caribbean","Tropical Atlantic"
1233,"ReefCheck","Calabash Cay","Belize",17.279028,-87.805222,NA,"Western Caribbean","Tropical Atlantic"
1234,"ReefCheck","Calabash Caye","Belize",17.278389,-87.806333,NA,"Western Caribbean","Tropical Atlantic"
1235,"ReefCheck","Calabash Caye 2","Belize",17.277722,-87.809611,NA,"Western Caribbean","Tropical Atlantic"
1236,"ReefCheck","Carrie Bow Caye","Belize",16.803056,-88.078889,NA,"Western Caribbean","Tropical Atlantic"
1237,"ReefCheck","Cay Caulker Reef","Belize",17.785361,-87.992056,NA,"Western Caribbean","Tropical Atlantic"
1238,"ReefCheck","Caye Caulker Deep","Belize",17.784028,-87.992361,NA,"Western Caribbean","Tropical Atlantic"
1239,"ReefCheck","Caye Caulker Shallow","Belize",17.783917,-88.001,"Mesoamerican Gulf-Caribbean mangroves","Western Caribbean","Tropical Atlantic"
1240,"ReefCheck","Caye Chapel","Belize",17.684944,-88.010306,NA,"Western Caribbean","Tropical Atlantic"
1241,"ReefCheck","Caye Chapel Shallow","Belize",17.704361,-88.01575,NA,"Western Caribbean","Tropical Atlantic"
1242,"ReefCheck","Coral Gardens","Belize",17.825583,-87.983806,NA,"Western Caribbean","Tropical Atlantic"
1243,"ReefCheck","Coral Gardens 2","Belize",18.035,-88.031333,NA,"Western Caribbean","Tropical Atlantic"
1244,"ReefCheck","Coral Gardens 3","Belize",17.833889,-87.993917,NA,"Western Caribbean","Tropical Atlantic"
1245,"ReefCheck","Coral Gardens Deep","Belize",17.826083,-87.984944,NA,"Western Caribbean","Tropical Atlantic"
1246,"ReefCheck","Coral Gardens Shallow","Belize",17.824472,-87.99375,NA,"Western Caribbean","Tropical Atlantic"
1247,"ReefCheck","Cypress","Belize",17.880667,-87.965167,NA,"Western Caribbean","Tropical Atlantic"
1248,"ReefCheck","Cypress 2","Belize",17.882222,-87.964306,NA,"Western Caribbean","Tropical Atlantic"
1249,"ReefCheck","Dardanelos","Belize",17.900611,-87.963944,NA,"Western Caribbean","Tropical Atlantic"
1250,"ReefCheck","East Snake Caye, Port Honduras","Belize",16.207056,-88.510389,NA,"Western Caribbean","Tropical Atlantic"
1251,"ReefCheck","Gallows Point","Belize",17.507028,-88.047417,NA,"Western Caribbean","Tropical Atlantic"
1252,"ReefCheck","Gladden Split","Belize",16.5175,-87.966611,NA,"Western Caribbean","Tropical Atlantic"
1253,"ReefCheck","Gladden Split 2","Belize",16.508444,-87.984278,NA,"Western Caribbean","Tropical Atlantic"
1254,"ReefCheck","Goff's Caye","Belize",17.344028,-88.029222,NA,"Western Caribbean","Tropical Atlantic"
1255,"ReefCheck","Goff's Caye 2","Belize",17.341,-88.0205,NA,"Western Caribbean","Tropical Atlantic"
1256,"ReefCheck","Goff's Caye Deep","Belize",17.33975,-88.020222,NA,"Western Caribbean","Tropical Atlantic"
1257,"ReefCheck","Goff's Caye Shallow","Belize",17.342722,-88.031667,NA,"Western Caribbean","Tropical Atlantic"
1258,"ReefCheck","Half Moon","Belize",17.206611,-87.555556,NA,"Western Caribbean","Tropical Atlantic"
1259,"ReefCheck","Half Moon 2","Belize",17.208028,-87.547944,NA,"Western Caribbean","Tropical Atlantic"
1260,"ReefCheck","Hol Chan","Belize",17.860667,-87.973167,NA,"Western Caribbean","Tropical Atlantic"
1261,"ReefCheck","Hol Chan Marine Preserve","Belize",17.863333,-87.9725,NA,"Western Caribbean","Tropical Atlantic"
1262,"ReefCheck","Hunting Cay","Belize",16.112583,-88.269361,NA,"Western Caribbean","Tropical Atlantic"
1263,"ReefCheck","Hunting Cay 2","Belize",16.111333,-88.260778,NA,"Western Caribbean","Tropical Atlantic"
1264,"ReefCheck","Laughing Bird Caye","Belize",16.433944,-88.201194,NA,"Western Caribbean","Tropical Atlantic"
1265,"ReefCheck","Laughing Bird Caye 2","Belize",16.44225,-88.196028,NA,"Western Caribbean","Tropical Atlantic"
1266,"ReefCheck","Laughing Bird Caye 3","Belize",16.445889,-88.195833,NA,"Western Caribbean","Tropical Atlantic"
1267,"ReefCheck","Laughing Bird South","Belize",16.427944,-88.206806,NA,"Western Caribbean","Tropical Atlantic"
1268,"ReefCheck","Lime Caye Wall","Belize",16.095139,-88.271361,NA,"Western Caribbean","Tropical Atlantic"
1269,"ReefCheck","Long Caye","Belize",17.226056,-87.604722,NA,"Western Caribbean","Tropical Atlantic"
1270,"ReefCheck","Long Caye 2","Belize",17.221667,-87.603806,NA,"Western Caribbean","Tropical Atlantic"
1271,"ReefCheck","Mambo Wall","Belize",16.454444,-88.010278,NA,"Western Caribbean","Tropical Atlantic"
1272,"ReefCheck","Mexico Rocks","Belize",17.993972,-87.904722,NA,"Western Caribbean","Tropical Atlantic"
1273,"ReefCheck","Mexico Rocks Deep","Belize",17.994444,-87.900861,NA,"Western Caribbean","Tropical Atlantic"
1274,"ReefCheck","Middle Caye","Belize",16.736417,-87.81275,NA,"Western Caribbean","Tropical Atlantic"
1275,"ReefCheck","Middle Caye 2","Belize",16.717889,-87.871278,NA,"Western Caribbean","Tropical Atlantic"
1276,"ReefCheck","Middle Caye 3","Belize",16.751694,-87.814778,NA,"Western Caribbean","Tropical Atlantic"
1277,"ReefCheck","Northeast Wall","Belize",16.141083,-88.244111,NA,"Western Caribbean","Tropical Atlantic"
1278,"ReefCheck","Pelican Reef","Belize",16.168889,-88.339167,NA,"Western Caribbean","Tropical Atlantic"
1279,"ReefCheck","Ragged","Belize",16.095222,-88.291722,NA,"Western Caribbean","Tropical Atlantic"
1280,"ReefCheck","Ragged Caye","Belize",16.094361,-88.29225,NA,"Western Caribbean","Tropical Atlantic"
1281,"ReefCheck","Ragged Caye 2","Belize",16.08975,-88.299,NA,"Western Caribbean","Tropical Atlantic"
1282,"ReefCheck","Rendevouz Caye","Belize",17.246472,-88.050639,NA,"Western Caribbean","Tropical Atlantic"
1283,"ReefCheck","Rendevouz Caye 2","Belize",17.24775,-88.055667,NA,"Western Caribbean","Tropical Atlantic"
1284,"ReefCheck","Rendezvous Caye","Belize",17.246611,-88.049639,NA,"Western Caribbean","Tropical Atlantic"
1285,"ReefCheck","Roxbury Reef","Belize",16.828611,-88.075833,NA,"Western Caribbean","Tropical Atlantic"
1286,"ReefCheck","San Pedro Canyons","Belize",17.907333,-87.952778,NA,"Western Caribbean","Tropical Atlantic"
1287,"ReefCheck","San Pedro Cut","Belize",17.903222,-87.961222,NA,"Western Caribbean","Tropical Atlantic"
1288,"ReefCheck","Seal Caye","Belize",16.170111,-88.339722,NA,"Western Caribbean","Tropical Atlantic"
1289,"ReefCheck","Seal Caye Point","Belize",16.168333,-88.335,NA,"Western Caribbean","Tropical Atlantic"
1290,"ReefCheck","South Gallows Point","Belize",17.456861,-88.033778,NA,"Western Caribbean","Tropical Atlantic"
1291,"ReefCheck","South Water Caye","Belize",16.814389,-88.077306,NA,"Western Caribbean","Tropical Atlantic"
1292,"ReefCheck","South Water Caye 2","Belize",16.810972,-88.081944,NA,"Western Caribbean","Tropical Atlantic"
1293,"ReefCheck","Southwest Caye","Belize",16.713278,-87.854528,NA,"Western Caribbean","Tropical Atlantic"
1294,"ReefCheck","Southwest Caye 2","Belize",16.720417,-87.894694,NA,"Western Caribbean","Tropical Atlantic"
1295,"ReefCheck","Southwest Caye Channel","Belize",16.713,-87.866083,NA,"Western Caribbean","Tropical Atlantic"
1296,"ReefCheck","Tackle Box","Belize",17.912361,-87.950556,NA,"Western Caribbean","Tropical Atlantic"
1297,"ReefCheck","Tackle Box Canyons","Belize",17.914583,-87.950611,NA,"Western Caribbean","Tropical Atlantic"
1298,"ReefCheck","Tobacco Caye","Belize",16.896111,-88.058472,NA,"Western Caribbean","Tropical Atlantic"
1299,"ReefCheck","Tom Owens","Belize",16.189194,-88.235083,NA,"Western Caribbean","Tropical Atlantic"
1300,"ReefCheck","Tres Cocos","Belize",17.930056,-87.939417,NA,"Western Caribbean","Tropical Atlantic"
1301,"ReefCheck","Vigilance","Belize",16.118194,-88.277472,NA,"Western Caribbean","Tropical Atlantic"
1302,"ReefCheck","Vigilance 2","Belize",16.117556,-88.275639,NA,"Western Caribbean","Tropical Atlantic"
1303,"ReefCheck","Barracuda Reef Line 1","Bonaire, Sint Eustatius and Saba",17.466944,-62.990833,NA,"Eastern Caribbean","Tropical Atlantic"
1304,"ReefCheck","Barracuda Reef Line 2","Bonaire, Sint Eustatius and Saba",17.466944,-62.990833,NA,"Eastern Caribbean","Tropical Atlantic"
1305,"ReefCheck","Karpata Reserve","Bonaire, Sint Eustatius and Saba",12.219472,-68.359556,"Caribbean shrublands","Southern Caribbean","Tropical Atlantic"
1306,"ReefCheck","Mushroom Garden Line 1","Bonaire, Sint Eustatius and Saba",17.462778,-62.9775,NA,"Eastern Caribbean","Tropical Atlantic"
1307,"ReefCheck","Mushroom Garden Line 2","Bonaire, Sint Eustatius and Saba",17.462778,-62.9775,NA,"Eastern Caribbean","Tropical Atlantic"
1308,"ReefCheck","Slagbaii Reserve","Bonaire, Sint Eustatius and Saba",12.261528,-68.42025,NA,"Southern Caribbean","Tropical Atlantic"
1309,"ReefCheck","Twin Peaks","Bonaire, Sint Eustatius and Saba",12.266667,-68.422222,NA,"Southern Caribbean","Tropical Atlantic"
1310,"ReefCheck","Twin Sisters","Bonaire, Sint Eustatius and Saba",17.516944,-63.005833,NA,"Eastern Caribbean","Tropical Atlantic"
1311,"ReefCheck","Ancoras II","Brazil",-3.874722,-33.803806,NA,"Fernando de Naronha and Atoll das Rocas","Tropical Atlantic"
1312,"ReefCheck","Baixa Seca","Brazil",-8.768222,-35.082861,NA,"Northeastern Brazil","Tropical Atlantic"
1313,"ReefCheck","Barra do Forte","Brazil",-12.579361,-38.002139,"Atlantic Coast restingas","Northeastern Brazil","Tropical Atlantic"
1314,"ReefCheck","Barreta do Moura Leste","Brazil",-9.038944,-35.195639,NA,"Northeastern Brazil","Tropical Atlantic"
1315,"ReefCheck","Barreta do Moura Norte","Brazil",-9.040861,-35.194139,NA,"Northeastern Brazil","Tropical Atlantic"
1316,"ReefCheck","Barretao","Brazil",-3.857222,-33.802,NA,"Fernando de Naronha and Atoll das Rocas","Tropical Atlantic"
1317,"ReefCheck","Barretinha","Brazil",-3.861222,-33.823139,NA,"Fernando de Naronha and Atoll das Rocas","Tropical Atlantic"
1318,"ReefCheck","Barretinha 2","Brazil",-3.859528,-33.818417,NA,"Fernando de Naronha and Atoll das Rocas","Tropical Atlantic"
1319,"ReefCheck","Borda 1 E-SE","Brazil",-13.129389,-38.736139,NA,"Eastern Brazil","Tropical Atlantic"
1320,"ReefCheck","Borda Oposta 1","Brazil",-13.133861,-38.734056,NA,"Eastern Brazil","Tropical Atlantic"
1321,"ReefCheck","Buraco da Raquel","Brazil",-3.834722,-32.396722,NA,"Fernando de Naronha and Atoll das Rocas","Tropical Atlantic"
1322,"ReefCheck","Buraco do Inferno","Brazil",-3.8085,-32.381694,NA,"Fernando de Naronha and Atoll das Rocas","Tropical Atlantic"
1323,"ReefCheck","Cabana Pai Orlando","Brazil",-12.992611,-38.61975,"Southern Atlantic mangroves","Eastern Brazil","Tropical Atlantic"
1324,"ReefCheck","Cagarras","Brazil",-3.483,-32.232194,NA,"Fernando de Naronha and Atoll das Rocas","Tropical Atlantic"
1325,"ReefCheck","Camurupim","Brazil",-8.794472,-35.101417,NA,"Northeastern Brazil","Tropical Atlantic"
1326,"ReefCheck","Canal da Piscina","Brazil",-13.136889,-38.746889,NA,"Eastern Brazil","Tropical Atlantic"
1327,"ReefCheck","Canal do Gravata","Brazil",-8.871,-35.122944,NA,"Northeastern Brazil","Tropical Atlantic"
1328,"ReefCheck","Canudos","Brazil",-16.8975,-39.082694,NA,"Eastern Brazil","Tropical Atlantic"
1329,"ReefCheck","Caramuanas Sul","Brazil",-13.079722,-38.441389,NA,"Eastern Brazil","Tropical Atlantic"
1330,"ReefCheck","Caverna dos Dentoes","Brazil",-8.766917,-35.092806,NA,"Northeastern Brazil","Tropical Atlantic"
1331,"ReefCheck","Caxexa","Brazil",-8.789583,-35.098333,NA,"Northeastern Brazil","Tropical Atlantic"
1332,"ReefCheck","Chapeirao Abrolhos","Brazil",-17.977389,-38.671444,NA,"Eastern Brazil","Tropical Atlantic"
1333,"ReefCheck","Chapeirao da Barracuda","Brazil",-17.981278,-38.660639,NA,"Eastern Brazil","Tropical Atlantic"
1334,"ReefCheck","Chapeirao da Barracuda 2","Brazil",-17.900806,-38.660194,NA,"Eastern Brazil","Tropical Atlantic"
1335,"ReefCheck","Chapeirao da Debora","Brazil",-17.970278,-38.671806,NA,"Eastern Brazil","Tropical Atlantic"
1336,"ReefCheck","Chapeirao do Pierre","Brazil",-17.962694,-38.670194,NA,"Eastern Brazil","Tropical Atlantic"
1337,"ReefCheck","Chapeirao dos Abrolhos","Brazil",-17.997111,-38.671306,NA,"Eastern Brazil","Tropical Atlantic"
1338,"ReefCheck","Claros","Brazil",-8.769778,-35.086056,NA,"Northeastern Brazil","Tropical Atlantic"
1339,"ReefCheck","Claros 2","Brazil",-8.764694,-35.083194,NA,"Northeastern Brazil","Tropical Atlantic"
1340,"ReefCheck","Coral Vivo Norte","Brazil",-16.390278,-38.976944,NA,"Eastern Brazil","Tropical Atlantic"
1341,"ReefCheck","Coral Vivo Oeste","Brazil",-16.413389,-38.98825,NA,"Eastern Brazil","Tropical Atlantic"
1342,"ReefCheck","Coral Vivo Sul","Brazil",-16.421389,-38.98,NA,"Eastern Brazil","Tropical Atlantic"
1343,"ReefCheck","Cordao do Mero","Brazil",-8.741306,-35.084333,NA,"Northeastern Brazil","Tropical Atlantic"
1344,"ReefCheck","Crista Interna da Ilha da Barra","Brazil",-8.767056,-35.09375,NA,"Northeastern Brazil","Tropical Atlantic"
1345,"ReefCheck","Crista Sul da Ilha da Barra","Brazil",-8.767889,-35.094,NA,"Northeastern Brazil","Tropical Atlantic"
1346,"ReefCheck","Cruzeiro","Brazil",-8.905722,-35.142806,NA,"Northeastern Brazil","Tropical Atlantic"
1347,"ReefCheck","E-SE Mar de For a","Brazil",-13.129472,-38.73525,NA,"Eastern Brazil","Tropical Atlantic"
1348,"ReefCheck","Esquerda Gales","Brazil",-9.042694,-35.19625,NA,"Northeastern Brazil","Tropical Atlantic"
1349,"ReefCheck","Maracajau","Brazil",-5.39175,-35.253278,NA,"Northeastern Brazil","Tropical Atlantic"
1350,"ReefCheck","Maracajau 2","Brazil",-5.391861,-35.252778,NA,"Northeastern Brazil","Tropical Atlantic"
1351,"ReefCheck","Maracajau 3","Brazil",-5.383306,-35.252806,NA,"Northeastern Brazil","Tropical Atlantic"
1352,"ReefCheck","Maracajau 4","Brazil",-5.392722,-35.252444,NA,"Northeastern Brazil","Tropical Atlantic"
1353,"ReefCheck","Maxaranguape","Brazil",-5.391806,-35.252778,NA,"Northeastern Brazil","Tropical Atlantic"
1354,"ReefCheck","Maxaranguape 2","Brazil",-5.384611,-35.256,NA,"Northeastern Brazil","Tropical Atlantic"
1355,"ReefCheck","Maxaranguape 3","Brazil",-5.388111,-35.252194,NA,"Northeastern Brazil","Tropical Atlantic"
1356,"ReefCheck","Maxaranguape 4","Brazil",-5.392306,-35.2535,NA,"Northeastern Brazil","Tropical Atlantic"
1357,"ReefCheck","Maxaranguape 5","Brazil",-5.390389,-35.254,NA,"Northeastern Brazil","Tropical Atlantic"
1358,"ReefCheck","Maracajau 5","Brazil",-5.389222,-35.25325,NA,"Northeastern Brazil","Tropical Atlantic"
1359,"ReefCheck","False Barreta","Brazil",-3.860389,-33.818722,NA,"Fernando de Naronha and Atoll das Rocas","Tropical Atlantic"
1360,"ReefCheck","Fenda da Pedra do Leucogaste","Brazil",-3.855833,-33.798611,NA,"Fernando de Naronha and Atoll das Rocas","Tropical Atlantic"
1361,"ReefCheck","Filha das Gales","Brazil",-9.048444,-35.2,NA,"Northeastern Brazil","Tropical Atlantic"
1362,"ReefCheck","Gales 150403A","Brazil",-9.043861,-35.198917,NA,"Northeastern Brazil","Tropical Atlantic"
1363,"ReefCheck","Gales 150403B","Brazil",-9.040972,-35.199111,NA,"Northeastern Brazil","Tropical Atlantic"
1364,"ReefCheck","Ilha da Barra","Brazil",-8.767611,-35.092917,NA,"Northeastern Brazil","Tropical Atlantic"
1365,"ReefCheck","Ilha da Barra 2","Brazil",-8.766722,-35.092722,NA,"Northeastern Brazil","Tropical Atlantic"
1366,"ReefCheck","Ilhota","Brazil",-12.967861,-38.602278,"Southern Atlantic mangroves","Eastern Brazil","Tropical Atlantic"
1367,"ReefCheck","Labirinto","Brazil",-16.412222,-38.990806,NA,"Eastern Brazil","Tropical Atlantic"
1368,"ReefCheck","Lado Oeste do Canal da Ilha da Barra","Brazil",-8.7665,-35.092917,NA,"Northeastern Brazil","Tropical Atlantic"
1369,"ReefCheck","Laje do Sancho Rasa","Brazil",-3.853278,-32.444833,"Fernando de Noronha-Atol das Rocas moist forests","Fernando de Naronha and Atoll das Rocas","Tropical Atlantic"
1370,"ReefCheck","Laje Dois Irmaos","Brazil",-3.845917,-32.442389,NA,"Fernando de Naronha and Atoll das Rocas","Tropical Atlantic"
1371,"ReefCheck","Laje Dois Irmaos 2","Brazil",-3.503694,-32.262611,NA,"Fernando de Naronha and Atoll das Rocas","Tropical Atlantic"
1372,"ReefCheck","Laje Dois Irmaos Funda","Brazil",-3.845833,-32.441667,NA,"Fernando de Naronha and Atoll das Rocas","Tropical Atlantic"
1373,"ReefCheck","Laje Dois Irmaos Funda 2","Brazil",-3.844056,-32.441056,NA,"Fernando de Naronha and Atoll das Rocas","Tropical Atlantic"
1374,"ReefCheck","Laje Dois Irmaos Rasa","Brazil",-3.8435,-32.440889,NA,"Fernando de Naronha and Atoll das Rocas","Tropical Atlantic"
1375,"ReefCheck","Laje Dois Irmaos Rasa 2","Brazil",-3.846972,-32.440806,NA,"Fernando de Naronha and Atoll das Rocas","Tropical Atlantic"
1376,"ReefCheck","Laje Funda do Sancho","Brazil",-3.850917,-32.445472,NA,"Fernando de Naronha and Atoll das Rocas","Tropical Atlantic"
1377,"ReefCheck","Lastro do Jorge","Brazil",-9.048472,-35.199944,NA,"Northeastern Brazil","Tropical Atlantic"
1378,"ReefCheck","Lingua da Siriba","Brazil",-17.969417,-38.712444,NA,"Eastern Brazil","Tropical Atlantic"
1379,"ReefCheck","Lingua da Siriba 2","Brazil",-17.968306,-38.713306,NA,"Eastern Brazil","Tropical Atlantic"
1380,"ReefCheck","Lingua da Siriba I","Brazil",-17.968806,-38.714167,NA,"Eastern Brazil","Tropical Atlantic"
1381,"ReefCheck","Lingua da Siriba II","Brazil",-17.970944,-38.715194,NA,"Eastern Brazil","Tropical Atlantic"
1382,"ReefCheck","Manoa 1","Brazil",-5.39,-35.255,NA,"Northeastern Brazil","Tropical Atlantic"
1383,"ReefCheck","Manoa 2","Brazil",-5.389722,-35.255,NA,"Northeastern Brazil","Tropical Atlantic"
1384,"ReefCheck","Mato Verde","Brazil",-17.964333,-38.700667,NA,"Eastern Brazil","Tropical Atlantic"
1385,"ReefCheck","Mato Verde 2","Brazil",-17.963194,-38.700306,NA,"Eastern Brazil","Tropical Atlantic"
1386,"ReefCheck","Mato Verde 3","Brazil",-17.964167,-38.713611,NA,"Eastern Brazil","Tropical Atlantic"
1387,"ReefCheck","MD Leste","Brazil",-5.392222,-35.2525,NA,"Northeastern Brazil","Tropical Atlantic"
1388,"ReefCheck","MD Site 1","Brazil",-5.392778,-35.253333,NA,"Northeastern Brazil","Tropical Atlantic"
1389,"ReefCheck","MD Site 2","Brazil",-5.391389,-35.253056,NA,"Northeastern Brazil","Tropical Atlantic"
1390,"ReefCheck","MD Sul","Brazil",-5.392222,-35.252222,NA,"Northeastern Brazil","Tropical Atlantic"
1391,"ReefCheck","Meninos Alagados","Brazil",-8.903417,-35.137972,NA,"Northeastern Brazil","Tropical Atlantic"
1392,"ReefCheck","Meninos Corre Agua","Brazil",-8.903417,-35.137778,NA,"Northeastern Brazil","Tropical Atlantic"
1393,"ReefCheck","Moura Reef East","Brazil",-9.041444,-35.195639,NA,"Northeastern Brazil","Tropical Atlantic"
1394,"ReefCheck","Moura Reef North","Brazil",-9.040833,-35.196861,NA,"Northeastern Brazil","Tropical Atlantic"
1395,"ReefCheck","Papa Gente","Brazil",-12.566583,-37.994611,"Bahia coastal forests","Northeastern Brazil","Tropical Atlantic"
1396,"ReefCheck","Paredao Pai Bento","Brazil",-9.042278,-35.195861,NA,"Northeastern Brazil","Tropical Atlantic"
1397,"ReefCheck","Paredao Pai Bento 2","Brazil",-9.042722,-35.197806,NA,"Northeastern Brazil","Tropical Atlantic"
1398,"ReefCheck","Parrachos de Maracajau","Brazil",-5.390861,-35.252806,NA,"Northeastern Brazil","Tropical Atlantic"
1399,"ReefCheck","Parrachos de Maracajau- diagonal esquerda do flutante A","Brazil",-5.390861,-35.252806,NA,"Northeastern Brazil","Tropical Atlantic"
1400,"ReefCheck","Parrachos de Maracajau- diagonal esquerda do flutante B","Brazil",-5.390861,-35.252806,NA,"Northeastern Brazil","Tropical Atlantic"
1401,"ReefCheck","Pedra da Baliza","Brazil",-8.88175,-35.130278,NA,"Northeastern Brazil","Tropical Atlantic"
1402,"ReefCheck","Pedra da Carauna","Brazil",-8.88875,-35.135417,NA,"Northeastern Brazil","Tropical Atlantic"
1403,"ReefCheck","Pedra de Leste","Brazil",-17.786694,-39.044806,NA,"Eastern Brazil","Tropical Atlantic"
1404,"ReefCheck","Pedra do Meio","Brazil",-9.032167,-35.194083,NA,"Northeastern Brazil","Tropical Atlantic"
1405,"ReefCheck","Pedra do Silva","Brazil",-16.887694,-39.091611,NA,"Eastern Brazil","Tropical Atlantic"
1406,"ReefCheck","Pedra Virada","Brazil",-9.021944,-35.192778,NA,"Northeastern Brazil","Tropical Atlantic"
1407,"ReefCheck","Pedra Virada 2","Brazil",-9.014972,-35.188944,NA,"Northeastern Brazil","Tropical Atlantic"
1408,"ReefCheck","Pipocas","Brazil",-8.757444,-35.084806,NA,"Northeastern Brazil","Tropical Atlantic"
1409,"ReefCheck","Pirambu","Brazil",-8.758778,-35.08525,NA,"Northeastern Brazil","Tropical Atlantic"
1410,"ReefCheck","Piscina de Abrolhos","Brazil",-3.873611,-33.805,NA,"Fernando de Naronha and Atoll das Rocas","Tropical Atlantic"
1411,"ReefCheck","Piscina de Rocas I","Brazil",-3.868611,-33.793972,NA,"Fernando de Naronha and Atoll das Rocas","Tropical Atlantic"
1412,"ReefCheck","Piscina do Cemiterio","Brazil",-3.866361,-33.818306,NA,"Fernando de Naronha and Atoll das Rocas","Tropical Atlantic"
1413,"ReefCheck","Piscina do Cemiterio II","Brazil",-3.869389,-33.817306,NA,"Fernando de Naronha and Atoll das Rocas","Tropical Atlantic"
1414,"ReefCheck","Piscina do Farol","Brazil",-3.857611,-33.817167,NA,"Fernando de Naronha and Atoll das Rocas","Tropical Atlantic"
1415,"ReefCheck","Poco da Elga","Brazil",-8.783028,-35.096694,NA,"Northeastern Brazil","Tropical Atlantic"
1416,"ReefCheck","Poco dos Gatos","Brazil",-13.032556,-38.653056,"Southern Atlantic mangroves","Eastern Brazil","Tropical Atlantic"
1417,"ReefCheck","Podes Crer","Brazil",-3.872361,-33.812556,NA,"Fernando de Naronha and Atoll das Rocas","Tropical Atlantic"
1418,"ReefCheck","Poita 030407","Brazil",-5.392389,-35.252944,NA,"Northeastern Brazil","Tropical Atlantic"
1419,"ReefCheck","Ponto da M. hartii","Brazil",-5.389861,-35.25325,NA,"Northeastern Brazil","Tropical Atlantic"
1420,"ReefCheck","Porites","Brazil",-3.872583,-33.805389,NA,"Fernando de Naronha and Atoll das Rocas","Tropical Atlantic"
1421,"ReefCheck","Portinho Norte","Brazil",-17.9625,-38.695556,NA,"Eastern Brazil","Tropical Atlantic"
1422,"ReefCheck","Portinho Sul","Brazil",-17.963667,-38.699639,NA,"Eastern Brazil","Tropical Atlantic"
1423,"ReefCheck","Prainha","Brazil",-8.883528,-35.133361,NA,"Northeastern Brazil","Tropical Atlantic"
1424,"ReefCheck","Salao","Brazil",-3.874583,-33.809583,NA,"Fernando de Naronha and Atoll das Rocas","Tropical Atlantic"
1425,"ReefCheck","Sancho","Brazil",-3.853194,-32.445056,"Fernando de Noronha-Atol das Rocas moist forests","Fernando de Naronha and Atoll das Rocas","Tropical Atlantic"
1426,"ReefCheck","Sancho Bay","Brazil",-3.511,-32.263806,NA,"Fernando de Naronha and Atoll das Rocas","Tropical Atlantic"
1427,"ReefCheck","Sororoca","Brazil",-13.131694,-38.737167,NA,"Eastern Brazil","Tropical Atlantic"
1428,"ReefCheck","Sueste","Brazil",-3.868167,-32.422722,NA,"Fernando de Naronha and Atoll das Rocas","Tropical Atlantic"
1429,"ReefCheck","Sueste 2","Brazil",-3.869222,-32.422694,NA,"Fernando de Naronha and Atoll das Rocas","Tropical Atlantic"
1430,"ReefCheck","Sueste Trilha","Brazil",-3.868167,-32.425139,NA,"Fernando de Naronha and Atoll das Rocas","Tropical Atlantic"
1431,"ReefCheck","Taquarucu","Brazil",-16.416111,-38.974444,NA,"Eastern Brazil","Tropical Atlantic"
1432,"ReefCheck","Tartarugas","Brazil",-3.873361,-33.809194,NA,"Fernando de Naronha and Atoll das Rocas","Tropical Atlantic"
1433,"ReefCheck","Topo da Ilha da Barra","Brazil",-8.76625,-35.093222,NA,"Northeastern Brazil","Tropical Atlantic"
1434,"ReefCheck","Ze Ramos","Brazil",-3.854278,-32.447833,"Fernando de Noronha-Atol das Rocas moist forests","Fernando de Naronha and Atoll das Rocas","Tropical Atlantic"
1435,"ReefCheck","Ze Ramos A","Brazil",-3.853139,-32.446806,"Fernando de Noronha-Atol das Rocas moist forests","Fernando de Naronha and Atoll das Rocas","Tropical Atlantic"
1436,"ReefCheck","Ze Ramos B","Brazil",-3.852889,-32.446583,NA,"Fernando de Naronha and Atoll das Rocas","Tropical Atlantic"
1437,"ReefCheck","Ze Ramos I","Brazil",-3.855472,-32.449194,"Fernando de Noronha-Atol das Rocas moist forests","Fernando de Naronha and Atoll das Rocas","Tropical Atlantic"
1438,"ReefCheck","Ze Ramos I","Brazil",-3.854,-32.447333,"Fernando de Noronha-Atol das Rocas moist forests","Fernando de Naronha and Atoll das Rocas","Tropical Atlantic"
1439,"ReefCheck","Ze Ramos II","Brazil",-3.854333,-32.447556,"Fernando de Noronha-Atol das Rocas moist forests","Fernando de Naronha and Atoll das Rocas","Tropical Atlantic"
1440,"ReefCheck","Zulul","Brazil",-3.872944,-33.798278,NA,"Fernando de Naronha and Atoll das Rocas","Tropical Atlantic"
1441,"ReefCheck","Queen's Pinnacle","Cayman Islands",19.379167,-81.294167,NA,"Greater Antilles","Tropical Atlantic"
1442,"ReefCheck","Rum Point Channel","Cayman Islands",19.384167,-81.306389,NA,"Greater Antilles","Tropical Atlantic"
1443,"ReefCheck","Bahia de Granate","Colombia",11.30005,-74.196833,NA,"Southwestern Caribbean","Tropical Atlantic"
1444,"ReefCheck","Bajo Alicia","Colombia",9.396861,-76.189278,NA,"Southwestern Caribbean","Tropical Atlantic"
1445,"ReefCheck","Bajo de San Felipe","Colombia",13.352417,-81.407361,NA,"Southwestern Caribbean","Tropical Atlantic"
1446,"ReefCheck","Bajo San Felipe","Colombia",13.366111,-81.405806,NA,"Southwestern Caribbean","Tropical Atlantic"
1447,"ReefCheck","Bajo San Felipe 2","Colombia",13.358833,-81.392472,NA,"Southwestern Caribbean","Tropical Atlantic"
1448,"ReefCheck","Bajo San Felipe Profundo","Colombia",13.365028,-81.404778,NA,"Southwestern Caribbean","Tropical Atlantic"
1449,"ReefCheck","Bajo Tranquilo","Colombia",12.537194,-81.735917,NA,"Southwestern Caribbean","Tropical Atlantic"
1450,"ReefCheck","Barco Hundido","Colombia",12.537417,-81.736611,NA,"Southwestern Caribbean","Tropical Atlantic"
1451,"ReefCheck","Bonito Gordo","Colombia",11.301389,-74.165278,"Guajira-Barranquilla xeric scrub","Southwestern Caribbean","Tropical Atlantic"
1452,"ReefCheck","Cabanas Altamar, Km 1 Av. Circunvalar","Colombia",12.587167,-81.707333,NA,"Southwestern Caribbean","Tropical Atlantic"
1453,"ReefCheck","Calichan","Colombia",11.313556,-74.194278,NA,"Southwestern Caribbean","Tropical Atlantic"
1454,"ReefCheck","Calichan 2","Colombia",11.316667,-74.2,NA,"Southwestern Caribbean","Tropical Atlantic"
1455,"ReefCheck","Calichan Norte- Isla Aguja Pnn Tayrona","Colombia",11.312389,-74.195056,NA,"Southwestern Caribbean","Tropical Atlantic"
1456,"ReefCheck","Casa Camargo","Colombia",11.301194,-74.194,NA,"Southwestern Caribbean","Tropical Atlantic"
1457,"ReefCheck","Channel","Colombia",13.388778,-81.390639,NA,"Southwestern Caribbean","Tropical Atlantic"
1458,"ReefCheck","Channel 2","Colombia",13.396944,-81.394028,NA,"Southwestern Caribbean","Tropical Atlantic"
1459,"ReefCheck","El Cantil","Colombia",11.303806,-74.19425,NA,"Southwestern Caribbean","Tropical Atlantic"
1460,"ReefCheck","El Coro PNNT","Colombia",11.315417,-74.191,NA,"Southwestern Caribbean","Tropical Atlantic"
1461,"ReefCheck","El Cove","Colombia",12.516389,-81.730833,NA,"Southwestern Caribbean","Tropical Atlantic"
1462,"ReefCheck","El Faro","Colombia",12.521667,-81.72975,NA,"Southwestern Caribbean","Tropical Atlantic"
1463,"ReefCheck","El Faro 2","Colombia",12.521667,-81.7245,NA,"Southwestern Caribbean","Tropical Atlantic"
1464,"ReefCheck","El Remanso","Colombia",11.291111,-74.193722,NA,"Southwestern Caribbean","Tropical Atlantic"
1465,"ReefCheck","El Torin","Colombia",11.313383,-74.194083,NA,"Southwestern Caribbean","Tropical Atlantic"
1466,"ReefCheck","Fondo Loco","Colombia",9.383417,-76.228056,NA,"Southwestern Caribbean","Tropical Atlantic"
1467,"ReefCheck","Gun Point","Colombia",13.381433,-81.376853,NA,"Southwestern Caribbean","Tropical Atlantic"
1468,"ReefCheck","Inca Inca","Colombia",11.313556,-74.194278,NA,"Southwestern Caribbean","Tropical Atlantic"
1469,"ReefCheck","La Rocosa (deep)","Colombia",12.595417,-81.71125,NA,"Southwestern Caribbean","Tropical Atlantic"
1470,"ReefCheck","La Rocosa (shallow)","Colombia",12.593444,-81.710528,NA,"Southwestern Caribbean","Tropical Atlantic"
1471,"ReefCheck","Loro Town","Colombia",13.312833,-81.374333,NA,"Southwestern Caribbean","Tropical Atlantic"
1472,"ReefCheck","Los Venados","Colombia",9.388444,-76.172583,NA,"Southwestern Caribbean","Tropical Atlantic"
1473,"ReefCheck","Mantas Place","Colombia",13.31525,-81.374306,NA,"Southwestern Caribbean","Tropical Atlantic"
1474,"ReefCheck","Nenguange Bay","Colombia",11.331,-74.088333,NA,"Southwestern Caribbean","Tropical Atlantic"
1475,"ReefCheck","Nirvana","Colombia",12.502167,-81.733194,NA,"Southwestern Caribbean","Tropical Atlantic"
1476,"ReefCheck","Nirvana Fisher Rock","Colombia",12.503333,-81.726167,NA,"Southwestern Caribbean","Tropical Atlantic"
1477,"ReefCheck","Pavitos Island","Colombia",10.175556,-75.769167,NA,"Southwestern Caribbean","Tropical Atlantic"
1478,"ReefCheck","Playa del Medio","Colombia",11.308333,-74.154167,NA,"Southwestern Caribbean","Tropical Atlantic"
1479,"ReefCheck","Punta Vigia","Colombia",11.325417,-74.164583,NA,"Southwestern Caribbean","Tropical Atlantic"
1480,"ReefCheck","Punta Vigia 2","Colombia",11.323611,-74.163889,NA,"Southwestern Caribbean","Tropical Atlantic"
1481,"ReefCheck","Reef Flat","Colombia",10.166667,-75.75,NA,"Southwestern Caribbean","Tropical Atlantic"
1482,"ReefCheck","Reef Lagoon","Colombia",10.166667,-75.75,NA,"Southwestern Caribbean","Tropical Atlantic"
1483,"ReefCheck","Reef Lagoon 2","Colombia",10.133333,-75.733333,NA,"Southwestern Caribbean","Tropical Atlantic"
1484,"ReefCheck","Reggae Nest","Colombia",12.592861,-81.74075,NA,"Southwestern Caribbean","Tropical Atlantic"
1485,"ReefCheck","Schooner Bay","Colombia",12.541278,-81.73345,NA,"Southwestern Caribbean","Tropical Atlantic"
1486,"ReefCheck","Schooner Bight","Colombia",12.542333,-81.724833,"Cayos Miskitos-San Andrés and Providencia moist forests","Southwestern Caribbean","Tropical Atlantic"
1487,"ReefCheck","Sea Pride","Colombia",12.485833,-81.702444,NA,"Southwestern Caribbean","Tropical Atlantic"
1488,"ReefCheck","Southern Reef Flat","Colombia",10.166667,-75.75,NA,"Southwestern Caribbean","Tropical Atlantic"
1489,"ReefCheck","Tesoro Island","Colombia",10.231333,-75.735333,NA,"Southwestern Caribbean","Tropical Atlantic"
1490,"ReefCheck","Tetes Place","Colombia",13.318556,-81.401917,NA,"Southwestern Caribbean","Tropical Atlantic"
1491,"ReefCheck","Tintipan","Colombia",9.810833,-75.831389,NA,"Southwestern Caribbean","Tropical Atlantic"
1492,"ReefCheck","Villa Erika","Colombia",12.505222,-81.814833,NA,"Southwestern Caribbean","Tropical Atlantic"
1493,"ReefCheck","Villa Erika 2","Colombia",12.505222,-81.731611,NA,"Southwestern Caribbean","Tropical Atlantic"
1494,"ReefCheck","Aguadores","Cuba",19.963361,-75.835722,NA,"Greater Antilles","Tropical Atlantic"
1495,"ReefCheck","Albet (11m)","Cuba",23.182694,-82.098167,NA,"Greater Antilles","Tropical Atlantic"
1496,"ReefCheck","Albet (3m)","Cuba",23.180667,-82.098167,"Cuban cactus scrub","Greater Antilles","Tropical Atlantic"
1497,"ReefCheck","Caldera","Cuba",23.182583,-82.054833,"Cuban cactus scrub","Greater Antilles","Tropical Atlantic"
1498,"ReefCheck","Campismo Popular","Cuba",22.25825,-81.181167,NA,"Greater Antilles","Tropical Atlantic"
1499,"ReefCheck","Cayo Largo- Ballenatos","Cuba",21.584806,-81.580028,NA,"Greater Antilles","Tropical Atlantic"
1500,"ReefCheck","Cayo Rosario","Cuba",21.593278,-81.923528,NA,"Greater Antilles","Tropical Atlantic"
1501,"ReefCheck","Cayo Rosario 2","Cuba",21.5945,-81.923778,NA,"Greater Antilles","Tropical Atlantic"
1502,"ReefCheck","Cayo Verde","Cuba",23.164167,-80.225556,NA,"Greater Antilles","Tropical Atlantic"
1503,"ReefCheck","Ladan","Cuba",22.700556,-79.007778,NA,"Greater Antilles","Tropical Atlantic"
1504,"ReefCheck","Maria La Gorda- Jardin de Gorgonias","Cuba",21.809861,-84.512889,"Cuban dry forests","Greater Antilles","Tropical Atlantic"
1505,"ReefCheck","Miramar-Calle 16","Cuba",23.1275,-82.425028,"Cuban cactus scrub","Greater Antilles","Tropical Atlantic"
1506,"ReefCheck","Miramar-Copacavana","Cuba",23.118194,-82.436778,"Cuban cactus scrub","Greater Antilles","Tropical Atlantic"
1507,"ReefCheck","Obispo","Cuba",23.126389,-80.185278,NA,"Greater Antilles","Tropical Atlantic"
1508,"ReefCheck","Punta Perdiz","Cuba",22.12625,-81.140917,NA,"Greater Antilles","Tropical Atlantic"
1509,"ReefCheck","Sardinero","Cuba",19.95975,-75.791917,NA,"Greater Antilles","Tropical Atlantic"
1510,"ReefCheck","Beacon Point","Curaçao",12.081194,-68.895528,"Caribbean shrublands","Southern Caribbean","Tropical Atlantic"
1511,"ReefCheck","Curacao Sea Aquarium House Reef, Plot A #1","Curaçao",12.083222,-68.897083,"Caribbean shrublands","Southern Caribbean","Tropical Atlantic"
1512,"ReefCheck","Eastpoint","Curaçao",12.040972,-68.750833,"Amazon-Orinoco-Southern Caribbean mangroves","Southern Caribbean","Tropical Atlantic"
1513,"ReefCheck","Jan Thiel Baai","Curaçao",12.07375,-68.8795,NA,"Southern Caribbean","Tropical Atlantic"
1514,"ReefCheck","Jan Thiel East","Curaçao",12.074528,-68.879194,NA,"Southern Caribbean","Tropical Atlantic"
1515,"ReefCheck","Oostpunt","Curaçao",12.041389,-68.749944,"Amazon-Orinoco-Southern Caribbean mangroves","Southern Caribbean","Tropical Atlantic"
1516,"ReefCheck","Pierebaai/Marie Pampoen","Curaçao",12.09,-68.905556,"Caribbean shrublands","Southern Caribbean","Tropical Atlantic"
1517,"ReefCheck","Playa Hundu","Curaçao",12.260278,-69.120278,"Caribbean shrublands","Southern Caribbean","Tropical Atlantic"
1518,"ReefCheck","Playa Jeremi","Curaçao",12.328028,-69.151806,NA,"Southern Caribbean","Tropical Atlantic"
1519,"ReefCheck","Playa Lagun","Curaçao",12.3175,-69.1525,NA,"Southern Caribbean","Tropical Atlantic"
1520,"ReefCheck","Porto Mari","Curaçao",12.218833,-69.087333,"Caribbean shrublands","Southern Caribbean","Tropical Atlantic"
1521,"ReefCheck","Portomari","Curaçao",12.219889,-69.087111,"Caribbean shrublands","Southern Caribbean","Tropical Atlantic"
1522,"ReefCheck","Portomari 2","Curaçao",12.219056,-69.087778,"Caribbean shrublands","Southern Caribbean","Tropical Atlantic"
1523,"ReefCheck","PortoMari Transect 1","Curaçao",12.218611,-69.087472,"Caribbean shrublands","Southern Caribbean","Tropical Atlantic"
1524,"ReefCheck","PortoMari Transect 2","Curaçao",12.218611,-69.087222,"Caribbean shrublands","Southern Caribbean","Tropical Atlantic"
1525,"ReefCheck","PortoMari Transect 3","Curaçao",12.218139,-69.086639,"Caribbean shrublands","Southern Caribbean","Tropical Atlantic"
1526,"ReefCheck","Pos Spano","Curaçao",12.279083,-69.145111,"Caribbean shrublands","Southern Caribbean","Tropical Atlantic"
1527,"ReefCheck","Pos Spano 2","Curaçao",12.280778,-69.144944,"Caribbean shrublands","Southern Caribbean","Tropical Atlantic"
1528,"ReefCheck","Slangenbaai","Curaçao",12.139361,-68.997222,"Caribbean shrublands","Southern Caribbean","Tropical Atlantic"
1529,"ReefCheck","Slangenbaai 2","Curaçao",12.139583,-69.837167,NA,"Southern Caribbean","Tropical Atlantic"
1530,"ReefCheck","Small Wall","Curaçao",12.063028,-68.855611,"Amazon-Orinoco-Southern Caribbean mangroves","Southern Caribbean","Tropical Atlantic"
1531,"ReefCheck","Sta. Martha West","Curaçao",12.267639,-69.13125,"Amazon-Orinoco-Southern Caribbean mangroves","Southern Caribbean","Tropical Atlantic"
1532,"ReefCheck","Watamula Reef","Curaçao",12.384833,-69.160028,NA,"Southern Caribbean","Tropical Atlantic"
1533,"ReefCheck","Barry's Dream","Dominica",15.426667,-61.447778,"Caribbean shrublands","Eastern Caribbean","Tropical Atlantic"
1534,"ReefCheck","Brain Coral Plateau","Dominica",15.439167,-61.44575,"Caribbean shrublands","Eastern Caribbean","Tropical Atlantic"
1535,"ReefCheck","Canon Site","Dominica",15.590528,-61.474139,NA,"Eastern Caribbean","Tropical Atlantic"
1536,"ReefCheck","Champagne Outer","Dominica",15.239167,-61.371111,"Caribbean shrublands","Eastern Caribbean","Tropical Atlantic"
1537,"ReefCheck","Coral Gardens 4","Dominica",15.234944,-61.366556,"Caribbean shrublands","Eastern Caribbean","Tropical Atlantic"
1538,"ReefCheck","Inshore Suburbs","Dominica",15.206778,-61.349167,"Caribbean shrublands","Eastern Caribbean","Tropical Atlantic"
1539,"ReefCheck","La Bym","Dominica",15.236889,-61.370111,"Caribbean shrublands","Eastern Caribbean","Tropical Atlantic"
1540,"ReefCheck","La Sorciere","Dominica",15.236722,-61.369861,"Caribbean shrublands","Eastern Caribbean","Tropical Atlantic"
1541,"ReefCheck","Lauro Reef","Dominica",15.438611,-61.445694,"Caribbean shrublands","Eastern Caribbean","Tropical Atlantic"
1542,"ReefCheck","Maggie's Point","Dominica",15.407111,-61.427389,"Caribbean shrublands","Eastern Caribbean","Tropical Atlantic"
1543,"ReefCheck","Rinas Hole","Dominica",15.4415,-61.453611,"Caribbean shrublands","Eastern Caribbean","Tropical Atlantic"
1544,"ReefCheck","Rodney's Rock","Dominica",15.38075,-61.412528,"Caribbean shrublands","Eastern Caribbean","Tropical Atlantic"
1545,"ReefCheck","Rose Garden","Dominica",15.590806,-61.471806,"Caribbean shrublands","Eastern Caribbean","Tropical Atlantic"
1546,"ReefCheck","Scotts Head Dropoff - Tous Sable","Dominica",15.21375,-61.37175,"Caribbean shrublands","Eastern Caribbean","Tropical Atlantic"
1547,"ReefCheck","Solomon","Dominica",15.272778,-61.37525,"Caribbean shrublands","Eastern Caribbean","Tropical Atlantic"
1548,"ReefCheck","Solomon A","Dominica",15.272278,-61.374278,"Caribbean shrublands","Eastern Caribbean","Tropical Atlantic"
1549,"ReefCheck","Solomon B","Dominica",15.279583,-61.372417,"Caribbean shrublands","Eastern Caribbean","Tropical Atlantic"
1550,"ReefCheck","Solomon Reef Site A","Dominica",15.269444,-61.376639,"Caribbean shrublands","Eastern Caribbean","Tropical Atlantic"
1551,"ReefCheck","Solomon Reef Site B","Dominica",15.272722,-61.375389,"Caribbean shrublands","Eastern Caribbean","Tropical Atlantic"
1552,"ReefCheck","Sunshine Reef","Dominica",15.581583,-61.475694,"Caribbean shrublands","Eastern Caribbean","Tropical Atlantic"
1553,"ReefCheck","7 Matas","Dominican Republic",18.433611,-69.687056,NA,"Greater Antilles","Tropical Atlantic"
1554,"ReefCheck","7 Matas de Coco, La Caleta","Dominican Republic",18.447861,-69.683389,"Hispaniolan moist forests","Greater Antilles","Tropical Atlantic"
1555,"ReefCheck","Anchor Reef","Dominican Republic",19.04925,-69.074417,NA,"Greater Antilles","Tropical Atlantic"
1556,"ReefCheck","Ancla, Cabeza de Toro","Dominican Republic",18.658778,-68.341944,NA,"Greater Antilles","Tropical Atlantic"
1557,"ReefCheck","Aquario","Dominican Republic",18.267472,-68.785833,NA,"Greater Antilles","Tropical Atlantic"
1558,"ReefCheck","Atlantic Princess","Dominican Republic",18.369111,-68.852472,NA,"Greater Antilles","Tropical Atlantic"
1559,"ReefCheck","Bahamas","Dominican Republic",18.441111,-69.694056,NA,"Greater Antilles","Tropical Atlantic"
1560,"ReefCheck","Bahamas, La Caleta, MPA","Dominican Republic",18.441111,-69.691667,NA,"Greater Antilles","Tropical Atlantic"
1561,"ReefCheck","Bahia Principe Cayacoa","Dominican Republic",19.194556,-69.328861,NA,"Greater Antilles","Tropical Atlantic"
1562,"ReefCheck","Bajo Punta Rey Seaward","Dominican Republic",19.054361,-68.961556,NA,"Greater Antilles","Tropical Atlantic"
1563,"ReefCheck","Barrier Bajo del Negro 2, Miches","Dominican Republic",18.987139,-68.797667,NA,"Greater Antilles","Tropical Atlantic"
1564,"ReefCheck","Bayahibe/Dominicus","Dominican Republic",18.342667,-68.832583,NA,"Greater Antilles","Tropical Atlantic"
1565,"ReefCheck","Boca Chica West","Dominican Republic",18.437,-69.620667,NA,"Greater Antilles","Tropical Atlantic"
1566,"ReefCheck","Cabecitos del Cayo","Dominican Republic",19.876083,-71.330972,NA,"Greater Antilles","Tropical Atlantic"
1567,"ReefCheck","Cabeza de Toro","Dominican Republic",18.655694,-68.359778,"Bahamian-Antillean mangroves","Greater Antilles","Tropical Atlantic"
1568,"ReefCheck","Cabeza de Toro 2","Dominican Republic",18.657306,-68.3585,NA,"Greater Antilles","Tropical Atlantic"
1569,"ReefCheck","Cañones, Boca Chica","Dominican Republic",18.438222,-69.613278,NA,"Greater Antilles","Tropical Atlantic"
1570,"ReefCheck","Cayo Arena","Dominican Republic",19.840722,-71.212889,NA,"Greater Antilles","Tropical Atlantic"
1571,"ReefCheck","Cayo Tuna","Dominican Republic",19.873306,-71.818139,NA,"Greater Antilles","Tropical Atlantic"
1572,"ReefCheck","Coral Garden, Bavaro","Dominican Republic",18.722056,-68.4425,NA,"Greater Antilles","Tropical Atlantic"
1573,"ReefCheck","Coral Garden, Bavaro 2","Dominican Republic",18.683472,-68.393167,NA,"Greater Antilles","Tropical Atlantic"
1574,"ReefCheck","Coral Plaza","Dominican Republic",19.385722,-69.461639,NA,"Greater Antilles","Tropical Atlantic"
1575,"ReefCheck","Cueva de las Golondrinas_La Caleta","Dominican Republic",18.452694,-69.699972,NA,"Greater Antilles","Tropical Atlantic"
1576,"ReefCheck","Dominicus Reef","Dominican Republic",18.343472,-68.846667,NA,"Greater Antilles","Tropical Atlantic"
1577,"ReefCheck","Eden Roc","Dominican Republic",18.449056,-68.420222,"Hispaniolan moist forests","Greater Antilles","Tropical Atlantic"
1578,"ReefCheck","El Castillo, Boca Chica","Dominican Republic",18.444167,-69.603861,NA,"Greater Antilles","Tropical Atlantic"
1579,"ReefCheck","El Faro 3","Dominican Republic",17.936111,-71.688722,NA,"Greater Antilles","Tropical Atlantic"
1580,"ReefCheck","El Hotel","Dominican Republic",17.894472,-71.669917,NA,"Greater Antilles","Tropical Atlantic"
1581,"ReefCheck","Fronton","Dominican Republic",19.297222,-69.151944,"Hispaniolan moist forests","Greater Antilles","Tropical Atlantic"
1582,"ReefCheck","Guaco Coastal","Dominican Republic",19.018778,-68.898056,NA,"Greater Antilles","Tropical Atlantic"
1583,"ReefCheck","Guaco Seaward","Dominican Republic",19.02425,-68.888861,NA,"Greater Antilles","Tropical Atlantic"
1584,"ReefCheck","Hickory","Dominican Republic",18.426167,-69.682944,NA,"Greater Antilles","Tropical Atlantic"
1585,"ReefCheck","Iberostar","Dominican Republic",19.78025,-70.656389,"Hispaniolan moist forests","Greater Antilles","Tropical Atlantic"
1586,"ReefCheck","Iberostar 2","Dominican Republic",19.780278,-70.650528,NA,"Greater Antilles","Tropical Atlantic"
1587,"ReefCheck","Isla Catalina- Acuario","Dominican Republic",18.364722,-69.024167,NA,"Greater Antilles","Tropical Atlantic"
1588,"ReefCheck","La Bomba","Dominican Republic",18.434833,-69.685222,NA,"Greater Antilles","Tropical Atlantic"
1589,"ReefCheck","La Boya","Dominican Republic",18.424889,-69.682528,NA,"Greater Antilles","Tropical Atlantic"
1590,"ReefCheck","La Caleta- Peaje","Dominican Republic",18.446222,-69.695472,NA,"Greater Antilles","Tropical Atlantic"
1591,"ReefCheck","Larimar 1","Dominican Republic",19.770444,-70.518306,NA,"Greater Antilles","Tropical Atlantic"
1592,"ReefCheck","Limon Coastal","Dominican Republic",18.998278,-68.84525,NA,"Greater Antilles","Tropical Atlantic"
1593,"ReefCheck","Limon Seaward","Dominican Republic",19.007056,-68.840444,NA,"Greater Antilles","Tropical Atlantic"
1594,"ReefCheck","Los Jardines","Dominican Republic",19.423694,-69.403361,NA,"Greater Antilles","Tropical Atlantic"
1595,"ReefCheck","Los Negros 3, Miches","Dominican Republic",18.987,-68.804972,NA,"Greater Antilles","Tropical Atlantic"
1596,"ReefCheck","Los Negros Seaward","Dominican Republic",18.996722,-68.794889,NA,"Greater Antilles","Tropical Atlantic"
1597,"ReefCheck","Media Luna","Dominican Republic",19.046472,-69.04575,NA,"Greater Antilles","Tropical Atlantic"
1598,"ReefCheck","Media Luna West","Dominican Republic",19.059083,-69.080806,NA,"Greater Antilles","Tropical Atlantic"
1599,"ReefCheck","Miches Bay","Dominican Republic",19.000333,-69.038056,NA,"Greater Antilles","Tropical Atlantic"
1600,"ReefCheck","Miches Site 1","Dominican Republic",19.032361,-68.922833,NA,"Greater Antilles","Tropical Atlantic"
1601,"ReefCheck","Miches Site 2","Dominican Republic",19.00325,-69.032333,NA,"Greater Antilles","Tropical Atlantic"
1602,"ReefCheck","Monica Wreck, Cabeza de Toro","Dominican Republic",18.658556,-68.345333,NA,"Greater Antilles","Tropical Atlantic"
1603,"ReefCheck","Morales","Dominican Republic",18.328611,-68.818167,NA,"Greater Antilles","Tropical Atlantic"
1604,"ReefCheck","Paicianito","Dominican Republic",18.440139,-69.687278,NA,"Greater Antilles","Tropical Atlantic"
1605,"ReefCheck","Paisanito, La Caleta","Dominican Republic",18.438861,-69.686861,NA,"Greater Antilles","Tropical Atlantic"
1606,"ReefCheck","Paradise Reef","Dominican Republic",19.785,-70.645361,NA,"Greater Antilles","Tropical Atlantic"
1607,"ReefCheck","Parco","Dominican Republic",18.328333,-68.818056,NA,"Greater Antilles","Tropical Atlantic"
1608,"ReefCheck","Pared (Catalina)","Dominican Republic",18.373861,-69.005583,"Hispaniolan moist forests","Greater Antilles","Tropical Atlantic"
1609,"ReefCheck","Pata de Cristo","Dominican Republic",17.801556,-71.304556,NA,"Greater Antilles","Tropical Atlantic"
1610,"ReefCheck","Peaje","Dominican Republic",18.44975,-69.692333,NA,"Greater Antilles","Tropical Atlantic"
1611,"ReefCheck","Picadilly Shallow","Dominican Republic",18.442444,-69.60375,NA,"Greater Antilles","Tropical Atlantic"
1612,"ReefCheck","Playa Dorada 1","Dominican Republic",19.776583,-70.647833,NA,"Greater Antilles","Tropical Atlantic"
1613,"ReefCheck","Playa Dorada 2","Dominican Republic",19.775417,-70.6425,NA,"Greater Antilles","Tropical Atlantic"
1614,"ReefCheck","Playa Esmeralda","Dominican Republic",19.022028,-68.979917,NA,"Greater Antilles","Tropical Atlantic"
1615,"ReefCheck","Playa Grande","Dominican Republic",19.67,-69.933333,NA,"Greater Antilles","Tropical Atlantic"
1616,"ReefCheck","Plaza Helena","Dominican Republic",19.34025,-69.48,NA,"Greater Antilles","Tropical Atlantic"
1617,"ReefCheck","Plaza Ramon","Dominican Republic",19.34,-69.498861,NA,"Greater Antilles","Tropical Atlantic"
1618,"ReefCheck","Primer Coral","Dominican Republic",18.436556,-69.689222,NA,"Greater Antilles","Tropical Atlantic"
1619,"ReefCheck","Primer Coral 2","Dominican Republic",18.44875,-69.683917,"Hispaniolan moist forests","Greater Antilles","Tropical Atlantic"
1620,"ReefCheck","Primer Coral, La Caleta","Dominican Republic",18.445417,-69.684694,NA,"Greater Antilles","Tropical Atlantic"
1621,"ReefCheck","Punta Can Buoy Reef","Dominican Republic",18.513889,-68.358611,NA,"Greater Antilles","Tropical Atlantic"
1622,"ReefCheck","Punta Cana","Dominican Republic",18.517472,-68.297028,NA,"Greater Antilles","Tropical Atlantic"
1623,"ReefCheck","Punta de Bahia","Dominican Republic",18.025139,-71.7425,NA,"Greater Antilles","Tropical Atlantic"
1624,"ReefCheck","West Wall","Dominican Republic",19.7605,-70.520583,NA,"Greater Antilles","Tropical Atlantic"
1625,"ReefCheck","Yeso de Cuevanjo","Dominican Republic",17.811917,-71.641667,NA,"Greater Antilles","Tropical Atlantic"
1626,"ReefCheck","Aquarium - Indiana","France",16.239889,-61.285194,NA,"Eastern Caribbean","Tropical Atlantic"
1627,"ReefCheck","Baleine Gros Ilets","France",17.900083,-62.863556,NA,"Eastern Caribbean","Tropical Atlantic"
1628,"ReefCheck","Bouillante - Tahiti Beach","France",16.138361,-61.775667,NA,"Eastern Caribbean","Tropical Atlantic"
1629,"ReefCheck","Cayes Vertes","France",18.090944,-63.010556,NA,"Eastern Caribbean","Tropical Atlantic"
1630,"ReefCheck","Ilet a Fijou","France",16.35,-61.583333,NA,"Eastern Caribbean","Tropical Atlantic"
1631,"ReefCheck","Ilet Gosier Lagon","France",16.199861,-61.489806,NA,"Eastern Caribbean","Tropical Atlantic"
1632,"ReefCheck","Le Gallion Bowl","France",18.07125,-63.010111,NA,"Eastern Caribbean","Tropical Atlantic"
1633,"ReefCheck","Marie-Galante - Patka","France",15.872611,-61.31,NA,"Eastern Caribbean","Tropical Atlantic"
1634,"ReefCheck","Petite Terre - Lagon","France",16.175139,-61.105583,NA,"Eastern Caribbean","Tropical Atlantic"
1635,"ReefCheck","Petits Saints","France",17.893472,-62.855139,NA,"Eastern Caribbean","Tropical Atlantic"
1636,"ReefCheck","Pinel Sentier Sous-marin","France",18.102944,-63.016056,NA,"Eastern Caribbean","Tropical Atlantic"
1637,"ReefCheck","Pointe Cabrit/Les Saintes Terre de Haut","France",15.876389,-61.601667,NA,"Eastern Caribbean","Tropical Atlantic"
1638,"ReefCheck","Port Louis, Pointe des Mangles","France",16.431194,-61.542917,NA,"Eastern Caribbean","Tropical Atlantic"
1639,"ReefCheck","Rocher Creole Nord","France",18.118444,-63.056556,NA,"Eastern Caribbean","Tropical Atlantic"
1640,"ReefCheck","Tache a Kat","France",15.959028,-61.322028,NA,"Eastern Caribbean","Tropical Atlantic"
1641,"ReefCheck","Trois Pointes","France",15.953917,-61.710361,NA,"Eastern Caribbean","Tropical Atlantic"
1642,"ReefCheck","Boss Reef/Quarter Wreck","Grenada",12.027611,-61.783611,NA,"Eastern Caribbean","Tropical Atlantic"
1643,"ReefCheck","Dragon Bay North","Grenada",12.088556,-61.762417,NA,"Eastern Caribbean","Tropical Atlantic"
1644,"ReefCheck","Dragon Bay South","Grenada",12.085306,-61.762861,NA,"Eastern Caribbean","Tropical Atlantic"
1645,"ReefCheck","Flamingo Bay South","Grenada",12.091667,-61.758889,NA,"Eastern Caribbean","Tropical Atlantic"
1646,"ReefCheck","Jack-A-Dan","Grenada",12.495278,-61.465833,NA,"Eastern Caribbean","Tropical Atlantic"
1647,"ReefCheck","Mabouya Garden","Grenada",12.487778,-61.490556,NA,"Eastern Caribbean","Tropical Atlantic"
1648,"ReefCheck","Northern Exposure","Grenada",12.035222,-61.759222,NA,"Eastern Caribbean","Tropical Atlantic"
1649,"ReefCheck","Sandy Island Garden","Grenada",12.485806,-61.482694,NA,"Eastern Caribbean","Tropical Atlantic"
1650,"ReefCheck","Seaview","Grenada",12.450556,-61.494444,NA,"Eastern Caribbean","Tropical Atlantic"
1651,"ReefCheck","Whirlpool","Grenada",12.484861,-61.495611,NA,"Eastern Caribbean","Tropical Atlantic"
1652,"ReefCheck","Cabo Tres Puntas","Guatemala",15.966111,-88.554972,NA,"Western Caribbean","Tropical Atlantic"
1653,"ReefCheck","Faro Blanco","Guatemala",15.894056,-88.685389,NA,"Western Caribbean","Tropical Atlantic"
1654,"ReefCheck","Languaja","Guatemala",15.868722,-88.770722,NA,"Western Caribbean","Tropical Atlantic"
1655,"ReefCheck","Motaguilla","Guatemala",15.852944,-88.301889,NA,"Western Caribbean","Tropical Atlantic"
1656,"ReefCheck","Abricots","Haiti",18.655944,-74.307694,"Hispaniolan moist forests","Greater Antilles","Tropical Atlantic"
1657,"ReefCheck","Acul Barrier Reef NE","Haiti",19.789972,-72.284556,NA,"Greater Antilles","Tropical Atlantic"
1658,"ReefCheck","Acul Barrier Reef W of Wreck","Haiti",19.805778,-72.310528,NA,"Greater Antilles","Tropical Atlantic"
1659,"ReefCheck","Acul Cadras","Haiti",19.768889,-72.259639,NA,"Greater Antilles","Tropical Atlantic"
1660,"ReefCheck","Acul Cadras 2nd point","Haiti",19.789917,-72.284139,NA,"Greater Antilles","Tropical Atlantic"
1661,"ReefCheck","Acul Ile Rat","Haiti",19.794444,-72.320889,NA,"Greater Antilles","Tropical Atlantic"
1662,"ReefCheck","Acul Long Skinny Patch Reef NW","Haiti",19.791694,-72.2905,NA,"Greater Antilles","Tropical Atlantic"
1663,"ReefCheck","Acul Patch Reef W Ile Rat","Haiti",19.792528,-72.327028,NA,"Greater Antilles","Tropical Atlantic"
1664,"ReefCheck","Anse a Marigot Island","Haiti",19.71125,-71.844722,NA,"Greater Antilles","Tropical Atlantic"
1665,"ReefCheck","Anse a Veaux East","Haiti",18.505278,-73.340833,"Bahamian-Antillean mangroves","Greater Antilles","Tropical Atlantic"
1666,"ReefCheck","Anse d'Azur East","Haiti",18.661833,-74.143444,"Hispaniolan moist forests","Greater Antilles","Tropical Atlantic"
1667,"ReefCheck","Anse d'Azur White House","Haiti",18.665472,-74.147694,"Hispaniolan moist forests","Greater Antilles","Tropical Atlantic"
1668,"ReefCheck","Anse d'Azur White Patches","Haiti",18.669722,-74.163389,"Hispaniolan moist forests","Greater Antilles","Tropical Atlantic"
1669,"ReefCheck","Anse du Clerc East","Haiti",18.667806,-74.264583,"Hispaniolan moist forests","Greater Antilles","Tropical Atlantic"
1670,"ReefCheck","Anse Galets E","Haiti",18.824361,-72.832139,NA,"Greater Antilles","Tropical Atlantic"
1671,"ReefCheck","Arcadines Lighthouse E","Haiti",18.799806,-72.641167,NA,"Greater Antilles","Tropical Atlantic"
1672,"ReefCheck","Arcadines Lighthouse W","Haiti",18.803222,-72.655611,NA,"Greater Antilles","Tropical Atlantic"
1673,"ReefCheck","Aviation","Haiti",18.670694,-74.175222,"Hispaniolan moist forests","Greater Antilles","Tropical Atlantic"
1674,"ReefCheck","Big Patch Caye Sable","Haiti",18.688722,-72.780306,NA,"Greater Antilles","Tropical Atlantic"
1675,"ReefCheck","Bo wout montrois","Haiti",18.933533,-72.680917,"Hispaniolan dry forests","Greater Antilles","Tropical Atlantic"
1676,"ReefCheck","Bonbon East","Haiti",18.674722,-74.235306,"Hispaniolan moist forests","Greater Antilles","Tropical Atlantic"
1677,"ReefCheck","Caracol Barrier Reef Inside West","Haiti",19.751528,-72.023472,NA,"Greater Antilles","Tropical Atlantic"
1678,"ReefCheck","Caracol Barrier Reef Out East","Haiti",19.754361,-72.008444,NA,"Greater Antilles","Tropical Atlantic"
1679,"ReefCheck","Caracol Barrier Reef Out West","Haiti",19.751861,-72.017194,NA,"Greater Antilles","Tropical Atlantic"
1680,"ReefCheck","Caracol Canal NE","Haiti",19.746111,-72.015472,NA,"Greater Antilles","Tropical Atlantic"
1681,"ReefCheck","Carrefour Grosse Chaudiere","Haiti",18.287306,-74.343333,NA,"Greater Antilles","Tropical Atlantic"
1682,"ReefCheck","Carrefour Grosse Chaudiere 2nd Point","Haiti",18.287306,-74.343333,NA,"Greater Antilles","Tropical Atlantic"
1683,"ReefCheck","Caye Sable E (Big)","Haiti",18.686194,-72.760083,NA,"Greater Antilles","Tropical Atlantic"
1684,"ReefCheck","Caye Sable E (Small)","Haiti",18.673889,-72.771389,NA,"Greater Antilles","Tropical Atlantic"
1685,"ReefCheck","Cayemites North West","Haiti",18.383528,-73.474194,"Hispaniolan moist forests","Greater Antilles","Tropical Atlantic"
1686,"ReefCheck","Cayemites outside barrier","Haiti",18.245889,-73.482639,NA,"Greater Antilles","Tropical Atlantic"
1687,"ReefCheck","Chardoniere","Haiti",18.281056,-74.181361,NA,"Greater Antilles","Tropical Atlantic"
1688,"ReefCheck","Cliff Saint Louis","Haiti",19.899472,-72.591833,NA,"Greater Antilles","Tropical Atlantic"
1689,"ReefCheck","Corail outside reef","Haiti",18.208139,-73.50375,NA,"Greater Antilles","Tropical Atlantic"
1690,"ReefCheck","Einar's Reef","Haiti",18.915361,-72.649,NA,"Greater Antilles","Tropical Atlantic"
1691,"ReefCheck","Ft Liberte Channel mouth east","Haiti",19.71125,-71.844722,NA,"Greater Antilles","Tropical Atlantic"
1692,"ReefCheck","Ft Liberte Channel Mouth NW","Haiti",19.710778,-71.846861,NA,"Greater Antilles","Tropical Atlantic"
1693,"ReefCheck","Ft Liberte Channel SE end","Haiti",19.690389,-71.843,NA,"Greater Antilles","Tropical Atlantic"
1694,"ReefCheck","Grand Boukan","Haiti",18.563111,-73.574833,NA,"Greater Antilles","Tropical Atlantic"
1695,"ReefCheck","Grand Goave Ile L'llet","Haiti",18.433333,-72.723417,NA,"Greater Antilles","Tropical Atlantic"
1696,"ReefCheck","Gros Baguette","Haiti",18.901472,-72.634056,NA,"Greater Antilles","Tropical Atlantic"
1697,"ReefCheck","Gros Mangle E","Haiti",18.935278,-73.111528,NA,"Greater Antilles","Tropical Atlantic"
1698,"ReefCheck","Ile Fa (Lighthouse Island)","Haiti",18.803972,-72.650389,NA,"Greater Antilles","Tropical Atlantic"
1699,"ReefCheck","Ile Sud","Haiti",18.793389,-72.651778,NA,"Greater Antilles","Tropical Atlantic"
1700,"ReefCheck","La Gon Des Huitres","Haiti",18.225778,-72.066669,NA,"Greater Antilles","Tropical Atlantic"
1701,"ReefCheck","La Gonave E Pt","Haiti",18.702056,-72.811056,"Hispaniolan dry forests","Greater Antilles","Tropical Atlantic"
1702,"ReefCheck","La Gonave SE Pt","Haiti",18.708194,-72.807083,"Hispaniolan dry forests","Greater Antilles","Tropical Atlantic"
1703,"ReefCheck","La Tortue north mid","Haiti",20.092111,-72.810611,NA,"Greater Antilles","Tropical Atlantic"
1704,"ReefCheck","Les Irois","Haiti",18.414333,-74.479528,NA,"Greater Antilles","Tropical Atlantic"
1705,"ReefCheck","Les Orangers","Haiti",18.145222,-73.977861,NA,"Greater Antilles","Tropical Atlantic"
1706,"ReefCheck","Miragoane Mid Out","Haiti",18.45675,-73.071306,NA,"Greater Antilles","Tropical Atlantic"
1707,"ReefCheck","North West Grand Boucan","Haiti",18.379083,-73.515417,"Hispaniolan moist forests","Greater Antilles","Tropical Atlantic"
1708,"ReefCheck","Patch Caye Sable","Haiti",18.703528,-72.775139,NA,"Greater Antilles","Tropical Atlantic"
1709,"ReefCheck","Petit Gonave SW Pt","Haiti",18.694667,-72.818056,NA,"Greater Antilles","Tropical Atlantic"
1710,"ReefCheck","Petit Trou de Nippes (Lighthouse Reef)","Haiti",18.530722,-73.534028,NA,"Greater Antilles","Tropical Atlantic"
1711,"ReefCheck","Petite Riviere de Nippes ""Manollo Inn""","Haiti",18.476972,-73.238333,"Bahamian-Antillean mangroves","Greater Antilles","Tropical Atlantic"
1712,"ReefCheck","Point a Raquette","Haiti",18.784667,-73.068083,NA,"Greater Antilles","Tropical Atlantic"
1713,"ReefCheck","Point Sable","Haiti",18.100389,-73.943111,NA,"Greater Antilles","Tropical Atlantic"
1714,"ReefCheck","Pointe Decouverte","Haiti",18.441583,-74.473722,NA,"Greater Antilles","Tropical Atlantic"
1715,"ReefCheck","Pointe Seringue","Haiti",18.599861,-74.428139,NA,"Greater Antilles","Tropical Atlantic"
1716,"ReefCheck","Port a Piment","Haiti",18.236972,-74.09125,NA,"Greater Antilles","Tropical Atlantic"
1717,"ReefCheck","Port Bichette","Haiti",20.005444,-72.749583,NA,"Greater Antilles","Tropical Atlantic"
1718,"ReefCheck","Port Morgan 2nd Point","Haiti",18.256972,-73.455528,NA,"Greater Antilles","Tropical Atlantic"
1719,"ReefCheck","Ravine Sable East","Haiti",18.673611,-74.183111,"Hispaniolan moist forests","Greater Antilles","Tropical Atlantic"
1720,"ReefCheck","Ravine Sable West","Haiti",18.676944,-74.195167,"Hispaniolan moist forests","Greater Antilles","Tropical Atlantic"
1721,"ReefCheck","South west tip Tortue","Haiti",20.056944,-72.967778,NA,"Greater Antilles","Tropical Atlantic"
1722,"ReefCheck","St Marc North","Haiti",19.191861,-72.777667,NA,"Greater Antilles","Tropical Atlantic"
1723,"ReefCheck","St Marc Pt Lighthouse","Haiti",19.08875,-72.798917,NA,"Greater Antilles","Tropical Atlantic"
1724,"ReefCheck","St Marc South Beach","Haiti",19.092222,-72.759028,NA,"Greater Antilles","Tropical Atlantic"
1725,"ReefCheck","St Marc South Cliff","Haiti",19.091139,-72.734528,NA,"Greater Antilles","Tropical Atlantic"
1726,"ReefCheck","St Marc South Cliff 2","Haiti",19.089167,-72.747028,"Hispaniolan dry forests","Greater Antilles","Tropical Atlantic"
1727,"ReefCheck","Taino Beach","Haiti",18.430556,-72.789722,"Hispaniolan moist forests","Greater Antilles","Tropical Atlantic"
1728,"ReefCheck","Ti 'Teal (Likkle Hiland)","Haiti",18.8085,-72.642194,NA,"Greater Antilles","Tropical Atlantic"
1729,"ReefCheck","Ti Goave Bay","Haiti",18.445722,-72.695722,NA,"Greater Antilles","Tropical Atlantic"
1730,"ReefCheck","Ti Trou","Haiti",18.038306,-73.9095,NA,"Greater Antilles","Tropical Atlantic"
1731,"ReefCheck","Trou Forban","Haiti",18.913778,-72.6475,NA,"Greater Antilles","Tropical Atlantic"
1732,"ReefCheck","West Outer Reef T1","Haiti",19.713306,-71.8475,NA,"Greater Antilles","Tropical Atlantic"
1733,"ReefCheck","Airport Caves","Honduras",16.085,-86.894167,NA,"Western Caribbean","Tropical Atlantic"
1734,"ReefCheck","Anthony Key","Honduras",16.334167,-86.572778,"Central American Atlantic moist forests","Western Caribbean","Tropical Atlantic"
1735,"ReefCheck","Anthony Key 2","Honduras",16.337222,-86.566944,"Central American Atlantic moist forests","Western Caribbean","Tropical Atlantic"
1736,"ReefCheck","Anthony Key 3","Honduras",16.342222,-86.560833,"Central American Atlantic moist forests","Western Caribbean","Tropical Atlantic"
1737,"ReefCheck","Anthony Key 4","Honduras",16.344722,-86.557778,"Central American Atlantic moist forests","Western Caribbean","Tropical Atlantic"
1738,"ReefCheck","Barry's Reef Dive Site","Honduras",16.342778,-86.558944,"Central American Atlantic moist forests","Western Caribbean","Tropical Atlantic"
1739,"ReefCheck","Black Coral Wall","Honduras",16.080806,-86.915917,NA,"Western Caribbean","Tropical Atlantic"
1740,"ReefCheck","Blackbird Point","Honduras",16.12825,-86.8875,NA,"Western Caribbean","Tropical Atlantic"
1741,"ReefCheck","Blue Channel Dive Site","Honduras",16.299528,-86.615,"Central American Atlantic moist forests","Western Caribbean","Tropical Atlantic"
1742,"ReefCheck","Cayo Timon","Honduras",15.937944,-86.523056,NA,"Western Caribbean","Tropical Atlantic"
1743,"ReefCheck","Dicky C","Honduras",15.978917,-86.481306,NA,"Western Caribbean","Tropical Atlantic"
1744,"ReefCheck","Eagle Ray Alley","Honduras",16.085,-86.893333,NA,"Western Caribbean","Tropical Atlantic"
1745,"ReefCheck","El Avion","Honduras",15.953833,-86.473639,NA,"Western Caribbean","Tropical Atlantic"
1746,"ReefCheck","Gibson Bight","Honduras",16.3075,-86.596944,"Central American Atlantic moist forests","Western Caribbean","Tropical Atlantic"
1747,"ReefCheck","Gibson Bight 2","Honduras",16.315278,-86.590556,"Central American Atlantic moist forests","Western Caribbean","Tropical Atlantic"
1748,"ReefCheck","Gibson Bight 3","Honduras",16.321389,-86.590833,"Central American Atlantic moist forests","Western Caribbean","Tropical Atlantic"
1749,"ReefCheck","Gibson Bight 4","Honduras",16.3275,-86.575556,"Central American Atlantic moist forests","Western Caribbean","Tropical Atlantic"
1750,"ReefCheck","Green House","Honduras",16.078194,-86.92275,NA,"Western Caribbean","Tropical Atlantic"
1751,"ReefCheck","Jena's Cave","Honduras",15.96475,-86.500417,NA,"Western Caribbean","Tropical Atlantic"
1752,"ReefCheck","Jena's Cove","Honduras",15.963194,-86.501056,NA,"Western Caribbean","Tropical Atlantic"
1753,"ReefCheck","Jena's Cove 2","Honduras",15.964722,-86.500222,NA,"Western Caribbean","Tropical Atlantic"
1754,"ReefCheck","Kenny's Reef","Honduras",16.079028,-86.919389,NA,"Western Caribbean","Tropical Atlantic"
1755,"ReefCheck","La Culilera","Honduras",15.957056,-86.47125,NA,"Western Caribbean","Tropical Atlantic"
1756,"ReefCheck","La Grupera","Honduras",15.98,-86.4675,NA,"Western Caribbean","Tropical Atlantic"
1757,"ReefCheck","Laguna Beach Reef","Honduras",16.081889,-86.915278,NA,"Western Caribbean","Tropical Atlantic"
1758,"ReefCheck","Light House","Honduras",16.305472,-86.597444,"Central American Atlantic moist forests","Western Caribbean","Tropical Atlantic"
1759,"ReefCheck","Lighthouse","Honduras",16.108333,-86.951389,NA,"Western Caribbean","Tropical Atlantic"
1760,"ReefCheck","Linda's Wall","Honduras",16.104,-86.874556,NA,"Western Caribbean","Tropical Atlantic"
1761,"ReefCheck","Little Bight Buoy 1","Honduras",16.075444,-86.928972,NA,"Western Caribbean","Tropical Atlantic"
1762,"ReefCheck","Little Little Bight Buoy 1","Honduras",16.076861,-86.925194,NA,"Western Caribbean","Tropical Atlantic"
1763,"ReefCheck","Little Little Bight Buoy 2","Honduras",16.076139,-86.927306,NA,"Western Caribbean","Tropical Atlantic"
1764,"ReefCheck","Moonhole","Honduras",16.084889,-86.893306,NA,"Western Caribbean","Tropical Atlantic"
1765,"ReefCheck","Old Airport","Honduras",16.081667,-86.918333,NA,"Western Caribbean","Tropical Atlantic"
1766,"ReefCheck","Oliver's Wreck","Honduras",16.085278,-86.891944,NA,"Western Caribbean","Tropical Atlantic"
1767,"ReefCheck","Pelican Point #1","Honduras",15.975917,-86.487333,NA,"Western Caribbean","Tropical Atlantic"
1768,"ReefCheck","Pelican Point #2","Honduras",15.977583,-86.484611,NA,"Western Caribbean","Tropical Atlantic"
1769,"ReefCheck","Pelican Point #3","Honduras",15.978639,-86.478778,NA,"Western Caribbean","Tropical Atlantic"
1770,"ReefCheck","Pelican Point #4","Honduras",15.981111,-86.478611,NA,"Western Caribbean","Tropical Atlantic"
1771,"ReefCheck","Pelican Point 0","Honduras",15.978056,-86.484444,NA,"Western Caribbean","Tropical Atlantic"
1772,"ReefCheck","Pelican Point 0.5","Honduras",15.9775,-86.480278,NA,"Western Caribbean","Tropical Atlantic"
1773,"ReefCheck","Pelican Point 1A","Honduras",15.976694,-86.487472,NA,"Western Caribbean","Tropical Atlantic"
1774,"ReefCheck","Pelican Point 1B","Honduras",15.9525,-86.5,NA,"Western Caribbean","Tropical Atlantic"
1775,"ReefCheck","Pelican Point 1C","Honduras",15.972833,-86.488917,NA,"Western Caribbean","Tropical Atlantic"
1776,"ReefCheck","Pelican Point 2","Honduras",15.978333,-86.483056,NA,"Western Caribbean","Tropical Atlantic"
1777,"ReefCheck","Pelican Point 2.5","Honduras",15.978333,-86.485,NA,"Western Caribbean","Tropical Atlantic"
1778,"ReefCheck","Pelican Point 3","Honduras",15.978639,-86.478778,NA,"Western Caribbean","Tropical Atlantic"
1779,"ReefCheck","Pelican Point 4","Honduras",15.972778,-86.488889,NA,"Western Caribbean","Tropical Atlantic"
1780,"ReefCheck","Pelican Point 4","Honduras",15.972778,-86.488889,NA,"Western Caribbean","Tropical Atlantic"
1781,"ReefCheck","Pelican Point Buoy 1","Honduras",15.976639,-86.487389,NA,"Western Caribbean","Tropical Atlantic"
1782,"ReefCheck","Pelican Point Buoy 2","Honduras",15.978528,-86.484389,NA,"Western Caribbean","Tropical Atlantic"
1783,"ReefCheck","Pelican Point Buoy 3","Honduras",15.975,-86.474,NA,"Western Caribbean","Tropical Atlantic"
1784,"ReefCheck","Pelicano 0","Honduras",15.975111,-86.486972,NA,"Western Caribbean","Tropical Atlantic"
1785,"ReefCheck","Pretty Bush","Honduras",16.078472,-86.921361,NA,"Western Caribbean","Tropical Atlantic"
1786,"ReefCheck","Punta Pelicano 3","Honduras",15.983083,-86.475722,NA,"Western Caribbean","Tropical Atlantic"
1787,"ReefCheck","Ragedy Cay","Honduras",16.085583,-87.004222,NA,"Western Caribbean","Tropical Atlantic"
1788,"ReefCheck","Ragedy Cay New Buoy","Honduras",16.086833,-87.001889,NA,"Western Caribbean","Tropical Atlantic"
1789,"ReefCheck","Ragged Cay","Honduras",16.086556,-86.998917,NA,"Western Caribbean","Tropical Atlantic"
1790,"ReefCheck","Ron's Wreck","Honduras",16.085,-86.894722,NA,"Western Caribbean","Tropical Atlantic"
1791,"ReefCheck","Sandy Bay","Honduras",16.349444,-86.550278,"Central American Atlantic moist forests","Western Caribbean","Tropical Atlantic"
1792,"ReefCheck","Silver Gardens","Honduras",16.079611,-86.918528,NA,"Western Caribbean","Tropical Atlantic"
1793,"ReefCheck","Silver Gardens Buoy","Honduras",16.083083,-86.917306,NA,"Western Caribbean","Tropical Atlantic"
1794,"ReefCheck","Spotted Bay","Honduras",16.087694,-86.996917,NA,"Western Caribbean","Tropical Atlantic"
1795,"ReefCheck","Ted's Point","Honduras",16.086667,-86.886111,"Central American Atlantic moist forests","Western Caribbean","Tropical Atlantic"
1796,"ReefCheck","The Arena","Honduras",15.954222,-86.51775,NA,"Western Caribbean","Tropical Atlantic"
1797,"ReefCheck","Tuk's Treasure Dive Site","Honduras",16.357417,-86.531611,"Central American Atlantic moist forests","Western Caribbean","Tropical Atlantic"
1798,"ReefCheck","Turtling Bay","Honduras",16.364167,-86.518611,"Central American Atlantic moist forests","Western Caribbean","Tropical Atlantic"
1799,"ReefCheck","Turtling Bay 2","Honduras",16.369167,-86.51,"Central American Atlantic moist forests","Western Caribbean","Tropical Atlantic"
1800,"ReefCheck","Turtling Bay 3","Honduras",16.369167,-86.501667,"Central American Atlantic moist forests","Western Caribbean","Tropical Atlantic"
1801,"ReefCheck","Turtling Bay 4","Honduras",16.371389,-86.496389,"Central American Atlantic moist forests","Western Caribbean","Tropical Atlantic"
1802,"ReefCheck","Utila","Honduras",16.083333,-86.916667,NA,"Western Caribbean","Tropical Atlantic"
1803,"ReefCheck","West Bay","Honduras",16.276389,-86.604444,NA,"Western Caribbean","Tropical Atlantic"
1804,"ReefCheck","West Bay 2","Honduras",16.285278,-86.603889,NA,"Western Caribbean","Tropical Atlantic"
1805,"ReefCheck","West Bay 3","Honduras",16.294444,-86.603056,NA,"Western Caribbean","Tropical Atlantic"
1806,"ReefCheck","West Bay 4","Honduras",16.303056,-86.598889,"Central American Atlantic moist forests","Western Caribbean","Tropical Atlantic"
1807,"ReefCheck","West Point","Honduras",16.264167,-86.603611,NA,"Western Caribbean","Tropical Atlantic"
1808,"ReefCheck","West Point 2","Honduras",16.266389,-86.595556,NA,"Western Caribbean","Tropical Atlantic"
1809,"ReefCheck","West Point 3","Honduras",16.271667,-86.588889,NA,"Western Caribbean","Tropical Atlantic"
1810,"ReefCheck","West Point 4","Honduras",16.275833,-86.583889,NA,"Western Caribbean","Tropical Atlantic"
1811,"ReefCheck","White Hole Dive Site","Honduras",16.562611,-86.944306,NA,"Western Caribbean","Tropical Atlantic"
1812,"ReefCheck","Wonderful Reef","Honduras",16.47875,-85.921444,NA,"Western Caribbean","Tropical Atlantic"
1813,"ReefCheck","Airport Reef West","Jamaica",18.497806,-77.932806,NA,"Greater Antilles","Tropical Atlantic"
1814,"ReefCheck","Alligator Reef North","Jamaica",17.812667,-77.548333,NA,"Greater Antilles","Tropical Atlantic"
1815,"ReefCheck","Bancroft Reef","Jamaica",18.107556,-77.999472,NA,"Greater Antilles","Tropical Atlantic"
1816,"ReefCheck","Big Pelican East","Jamaica",17.798583,-77.003806,NA,"Greater Antilles","Tropical Atlantic"
1817,"ReefCheck","Big Pelican West","Jamaica",17.798944,-77.019778,NA,"Greater Antilles","Tropical Atlantic"
1818,"ReefCheck","Big Pelican West 2","Jamaica",17.799944,-77.017306,NA,"Greater Antilles","Tropical Atlantic"
1819,"ReefCheck","Big Pelican West 3","Jamaica",17.798194,-77.000611,NA,"Greater Antilles","Tropical Atlantic"
1820,"ReefCheck","Big Pelican West 4","Jamaica",17.806028,-77.020444,NA,"Greater Antilles","Tropical Atlantic"
1821,"ReefCheck","Bloody Bay","Jamaica",18.345806,-78.353361,NA,"Greater Antilles","Tropical Atlantic"
1822,"ReefCheck","Bloody Bay 2","Jamaica",18.3447,-78.3535,NA,"Greater Antilles","Tropical Atlantic"
1823,"ReefCheck","Bloody Bay 3","Jamaica",18.34225,-78.355583,NA,"Greater Antilles","Tropical Atlantic"
1824,"ReefCheck","Bloody Bay (Gallery)","Jamaica",18.341944,-78.355694,NA,"Greater Antilles","Tropical Atlantic"
1825,"ReefCheck","Boscobel East","Jamaica",18.40875,-76.967361,NA,"Greater Antilles","Tropical Atlantic"
1826,"ReefCheck","Boscobel Flat","Jamaica",18.409806,-76.978806,NA,"Greater Antilles","Tropical Atlantic"
1827,"ReefCheck","Boscobel West","Jamaica",18.411944,-76.991722,NA,"Greater Antilles","Tropical Atlantic"
1828,"ReefCheck","Buccaneer Reef","Jamaica",18.500611,-77.931056,NA,"Greater Antilles","Tropical Atlantic"
1829,"ReefCheck","Chalet Caribe","Jamaica",18.451556,-77.971806,"Jamaican dry forests","Greater Antilles","Tropical Atlantic"
1830,"ReefCheck","Channel Edge","Jamaica",18.412,-76.991528,NA,"Greater Antilles","Tropical Atlantic"
1831,"ReefCheck","Channel Edge, Boscobel","Jamaica",18.412278,-76.992694,NA,"Greater Antilles","Tropical Atlantic"
1832,"ReefCheck","Choicy Point","Jamaica",18.419111,-77.069944,NA,"Greater Antilles","Tropical Atlantic"
1833,"ReefCheck","Classroom Reef","Jamaica",18.452889,-77.967472,NA,"Greater Antilles","Tropical Atlantic"
1834,"ReefCheck","Columbus Park","Jamaica",18.465306,-77.413861,"Jamaican dry forests","Greater Antilles","Tropical Atlantic"
1835,"ReefCheck","Columbus Park 2","Jamaica",18.464444,-77.413889,"Jamaican dry forests","Greater Antilles","Tropical Atlantic"
1836,"ReefCheck","Commander Reef","Jamaica",18.413056,-76.944028,NA,"Greater Antilles","Tropical Atlantic"
1837,"ReefCheck","Cottage Reef","Jamaica",18.121917,-78.018222,"Jamaican moist forests","Greater Antilles","Tropical Atlantic"
1838,"ReefCheck","Dairy Bull","Jamaica",18.468944,-77.390667,NA,"Greater Antilles","Tropical Atlantic"
1839,"ReefCheck","Dairy Bull 2","Jamaica",18.467833,-77.393833,NA,"Greater Antilles","Tropical Atlantic"
1840,"ReefCheck","Dairy Bull 3","Jamaica",18.467889,-77.388472,NA,"Greater Antilles","Tropical Atlantic"
1841,"ReefCheck","Dancing Lady","Jamaica",18.474167,-77.393,NA,"Greater Antilles","Tropical Atlantic"
1842,"ReefCheck","Dancing Lady 2","Jamaica",18.471333,-77.408333,NA,"Greater Antilles","Tropical Atlantic"
1843,"ReefCheck","Dancing Lady 3","Jamaica",18.472833,-77.411889,NA,"Greater Antilles","Tropical Atlantic"
1844,"ReefCheck","Davis Cove East","Jamaica",18.424556,-78.250833,NA,"Greater Antilles","Tropical Atlantic"
1845,"ReefCheck","Dickies Reef","Jamaica",18.416611,-77.079,NA,"Greater Antilles","Tropical Atlantic"
1846,"ReefCheck","Doctor's Cave Buoy","Jamaica",18.486694,-77.931194,"Jamaican dry forests","Greater Antilles","Tropical Atlantic"
1847,"ReefCheck","Drunkenman's Cay","Jamaica",17.901861,-76.845889,NA,"Greater Antilles","Tropical Atlantic"
1848,"ReefCheck","Dunns River","Jamaica",18.420778,-77.138556,NA,"Greater Antilles","Tropical Atlantic"
1849,"ReefCheck","East Rio Bueno","Jamaica",18.476972,-77.451194,NA,"Greater Antilles","Tropical Atlantic"
1850,"ReefCheck","El Punto de Negrilo","Jamaica",18.219667,-78.265389,"Jamaican dry forests","Greater Antilles","Tropical Atlantic"
1851,"ReefCheck","El Punto Negrilo","Jamaica",18.254306,-78.367306,NA,"Greater Antilles","Tropical Atlantic"
1852,"ReefCheck","El Punto Negrilo 2","Jamaica",18.257222,-78.367722,NA,"Greater Antilles","Tropical Atlantic"
1853,"ReefCheck","El Punto Negrilo 3","Jamaica",18.261806,-78.366278,NA,"Greater Antilles","Tropical Atlantic"
1854,"ReefCheck","El Punto Negrilo 4","Jamaica",18.252278,-78.364139,NA,"Greater Antilles","Tropical Atlantic"
1855,"ReefCheck","Fish Point Buoy","Jamaica",18.34575,-78.353361,NA,"Greater Antilles","Tropical Atlantic"
1856,"ReefCheck","Fish Pond","Jamaica",18.345028,-78.353778,NA,"Greater Antilles","Tropical Atlantic"
1857,"ReefCheck","Garden of Eels","Jamaica",18.458111,-77.954917,NA,"Greater Antilles","Tropical Atlantic"
1858,"ReefCheck","Golden Eye Beach Bar","Jamaica",18.411972,-76.947222,NA,"Greater Antilles","Tropical Atlantic"
1859,"ReefCheck","Golden Eye Coral Garden","Jamaica",18.412389,-76.945361,NA,"Greater Antilles","Tropical Atlantic"
1860,"ReefCheck","Grand Lido","Jamaica",18.343167,-78.343833,NA,"Greater Antilles","Tropical Atlantic"
1861,"ReefCheck","Great White Buoy","Jamaica",18.348972,-78.349556,NA,"Greater Antilles","Tropical Atlantic"
1862,"ReefCheck","Green Island East","Jamaica",18.413361,-78.270194,NA,"Greater Antilles","Tropical Atlantic"
1863,"ReefCheck","Gun Cay","Jamaica",17.931917,-76.835722,NA,"Greater Antilles","Tropical Atlantic"
1864,"ReefCheck","Harmony Cove","Jamaica",18.488583,-77.509583,NA,"Greater Antilles","Tropical Atlantic"
1865,"ReefCheck","Hermosa Cove","Jamaica",18.409444,-77.089722,NA,"Greater Antilles","Tropical Atlantic"
1866,"ReefCheck","Hotch Kyn Patches","Jamaica",17.781111,-76.941778,NA,"Greater Antilles","Tropical Atlantic"
1867,"ReefCheck","Innis Bay West","Jamaica",18.020028,-76.268806,NA,"Greater Antilles","Tropical Atlantic"
1868,"ReefCheck","Ireland Pen","Jamaica",18.360889,-78.343278,NA,"Greater Antilles","Tropical Atlantic"
1869,"ReefCheck","Ireland Pen 2","Jamaica",18.35895,-78.343783,NA,"Greater Antilles","Tropical Atlantic"
1870,"ReefCheck","Island Point","Jamaica",18.308694,-76.797556,NA,"Greater Antilles","Tropical Atlantic"
1871,"ReefCheck","Jack's Bay","Jamaica",18.294139,-76.790722,NA,"Greater Antilles","Tropical Atlantic"
1872,"ReefCheck","Lime Cay","Jamaica",17.919611,-76.818889,NA,"Greater Antilles","Tropical Atlantic"
1873,"ReefCheck","Lime Cay 2","Jamaica",17.919889,-76.819944,NA,"Greater Antilles","Tropical Atlantic"
1874,"ReefCheck","Lime Cay 3","Jamaica",17.941667,-76.819306,NA,"Greater Antilles","Tropical Atlantic"
1875,"ReefCheck","Lime Cay East","Jamaica",17.919083,-76.818361,NA,"Greater Antilles","Tropical Atlantic"
1876,"ReefCheck","Lipmans Ledge","Jamaica",18.471333,-77.375333,NA,"Greater Antilles","Tropical Atlantic"
1877,"ReefCheck","Little Bay","Jamaica",18.216944,-78.266694,NA,"Greater Antilles","Tropical Atlantic"
1878,"ReefCheck","Little Bay 2","Jamaica",18.209472,-78.259611,NA,"Greater Antilles","Tropical Atlantic"
1879,"ReefCheck","Little Bay 3","Jamaica",18.215333,-78.265278,NA,"Greater Antilles","Tropical Atlantic"
1880,"ReefCheck","Little Bloody Bay","Jamaica",18.354833,-78.344667,NA,"Greater Antilles","Tropical Atlantic"
1881,"ReefCheck","Long Hole","Jamaica",18.300389,-76.793278,NA,"Greater Antilles","Tropical Atlantic"
1882,"ReefCheck","Long Reef 1","Jamaica",18.196361,-78.104611,NA,"Greater Antilles","Tropical Atlantic"
1883,"ReefCheck","Long Reef 2","Jamaica",18.191472,-78.122889,NA,"Greater Antilles","Tropical Atlantic"
1884,"ReefCheck","Discovery Bay","Jamaica",18.469444,-77.4075,NA,"Greater Antilles","Tropical Atlantic"
1885,"ReefCheck","Discovery Bay 2","Jamaica",18.4725,-77.41,NA,"Greater Antilles","Tropical Atlantic"
1886,"ReefCheck","Maiden Cay","Jamaica",17.908778,-76.812417,NA,"Greater Antilles","Tropical Atlantic"
1887,"ReefCheck","Middle Shoal","Jamaica",18.329389,-78.348722,NA,"Greater Antilles","Tropical Atlantic"
1888,"ReefCheck","Monkey Island","Jamaica",18.175306,-76.391389,NA,"Greater Antilles","Tropical Atlantic"
1889,"ReefCheck","Monkey Island East","Jamaica",18.17475,-76.387361,NA,"Greater Antilles","Tropical Atlantic"
1890,"ReefCheck","Mooring 1","Jamaica",18.474444,-77.408889,NA,"Greater Antilles","Tropical Atlantic"
1891,"ReefCheck","Morris Shoal","Jamaica",17.762611,-76.056444,NA,"Greater Antilles","Tropical Atlantic"
1892,"ReefCheck","Mosquito Cove","Jamaica",18.467444,-78.121417,NA,"Greater Antilles","Tropical Atlantic"
1893,"ReefCheck","Navy Island","Jamaica",18.191694,-76.454611,NA,"Greater Antilles","Tropical Atlantic"
1894,"ReefCheck","Negril Reef 1","Jamaica",18.313694,-78.356028,NA,"Greater Antilles","Tropical Atlantic"
1895,"ReefCheck","Negril Reef 2","Jamaica",18.313694,-78.356028,NA,"Greater Antilles","Tropical Atlantic"
1896,"ReefCheck","Negril Reef 3","Jamaica",18.313694,-78.356028,NA,"Greater Antilles","Tropical Atlantic"
1897,"ReefCheck","Old Bay","Jamaica",18.090917,-77.977472,NA,"Greater Antilles","Tropical Atlantic"
1898,"ReefCheck","Outer Bank","Jamaica",18.410833,-76.948528,NA,"Greater Antilles","Tropical Atlantic"
1899,"ReefCheck","Oyster Bay","Jamaica",18.495944,-77.633167,NA,"Greater Antilles","Tropical Atlantic"
1900,"ReefCheck","Oyster Bay 2","Jamaica",18.496194,-77.636944,NA,"Greater Antilles","Tropical Atlantic"
1901,"ReefCheck","Pear Tree Bottom","Jamaica",18.463556,-77.357306,NA,"Greater Antilles","Tropical Atlantic"
1902,"ReefCheck","Pear Tree Bottom 2","Jamaica",18.463556,-77.357306,NA,"Greater Antilles","Tropical Atlantic"
1903,"ReefCheck","Pear Tree Bottom 3","Jamaica",18.463556,-77.357306,NA,"Greater Antilles","Tropical Atlantic"
1904,"ReefCheck","Peter Tosh Reef","Jamaica",18.136472,-78.03825,NA,"Greater Antilles","Tropical Atlantic"
1905,"ReefCheck","Pigeon Island East","Jamaica",17.798222,-76.070139,NA,"Greater Antilles","Tropical Atlantic"
1906,"ReefCheck","Pigeon Island West","Jamaica",17.794722,-77.077222,NA,"Greater Antilles","Tropical Atlantic"
1907,"ReefCheck","Pigeon Island West 2","Jamaica",17.795,-76.077833,NA,"Greater Antilles","Tropical Atlantic"
1908,"ReefCheck","Pigican","Jamaica",17.801583,-77.042889,NA,"Greater Antilles","Tropical Atlantic"
1909,"ReefCheck","Rackhams Cay","Jamaica",17.924056,-76.83775,NA,"Greater Antilles","Tropical Atlantic"
1910,"ReefCheck","Rackhams Cay - Relocation site","Jamaica",17.923222,-76.839028,NA,"Greater Antilles","Tropical Atlantic"
1911,"ReefCheck","Relocation 1","Jamaica",18.498722,-77.638889,NA,"Greater Antilles","Tropical Atlantic"
1912,"ReefCheck","Relocation 3","Jamaica",18.499917,-77.645944,NA,"Greater Antilles","Tropical Atlantic"
1913,"ReefCheck","Rio Bueno East","Jamaica",18.494278,-77.638278,NA,"Greater Antilles","Tropical Atlantic"
1914,"ReefCheck","RIU Nursery","Jamaica",18.44,-77.160278,NA,"Greater Antilles","Tropical Atlantic"
1915,"ReefCheck","Rock Edge","Jamaica",18.413889,-76.942333,NA,"Greater Antilles","Tropical Atlantic"
1916,"ReefCheck","Rockhouse","Jamaica",18.26525,-78.369139,NA,"Greater Antilles","Tropical Atlantic"
1917,"ReefCheck","Round Hill","Jamaica",18.466833,-78.015306,NA,"Greater Antilles","Tropical Atlantic"
1918,"ReefCheck","Sandals Reef","Jamaica",18.099944,-77.986139,NA,"Greater Antilles","Tropical Atlantic"
1919,"ReefCheck","Sandals Reef 2","Jamaica",18.099028,-77.987861,NA,"Greater Antilles","Tropical Atlantic"
1920,"ReefCheck","Sandy Bay 2","Jamaica",18.458194,-78.075167,NA,"Greater Antilles","Tropical Atlantic"
1921,"ReefCheck","Sandy Cay","Jamaica",18.317556,-78.351,NA,"Greater Antilles","Tropical Atlantic"
1922,"ReefCheck","Sandy Cay- outer mooring","Jamaica",18.318139,-78.351889,NA,"Greater Antilles","Tropical Atlantic"
1923,"ReefCheck","Sergeant Major","Jamaica",18.494889,-77.933778,NA,"Greater Antilles","Tropical Atlantic"
1924,"ReefCheck","Sewage End","Jamaica",18.415111,-77.124056,NA,"Greater Antilles","Tropical Atlantic"
1925,"ReefCheck","Shallow Rock","Jamaica",18.007361,-77.887556,NA,"Greater Antilles","Tropical Atlantic"
1926,"ReefCheck","Sunset Beach Mooring","Jamaica",18.466361,-77.947361,NA,"Greater Antilles","Tropical Atlantic"
1927,"ReefCheck","Tern Cay","Jamaica",17.829444,-76.984889,NA,"Greater Antilles","Tropical Atlantic"
1928,"ReefCheck","The Cavern","Jamaica",18.48275,-77.485444,NA,"Greater Antilles","Tropical Atlantic"
1929,"ReefCheck","Trident Wall","Jamaica",18.181389,-76.418556,NA,"Greater Antilles","Tropical Atlantic"
1930,"ReefCheck","West Fore Reef","Jamaica",18.473139,-77.41375,NA,"Greater Antilles","Tropical Atlantic"
1931,"ReefCheck","Winifred's Beach","Jamaica",18.172778,-76.373222,NA,"Greater Antilles","Tropical Atlantic"
1932,"ReefCheck","Wreck Reef","Jamaica",17.832306,-76.922167,NA,"Greater Antilles","Tropical Atlantic"
1933,"ReefCheck","Grande Caye Sainte Luce","Martinique",14.457,-60.921889,NA,"Eastern Caribbean","Tropical Atlantic"
1934,"ReefCheck","Pointe de la Baleine","Martinique",14.521111,-61.096194,NA,"Eastern Caribbean","Tropical Atlantic"
1935,"ReefCheck","Trinite Bay","Martinique",14.758333,-60.96,NA,"Eastern Caribbean","Tropical Atlantic"
1936,"ReefCheck","Barracuda","Mexico",20.58,-87.113056,NA,"Western Caribbean","Tropical Atlantic"
1937,"ReefCheck","Boca Paila","Mexico",20.021389,-87.4675,NA,"Western Caribbean","Tropical Atlantic"
1938,"ReefCheck","Chankanaab","Mexico",20.440167,-87.00275,NA,"Western Caribbean","Tropical Atlantic"
1939,"ReefCheck","Colombia Bajo","Mexico",20.320556,-87.0245,NA,"Western Caribbean","Tropical Atlantic"
1940,"ReefCheck","Cuevitas 1","Mexico",20.48115,-87.238717,"Yucatán moist forests","Western Caribbean","Tropical Atlantic"
1941,"ReefCheck","Dick's Reef","Mexico",20.396111,-87.305556,"Yucatán moist forests","Western Caribbean","Tropical Atlantic"
1942,"ReefCheck","Don Andy","Mexico",18.33525,-87.808083,"Mesoamerican Gulf-Caribbean mangroves","Western Caribbean","Tropical Atlantic"
1943,"ReefCheck","Doña Nica","Mexico",18.287556,-87.820306,NA,"Western Caribbean","Tropical Atlantic"
1944,"ReefCheck","Dos Ojos","Mexico",20.353806,-87.328667,NA,"Western Caribbean","Tropical Atlantic"
1945,"ReefCheck","El Barco","Mexico",19.699833,-87.417139,NA,"Western Caribbean","Tropical Atlantic"
1946,"ReefCheck","El Faro 4","Mexico",19.786194,-87.44175,NA,"Western Caribbean","Tropical Atlantic"
1947,"ReefCheck","Herradura","Mexico",20.329389,-87.027556,NA,"Western Caribbean","Tropical Atlantic"
1948,"ReefCheck","Hotel Barcelo","Mexico",20.482561,-87.239911,"Yucatán moist forests","Western Caribbean","Tropical Atlantic"
1949,"ReefCheck","Jardines","Mexico",20.625833,-87.062778,"Yucatán moist forests","Western Caribbean","Tropical Atlantic"
1950,"ReefCheck","Jardines 2","Mexico",20.337222,-87.027333,NA,"Western Caribbean","Tropical Atlantic"
1951,"ReefCheck","Jardines 3","Mexico",20.336778,-87.030667,NA,"Western Caribbean","Tropical Atlantic"
1952,"ReefCheck","Jardines Palancar","Mexico",20.497861,-86.955139,"Yucatán moist forests","Western Caribbean","Tropical Atlantic"
1953,"ReefCheck","Jardines Palancar (b)","Mexico",20.336139,-87.027472,NA,"Western Caribbean","Tropical Atlantic"
1954,"ReefCheck","La Francesa","Mexico",20.361722,-87.027278,NA,"Western Caribbean","Tropical Atlantic"
1955,"ReefCheck","Las Redes","Mexico",20.389444,-87.311667,"Yucatán moist forests","Western Caribbean","Tropical Atlantic"
1956,"ReefCheck","Mahahual","Mexico",18.721667,-87.701111,"Mesoamerican Gulf-Caribbean mangroves","Western Caribbean","Tropical Atlantic"
1957,"ReefCheck","North Xaak Reef","Mexico",20.427778,-87.288056,"Yucatán moist forests","Western Caribbean","Tropical Atlantic"
1958,"ReefCheck","Paraiso","Mexico",20.47075,-86.982139,NA,"Western Caribbean","Tropical Atlantic"
1959,"ReefCheck","Paraiso 2","Mexico",20.469278,-86.983028,NA,"Western Caribbean","Tropical Atlantic"
1960,"ReefCheck","Playa Aventura unity 10","Mexico",20.36,-87.33,"Yucatán moist forests","Western Caribbean","Tropical Atlantic"
1961,"ReefCheck","Playa Aventura unity 11","Mexico",20.36,-87.33,"Yucatán moist forests","Western Caribbean","Tropical Atlantic"
1962,"ReefCheck","Playa Aventura unity 12","Mexico",20.36,-87.33,"Yucatán moist forests","Western Caribbean","Tropical Atlantic"
1963,"ReefCheck","Playa Aventura unity 2","Mexico",20.36,-87.33,"Yucatán moist forests","Western Caribbean","Tropical Atlantic"
1964,"ReefCheck","Playa Aventura unity 3","Mexico",20.36,-87.33,"Yucatán moist forests","Western Caribbean","Tropical Atlantic"
1965,"ReefCheck","Playa Aventura unity 4","Mexico",20.36,-87.33,"Yucatán moist forests","Western Caribbean","Tropical Atlantic"
1966,"ReefCheck","Playa Aventura unity 5","Mexico",20.36,-87.33,"Yucatán moist forests","Western Caribbean","Tropical Atlantic"
1967,"ReefCheck","Playa Aventura unity 6","Mexico",20.36,-87.33,"Yucatán moist forests","Western Caribbean","Tropical Atlantic"
1968,"ReefCheck","Playa Aventura unity 7","Mexico",20.36,-87.33,"Yucatán moist forests","Western Caribbean","Tropical Atlantic"
1969,"ReefCheck","Playa Aventura unity 8","Mexico",20.36,-87.33,"Yucatán moist forests","Western Caribbean","Tropical Atlantic"
1970,"ReefCheck","Playa Aventura unity 9","Mexico",20.36,-87.33,"Yucatán moist forests","Western Caribbean","Tropical Atlantic"
1971,"ReefCheck","Playa Aventuras unity 1","Mexico",20.36,-87.33,"Yucatán moist forests","Western Caribbean","Tropical Atlantic"
1972,"ReefCheck","Playa Aventuras unity 1","Mexico",20.364278,-87.33275,"Yucatán moist forests","Western Caribbean","Tropical Atlantic"
1973,"ReefCheck","Playa Aventuras unity 10","Mexico",20.364278,-87.33275,"Yucatán moist forests","Western Caribbean","Tropical Atlantic"
1974,"ReefCheck","Playa Aventuras unity 11","Mexico",20.364278,-87.33275,"Yucatán moist forests","Western Caribbean","Tropical Atlantic"
1975,"ReefCheck","Playa Aventuras unity 12","Mexico",20.364278,-87.33275,"Yucatán moist forests","Western Caribbean","Tropical Atlantic"
1976,"ReefCheck","Playa Aventuras unity 13","Mexico",20.364278,-87.33275,"Yucatán moist forests","Western Caribbean","Tropical Atlantic"
1977,"ReefCheck","Playa Aventuras unity 2","Mexico",20.364278,-87.33275,"Yucatán moist forests","Western Caribbean","Tropical Atlantic"
1978,"ReefCheck","Playa Aventuras unity 3","Mexico",20.364278,-87.33275,"Yucatán moist forests","Western Caribbean","Tropical Atlantic"
1979,"ReefCheck","Playa Aventuras unity 4","Mexico",20.364278,-87.33275,"Yucatán moist forests","Western Caribbean","Tropical Atlantic"
1980,"ReefCheck","Playa Aventuras unity 5","Mexico",20.364278,-87.33275,"Yucatán moist forests","Western Caribbean","Tropical Atlantic"
1981,"ReefCheck","Playa Aventuras unity 6","Mexico",20.364278,-87.33275,"Yucatán moist forests","Western Caribbean","Tropical Atlantic"
1982,"ReefCheck","Playa Aventuras unity 7","Mexico",20.364278,-87.33275,"Yucatán moist forests","Western Caribbean","Tropical Atlantic"
1983,"ReefCheck","Playa Aventuras unity 8","Mexico",20.364278,-87.33275,"Yucatán moist forests","Western Caribbean","Tropical Atlantic"
1984,"ReefCheck","Playa Aventuras unity 9","Mexico",20.364278,-87.33275,"Yucatán moist forests","Western Caribbean","Tropical Atlantic"
1985,"ReefCheck","Punta Xoquen","Mexico",19.8,-87.468611,"Mesoamerican Gulf-Caribbean mangroves","Western Caribbean","Tropical Atlantic"
1986,"ReefCheck","Rancho Pedro Paila","Mexico",20.041806,-87.465389,NA,"Western Caribbean","Tropical Atlantic"
1987,"ReefCheck","Rancho Pedto Paila 2","Mexico",20.040861,-87.466056,NA,"Western Caribbean","Tropical Atlantic"
1988,"ReefCheck","Santa Rosa Bajo","Mexico",20.379611,-87.028167,NA,"Western Caribbean","Tropical Atlantic"
1989,"ReefCheck","South Xaak Reef","Mexico",20.426389,-87.288056,"Yucatán moist forests","Western Caribbean","Tropical Atlantic"
1990,"ReefCheck","Tampalam","Mexico",19.134167,-87.540833,NA,"Western Caribbean","Tropical Atlantic"
1991,"ReefCheck","Tunich Bajo","Mexico",20.411944,-87.021556,NA,"Western Caribbean","Tropical Atlantic"
1992,"ReefCheck","Power Station","Montserrat",16.821528,-62.206,NA,"Eastern Caribbean","Tropical Atlantic"
1993,"ReefCheck","Rendezvous Bay Reef","Montserrat",16.791389,-62.216472,NA,"Eastern Caribbean","Tropical Atlantic"
1994,"ReefCheck","South Power Station","Montserrat",16.809833,-62.206972,NA,"Eastern Caribbean","Tropical Atlantic"
1995,"ReefCheck","Three Anchors","Montserrat",16.787583,-62.217694,NA,"Eastern Caribbean","Tropical Atlantic"
1996,"ReefCheck","Woodlands","Montserrat",16.761389,-62.229417,NA,"Eastern Caribbean","Tropical Atlantic"
1997,"ReefCheck","Bastimentos","Panama",9.342,-82.209194,"Isthmian-Atlantic moist forests","Southwestern Caribbean","Tropical Atlantic"
1998,"ReefCheck","Buenaventura Island","Panama",9.5395,-79.683111,NA,"Southwestern Caribbean","Tropical Atlantic"
1999,"ReefCheck","Drake Island","Panama",9.562778,-79.68425,NA,"Southwestern Caribbean","Tropical Atlantic"
2000,"ReefCheck","Frank's Reef","Panama",9.108611,-81.556389,NA,"Southwestern Caribbean","Tropical Atlantic"
2001,"ReefCheck","Isla Grande","Panama",9.638861,-79.552194,NA,"Southwestern Caribbean","Tropical Atlantic"
2002,"ReefCheck","Lighthouse 2","Panama",9.086167,-81.538556,NA,"Southwestern Caribbean","Tropical Atlantic"
2003,"ReefCheck","Roca Solarte","Panama",9.338139,-82.216831,NA,"Southwestern Caribbean","Tropical Atlantic"
2004,"ReefCheck","South Hospital Point","Panama",9.323139,-82.22025,NA,"Southwestern Caribbean","Tropical Atlantic"
2005,"ReefCheck","Tobobe","Panama",9.117722,-81.825639,NA,"Southwestern Caribbean","Tropical Atlantic"
2006,"ReefCheck","Balneario Cerro Gordo, Vega Alta","Puerto Rico",18.482917,-66.342389,"Puerto Rican moist forests","Greater Antilles","Tropical Atlantic"
2007,"ReefCheck","Balneario de Sunbay","Puerto Rico",18.08825,-65.461889,NA,"Greater Antilles","Tropical Atlantic"
2008,"ReefCheck","Caja de Muertos","Puerto Rico",17.898889,-66.015278,NA,"Greater Antilles","Tropical Atlantic"
2009,"ReefCheck","Cayo Coral","Puerto Rico",17.935,-66.884444,NA,"Greater Antilles","Tropical Atlantic"
2010,"ReefCheck","Cayo Enrique","Puerto Rico",17.955278,-67.053056,NA,"Greater Antilles","Tropical Atlantic"
2011,"ReefCheck","Efra's Wall","Puerto Rico",17.885,-66.951667,NA,"Greater Antilles","Tropical Atlantic"
2012,"ReefCheck","Escambron","Puerto Rico",18.468972,-66.090833,NA,"Greater Antilles","Tropical Atlantic"
2013,"ReefCheck","Marine Reserve Isla Verde","Puerto Rico",18.449944,-66.015389,NA,"Greater Antilles","Tropical Atlantic"
2014,"ReefCheck","Palomino","Puerto Rico",18.347833,-65.570806,NA,"Greater Antilles","Tropical Atlantic"
2015,"ReefCheck","Puerto Nuevo Beach","Puerto Rico",18.492861,-66.395194,"Puerto Rican moist forests","Greater Antilles","Tropical Atlantic"
2016,"ReefCheck","Punta Salinas","Puerto Rico",18.4745,-66.187444,NA,"Greater Antilles","Tropical Atlantic"
2017,"ReefCheck","Richie's Site","Puerto Rico",17.918611,-67.019167,NA,"Greater Antilles","Tropical Atlantic"
2018,"ReefCheck","Turrumote II","Puerto Rico",17.918611,-66.968611,NA,"Greater Antilles","Tropical Atlantic"
2019,"ReefCheck","Boobie High Shoal","Saint Kitts and Nevis",17.215722,-62.623222,NA,"Eastern Caribbean","Tropical Atlantic"
2020,"ReefCheck","Bug's Hole","Saint Kitts and Nevis",17.268333,-62.652222,NA,"Eastern Caribbean","Tropical Atlantic"
2021,"ReefCheck","Buggs Hole","Saint Kitts and Nevis",17.223111,-62.660639,NA,"Eastern Caribbean","Tropical Atlantic"
2022,"ReefCheck","Church Reef","Saint Kitts and Nevis",17.16725,-62.629333,"Bahamian-Antillean mangroves","Eastern Caribbean","Tropical Atlantic"
2023,"ReefCheck","Donut","Saint Kitts and Nevis",17.186056,-62.680556,NA,"Eastern Caribbean","Tropical Atlantic"
2024,"ReefCheck","Hot Springs","Saint Kitts and Nevis",17.166139,-62.635278,NA,"Eastern Caribbean","Tropical Atlantic"
2025,"ReefCheck","Nags Head","Saint Kitts and Nevis",17.212472,-62.654806,NA,"Eastern Caribbean","Tropical Atlantic"
2026,"ReefCheck","Ponds Bar","Saint Kitts and Nevis",17.274778,-62.719083,NA,"Eastern Caribbean","Tropical Atlantic"
2027,"ReefCheck","Anse Chastanet Reef","Saint Lucia",13.864,-61.08,NA,"Eastern Caribbean","Tropical Atlantic"
2028,"ReefCheck","Anse Chastanet Reef 2","Saint Lucia",13.8575,-61.074667,NA,"Eastern Caribbean","Tropical Atlantic"
2029,"ReefCheck","Coral Garden","Saint Lucia",13.814722,-61.0725,NA,"Eastern Caribbean","Tropical Atlantic"
2030,"ReefCheck","Coral Gardens 5","Saint Lucia",13.8155,-61.0715,NA,"Eastern Caribbean","Tropical Atlantic"
2031,"ReefCheck","Coral Gardens 6","Saint Lucia",13.81,-61.0755,NA,"Eastern Caribbean","Tropical Atlantic"
2032,"ReefCheck","Flat Land (Laborie)","Saint Lucia",13.7515,-61.0055,"Lesser Antillean dry forests","Eastern Caribbean","Tropical Atlantic"
2033,"ReefCheck","Grande Caille","Saint Lucia",13.861667,-61.075,NA,"Eastern Caribbean","Tropical Atlantic"
2034,"ReefCheck","Kay Ken (Laborie)","Saint Lucia",13.754,-61.0035,"Lesser Antillean dry forests","Eastern Caribbean","Tropical Atlantic"
2035,"ReefCheck","Le Sport Reef","Saint Lucia",14.1015,-60.9555,NA,"Eastern Caribbean","Tropical Atlantic"
2036,"ReefCheck","Malgretoute","Saint Lucia",13.839,-61.065,NA,"Eastern Caribbean","Tropical Atlantic"
2037,"ReefCheck","Malgretoute 2","Saint Lucia",13.84,-61.0705,NA,"Eastern Caribbean","Tropical Atlantic"
2038,"ReefCheck","Maria Islands Nature Reserve","Saint Lucia",13.7205,-60.935389,NA,"Eastern Caribbean","Tropical Atlantic"
2039,"ReefCheck","Rachette Point","Saint Lucia",13.858333,-61.066667,"Lesser Antillean dry forests","Eastern Caribbean","Tropical Atlantic"
2040,"ReefCheck","Rachette Pointe","Saint Lucia",13.856667,-61.069167,"Lesser Antillean dry forests","Eastern Caribbean","Tropical Atlantic"
2041,"ReefCheck","Superman's Flight","Saint Lucia",13.838333,-61.065,"Lesser Antillean dry forests","Eastern Caribbean","Tropical Atlantic"
2042,"ReefCheck","Superman's Flight 2","Saint Lucia",13.833333,-61.07,NA,"Eastern Caribbean","Tropical Atlantic"
2043,"ReefCheck","Superman's Flight 3","Saint Lucia",13.829972,-61.068778,NA,"Eastern Caribbean","Tropical Atlantic"
2044,"ReefCheck","Turtle Reef","Saint Lucia",13.86,-61.08,NA,"Eastern Caribbean","Tropical Atlantic"
2045,"ReefCheck","Turtle Reef 2","Saint Lucia",13.865833,-61.0795,NA,"Eastern Caribbean","Tropical Atlantic"
2046,"ReefCheck","Turtle Reef 3","Saint Lucia",13.8585,-61.075167,NA,"Eastern Caribbean","Tropical Atlantic"
2047,"ReefCheck","Virgin Point, Canaries","Saint Lucia",13.929028,-61.058889,NA,"Eastern Caribbean","Tropical Atlantic"
2048,"ReefCheck","Bachelors Reef","Saint Vincent and the Grenadines",12.707972,-61.338194,NA,"Eastern Caribbean","Tropical Atlantic"
2049,"ReefCheck","Gardens","Saint Vincent and the Grenadines",13.163056,-61.248111,"Caribbean shrublands","Eastern Caribbean","Tropical Atlantic"
2050,"ReefCheck","Horseshoe (outside)","Saint Vincent and the Grenadines",12.638056,-61.348111,NA,"Eastern Caribbean","Tropical Atlantic"
2051,"ReefCheck","Horseshoe Reef Back Reef","Saint Vincent and the Grenadines",12.635833,-61.350278,NA,"Eastern Caribbean","Tropical Atlantic"
2052,"ReefCheck","Moonhole 2","Saint Vincent and the Grenadines",12.99325,-61.275694,NA,"Eastern Caribbean","Tropical Atlantic"
2053,"ReefCheck","Orca 2","Saint Vincent and the Grenadines",13.18325,-61.267167,"Caribbean shrublands","Eastern Caribbean","Tropical Atlantic"
2054,"ReefCheck","Petit Bateau","Saint Vincent and the Grenadines",12.633056,-61.359167,NA,"Eastern Caribbean","Tropical Atlantic"
2055,"ReefCheck","Petit Tabac","Saint Vincent and the Grenadines",12.624444,-61.350556,NA,"Eastern Caribbean","Tropical Atlantic"
2056,"ReefCheck","Plantain Mustique","Saint Vincent and the Grenadines",12.885333,-61.190556,NA,"Eastern Caribbean","Tropical Atlantic"
2057,"ReefCheck","Plantain Mustique 2","Saint Vincent and the Grenadines",12.869889,-61.194611,NA,"Eastern Caribbean","Tropical Atlantic"
2058,"ReefCheck","The Steps","Saint Vincent and the Grenadines",12.724806,-61.333472,"Bahamian-Antillean mangroves","Eastern Caribbean","Tropical Atlantic"
2059,"ReefCheck","Young Island","Saint Vincent and the Grenadines",13.118222,-61.2035,NA,"Eastern Caribbean","Tropical Atlantic"
2060,"ReefCheck","Young Island 2","Saint Vincent and the Grenadines",13.133383,-61.184361,"Lesser Antillean dry forests","Eastern Caribbean","Tropical Atlantic"
2064,"ReefCheck","Frenchman Reef","Sint Maarten (Dutch part)",18.020861,-63.093056,NA,"Eastern Caribbean","Tropical Atlantic"
2065,"ReefCheck","Gregory","Sint Maarten (Dutch part)",18.046389,-63.137778,NA,"Eastern Caribbean","Tropical Atlantic"
2066,"ReefCheck","Mike's Maze 1","Sint Maarten (Dutch part)",17.989556,-63.059972,NA,"Eastern Caribbean","Tropical Atlantic"
2067,"ReefCheck","Mike's Maze 2","Sint Maarten (Dutch part)",17.973278,-63.057361,NA,"Eastern Caribbean","Tropical Atlantic"
2068,"ReefCheck","Proselyte Reef","Sint Maarten (Dutch part)",18.005556,-63.059639,NA,"Eastern Caribbean","Tropical Atlantic"
2069,"ReefCheck","AV20","Trinidad and Tobago",11.235778,-60.757806,NA,"Southern Caribbean","Tropical Atlantic"
2070,"ReefCheck","Booby Island","Trinidad and Tobago",11.320889,-60.5585,NA,"Southern Caribbean","Tropical Atlantic"
2071,"ReefCheck","Goat Island","Trinidad and Tobago",11.301528,-60.520361,NA,"Southern Caribbean","Tropical Atlantic"
2072,"ReefCheck","Goat Island 2","Trinidad and Tobago",11.301306,-60.508222,NA,"Southern Caribbean","Tropical Atlantic"
2073,"ReefCheck","Hermitage","Trinidad and Tobago",11.326528,-60.575278,NA,"Southern Caribbean","Tropical Atlantic"
2074,"ReefCheck","Hidden Bay","Trinidad and Tobago",11.240278,-60.759444,NA,"Southern Caribbean","Tropical Atlantic"
2075,"ReefCheck","King Peter's Bay","Trinidad and Tobago",11.191389,-60.796667,NA,"Southern Caribbean","Tropical Atlantic"
2076,"ReefCheck","Landslide","Trinidad and Tobago",11.333083,-60.556139,NA,"Southern Caribbean","Tropical Atlantic"
2077,"ReefCheck","Mount Irvine","Trinidad and Tobago",11.195833,-60.798889,NA,"Southern Caribbean","Tropical Atlantic"
2078,"ReefCheck","Old Rope","Trinidad and Tobago",11.325278,-60.595111,NA,"Southern Caribbean","Tropical Atlantic"
2079,"ReefCheck","Pirates Bay","Trinidad and Tobago",11.32825,-60.550472,NA,"Southern Caribbean","Tropical Atlantic"
2080,"ReefCheck","Pirates Bay 2","Trinidad and Tobago",11.333167,-60.556194,NA,"Southern Caribbean","Tropical Atlantic"
2081,"ReefCheck","Plymouth","Trinidad and Tobago",11.23225,-60.767333,NA,"Southern Caribbean","Tropical Atlantic"
2082,"ReefCheck","Plymouth 2","Trinidad and Tobago",11.233306,-60.762083,NA,"Southern Caribbean","Tropical Atlantic"
2083,"ReefCheck","Sanger Rock 3","Trinidad and Tobago",11.338972,-60.547722,NA,"Southern Caribbean","Tropical Atlantic"
2084,"ReefCheck","Sea Fan Alley 2","Trinidad and Tobago",11.255694,-60.538722,"Trinidad and Tobago moist forests","Southern Caribbean","Tropical Atlantic"
2085,"ReefCheck","Aquarium East","Turks and Caicos Islands",21.808472,-72.225806,NA,"Bahamian","Tropical Atlantic"
2086,"ReefCheck","Black Coral Forest","Turks and Caicos Islands",21.842,-72.341667,NA,"Bahamian","Tropical Atlantic"
2087,"ReefCheck","Boat Cove","Turks and Caicos Islands",21.673167,-72.469417,NA,"Bahamian","Tropical Atlantic"
2088,"ReefCheck","Cathedral 3","Turks and Caicos Islands",21.815333,-72.185167,NA,"Bahamian","Tropical Atlantic"
2089,"ReefCheck","Chimney","Turks and Caicos Islands",21.838167,-72.341333,NA,"Bahamian","Tropical Atlantic"
2090,"ReefCheck","Columbus Point","Turks and Caicos Islands",21.433056,-71.148889,NA,"Bahamian","Tropical Atlantic"
2091,"ReefCheck","Coral Gardens 7","Turks and Caicos Islands",21.785694,-72.204667,NA,"Bahamian","Tropical Atlantic"
2092,"ReefCheck","Coral Gardens 8","Turks and Caicos Islands",21.785861,-72.204972,NA,"Bahamian","Tropical Atlantic"
2093,"ReefCheck","Crocodiles","Turks and Caicos Islands",21.817944,-72.183972,NA,"Bahamian","Tropical Atlantic"
2094,"ReefCheck","Eagle Ray Pass","Turks and Caicos Islands",21.88925,-72.121111,NA,"Bahamian","Tropical Atlantic"
2095,"ReefCheck","East Bay 1A - South Caicos","Turks and Caicos Islands",21.4855,-71.513389,"Bahamian pine mosaic","Bahamian","Tropical Atlantic"
2096,"ReefCheck","East Bay 1B - South Caicos","Turks and Caicos Islands",21.485583,-71.51325,"Bahamian pine mosaic","Bahamian","Tropical Atlantic"
2097,"ReefCheck","East Bay 1B-2","Turks and Caicos Islands",21.485806,-71.513944,"Bahamian pine mosaic","Bahamian","Tropical Atlantic"
2098,"ReefCheck","East Bay 2A - South Caicos","Turks and Caicos Islands",21.484972,-71.515417,NA,"Bahamian","Tropical Atlantic"
2099,"ReefCheck","East Bay 3A - South Caicos","Turks and Caicos Islands",21.48325,-71.516972,NA,"Bahamian","Tropical Atlantic"
2100,"ReefCheck","East Bay 3B","Turks and Caicos Islands",21.485389,-71.519722,"Bahamian pine mosaic","Bahamian","Tropical Atlantic"
2101,"ReefCheck","East Bay 4A","Turks and Caicos Islands",21.483639,-71.519528,NA,"Bahamian","Tropical Atlantic"
2102,"ReefCheck","East Bay 4B - South Caicos","Turks and Caicos Islands",21.484778,-71.521639,"Bahamian pine mosaic","Bahamian","Tropical Atlantic"
2103,"ReefCheck","East Bay 5A","Turks and Caicos Islands",21.483278,-71.521556,NA,"Bahamian","Tropical Atlantic"
2104,"ReefCheck","East Bay 5B - South Caicos","Turks and Caicos Islands",21.48425,-71.521639,"Bahamian pine mosaic","Bahamian","Tropical Atlantic"
2105,"ReefCheck","East Bay 6A - South Caicos","Turks and Caicos Islands",21.483889,-71.523083,"Bahamian pine mosaic","Bahamian","Tropical Atlantic"
2106,"ReefCheck","East Bay 6B - South Caicos","Turks and Caicos Islands",21.484139,-71.522944,"Bahamian pine mosaic","Bahamian","Tropical Atlantic"
2107,"ReefCheck","Eel Garden","Turks and Caicos Islands",21.834333,-72.341,NA,"Bahamian","Tropical Atlantic"
2108,"ReefCheck","Elephant Ear Canyon","Turks and Caicos Islands",21.68375,-72.469556,NA,"Bahamian","Tropical Atlantic"
2109,"ReefCheck","Football Field","Turks and Caicos Islands",21.906222,-72.114556,NA,"Bahamian","Tropical Atlantic"
2110,"ReefCheck","Graceland","Turks and Caicos Islands",21.813361,-72.187389,NA,"Bahamian","Tropical Atlantic"
2111,"ReefCheck","Grouper Hole","Turks and Caicos Islands",21.812611,-72.189194,NA,"Bahamian","Tropical Atlantic"
2112,"ReefCheck","Outer Turtle Harbor Reef","Turks and Caicos Islands",21.813333,-72.21,NA,"Bahamian","Tropical Atlantic"
2113,"ReefCheck","Pinnacles","Turks and Caicos Islands",21.813417,-72.187417,NA,"Bahamian","Tropical Atlantic"
2114,"ReefCheck","Pirahna Cove","Turks and Caicos Islands",21.8145,-72.1865,NA,"Bahamian","Tropical Atlantic"
2115,"ReefCheck","Provo Patch Reef","Turks and Caicos Islands",21.79,-72.213333,NA,"Bahamian","Tropical Atlantic"
2116,"ReefCheck","Shark Hotel","Turks and Caicos Islands",21.844333,-72.341833,NA,"Bahamian","Tropical Atlantic"
2117,"ReefCheck","Smith's Reef","Turks and Caicos Islands",21.788611,-72.226667,NA,"Bahamian","Tropical Atlantic"
2118,"ReefCheck","Spanish Anchor","Turks and Caicos Islands",21.645639,-72.475056,NA,"Bahamian","Tropical Atlantic"
2119,"ReefCheck","Steve's Reef","Turks and Caicos Islands",21.757833,-72.452667,NA,"Bahamian","Tropical Atlantic"
2120,"ReefCheck","Sunset Strip","Turks and Caicos Islands",21.830167,-72.1725,NA,"Bahamian","Tropical Atlantic"
2121,"ReefCheck","The Arch","Turks and Caicos Islands",21.48275,-71.517,NA,"Bahamian","Tropical Atlantic"
2122,"ReefCheck","The Plane","Turks and Caicos Islands",21.48025,-71.537278,NA,"Bahamian","Tropical Atlantic"
2123,"ReefCheck","Turkoise Reef","Turks and Caicos Islands",21.801278,-72.175972,NA,"Bahamian","Tropical Atlantic"
2124,"ReefCheck","Abbey Too","United States of America",26.270722,-80.07075,NA,"Floridian","Tropical Atlantic"
2125,"ReefCheck","Abbey Too 2","United States of America",26.270972,-80.050972,NA,"Floridian","Tropical Atlantic"
2126,"ReefCheck","Abbey Too Reef","United States of America",26.263833,-80.064167,NA,"Floridian","Tropical Atlantic"
2127,"ReefCheck","Alligator Spa","United States of America",24.846111,-80.624444,NA,"Floridian","Tropical Atlantic"
2128,"ReefCheck","Barracuda Reef","United States of America",26.074472,-80.009556,NA,"Floridian","Tropical Atlantic"
2129,"ReefCheck","Bath & Tennis Reef- Palm Beach County","United States of America",26.67775,-80.018889,NA,"Floridian","Tropical Atlantic"
2130,"ReefCheck","Biorock","United States of America",26.186556,-80.092639,NA,"Floridian","Tropical Atlantic"
2131,"ReefCheck","Boca Artificial Reef","United States of America",26.329222,-80.058361,NA,"Floridian","Tropical Atlantic"
2132,"ReefCheck","Boca Artificial Reef Ledge","United States of America",26.327611,-80.059472,NA,"Floridian","Tropical Atlantic"
2133,"ReefCheck","Boca Patch Reef","United States of America",26.328,-80.065556,NA,"Floridian","Tropical Atlantic"
2134,"ReefCheck","Borrow Pit Reef","United States of America",26.202778,-80.078611,NA,"Floridian","Tropical Atlantic"
2135,"ReefCheck","Breakers Reef/Cable","United States of America",26.713333,-80.021111,NA,"Floridian","Tropical Atlantic"
2136,"ReefCheck","Breakers Reef/Cable Crossing","United States of America",26.709467,-80.028583,NA,"Floridian","Tropical Atlantic"
2137,"ReefCheck","Carysfort Reef","United States of America",25.222222,-80.21,NA,"Floridian","Tropical Atlantic"
2138,"ReefCheck","Carysfort Reef 2","United States of America",25.211667,-80.217583,NA,"Floridian","Tropical Atlantic"
2139,"ReefCheck","Cheeca Rocks","United States of America",24.906944,-80.615278,NA,"Floridian","Tropical Atlantic"
2140,"ReefCheck","Coffins Patch","United States of America",24.687222,-80.963056,NA,"Floridian","Tropical Atlantic"
2141,"ReefCheck","Conch Reef","United States of America",24.955556,-80.454444,NA,"Floridian","Tropical Atlantic"
2142,"ReefCheck","Conch Reef 2","United States of America",24.955194,-80.457722,NA,"Floridian","Tropical Atlantic"
2143,"ReefCheck","Conch reef (research only)","United States of America",24.949722,-80.456944,NA,"Floridian","Tropical Atlantic"
2144,"ReefCheck","Copenhagen","United States of America",26.207056,-80.084944,NA,"Floridian","Tropical Atlantic"
2145,"ReefCheck","Copenhagen 2","United States of America",26.206194,-80.085083,NA,"Floridian","Tropical Atlantic"
2146,"ReefCheck","Copenhagen Reef","United States of America",26.205306,-80.085111,NA,"Floridian","Tropical Atlantic"
2147,"ReefCheck","Crocker Control","United States of America",24.908889,-80.522778,NA,"Floridian","Tropical Atlantic"
2148,"ReefCheck","Dania Reef","United States of America",26.062417,-80.101056,NA,"Floridian","Tropical Atlantic"
2149,"ReefCheck","Davis Reef","United States of America",24.923333,-80.505278,NA,"Floridian","Tropical Atlantic"
2150,"ReefCheck","Delta Shoals","United States of America",24.632222,-81.090278,NA,"Floridian","Tropical Atlantic"
2151,"ReefCheck","Doughnut Reef","United States of America",24.691111,-80.947778,NA,"Floridian","Tropical Atlantic"
2152,"ReefCheck","Dry Rocks","United States of America",25.130833,-80.293056,NA,"Floridian","Tropical Atlantic"
2153,"ReefCheck","Eastern Dry Rocks","United States of America",24.458889,-81.845556,NA,"Floridian","Tropical Atlantic"
2154,"ReefCheck","Eastern Sambos","United States of America",24.492222,-81.661944,NA,"Floridian","Tropical Atlantic"
2155,"ReefCheck","Elbow","United States of America",25.149417,-80.254944,NA,"Floridian","Tropical Atlantic"
2156,"ReefCheck","Elbow Reef","United States of America",25.140083,-80.259833,NA,"Floridian","Tropical Atlantic"
2157,"ReefCheck","Elbow Reef 2","United States of America",25.141667,-80.259722,NA,"Floridian","Tropical Atlantic"
2158,"ReefCheck","Elbow Reef 3","United States of America",25.141,-80.258972,NA,"Floridian","Tropical Atlantic"
2159,"ReefCheck","Fishers Pedistal","United States of America",26.143889,-80.090556,NA,"Floridian","Tropical Atlantic"
2160,"ReefCheck","Flower Gardens- Palm Beach County","United States of America",26.695583,-80.018139,NA,"Floridian","Tropical Atlantic"
2161,"ReefCheck","Fort Lauderdale Caves","United States of America",26.126806,-80.091806,NA,"Floridian","Tropical Atlantic"
2162,"ReefCheck","French","United States of America",25.034111,-80.348583,NA,"Floridian","Tropical Atlantic"
2163,"ReefCheck","French F-3","United States of America",25.034528,-80.354722,NA,"Floridian","Tropical Atlantic"
2164,"ReefCheck","French Reef","United States of America",25.034444,-80.341667,NA,"Floridian","Tropical Atlantic"
2165,"ReefCheck","French Reef 2","United States of America",25.034167,-80.347222,NA,"Floridian","Tropical Atlantic"
2166,"ReefCheck","French Reef 3","United States of America",25.035639,-80.346583,NA,"Floridian","Tropical Atlantic"
2167,"ReefCheck","French Reef 4","United States of America",25.033889,-80.335833,NA,"Floridian","Tropical Atlantic"
2168,"ReefCheck","French Reef (Turtle Ledge)","United States of America",25.036417,-80.347306,NA,"Floridian","Tropical Atlantic"
2169,"ReefCheck","French Reef (Woody's Ledge)","United States of America",25.033667,-80.347722,NA,"Floridian","Tropical Atlantic"
2170,"ReefCheck","Ft. Lauderdale Ledge","United States of America",26.147667,-80.096028,NA,"Floridian","Tropical Atlantic"
2171,"ReefCheck","Grecian - Banana (G1)","United States of America",25.107222,-80.305833,NA,"Floridian","Tropical Atlantic"
2172,"ReefCheck","Grecian (Banana) Reef","United States of America",25.107389,-80.307389,NA,"Floridian","Tropical Atlantic"
2173,"ReefCheck","Grecian Dry Rocks","United States of America",25.110556,-80.303472,NA,"Floridian","Tropical Atlantic"
2174,"ReefCheck","Grecian Rocks Buoy G12","United States of America",25.110278,-80.303611,NA,"Floridian","Tropical Atlantic"
2175,"ReefCheck","Hens and Chickens","United States of America",24.933889,-80.553056,NA,"Floridian","Tropical Atlantic"
2176,"ReefCheck","Hens and Chickens Reef","United States of America",24.870694,-80.547222,NA,"Floridian","Tropical Atlantic"
2177,"ReefCheck","Hens and Chickens Reef 2","United States of America",24.933972,-80.550067,NA,"Floridian","Tropical Atlantic"
2178,"ReefCheck","Hobe Sound National Refuge and Marine Protected Area","United States of America",27.111278,-80.117028,NA,"Floridian","Tropical Atlantic"
2179,"ReefCheck","Honeycomb Reef","United States of America",26.360694,-80.054861,NA,"Floridian","Tropical Atlantic"
2180,"ReefCheck","Horseshoe","United States of America",25.232778,-80.490278,"Everglades","Floridian","Tropical Atlantic"
2181,"ReefCheck","Horseshoe Reef","United States of America",26.271222,-80.070917,NA,"Floridian","Tropical Atlantic"
2182,"ReefCheck","Horseshoe Reef 2","United States of America",25.139361,-80.294028,NA,"Floridian","Tropical Atlantic"
2183,"ReefCheck","Horseshoe Rocks","United States of America",25.043778,-80.368556,NA,"Floridian","Tropical Atlantic"
2184,"ReefCheck","Martin County MPA","United States of America",27.121167,-80.127806,NA,"Floridian","Tropical Atlantic"
2185,"ReefCheck","Mckays Reef","United States of America",26.126694,-80.09425,NA,"Floridian","Tropical Atlantic"
2186,"ReefCheck","Minnow Caves, Ball 2","United States of America",25.216389,-80.489444,"Everglades","Floridian","Tropical Atlantic"
2187,"ReefCheck","Molasses Reef","United States of America",25.008222,-80.377778,NA,"Floridian","Tropical Atlantic"
2188,"ReefCheck","Molasses Reef 2","United States of America",25.009083,-80.37575,NA,"Floridian","Tropical Atlantic"
2189,"ReefCheck","Molasses Reef 3","United States of America",25.020278,-80.364444,NA,"Floridian","Tropical Atlantic"
2190,"ReefCheck","Molasses Reef Site 2","United States of America",25.020278,-80.364444,NA,"Floridian","Tropical Atlantic"
2191,"ReefCheck","Molasses Reef/Eagle Ray Alley","United States of America",25.008889,-80.373611,NA,"Floridian","Tropical Atlantic"
2192,"ReefCheck","Molasses Winch Hole","United States of America",25.009861,-80.374472,NA,"Floridian","Tropical Atlantic"
2193,"ReefCheck","Mooring Balls Pompano Beach, Ball #29","United States of America",26.226111,-80.091111,NA,"Floridian","Tropical Atlantic"
2194,"ReefCheck","Newfound Harbor Spa","United States of America",24.616389,-81.396667,NA,"Floridian","Tropical Atlantic"
2195,"ReefCheck","Nine Foot Stake","United States of America",24.4725,-81.764722,NA,"Floridian","Tropical Atlantic"
2196,"ReefCheck","North North Dry Rocks","United States of America",25.136639,-80.288861,NA,"Floridian","Tropical Atlantic"
2197,"ReefCheck","Nursery","United States of America",26.211,-80.084611,NA,"Floridian","Tropical Atlantic"
2198,"ReefCheck","Pickles Reef","United States of America",24.99,-80.415278,NA,"Floridian","Tropical Atlantic"
2199,"ReefCheck","Pleasure Reef","United States of America",24.906667,-80.511667,NA,"Floridian","Tropical Atlantic"
2200,"ReefCheck","Pompano 3rd Reef into Razzle Dazzle Reef","United States of America",26.260778,-80.086306,"Everglades","Floridian","Tropical Atlantic"
2201,"ReefCheck","Pompano Mooring Balls, Ball #17","United States of America",26.226111,-80.091111,NA,"Floridian","Tropical Atlantic"
2202,"ReefCheck","Razzle Dazzle Reef","United States of America",26.244889,-80.066639,NA,"Floridian","Tropical Atlantic"
2203,"ReefCheck","Rock Key Spa","United States of America",24.458056,-81.855833,NA,"Floridian","Tropical Atlantic"
2204,"ReefCheck","Sanctuary Reef- Pompano Beach","United States of America",26.302472,-80.060472,NA,"Floridian","Tropical Atlantic"
2205,"ReefCheck","Sand Key","United States of America",24.451944,-81.875556,NA,"Floridian","Tropical Atlantic"
2206,"ReefCheck","Separated Reefs","United States of America",26.323056,-80.068056,NA,"Floridian","Tropical Atlantic"
2207,"ReefCheck","Sombrero Reef","United States of America",24.625278,-81.11,NA,"Floridian","Tropical Atlantic"
2208,"ReefCheck","Tennessee Reef","United States of America",24.743333,-80.7825,NA,"Floridian","Tropical Atlantic"
2209,"ReefCheck","The Elbow","United States of America",25.145833,-80.265,NA,"Floridian","Tropical Atlantic"
2210,"ReefCheck","The Elbow 2","United States of America",25.142917,-80.258194,NA,"Floridian","Tropical Atlantic"
2211,"ReefCheck","West Sambo A","United States of America",24.479583,-81.716722,NA,"Floridian","Tropical Atlantic"
2212,"ReefCheck","West Sambo B","United States of America",24.480472,-81.712972,NA,"Floridian","Tropical Atlantic"
2213,"ReefCheck","West Sambos Reef","United States of America",24.479444,-81.717222,NA,"Floridian","Tropical Atlantic"
2214,"ReefCheck","Western Sambos","United States of America",24.554167,-81.681389,NA,"Floridian","Tropical Atlantic"
2215,"ReefCheck","White Bank Dry Rocks","United States of America",25.043778,-80.369472,NA,"Floridian","Tropical Atlantic"
2216,"ReefCheck","Las Topias","Venezuela",10.555333,-67.495194,NA,"Southern Caribbean","Tropical Atlantic"
2217,"ReefCheck","Apple Bay","Virgin Islands",18.4,-64.681667,"Leeward Islands moist forests","Eastern Caribbean","Tropical Atlantic"
2218,"ReefCheck","Bronco Billy","Virgin Islands",18.493333,-64.460278,NA,"Eastern Caribbean","Tropical Atlantic"
2219,"ReefCheck","Chromis Reef","Virgin Islands",18.373472,-64.510167,NA,"Eastern Caribbean","Tropical Atlantic"
2220,"ReefCheck","Coral Gardens 9","Virgin Islands",18.483333,-64.455,NA,"Eastern Caribbean","Tropical Atlantic"
2221,"ReefCheck","Diamond","Virgin Islands",18.465278,-64.526111,NA,"Eastern Caribbean","Tropical Atlantic"
2222,"ReefCheck","Diamond Reef","Virgin Islands",18.771667,-64.878,NA,"Eastern Caribbean","Tropical Atlantic"
2223,"ReefCheck","Diamond Reef 2","Virgin Islands",18.466667,-64.525,NA,"Eastern Caribbean","Tropical Atlantic"
2224,"ReefCheck","George Dog","Virgin Islands",18.491667,-64.527222,NA,"Eastern Caribbean","Tropical Atlantic"
2225,"ReefCheck","George Dog ""Bronco Billy""","Virgin Islands",18.492222,-64.461389,NA,"Eastern Caribbean","Tropical Atlantic"
2226,"ReefCheck","George Dog Island","Virgin Islands",18.453611,-64.519722,NA,"Eastern Caribbean","Tropical Atlantic"
2227,"ReefCheck","Great Dog","Virgin Islands",18.479167,-64.455667,NA,"Eastern Caribbean","Tropical Atlantic"
2228,"ReefCheck","Green Cay","Virgin Islands",18.455,-64.708333,NA,"Eastern Caribbean","Tropical Atlantic"
2229,"ReefCheck","Pelican Island","Virgin Islands",18.333333,-64.626667,NA,"Eastern Caribbean","Tropical Atlantic"
2230,"ReefCheck","Pelican Island 2","Virgin Islands",18.333333,-64.625,NA,"Eastern Caribbean","Tropical Atlantic"
2231,"ReefCheck","Pelican Island 3","Virgin Islands",18.331667,-64.627333,NA,"Eastern Caribbean","Tropical Atlantic"
2232,"ReefCheck","Pelican Island 4","Virgin Islands",18.335,-64.626667,NA,"Eastern Caribbean","Tropical Atlantic"
2233,"ReefCheck","Spyglass","Virgin Islands",18.332222,-64.600556,NA,"Eastern Caribbean","Tropical Atlantic"
2234,"ReefCheck","Spyglass 2","Virgin Islands",18.324611,-64.602694,NA,"Eastern Caribbean","Tropical Atlantic"
2235,"ReefCheck","Spyglass Reef","Virgin Islands",18.322028,-64.605167,NA,"Eastern Caribbean","Tropical Atlantic"
2236,"ReefCheck","The Bight","Virgin Islands",18.316667,-64.621667,NA,"Eastern Caribbean","Tropical Atlantic"
2237,"ReefCheck","West End Point","Virgin Islands",18.741667,-64.43,NA,"Eastern Caribbean","Tropical Atlantic"
2238,"ReefCheck","Buck Island Bay","Virgin Islands",18.2805,-64.897,NA,"Eastern Caribbean","Tropical Atlantic"
2239,"ReefCheck","Buck Island Slope","Virgin Islands",18.2785,-64.898333,NA,"Eastern Caribbean","Tropical Atlantic"
2240,"ReefCheck","Cane Bay","Virgin Islands",17.768583,-64.822083,"Leeward Islands moist forests","Eastern Caribbean","Tropical Atlantic"
2241,"ReefCheck","Caneel Bay","Virgin Islands",18.338528,-64.785694,"Caribbean shrublands","Eastern Caribbean","Tropical Atlantic"
2242,"ReefCheck","Cinnamon Bay","Virgin Islands",18.352722,-64.752806,"Leeward Islands moist forests","Eastern Caribbean","Tropical Atlantic"
2243,"ReefCheck","Coculus Rocks","Virgin Islands",18.312806,-64.860444,NA,"Eastern Caribbean","Tropical Atlantic"
2244,"ReefCheck","Coki Beach","Virgin Islands",18.349556,-64.86575,"Caribbean shrublands","Eastern Caribbean","Tropical Atlantic"
2245,"ReefCheck","Coki Point","Virgin Islands",18.335,-64.848611,"Caribbean shrublands","Eastern Caribbean","Tropical Atlantic"
2246,"ReefCheck","Congo Cay","Virgin Islands",18.366111,-64.808056,NA,"Eastern Caribbean","Tropical Atlantic"
2247,"ReefCheck","Coral World","Virgin Islands",18.350028,-64.86475,"Caribbean shrublands","Eastern Caribbean","Tropical Atlantic"
2248,"ReefCheck","Grass Cay","Virgin Islands",18.357528,-64.831083,NA,"Eastern Caribbean","Tropical Atlantic"
2249,"ReefCheck","Great Bay","Virgin Islands",18.320861,-64.835611,NA,"Eastern Caribbean","Tropical Atlantic"
2250,"ReefCheck","Great Bay West Reef","Virgin Islands",18.322889,-64.835694,NA,"Eastern Caribbean","Tropical Atlantic"
2251,"ReefCheck","Great St James","Virgin Islands",18.303111,-64.838806,NA,"Eastern Caribbean","Tropical Atlantic"
2252,"ReefCheck","Greater Lameshur Bay","Virgin Islands",18.317722,-64.724417,NA,"Eastern Caribbean","Tropical Atlantic"
2253,"ReefCheck","Hawksnest Bay","Virgin Islands",18.3465,-64.781194,"Leeward Islands moist forests","Eastern Caribbean","Tropical Atlantic"
2254,"ReefCheck","Little Lameshur Bay","Virgin Islands",18.319444,-64.725889,NA,"Eastern Caribbean","Tropical Atlantic"
2255,"ReefCheck","Maho Bay","Virgin Islands",18.358667,-64.744528,"Leeward Islands moist forests","Eastern Caribbean","Tropical Atlantic"
2256,"ReefCheck","Salt Pond","Virgin Islands",18.000972,-64.722611,NA,"Eastern Caribbean","Tropical Atlantic"
2257,"ReefCheck","Salt Pond Bay","Virgin Islands",18.306917,-64.706694,"Caribbean shrublands","Eastern Caribbean","Tropical Atlantic"
2258,"ReefCheck","Saltpond Bay","Virgin Islands",18.306333,-64.705639,"Caribbean shrublands","Eastern Caribbean","Tropical Atlantic"
2259,"ReefCheck","Savana Island","Virgin Islands",18.340806,-65.082472,NA,"Eastern Caribbean","Tropical Atlantic"
2260,"ReefCheck","Trunk Bay","Virgin Islands",18.351667,-64.770028,"Leeward Islands moist forests","Eastern Caribbean","Tropical Atlantic"
2261,"Univ.Andes","Aguas Calientes, plotMA1, AC","Venezuela",8.75,-71.5,"Venezuelan Andes montane forests","Southern Caribbean","Tropical Atlantic"
2262,"Univ.Andes","BACA-51162, Caparo","Venezuela",7.46,-71.01,"Apure-Villavicencio dry forests","Southern Caribbean","Tropical Atlantic"
2263,"Univ.Andes","BACA-51284, Caparo","Venezuela",7.46,-71.01,"Apure-Villavicencio dry forests","Southern Caribbean","Tropical Atlantic"
2264,"Univ.Andes","BACA-51294, Caparo","Venezuela",7.46,-71.01,"Apure-Villavicencio dry forests","Southern Caribbean","Tropical Atlantic"
2265,"Univ.Andes","BACA-51367, Caparo","Venezuela",7.46,-71.01,"Apure-Villavicencio dry forests","Southern Caribbean","Tropical Atlantic"
2266,"Univ.Andes","BACA-52301, Caparo","Venezuela",7.47,-71.02,"Apure-Villavicencio dry forests","Southern Caribbean","Tropical Atlantic"
2267,"Univ.Andes","BACA-52312, Caparo","Venezuela",7.47,-71.02,"Apure-Villavicencio dry forests","Southern Caribbean","Tropical Atlantic"
2268,"Univ.Andes","BACAI-01, El Caimital","Venezuela",8.7,-70.07,"Apure-Villavicencio dry forests","Southern Caribbean","Tropical Atlantic"
2269,"Univ.Andes","BACAI-02, El Caimital","Venezuela",8.7,-70.07,"Apure-Villavicencio dry forests","Southern Caribbean","Tropical Atlantic"
2270,"Univ.Andes","BACAI-03, El Caimital","Venezuela",8.7,-70.07,"Apure-Villavicencio dry forests","Southern Caribbean","Tropical Atlantic"
2271,"Univ.Andes","BACAI-04, El Caimital","Venezuela",8.7,-70.07,"Apure-Villavicencio dry forests","Southern Caribbean","Tropical Atlantic"
2272,"Univ.Andes","BACAI-05, El Caimital","Venezuela",8.72,-70.08,"Apure-Villavicencio dry forests","Southern Caribbean","Tropical Atlantic"
2273,"Univ.Andes","BACAI-06, El Caimital","Venezuela",8.72,-70.08,"Apure-Villavicencio dry forests","Southern Caribbean","Tropical Atlantic"
2274,"Univ.Andes","Cano Tigre T2","Venezuela",8.44,-71.77,"Catatumbo moist forests","Southern Caribbean","Tropical Atlantic"
2275,"Univ.Andes","Cano Tigre T3","Venezuela",8.44,-71.77,"Catatumbo moist forests","Southern Caribbean","Tropical Atlantic"
2276,"Univ.Andes","Carbonera, plotMC5, CR","Venezuela",8.58,-71.42,"Venezuelan Andes montane forests","Southern Caribbean","Tropical Atlantic"
2277,"Univ.Andes","ANCLA-03, Clarines","Venezuela",10.01,-65.32,"La Costa xeric shrublands","Southern Caribbean","Tropical Atlantic"
2278,"Univ.Andes","ANCLA-04, Clarines","Venezuela",10.01,-65.32,"La Costa xeric shrublands","Southern Caribbean","Tropical Atlantic"
2279,"Univ.Andes","Cano Rosalba Z-1","Venezuela",8.83,-71.86,"Catatumbo moist forests","Southern Caribbean","Tropical Atlantic"
2280,"Univ.Andes","El Dorado, km93, plotG1, ED1","Venezuela",6.11,-61.41,"Guianan Highlands moist forests","Guianan","Tropical Atlantic"
2281,"Univ.Andes","El Dorado, km93, plotG2, ED1","Venezuela",6.11,-61.41,"Guianan Highlands moist forests","Guianan","Tropical Atlantic"
2282,"Univ.Andes","El Dorado, km98, plotG3, ED2","Venezuela",6.09,-61.4,"Guianan Highlands moist forests","Guianan","Tropical Atlantic"
2283,"Univ.Andes","El Dorado, km98, plotG4, ED2","Venezuela",6.09,-61.35,"Guianan Highlands moist forests","Guianan","Tropical Atlantic"
2284,"Univ.Andes","Emallca C9 1T","Venezuela",8.01,-70.55,"Apure-Villavicencio dry forests","Southern Caribbean","Tropical Atlantic"
2285,"Univ.Andes","Emallca C9 2T","Venezuela",8.01,-70.55,"Apure-Villavicencio dry forests","Southern Caribbean","Tropical Atlantic"
2286,"Univ.Andes","Emallca C9 T3","Venezuela",8.01,-70.55,"Apure-Villavicencio dry forests","Southern Caribbean","Tropical Atlantic"
2287,"Univ.Andes","Hato Bolivia ME6","Venezuela",8.71,-71.45,"Venezuelan Andes montane forests","Southern Caribbean","Tropical Atlantic"
2288,"Univ.Andes","Hacienda Cucuchica MT1","Venezuela",8.36,-71.69,"Venezuelan Andes montane forests","Southern Caribbean","Tropical Atlantic"
2289,"Univ.Andes","Rio Grande, plotDA1, RG","Venezuela",8.11,-61.69,"Guianan moist forests","Guianan","Tropical Atlantic"
2290,"Univ.Andes","Rio Grande, plotDA2, RG","Venezuela",8.11,-61.69,"Guianan moist forests","Guianan","Tropical Atlantic"
2291,"Univ.Andes","Sabana Redonda A2","Venezuela",9.99,-65.28,"La Costa xeric shrublands","Southern Caribbean","Tropical Atlantic"
2292,"Univ.Andes","MESE-01, San Eusebio","Venezuela",8.66,-71.4,"Venezuelan Andes montane forests","Southern Caribbean","Tropical Atlantic"
2293,"Univ.Andes","MESE-02, San Eusebio","Venezuela",8.62,-71.14,"Venezuelan Andes montane forests","Southern Caribbean","Tropical Atlantic"
2294,"Univ.Andes","MESE-03, San Eusebio","Venezuela",8.64,-71.41,"Venezuelan Andes montane forests","Southern Caribbean","Tropical Atlantic"
2295,"Univ.Andes","MESE-04, San Eusebio","Venezuela",8.64,-71.41,"Venezuelan Andes montane forests","Southern Caribbean","Tropical Atlantic"
2296,"Univ.Andes","MESE-05, San Eusebio","Venezuela",8.64,-71.4,"Venezuelan Andes montane forests","Southern Caribbean","Tropical Atlantic"
2297,"Univ.Andes","MESE-06, San Eusebio","Venezuela",8.63,-71.4,"Venezuelan Andes montane forests","Southern Caribbean","Tropical Atlantic"
2298,"OPWALL-ECU-T","Ecuador Transect 1","Ecuador",-0.449806,-76.301959,"Napo moist forests","Panama Bight","Tropical Eastern Pacific"
2299,"OPWALL-ECU-T","Ecuador Transect 2","Ecuador",-0.431339,-76.314589,"Napo moist forests","Panama Bight","Tropical Eastern Pacific"
2300,"OPWALL-ECU-T","Ecuador Transect 3","Ecuador",-0.4389,-76.306396,"Napo moist forests","Panama Bight","Tropical Eastern Pacific"
2301,"OPWALL-ECU-T","Ecuador Transect 4","Ecuador",-0.440654,-76.295777,"Napo moist forests","Panama Bight","Tropical Eastern Pacific"
2302,"OPWALL-ECU-T","Ecuador Transect 5","Ecuador",-0.427675,-76.292279,"Napo moist forests","Panama Bight","Tropical Eastern Pacific"
2303,"OPWALL-ECU-T","Ecuador Transect 6","Ecuador",-0.45051,-76.301848,"Napo moist forests","Panama Bight","Tropical Eastern Pacific"
2304,"OPWALL-ECU-T","Ecuador Transect 7","Ecuador",-0.443602,-76.306491,"Napo moist forests","Panama Bight","Tropical Eastern Pacific"
2305,"DinamicPlant","Bosque tropical caducifolio de Tziritzícuaro","Mexico",19.01888,-102.00051,"Balsas dry forests","Mexican Tropical Pacific","Tropical Eastern Pacific"
2306,"DinamicPlant","Bosque tropical caducifolio de Tziritzícuaro","Mexico",19.01888,-102.00051,"Balsas dry forests","Mexican Tropical Pacific","Tropical Eastern Pacific"
2307,"DinamicPlant","Parque Nacional Barranca del Cupaitizio","Mexico",19.429417,-102.104317,"Trans-Mexican Volcanic Belt pine-oak forests","Mexican Tropical Pacific","Tropical Eastern Pacific"
2308,"GLORIA-Andes","Sierra de La Culata, Páramo de Piedras Blancas","Venezuela",8.812243,-71.036514,"Cordillera de Merida páramo","Southern Caribbean","Tropical Atlantic"
2309,"GLORIA-Andes","Sierra Nevada, Páramo de Gavidia","Venezuela",8.624588,-70.928612,"Cordillera de Merida páramo","Southern Caribbean","Tropical Atlantic"
2310,"GLORIA-Andes","Parque Nacional Natural Cocuy","Colombia",6.36142,-72.350514,"Northern Andean páramo","Southern Caribbean","Tropical Atlantic"
2311,"GLORIA-Andes","Reserva Ecológica El Ángel","Ecuador",0.729956,-77.9241,"Northern Andean páramo","Panama Bight","Tropical Eastern Pacific"
2312,"GLORIA-Andes","Complejo Volcánico Pichincha","Ecuador",-0.141952,-78.581892,"Northern Andean páramo","Panama Bight","Tropical Eastern Pacific"
2313,"GLORIA-Andes","Reserva Ecológica Antisana","Ecuador",-0.465608,-78.204474,"Northern Andean páramo","Panama Bight","Tropical Eastern Pacific"
2314,"GLORIA-Andes","El Altar","Ecuador",-1.68777,-78.4436,"Northern Andean páramo","Guayaquil","Tropical Eastern Pacific"
2315,"GLORIA-Andes","Parque Nacional Podocarpus","Ecuador",-4.10313,-79.16,"Eastern Cordillera real montane forests","Guayaquil","Tropical Eastern Pacific"
2316,"GLORIA-Andes","Páramos de Pacaipampa","Peru",-4.938418,-79.486518,"Cordillera Central páramo","Guayaquil","Tropical Eastern Pacific"
2317,"GLORIA-Andes","Cordillera de Vilcanota - Laguna de Sibinacocha","Peru",-13.761752,-71.082622,"Central Andean wet puna","Humboldtian","Temperate South America"
2318,"GLORIA-Andes","Área Natural de Manejo Integrado Apolobamba","Bolivia",-15.025133,-69.1996,"Central Andean wet puna","Humboldtian","Temperate South America"
2319,"GLORIA-Andes","Parque Nacional Tuni Condoriri","Bolivia",-16.230806,-68.258139,"Central Andean wet puna","Humboldtian","Temperate South America"
2320,"GLORIA-Andes","Parque Nacional Sajama","Bolivia",-18.150729,-68.880552,"Central Andean dry puna","Humboldtian","Temperate South America"
2321,"GLORIA-Andes","Monumento Natural Abra del Acay","Argentina",-26.62843,-65.726785,"Southern Andean Yungas",NA,NA
2322,"GLORIA-Andes","Parque Provincial Cumbres Calchaquíes","Argentina",-24.423714,-66.248477,"Southern Andean steppe",NA,NA
2323,"GLORIA-Andes","Sierra de Famatina","Argentina",-28.855263,-67.687309,"High Monte",NA,NA
2324,"GLORIA-Andes","Santa Cruz","Argentina",-49.767302,-72.521677,"Patagonian steppe","Channels and Fjords of Southern Chile","Temperate South America"
2325,"GLORIA-Andes","Tierra del Fuego","Argentina",-54.660648,-67.7601,"Magellanic subpolar forests","Channels and Fjords of Southern Chile","Temperate South America"
2326,"GLORIA-Andes","Parque Nacional Río Clarillo","Chile",-33.8183,-70.4693,"Valdivian temperate forests","Araucanian","Temperate South America"
2327,"SINCHI","Caruru 1","Colombia",0.9216361111,-71.110475,"Purus varzeá",NA,NA
2328,"SINCHI","Caruru 2","Colombia",0.9362777778,-71.10046944,"Purus varzeá",NA,NA
2329,"SINCHI","Carrizal","Colombia",3.930611111,-68.12591667,"Negro-Branco moist forests",NA,NA
2330,"SINCHI","Chorrera 1","Colombia",-1.415677813,-72.76460617,"Solimões-Japurá moist forests",NA,NA
2331,"SINCHI","Chorrera 2","Colombia",-1.425824471,-72.76165102,"Solimões-Japurá moist forests",NA,NA
2332,"SINCHI","Caño Jota 1","Colombia",3.638555556,-68.123,"Negro-Branco moist forests",NA,NA
2333,"SINCHI","Caño Jota 2","Colombia",3.632166667,-68.12488889,"Negro-Branco moist forests",NA,NA
2334,"SINCHI","Morelia","Colombia",1.400830556,-75.73030556,"Napo moist forests","Panama Bight","Tropical Eastern Pacific"
2335,"SINCHI","La Fuga","Colombia",2.761833333,-72.28883333,"Negro-Branco moist forests",NA,NA
2336,"SINCHI","Guacamayas","Colombia",2.345833333,-74.90322222,"Cordillera Oriental montane forests","Panama Bight","Tropical Eastern Pacific"
2337,"SINCHI","Itarca","Colombia",1.542308127,-75.47402305,"Napo moist forests","Panama Bight","Tropical Eastern Pacific"
2338,"SINCHI","Lindosa 1","Colombia",2.489388889,-72.63827778,"Caqueta moist forests",NA,NA
2339,"SINCHI","Lindosa 2","Colombia",2.522472222,-72.80844444,"Caqueta moist forests",NA,NA
2340,"SINCHI","Macaquiño 1","Colombia",1.268722222,-70.12219444,"Japurá-Solimoes-Negro moist forests",NA,NA
2341,"SINCHI","Macaquiño 2","Colombia",1.268361111,-70.10763889,"Purus varzeá",NA,NA
2342,"SINCHI","Mosquito","Colombia",2.56775,-72.67188889,"Negro-Branco moist forests",NA,NA
2343,"SINCHI","Mocoa","Colombia",1.150555556,-76.6275,"Eastern Cordillera real montane forests","Panama Bight","Tropical Eastern Pacific"
2344,"SINCHI","Mitú","Colombia",1.214089416,-70.24852334,"Purus varzeá",NA,NA
2345,"SINCHI","La Paya 1","Colombia",-0.01427777778,-74.95458333,"Napo moist forests",NA,NA
2346,"SINCHI","La Paya 2","Colombia",-0.01247222222,-74.953,"Napo moist forests",NA,NA
2347,"SINCHI","Pure 1","Colombia",-1.595972222,-69.50447222,"Solimões-Japurá moist forests",NA,NA
2348,"SINCHI","Pure 2","Colombia",-1.590083333,-69.47019444,"Solimões-Japurá moist forests",NA,NA
2349,"SINCHI","Villazul","Colombia",-0.5635277778,-72.11644444,"Purus varzeá",NA,NA
2350,"SINCHI","Orito","Colombia",0.6943583333,-77.06302778,"Eastern Cordillera real montane forests","Panama Bight","Tropical Eastern Pacific"
2351,"SINCHI","Tarapaca 3","Colombia",-2.513111,-70.195694,"Solimões-Japurá moist forests",NA,NA
2352,"SINCHI","Tarapaca 1","Colombia",-2.537389,-70.17052778,"Purus varzeá",NA,NA
2353,"SINCHI","Tarapaca 4","Colombia",-2.558222,-70.174611,"Purus varzeá",NA,NA
2354,"SINCHI","Tarapaca 2","Colombia",-2.521472,-70.185167,"Purus varzeá",NA,NA
2355,"SINCHI","Tarapaca 5","Colombia",-2.544583,-70.200194,"Purus varzeá",NA,NA
2356,"SINCHI","El Trueno","Colombia",2.371349905,-72.63766121,"Negro-Branco moist forests",NA,NA
2357,"SINCHI","Vitina nuevo","Colombia",3.814444444,-67.81616667,"Rio Negro campinarana",NA,NA
2358,"SINCHI","Vitina 3","Colombia",3.791105556,-67.8206,"Rio Negro campinarana",NA,NA
2359,"SINCHI","Mocoa","Colombia",1.150802029,-76.62341997,"Eastern Cordillera real montane forests","Panama Bight","Tropical Eastern Pacific"
2360,"SINCHI","Bella Vista","Colombia",1.320722222,-76.00555556,"Napo moist forests","Panama Bight","Tropical Eastern Pacific"
2361,"BAMGES","Alcoprado","Brazil",-17.2529,-39.7088,"Bahia coastal forests","Eastern Brazil","Tropical Atlantic"
2362,"BAMGES","Bloco 2","Brazil",-17.668,-39.3681,"Southern Atlantic mangroves","Eastern Brazil","Tropical Atlantic"
2363,"BAMGES","Bloco 5","Brazil",-17.6684,-39.4862,"Bahia coastal forests","Eastern Brazil","Tropical Atlantic"
2364,"BAMGES","Bloco 9 III, IV, V","Brazil",-17.7898,-39.4098,"Bahia coastal forests","Eastern Brazil","Tropical Atlantic"
2365,"BAMGES","Bloco 43CB","Brazil",-18.2762,-39.7933,"Bahia coastal forests","Eastern Brazil","Tropical Atlantic"
2366,"BAMGES","Brasília","Brazil",-17.5813,-40.6342,"Bahia interior forests","Eastern Brazil","Tropical Atlantic"
2367,"BAMGES","Complexo Aparaju","Brazil",-17.6394,-39.3013,"Southern Atlantic mangroves","Eastern Brazil","Tropical Atlantic"
2368,"BAMGES","Complexo Rio Itanhetinga","Brazil",-17.359,-39.2737,"Bahia coastal forests","Eastern Brazil","Tropical Atlantic"
2369,"BAMGES","Complexo RPPN Mutum Preto e Recanto das Antas","Brazil",-19.0581,-39.9844,"Bahia coastal forests","Eastern Brazil","Tropical Atlantic"
2370,"BAMGES","Agril","Brazil",-19.5807,-39.9967,"Bahia coastal forests","Eastern Brazil","Tropical Atlantic"
2371,"BAMGES","Panorama","Brazil",-17.9361,-40.4277,"Bahia coastal forests","Eastern Brazil","Tropical Atlantic"
2372,"BAMGES","RPPN Restinga Aracruz","Brazil",-19.7002,-39.9881,"Bahia coastal forests","Eastern Brazil","Tropical Atlantic"
2373,"BAMGES","RPPN Estação Veracel","Brazil",-16.3863,-39.1651,"Bahia coastal forests","Eastern Brazil","Tropical Atlantic"
2374,"BAMGES","Imbiriba","Brazil",-16.4501,-39.2506,"Bahia coastal forests","Eastern Brazil","Tropical Atlantic"
2375,"BAMGES","Ipê","Brazil",-16.074,-39.3428,"Bahia coastal forests","Eastern Brazil","Tropical Atlantic"
2376,"BAMGES","RPPN Santa Luzia","Brazil",-15.9117,-39.0059,"Bahia coastal forests","Eastern Brazil","Tropical Atlantic"
2377,"BAMGES","Santa Maria","Brazil",-16.5005,-39.3463,"Bahia coastal forests","Eastern Brazil","Tropical Atlantic"
2378,"BAMGES","Sucupira","Brazil",-16.2447,-39.2888,"Bahia coastal forests","Eastern Brazil","Tropical Atlantic"
2379,"BAMGES","Taquara","Brazil",-15.9911,-39.3798,"Bahia coastal forests","Eastern Brazil","Tropical Atlantic"
2380,"BAMGES","Água Vermelha","Brazil",-18.2173,-39.7267,"Bahia coastal forests","Eastern Brazil","Tropical Atlantic"
2381,"BAMGES","Bloco 9 I e II","Brazil",-17.8133,-39.5201,"Bahia coastal forests","Eastern Brazil","Tropical Atlantic"
2382,"BAMGES","Bloco 34","Brazil",-17.9488,-39.6918,"Bahia coastal forests","Eastern Brazil","Tropical Atlantic"
2383,"BAMGES","Bloco 48","Brazil",-17.4317,-39.3727,"Bahia coastal forests","Eastern Brazil","Tropical Atlantic"
2384,"BAMGES","Bloco G8","Brazil",-18.3404,-39.8009,"Bahia coastal forests","Eastern Brazil","Tropical Atlantic"
2385,"BAMGES","Fábrica","Brazil",-17.9999,-39.9878,"Bahia coastal forests","Eastern Brazil","Tropical Atlantic"
2386,"BAMGES","Santa Helena","Brazil",-18.3548,-39.7173,"Bahia coastal forests","Eastern Brazil","Tropical Atlantic"
2387,"Bio.M.A.","Parque Nacional da Serra dos Órgãos - Garrafão - GA","Brazil",-22.470494,-42.997641,"Serra do Mar coastal forests","Southeastern Brazil","Temperate South America"
2388,"Bio.M.A.","Parque Nacional da Serra dos Órgãos - Garrafão - GB","Brazil",-22.474722,-42.985556,"Serra do Mar coastal forests","Southeastern Brazil","Temperate South America"
2389,"Bio.M.A.","Parque Nacional da Serra dos Órgãos - Garrafão - GC","Brazil",-22.479444,-42.989444,"Serra do Mar coastal forests","Southeastern Brazil","Temperate South America"
2390,"Bio.M.A.","Parque Nacional da Serra dos Órgãos - Rancho-Frio","Brazil",-22.458056,-43.003889,"Serra do Mar coastal forests","Southeastern Brazil","Temperate South America"
2391,"DryFlor_Brazil","Fragmento Funil","Brazil",-21.55213889,-41.20106389,"Bahia interior forests","Eastern Brazil","Tropical Atlantic"
2392,"DryFlor_Brazil","Fragmento Imburi","Brazil",-21.32547222,-41.1,"Bahia interior forests","Eastern Brazil","Tropical Atlantic"
2393,"DryFlor_Brazil","Fragmento Palmeiras","Brazil",-21.29686111,-41.09033333,"Bahia interior forests","Eastern Brazil","Tropical Atlantic"
2394,"DryFlor_Brazil","Fragmento Santana","Brazil",-21.33575,-41.13841667,"Bahia interior forests","Eastern Brazil","Tropical Atlantic"
2395,"DryFlor_Brazil","Fragmento Santo Antônio","Brazil",-21.32213889,-41.11980556,"Bahia interior forests","Eastern Brazil","Tropical Atlantic"
2396,"DryFlor_Brazil","Estação Ecológica Estadual de Guaxindiba","Brazil",-21.35802222,-41.094525,"Bahia interior forests","Eastern Brazil","Tropical Atlantic"
2397,"DryFlor_Brazil","ANDORINHA","Brazil",-22.63,-42.46,"Serra do Mar coastal forests","Southeastern Brazil","Temperate South America"
2398,"DryFlor_Brazil","AFETIVA","Brazil",-22.63,-42.47,"Serra do Mar coastal forests","Southeastern Brazil","Temperate South America"
2399,"DryFlor_Brazil","FAZENDA BOA ESPERANÇA","Brazil",-22.65,-42.44,"Serra do Mar coastal forests","Southeastern Brazil","Temperate South America"
2400,"DryFlor_Brazil","Camacho","Brazil",-21.41,-41.92,"Bahia interior forests","Eastern Brazil","Tropical Atlantic"
2401,"DryFlor_Brazil","Cambiocó","Brazil",-21.39,-41.93,"Bahia interior forests","Eastern Brazil","Tropical Atlantic"
2402,"DryFlor_Brazil","Sítio Emboque","Brazil",-21.37,-41.92,"Bahia interior forests","Eastern Brazil","Tropical Atlantic"
2403,"DryFlor_Brazil","ESTREITO","Brazil",-22.62,-42.45,"Serra do Mar coastal forests","Southeastern Brazil","Temperate South America"
2404,"DryFlor_Brazil","Fazenda Monte Alegre","Brazil",-21.05,-42.05,"Bahia interior forests","Eastern Brazil","Tropical Atlantic"
2405,"DryFlor_Brazil","Fazenda Nestoda","Brazil",-21,-41.94,"Bahia interior forests","Eastern Brazil","Tropical Atlantic"
2406,"DryFlor_Brazil","Fazenda Vermelho","Brazil",-21.61,-41.5,"Bahia interior forests","Eastern Brazil","Tropical Atlantic"
2407,"DryFlor_Brazil","Mata do Mergulhão","Brazil",-21.78,-41.26,"Alto Paraná Atlantic forests","Eastern Brazil","Tropical Atlantic"
2408,"DryFlor_Brazil","Mata da Torre","Brazil",-21.03,-41.97,"Bahia interior forests","Eastern Brazil","Tropical Atlantic"
2409,"DryFlor_Brazil","Pedreira Iterere","Brazil",-21.68,-41.52,"Alto Paraná Atlantic forests","Eastern Brazil","Tropical Atlantic"
2410,"DryFlor_Brazil","Fazenda Prosperidade fragmento I","Brazil",-21.4,-42.03,"Bahia interior forests","Eastern Brazil","Tropical Atlantic"
2411,"DryFlor_Brazil","Fazenda Prosperidade II fragmento","Brazil",-21.41,-42.04,"Bahia interior forests","Eastern Brazil","Tropical Atlantic"
2412,"DryFlor_Brazil","RESERVA BIOLOGICA UNIÃO","Brazil",-22.43,-42.02,"Serra do Mar coastal forests","Eastern Brazil","Tropical Atlantic"
2413,"DryFlor_Brazil","RIO VERMELHO 1","Brazil",-22.72,-42.57,"Serra do Mar coastal forests","Southeastern Brazil","Temperate South America"
2414,"DryFlor_Brazil","RIO VERMELHO 2","Brazil",-22.72,-42.57,"Serra do Mar coastal forests","Southeastern Brazil","Temperate South America"
2415,"DryFlor_Brazil","SÍTIO DO PROFESSOR","Brazil",-22.61,-42.47,"Serra do Mar coastal forests","Southeastern Brazil","Temperate South America"
2416,"DryFlor_Brazil","Tingua Interior 1","Brazil",-22.55,-43.46,"Serra do Mar coastal forests","Southeastern Brazil","Temperate South America"
2417,"DryFlor_Brazil","Tingua interior 2","Brazil",-22.54,-43.43,"Serra do Mar coastal forests","Southeastern Brazil","Temperate South America"
2418,"DryFlor_Brazil","Tingua orbell 1","Brazil",-22.57,-43.47,"Serra do Mar coastal forests","Southeastern Brazil","Temperate South America"
2419,"DryFlor_Brazil","Tingua orbell 2","Brazil",-22.54,-43.43,"Serra do Mar coastal forests","Southeastern Brazil","Temperate South America"
2420,"DryFlor_Brazil","Quijingue_Bahia","Brazil",-10.74,-39.25,"Caatinga","Northeastern Brazil","Tropical Atlantic"
2421,"DryFlor_Brazil","Usina Sapucaia","Brazil",-21.65,-41.47,"Bahia interior forests","Eastern Brazil","Tropical Atlantic"
2422,"DryFlor_Brazil","VENDAVAL","Brazil",-22.65,-42.46,"Serra do Mar coastal forests","Southeastern Brazil","Temperate South America"
2423,"e-Phenology/LTER-CRSC","Parque Nacional da Serra do Cipó_Rio Cipó","Brazil",-19.35916667,-43.60805556,"Cerrado","Eastern Brazil","Tropical Atlantic"
2424,"e-Phenology/LTER-CRSC","Quadrante 16","Brazil",-19.29666667,-43.59083333,"Cerrado","Eastern Brazil","Tropical Atlantic"
2425,"e-Phenology/LTER-CRSC","Quadrante 16_2","Brazil",-19.29666667,-43.59083333,"Cerrado","Eastern Brazil","Tropical Atlantic"
2426,"e-Phenology/LTER-CRSC","Pedra do Elefante","Brazil",-19.29416667,-43.55527778,"Cerrado","Eastern Brazil","Tropical Atlantic"
2427,"e-Phenology/LTER-CRSC","Reserva Vellozia#1","Brazil",-19.28083333,-43.59416667,"Cerrado","Eastern Brazil","Tropical Atlantic"
2428,"e-Phenology/LTER-CRSC","Reserva Vellozia#2_torre","Brazil",-19.28138889,-43.59182778,"Cerrado","Eastern Brazil","Tropical Atlantic"
2429,"e-Phenology/LTER-CRSC","Parque Nacional da Serra do Cipó_Alto Palácio","Brazil",-19.26833333,-43.535,"Campos Rupestres montane savanna","Eastern Brazil","Tropical Atlantic"
2430,"e-Phenology/LTER-CRSC","Cedro Cachoeira Indústria Têxtil","Brazil",-19.23277778,-43.57916667,"Cerrado","Eastern Brazil","Tropical Atlantic"
2431,"e-Phenology/LTER-CRSC","Serra Morena","Brazil",-19.26200556,-43.41940556,"Cerrado","Eastern Brazil","Tropical Atlantic"
2432,"e-Phenology/LTER-CRSC","Cedro_Usina","Brazil",-19.27020556,-43.60596667,"Cerrado","Eastern Brazil","Tropical Atlantic"
2433,"PELD-BSFU","Fiocruz Mata Atlântica - Peridomicílio","Brazil",-22.936163,-43.401691,"Serra do Mar coastal forests","Southeastern Brazil","Temperate South America"
2434,"PELD-BSFU","Fiocruz Mata Atlântica - Transição","Brazil",-22.941523,-43.410267,"Serra do Mar coastal forests","Southeastern Brazil","Temperate South America"
2435,"PELD-BSFU","Fiocruz Mata Atlântica - Proteção Integral","Brazil",-22.945681,-43.418751,"Serra do Mar coastal forests","Southeastern Brazil","Temperate South America"
2436,"PELD-BSFU","Fiocruz Mata Atlântica - Proteção Integral","Brazil",-22.945681,-43.418751,"Serra do Mar coastal forests","Southeastern Brazil","Temperate South America"
2437,"PELD-BSFU","Fiocruz Mata Atlântica - Proteção Integral","Brazil",-22.950594,-43.427017,"Serra do Mar coastal forests","Southeastern Brazil","Temperate South America"
2438,"PELD-BSFU","Fiocruz Mata Atlântica - Proteção Integral","Brazil",-22.950594,-43.427017,"Serra do Mar coastal forests","Southeastern Brazil","Temperate South America"
2439,"Garrafão","Parque Nacional da Serra dos Órgãos - Garrafão - GA","Brazil",-22.945681,-43.418751,"Serra do Mar coastal forests","Southeastern Brazil","Temperate South America"
2440,"Garrafão","Parque Nacional da Serra dos Órgãos - Garrafão - GB","Brazil",-22.945681,-43.418751,"Serra do Mar coastal forests","Southeastern Brazil","Temperate South America"
2441,"Garrafão","Parque Nacional da Serra dos Órgãos - Garrafão - GC","Brazil",-22.950594,-43.427017,"Serra do Mar coastal forests","Southeastern Brazil","Temperate South America"
2442,"GMSM","GMSM01","Brazil",-24.592088,-48.557297,"Serra do Mar coastal forests","Southeastern Brazil","Temperate South America"
2443,"GMSM","GMSM02","Brazil",-25.71561,-48.655328,"Serra do Mar coastal forests","Southeastern Brazil","Temperate South America"
2444,"GMSM","GMSM03","Brazil",-24.120067,-47.571067,"Serra do Mar coastal forests","Southeastern Brazil","Temperate South America"
2445,"GMSM","GMSM04","Brazil",-24.05049,-47.39678,"Serra do Mar coastal forests","Southeastern Brazil","Temperate South America"
2446,"GMSM","GMSM05","Brazil",-24.277467,-47.54348,"Serra do Mar coastal forests","Southeastern Brazil","Temperate South America"
2447,"GMSM","GMSM06","Brazil",-24.615022,-48.347995,"Serra do Mar coastal forests","Southeastern Brazil","Temperate South America"
2448,"GMSM","GMSM07","Brazil",-23.94547,-47.168762,"Serra do Mar coastal forests","Southeastern Brazil","Temperate South America"
2449,"GMSM","GMSM08","Brazil",-25.092823,-47.979195,"Serra do Mar coastal forests","Southeastern Brazil","Temperate South America"
2450,"GMSM","GMSM09","Brazil",-24.443507,-48.573817,"Alto Paraná Atlantic forests","Southeastern Brazil","Temperate South America"
2451,"GMSM","GMSM10","Brazil",-24.383102,-48.642269,"Araucaria moist forests","Southeastern Brazil","Temperate South America"
2452,"GMSM","GMSM11","Brazil",-25.79633,-48.922,"Serra do Mar coastal forests","Southeastern Brazil","Temperate South America"
2453,"GMSM","GMSM12","Brazil",-24.862717,-48.720427,"Serra do Mar coastal forests","Southeastern Brazil","Temperate South America"
2454,"GMSM","GMSM13","Brazil",-24.057903,-47.98228,"Alto Paraná Atlantic forests","Southeastern Brazil","Temperate South America"
2455,"GMSM","GMSM14","Brazil",-25.301737,-48.55605,"Serra do Mar coastal forests","Southeastern Brazil","Temperate South America"
2456,"GMSM","GMSM15","Brazil",-24.104072,-47.599957,"Serra do Mar coastal forests","Southeastern Brazil","Temperate South America"
2457,"GMSM","GMSM16","Brazil",-25.106311,-48.435969,"Serra do Mar coastal forests","Southeastern Brazil","Temperate South America"
2458,"GMSM","GMSM17","Brazil",-24.303555,-48.27481,"Serra do Mar coastal forests","Southeastern Brazil","Temperate South America"
2459,"GMSM","GMSM18","Brazil",-25.081012,-47.92605,"Serra do Mar coastal forests","Southeastern Brazil","Temperate South America"
2460,"GMSM","GMSM19","Brazil",-24.593263,-48.31906,"Serra do Mar coastal forests","Southeastern Brazil","Temperate South America"
2461,"GMSM","GMSM20","Brazil",-24.581263,-48.784558,"Alto Paraná Atlantic forests","Southeastern Brazil","Temperate South America"
2462,"GMSM","GMSM21","Brazil",-25.1757,-48.690215,"Serra do Mar coastal forests","Southeastern Brazil","Temperate South America"
2463,"GMSM","GMSM22","Brazil",-24.018607,-47.485822,"Serra do Mar coastal forests","Southeastern Brazil","Temperate South America"
2464,"GMSM","GMSM23","Brazil",-25.85232,-48.933713,"Serra do Mar coastal forests","Southeastern Brazil","Temperate South America"
2465,"GMSM","GMSM24","Brazil",-24.818962,-48.633584,"Serra do Mar coastal forests","Southeastern Brazil","Temperate South America"
2466,"GMSM","GMSM25","Brazil",-24.019008,-47.81007,"Serra do Mar coastal forests","Southeastern Brazil","Temperate South America"
2467,"GMSM","GMSM26","Brazil",-25.72075,-48.91223,"Serra do Mar coastal forests","Southeastern Brazil","Temperate South America"
2468,"GMSM","GMSM27","Brazil",-24.462975,-48.745412,"Araucaria moist forests","Southeastern Brazil","Temperate South America"
2469,"GMSM","GMSM28","Brazil",-24.980218,-48.266823,"Araucaria moist forests","Southeastern Brazil","Temperate South America"
2470,"GMSM","GMSM29","Brazil",-24.45417,-48.676905,"Araucaria moist forests","Southeastern Brazil","Temperate South America"
2471,"GMSM","GMSM30","Brazil",-25.14687,-48.30307,"Serra do Mar coastal forests","Southeastern Brazil","Temperate South America"
2472,"GMSM","GMSM31","Brazil",-25.75112,-48.85269,"Serra do Mar coastal forests","Southeastern Brazil","Temperate South America"
2473,"GMSM","GMSM32","Brazil",-24.840841,-48.6773,"Serra do Mar coastal forests","Southeastern Brazil","Temperate South America"
2474,"GMSM","GMSM33","Brazil",-25.1106,-48.0943,"Serra do Mar coastal forests","Southeastern Brazil","Temperate South America"
2475,"GMSM","GMSM34","Brazil",-25.1819,-48.3249,"Southern Atlantic mangroves","Southeastern Brazil","Temperate South America"
2476,"GMSM","GMSM35","Brazil",-25.125012,-48.646132,"Serra do Mar coastal forests","Southeastern Brazil","Temperate South America"
2477,"GMSM","GMSM36","Brazil",-24.170713,-48.276468,"Alto Paraná Atlantic forests","Southeastern Brazil","Temperate South America"
2478,"GMSM","GMSM37","Brazil",-25.11284,-48.608059,"Serra do Mar coastal forests","Southeastern Brazil","Temperate South America"
2479,"GMSM","GMSM38","Brazil",-25.211324,-48.525976,"Serra do Mar coastal forests","Southeastern Brazil","Temperate South America"
2480,"GMSM","GMSM39","Brazil",-25.150976,-48.419378,"Serra do Mar coastal forests","Southeastern Brazil","Temperate South America"
2481,"GMSM","GMSM40","Brazil",-24.032991,-47.591339,"Serra do Mar coastal forests","Southeastern Brazil","Temperate South America"
2482,"GMSM","GMSM41","Brazil",-25.277798,-48.636505,"Serra do Mar coastal forests","Southeastern Brazil","Temperate South America"
2483,"GMSM","GMSM42","Brazil",-24.436772,-48.584025,"Alto Paraná Atlantic forests","Southeastern Brazil","Temperate South America"
2484,"GMSM","GMSM43","Brazil",-24.94453,-47.989609,"Serra do Mar coastal forests","Southeastern Brazil","Temperate South America"
2485,"GMSM","GMSM44","Brazil",-24.021527,-47.451708,"Serra do Mar coastal forests","Southeastern Brazil","Temperate South America"
2486,"GMSM","GMSM45","Brazil",-24.28398,-47.59488,"Serra do Mar coastal forests","Southeastern Brazil","Temperate South America"
2487,"GMSM","GMSM46","Brazil",-24.029892,-47.637267,"Serra do Mar coastal forests","Southeastern Brazil","Temperate South America"
2488,"GMSM","GMSM47","Brazil",-24.217955,-48.058185,"Serra do Mar coastal forests","Southeastern Brazil","Temperate South America"
2489,"GMSM","GMSM48","Brazil",-25.646416,-48.906492,"Araucaria moist forests","Southeastern Brazil","Temperate South America"
2490,"GMSM","GMSM49","Brazil",-25.33406,-48.887892,"Araucaria moist forests","Southeastern Brazil","Temperate South America"
2491,"GMSM","GMSM50","Brazil",-24.52821,-48.691095,"Alto Paraná Atlantic forests","Southeastern Brazil","Temperate South America"
2492,"GMSM","GMSM51","Brazil",-25.210092,-48.637387,"Serra do Mar coastal forests","Southeastern Brazil","Temperate South America"
2493,"GMSM","GMSM52","Brazil",-24.551883,-48.793217,"Alto Paraná Atlantic forests","Southeastern Brazil","Temperate South America"
2494,"GMSM","GMSM53","Brazil",-25.38443,-48.87043,"Araucaria moist forests","Southeastern Brazil","Temperate South America"
2495,"GMSM","GMSM54","Brazil",-23.860987,-47.311513,"Serra do Mar coastal forests","Southeastern Brazil","Temperate South America"
2496,"GMSM","GMSM55","Brazil",-24.080593,-47.879643,"Serra do Mar coastal forests","Southeastern Brazil","Temperate South America"
2497,"GMSM","GMSM56","Brazil",-25.721838,-48.605284,"Serra do Mar coastal forests","Southeastern Brazil","Temperate South America"
2498,"GMSM","GMSM57","Brazil",-25.671045,-48.993196,"Araucaria moist forests","Southeastern Brazil","Temperate South America"
2499,"GMSM","GMSM58","Brazil",-24.996866,-48.4181,"Araucaria moist forests","Southeastern Brazil","Temperate South America"
2500,"GMSM","GMSM59","Brazil",-24.472795,-48.456002,"Serra do Mar coastal forests","Southeastern Brazil","Temperate South America"
2501,"GMSM","GMSM60","Brazil",-24.17352,-47.964383,"Serra do Mar coastal forests","Southeastern Brazil","Temperate South America"
2502,"IFFSC","Unidade Amostral Floresta 1","Brazil",-29.249849,-50.129826,"Araucaria moist forests","Rio Grande","Temperate South America"
2503,"IFFSC","Unidade Amostral Floresta 4","Brazil",-29.159473,-49.952371,"Araucaria moist forests","Rio Grande","Temperate South America"
2504,"IFFSC","Unidade Amostral Floresta 10","Brazil",-29.070014,-49.86003,"Serra do Mar coastal forests","Rio Grande","Temperate South America"
2505,"IFFSC","Unidade Amostral Floresta 15","Brazil",-28.979503,-49.859074,"Serra do Mar coastal forests","Rio Grande","Temperate South America"
2506,"IFFSC","Unidade Amostral Floresta 21","Brazil",-28.89,-49.860002,"Serra do Mar coastal forests","Rio Grande","Temperate South America"
2507,"IFFSC","Unidade Amostral Floresta 23","Brazil",-28.894572,-49.680557,"Serra do Mar coastal forests","Rio Grande","Temperate South America"
2508,"IFFSC","Unidade Amostral Floresta 27","Brazil",-28.890081,-49.320126,"Atlantic Coast restingas","Rio Grande","Temperate South America"
2509,"IFFSC","Unidade Amostral Floresta 28","Brazil",-28.800001,-49.86001,"Serra do Mar coastal forests","Rio Grande","Temperate South America"
2510,"IFFSC","Unidade Amostral Floresta 30","Brazil",-28.79995,-49.68009,"Serra do Mar coastal forests","Rio Grande","Temperate South America"
2511,"IFFSC","Unidade Amostral Floresta 35","Brazil",-28.805127,-49.218004,"Serra do Mar coastal forests","Rio Grande","Temperate South America"
2512,"IFFSC","Unidade Amostral Floresta 37","Brazil",-28.710079,-49.77012,"Araucaria moist forests","Rio Grande","Temperate South America"
2513,"IFFSC","Unidade Amostral Floresta 39","Brazil",-28.70792,-49.588646,"Serra do Mar coastal forests","Rio Grande","Temperate South America"
2514,"IFFSC","Unidade Amostral Floresta 40","Brazil",-28.710759,-49.499466,"Serra do Mar coastal forests","Rio Grande","Temperate South America"
2515,"IFFSC","Unidade Amostral Floresta 41","Brazil",-28.709167,-49.409071,"Serra do Mar coastal forests","Rio Grande","Temperate South America"
2516,"IFFSC","Unidade Amostral Floresta 47","Brazil",-28.619987,-49.59011,"Serra do Mar coastal forests","Rio Grande","Temperate South America"
2517,"IFFSC","Unidade Amostral Floresta 49","Brazil",-28.621879,-49.408916,"Serra do Mar coastal forests","Rio Grande","Temperate South America"
2518,"IFFSC","Unidade Amostral Floresta 50","Brazil",-28.617853,-49.315469,"Serra do Mar coastal forests","Rio Grande","Temperate South America"
2519,"IFFSC","Unidade Amostral Floresta 51","Brazil",-28.6193,-49.232084,"Serra do Mar coastal forests","Rio Grande","Temperate South America"
2520,"IFFSC","Unidade Amostral Floresta 58","Brazil",-28.529238,-49.497344,"Serra do Mar coastal forests","Rio Grande","Temperate South America"
2521,"IFFSC","Unidade Amostral Floresta 59","Brazil",-28.526374,-49.412979,"Serra do Mar coastal forests","Rio Grande","Temperate South America"
2522,"IFFSC","Unidade Amostral Floresta 69","Brazil",-28.43901,-49.947676,"Araucaria moist forests","Rio Grande","Temperate South America"
2523,"IFFSC","Unidade Amostral Floresta 70","Brazil",-28.437969,-49.858788,"Araucaria moist forests","Rio Grande","Temperate South America"
2524,"IFFSC","Unidade Amostral Floresta 74","Brazil",-28.443679,-49.498729,"Serra do Mar coastal forests","Rio Grande","Temperate South America"
2525,"IFFSC","Unidade Amostral Floresta 77","Brazil",-28.440231,-49.229925,"Serra do Mar coastal forests","Rio Grande","Temperate South America"
2526,"IFFSC","Unidade Amostral Floresta 81","Brazil",-28.440008,-48.870006,"Serra do Mar coastal forests","Southeastern Brazil","Temperate South America"
2527,"IFFSC","Unidade Amostral Floresta 85","Brazil",-28.3502,-50.400054,"Araucaria moist forests","Rio Grande","Temperate South America"
2528,"IFFSC","Unidade Amostral Floresta 87","Brazil",-28.35029,-50.221382,"Araucaria moist forests","Rio Grande","Temperate South America"
2529,"IFFSC","Unidade Amostral Floresta 89","Brazil",-28.348379,-50.040497,"Araucaria moist forests","Rio Grande","Temperate South America"
2530,"IFFSC","Unidade Amostral Floresta 95","Brazil",-28.350039,-49.499967,"Araucaria moist forests","Rio Grande","Temperate South America"
2531,"IFFSC","Unidade Amostral Floresta 97","Brazil",-28.348173,-49.319101,"Serra do Mar coastal forests","Rio Grande","Temperate South America"
2532,"IFFSC","Unidade Amostral Floresta 98","Brazil",-28.352694,-49.231971,"Serra do Mar coastal forests","Southeastern Brazil","Temperate South America"
2533,"IFFSC","Unidade Amostral Floresta 104","Brazil",-28.260212,-50.670125,"Araucaria moist forests","Rio Grande","Temperate South America"
2534,"IFFSC","Unidade Amostral Floresta 113","Brazil",-28.260661,-49.86161,"Araucaria moist forests","Rio Grande","Temperate South America"
2535,"IFFSC","Unidade Amostral Floresta 114","Brazil",-28.260536,-49.76909,"Araucaria moist forests","Rio Grande","Temperate South America"
2536,"IFFSC","Unidade Amostral Floresta 117","Brazil",-28.260198,-49.499514,"Araucaria moist forests","Rio Grande","Temperate South America"
2537,"IFFSC","Unidade Amostral Floresta 118","Brazil",-28.259786,-49.411941,"Serra do Mar coastal forests","Rio Grande","Temperate South America"
2538,"IFFSC","Unidade Amostral Floresta 119","Brazil",-28.260778,-49.319129,"Serra do Mar coastal forests","Southeastern Brazil","Temperate South America"
2539,"IFFSC","Unidade Amostral Floresta 122","Brazil",-28.259529,-49.049247,"Serra do Mar coastal forests","Southeastern Brazil","Temperate South America"
2540,"IFFSC","Unidade Amostral Floresta 123","Brazil",-28.262477,-48.959494,"Serra do Mar coastal forests","Southeastern Brazil","Temperate South America"
2541,"IFFSC","Unidade Amostral Floresta 134","Brazil",-28.169917,-50.130437,"Araucaria moist forests","Rio Grande","Temperate South America"
2542,"IFFSC","Unidade Amostral Floresta 137","Brazil",-28.169123,-49.86203,"Araucaria moist forests","Rio Grande","Temperate South America"
2543,"IFFSC","Unidade Amostral Floresta 139","Brazil",-28.169105,-49.68004,"Araucaria moist forests","Rio Grande","Temperate South America"
2544,"IFFSC","Unidade Amostral Floresta 140","Brazil",-28.170285,-49.590092,"Araucaria moist forests","Rio Grande","Temperate South America"
2545,"IFFSC","Unidade Amostral Floresta 141","Brazil",-28.172088,-49.495816,"Araucaria moist forests","Southeastern Brazil","Temperate South America"
2546,"IFFSC","Unidade Amostral Floresta 142","Brazil",-28.169936,-49.40998,"Araucaria moist forests","Southeastern Brazil","Temperate South America"
2547,"IFFSC","Unidade Amostral Floresta 143","Brazil",-28.170117,-49.32228,"Araucaria moist forests","Southeastern Brazil","Temperate South America"
2548,"IFFSC","Unidade Amostral Floresta 146","Brazil",-28.169306,-49.049919,"Serra do Mar coastal forests","Southeastern Brazil","Temperate South America"
2549,"IFFSC","Unidade Amostral Floresta 147","Brazil",-28.168458,-48.958318,"Serra do Mar coastal forests","Southeastern Brazil","Temperate South America"
2550,"IFFSC","Unidade Amostral Floresta 148","Brazil",-28.16948,-48.870237,"Serra do Mar coastal forests","Southeastern Brazil","Temperate South America"
2551,"IFFSC","Unidade Amostral Floresta 165","Brazil",-28.082521,-49.591097,"Araucaria moist forests","Southeastern Brazil","Temperate South America"
2552,"IFFSC","Unidade Amostral Floresta 166","Brazil",-28.082899,-49.498262,"Araucaria moist forests","Southeastern Brazil","Temperate South America"
2553,"IFFSC","Unidade Amostral Floresta 167","Brazil",-28.080325,-49.40999,"Araucaria moist forests","Southeastern Brazil","Temperate South America"
2554,"IFFSC","Unidade Amostral Floresta 170","Brazil",-28.080499,-49.136915,"Serra do Mar coastal forests","Southeastern Brazil","Temperate South America"
2555,"IFFSC","Unidade Amostral Floresta 172","Brazil",-28.080691,-48.960733,"Serra do Mar coastal forests","Southeastern Brazil","Temperate South America"
2556,"IFFSC","Unidade Amostral Floresta 173","Brazil",-28.079961,-48.869911,"Serra do Mar coastal forests","Southeastern Brazil","Temperate South America"
2557,"IFFSC","Unidade Amostral Floresta 174","Brazil",-28.079979,-48.780013,"Serra do Mar coastal forests","Southeastern Brazil","Temperate South America"
2558,"IFFSC","Unidade Amostral Floresta 175","Brazil",-28.080009,-48.690006,"Serra do Mar coastal forests","Southeastern Brazil","Temperate South America"
2559,"IFFSC","Unidade Amostral Floresta 177","Brazil",-27.990802,-50.758215,"Araucaria moist forests","Rio Grande","Temperate South America"
2560,"IFFSC","Unidade Amostral Floresta 188","Brazil",-27.990133,-49.767671,"Araucaria moist forests","Southeastern Brazil","Temperate South America"
2561,"IFFSC","Unidade Amostral Floresta 191","Brazil",-28.012936,-49.491881,"Araucaria moist forests","Southeastern Brazil","Temperate South America"
2562,"IFFSC","Unidade Amostral Floresta 192","Brazil",-27.992173,-49.41219,"Araucaria moist forests","Southeastern Brazil","Temperate South America"
2563,"IFFSC","Unidade Amostral Floresta 193","Brazil",-27.988858,-49.320053,"Araucaria moist forests","Southeastern Brazil","Temperate South America"
2564,"IFFSC","Unidade Amostral Floresta 194","Brazil",-27.98959,-49.230917,"Araucaria moist forests","Southeastern Brazil","Temperate South America"
2565,"IFFSC","Unidade Amostral Floresta 196","Brazil",-27.98904,-49.048792,"Serra do Mar coastal forests","Southeastern Brazil","Temperate South America"
2566,"IFFSC","Unidade Amostral Floresta 197","Brazil",-27.993877,-48.9599,"Serra do Mar coastal forests","Southeastern Brazil","Temperate South America"
2567,"IFFSC","Unidade Amostral Floresta 198","Brazil",-27.990081,-48.869688,"Serra do Mar coastal forests","Southeastern Brazil","Temperate South America"
2568,"IFFSC","Unidade Amostral Floresta 199","Brazil",-27.989878,-48.77991,"Serra do Mar coastal forests","Southeastern Brazil","Temperate South America"
2569,"IFFSC","Unidade Amostral Floresta 206","Brazil",-27.901381,-50.579514,"Araucaria moist forests","Rio Grande","Temperate South America"
2570,"IFFSC","Unidade Amostral Floresta 208","Brazil",-27.900265,-50.399912,"Araucaria moist forests","Rio Grande","Temperate South America"
2571,"IFFSC","Unidade Amostral Floresta 211","Brazil",-27.900401,-50.129431,"Araucaria moist forests","Rio Grande","Temperate South America"
2572,"IFFSC","Unidade Amostral Floresta 214","Brazil",-27.899998,-49.860002,"Araucaria moist forests","Southeastern Brazil","Temperate South America"
2573,"IFFSC","Unidade Amostral Floresta 217","Brazil",-27.9,-49.590005,"Araucaria moist forests","Southeastern Brazil","Temperate South America"
2574,"IFFSC","Unidade Amostral Floresta 218","Brazil",-27.90127,-49.497506,"Araucaria moist forests","Southeastern Brazil","Temperate South America"
2575,"IFFSC","Unidade Amostral Floresta 221","Brazil",-27.900071,-49.23011,"Araucaria moist forests","Southeastern Brazil","Temperate South America"
2576,"IFFSC","Unidade Amostral Floresta 225","Brazil",-27.89829,-48.872028,"Serra do Mar coastal forests","Southeastern Brazil","Temperate South America"
2577,"IFFSC","Unidade Amostral Floresta 228","Brazil",-27.904813,-48.599697,"Serra do Mar coastal forests","Southeastern Brazil","Temperate South America"
2578,"IFFSC","Unidade Amostral Floresta 242","Brazil",-27.809913,-49.949884,"Araucaria moist forests","Southeastern Brazil","Temperate South America"
2579,"IFFSC","Unidade Amostral Floresta 246","Brazil",-27.810002,-49.590001,"Araucaria moist forests","Southeastern Brazil","Temperate South America"
2580,"IFFSC","Unidade Amostral Floresta 249","Brazil",-27.811772,-49.322116,"Araucaria moist forests","Southeastern Brazil","Temperate South America"
2581,"IFFSC","Unidade Amostral Floresta 251","Brazil",-27.809991,-49.140081,"Araucaria moist forests","Southeastern Brazil","Temperate South America"
2582,"IFFSC","Unidade Amostral Floresta 253","Brazil",-27.809636,-48.960908,"Serra do Mar coastal forests","Southeastern Brazil","Temperate South America"
2583,"IFFSC","Unidade Amostral Floresta 254","Brazil",-27.809992,-48.86683,"Serra do Mar coastal forests","Southeastern Brazil","Temperate South America"
2584,"IFFSC","Unidade Amostral Floresta 255","Brazil",-27.809935,-48.780222,"Serra do Mar coastal forests","Southeastern Brazil","Temperate South America"
2585,"IFFSC","Unidade Amostral Floresta 256","Brazil",-27.810041,-48.68992,"Serra do Mar coastal forests","Southeastern Brazil","Temperate South America"
2586,"IFFSC","Unidade Amostral Floresta 260","Brazil",-27.716863,-51.117105,"Araucaria moist forests","Rio Grande","Temperate South America"
2587,"IFFSC","Unidade Amostral Floresta 261","Brazil",-27.717497,-51.028739,"Araucaria moist forests","Rio Grande","Temperate South America"
2588,"IFFSC","Unidade Amostral Floresta 279","Brazil",-27.722096,-49.409204,"Araucaria moist forests","Southeastern Brazil","Temperate South America"
2589,"IFFSC","Unidade Amostral Floresta 281","Brazil",-27.720974,-49.229168,"Araucaria moist forests","Southeastern Brazil","Temperate South America"
2590,"IFFSC","Unidade Amostral Floresta 284","Brazil",-27.720012,-48.960084,"Araucaria moist forests","Southeastern Brazil","Temperate South America"
2591,"IFFSC","Unidade Amostral Floresta 285","Brazil",-27.718777,-48.871509,"Araucaria moist forests","Southeastern Brazil","Temperate South America"
2592,"IFFSC","Unidade Amostral Floresta 286","Brazil",-27.720009,-48.779958,"Serra do Mar coastal forests","Southeastern Brazil","Temperate South America"
2593,"IFFSC","Unidade Amostral Floresta 287","Brazil",-27.717773,-48.692396,"Serra do Mar coastal forests","Southeastern Brazil","Temperate South America"
2594,"IFFSC","Unidade Amostral Floresta 297","Brazil",-27.632026,-50.578673,"Araucaria moist forests","Rio Grande","Temperate South America"
2595,"IFFSC","Unidade Amostral Floresta 301","Brazil",-27.630834,-50.219977,"Araucaria moist forests","Southeastern Brazil","Temperate South America"
2596,"IFFSC","Unidade Amostral Floresta 304","Brazil",-27.630717,-49.950454,"Araucaria moist forests","Southeastern Brazil","Temperate South America"
2597,"IFFSC","Unidade Amostral Floresta 308","Brazil",-27.630004,-49.590005,"Araucaria moist forests","Southeastern Brazil","Temperate South America"
2598,"IFFSC","Unidade Amostral Floresta 309","Brazil",-27.630007,-49.500032,"Araucaria moist forests","Southeastern Brazil","Temperate South America"
2599,"IFFSC","Unidade Amostral Floresta 310","Brazil",-27.629033,-49.410096,"Araucaria moist forests","Southeastern Brazil","Temperate South America"
2600,"IFFSC","Unidade Amostral Floresta 311","Brazil",-27.631126,-49.320431,"Serra do Mar coastal forests","Southeastern Brazil","Temperate South America"
2601,"IFFSC","Unidade Amostral Floresta 312","Brazil",-27.630001,-49.233553,"Araucaria moist forests","Southeastern Brazil","Temperate South America"
2602,"IFFSC","Unidade Amostral Floresta 313","Brazil",-27.629691,-49.144182,"Araucaria moist forests","Southeastern Brazil","Temperate South America"
2603,"IFFSC","Unidade Amostral Floresta 314","Brazil",-27.630293,-49.049307,"Araucaria moist forests","Southeastern Brazil","Temperate South America"
2604,"IFFSC","Unidade Amostral Floresta 316","Brazil",-27.630056,-48.870037,"Araucaria moist forests","Southeastern Brazil","Temperate South America"
2605,"IFFSC","Unidade Amostral Floresta 317","Brazil",-27.62898,-48.780724,"Araucaria moist forests","Southeastern Brazil","Temperate South America"
2606,"IFFSC","Unidade Amostral Floresta 318","Brazil",-27.63005,-48.691554,"Serra do Mar coastal forests","Southeastern Brazil","Temperate South America"
2607,"IFFSC","Unidade Amostral Floresta 321","Brazil",-27.540006,-51.48001,"Araucaria moist forests","Rio Grande","Temperate South America"
2608,"IFFSC","Unidade Amostral Floresta 328","Brazil",-27.539182,-50.849065,"Araucaria moist forests","Rio Grande","Temperate South America"
2609,"IFFSC","Unidade Amostral Floresta 336","Brazil",-27.541056,-50.130154,"Araucaria moist forests","Southeastern Brazil","Temperate South America"
2610,"IFFSC","Unidade Amostral Floresta 337","Brazil",-27.54037,-50.039551,"Araucaria moist forests","Southeastern Brazil","Temperate South America"
2611,"IFFSC","Unidade Amostral Floresta 340","Brazil",-27.54012,-49.770614,"Araucaria moist forests","Southeastern Brazil","Temperate South America"
2612,"IFFSC","Unidade Amostral Floresta 341","Brazil",-27.539356,-49.679474,"Serra do Mar coastal forests","Southeastern Brazil","Temperate South America"
2613,"IFFSC","Unidade Amostral Floresta 344","Brazil",-27.539965,-49.410023,"Serra do Mar coastal forests","Southeastern Brazil","Temperate South America"
2614,"IFFSC","Unidade Amostral Floresta 345","Brazil",-27.537368,-49.316716,"Araucaria moist forests","Southeastern Brazil","Temperate South America"
2615,"IFFSC","Unidade Amostral Floresta 346","Brazil",-27.539087,-49.22781,"Araucaria moist forests","Southeastern Brazil","Temperate South America"
2616,"IFFSC","Unidade Amostral Floresta 347","Brazil",-27.539971,-49.140033,"Araucaria moist forests","Southeastern Brazil","Temperate South America"
2617,"IFFSC","Unidade Amostral Floresta 348","Brazil",-27.539973,-49.049974,"Araucaria moist forests","Southeastern Brazil","Temperate South America"
2618,"IFFSC","Unidade Amostral Floresta 349","Brazil",-27.540035,-48.959997,"Serra do Mar coastal forests","Southeastern Brazil","Temperate South America"
2619,"IFFSC","Unidade Amostral Floresta 350","Brazil",-27.539364,-48.870149,"Araucaria moist forests","Southeastern Brazil","Temperate South America"
2620,"IFFSC","Unidade Amostral Floresta 351","Brazil",-27.540037,-48.779994,"Araucaria moist forests","Southeastern Brazil","Temperate South America"
2621,"IFFSC","Unidade Amostral Floresta 352","Brazil",-27.540205,-48.689569,"Serra do Mar coastal forests","Southeastern Brazil","Temperate South America"
2622,"IFFSC","Unidade Amostral Floresta 365","Brazil",-27.449703,-50.940719,"Araucaria moist forests","Rio Grande","Temperate South America"
2623,"IFFSC","Unidade Amostral Floresta 367","Brazil",-27.450758,-50.761771,"Araucaria moist forests","Southeastern Brazil","Temperate South America"
2624,"IFFSC","Unidade Amostral Floresta 369","Brazil",-27.450483,-50.580326,"Araucaria moist forests","Southeastern Brazil","Temperate South America"
2625,"IFFSC","Unidade Amostral Floresta 377","Brazil",-27.450553,-49.861572,"Araucaria moist forests","Southeastern Brazil","Temperate South America"
2626,"IFFSC","Unidade Amostral Floresta 378","Brazil",-27.450026,-49.770876,"Serra do Mar coastal forests","Southeastern Brazil","Temperate South America"
2627,"IFFSC","Unidade Amostral Floresta 383","Brazil",-27.450021,-49.320077,"Araucaria moist forests","Southeastern Brazil","Temperate South America"
2628,"IFFSC","Unidade Amostral Floresta 384","Brazil",-27.449998,-49.230036,"Araucaria moist forests","Southeastern Brazil","Temperate South America"
2629,"IFFSC","Unidade Amostral Floresta 385","Brazil",-27.449998,-49.140007,"Araucaria moist forests","Southeastern Brazil","Temperate South America"
2630,"IFFSC","Unidade Amostral Floresta 386","Brazil",-27.450664,-49.050091,"Araucaria moist forests","Southeastern Brazil","Temperate South America"
2631,"IFFSC","Unidade Amostral Floresta 387","Brazil",-27.449807,-48.960011,"Serra do Mar coastal forests","Southeastern Brazil","Temperate South America"
2632,"IFFSC","Unidade Amostral Floresta 388","Brazil",-27.450111,-48.870046,"Serra do Mar coastal forests","Southeastern Brazil","Temperate South America"
2633,"IFFSC","Unidade Amostral Floresta 390","Brazil",-27.45003,-48.690056,"Serra do Mar coastal forests","Southeastern Brazil","Temperate South America"
2634,"IFFSC","Unidade Amostral Floresta 391","Brazil",-27.451048,-48.507324,"Serra do Mar coastal forests","Southeastern Brazil","Temperate South America"
2635,"IFFSC","Unidade Amostral Floresta 392","Brazil",-27.451372,-48.419617,"Serra do Mar coastal forests","Southeastern Brazil","Temperate South America"
2636,"IFFSC","Unidade Amostral Floresta 395","Brazil",-27.36188,-51.838867,"Araucaria moist forests","Rio Grande","Temperate South America"
2637,"IFFSC","Unidade Amostral Floresta 398","Brazil",-27.36098,-51.567902,"Araucaria moist forests","Rio Grande","Temperate South America"
2638,"IFFSC","Unidade Amostral Floresta 409","Brazil",-27.359239,-50.580802,"Araucaria moist forests","Southeastern Brazil","Temperate South America"
2639,"IFFSC","Unidade Amostral Floresta 413","Brazil",-27.361006,-50.233636,"Araucaria moist forests","Southeastern Brazil","Temperate South America"
2640,"IFFSC","Unidade Amostral Floresta 415","Brazil",-27.361396,-50.03834,"Araucaria moist forests","Southeastern Brazil","Temperate South America"
2641,"IFFSC","Unidade Amostral Floresta 419","Brazil",-27.359938,-49.679891,"Serra do Mar coastal forests","Southeastern Brazil","Temperate South America"
2642,"IFFSC","Unidade Amostral Floresta 421","Brazil",-27.360556,-49.502356,"Serra do Mar coastal forests","Southeastern Brazil","Temperate South America"
2643,"IFFSC","Unidade Amostral Floresta 422","Brazil",-27.360255,-49.409879,"Araucaria moist forests","Southeastern Brazil","Temperate South America"
2644,"IFFSC","Unidade Amostral Floresta 423","Brazil",-27.359761,-49.319936,"Araucaria moist forests","Southeastern Brazil","Temperate South America"
2645,"IFFSC","Unidade Amostral Floresta 424","Brazil",-27.359744,-49.230109,"Araucaria moist forests","Southeastern Brazil","Temperate South America"
2646,"IFFSC","Unidade Amostral Floresta 425","Brazil",-27.359662,-49.1378,"Araucaria moist forests","Southeastern Brazil","Temperate South America"
2647,"IFFSC","Unidade Amostral Floresta 426","Brazil",-27.358318,-49.049952,"Serra do Mar coastal forests","Southeastern Brazil","Temperate South America"
2648,"IFFSC","Unidade Amostral Floresta 427","Brazil",-27.360019,-48.959972,"Serra do Mar coastal forests","Southeastern Brazil","Temperate South America"
2649,"IFFSC","Unidade Amostral Floresta 428","Brazil",-27.359703,-48.867585,"Serra do Mar coastal forests","Southeastern Brazil","Temperate South America"
2650,"IFFSC","Unidade Amostral Floresta 429","Brazil",-27.359897,-48.779951,"Serra do Mar coastal forests","Southeastern Brazil","Temperate South America"
2651,"IFFSC","Unidade Amostral Floresta 430","Brazil",-27.36131,-48.690172,"Serra do Mar coastal forests","Southeastern Brazil","Temperate South America"
2652,"IFFSC","Unidade Amostral Floresta 435","Brazil",-27.27191,-52.019828,"Alto Paraná Atlantic forests","Rio Grande","Temperate South America"
2653,"IFFSC","Unidade Amostral Floresta 438","Brazil",-27.26868,-51.749616,"Araucaria moist forests","Rio Grande","Temperate South America"
2654,"IFFSC","Unidade Amostral Floresta 442","Brazil",-27.269726,-51.387925,"Araucaria moist forests","Rio Grande","Temperate South America"
2655,"IFFSC","Unidade Amostral Floresta 450","Brazil",-27.269038,-50.671342,"Araucaria moist forests","Southeastern Brazil","Temperate South America"
2656,"IFFSC","Unidade Amostral Floresta 453","Brazil",-27.269855,-50.400364,"Araucaria moist forests","Southeastern Brazil","Temperate South America"
2657,"IFFSC","Unidade Amostral Floresta 455","Brazil",-27.270004,-50.220006,"Araucaria moist forests","Southeastern Brazil","Temperate South America"
2658,"IFFSC","Unidade Amostral Floresta 456","Brazil",-27.275022,-50.132416,"Araucaria moist forests","Southeastern Brazil","Temperate South America"
2659,"IFFSC","Unidade Amostral Floresta 457","Brazil",-27.270264,-50.041035,"Serra do Mar coastal forests","Southeastern Brazil","Temperate South America"
2660,"IFFSC","Unidade Amostral Floresta 460","Brazil",-27.269969,-49.770206,"Serra do Mar coastal forests","Southeastern Brazil","Temperate South America"
2661,"IFFSC","Unidade Amostral Floresta 464","Brazil",-27.269959,-49.410025,"Araucaria moist forests","Southeastern Brazil","Temperate South America"
2662,"IFFSC","Unidade Amostral Floresta 465","Brazil",-27.271411,-49.320267,"Araucaria moist forests","Southeastern Brazil","Temperate South America"
2663,"IFFSC","Unidade Amostral Floresta 466","Brazil",-27.270045,-49.229977,"Serra do Mar coastal forests","Southeastern Brazil","Temperate South America"
2664,"IFFSC","Unidade Amostral Floresta 467","Brazil",-27.270015,-49.140034,"Serra do Mar coastal forests","Southeastern Brazil","Temperate South America"
2665,"IFFSC","Unidade Amostral Floresta 468","Brazil",-27.2686,-49.052006,"Serra do Mar coastal forests","Southeastern Brazil","Temperate South America"
2666,"IFFSC","Unidade Amostral Floresta 470","Brazil",-27.27214,-48.870107,"Serra do Mar coastal forests","Southeastern Brazil","Temperate South America"
2667,"IFFSC","Unidade Amostral Floresta 483","Brazil",-28.214251,-50.716115,"Araucaria moist forests","Rio Grande","Temperate South America"
2668,"IFFSC","Unidade Amostral Floresta 487","Brazil",-27.180019,-52.019849,"Araucaria moist forests","Rio Grande","Temperate South America"
2669,"IFFSC","Unidade Amostral Floresta 494","Brazil",-27.178985,-51.387318,"Araucaria moist forests","Southeastern Brazil","Temperate South America"
2670,"IFFSC","Unidade Amostral Floresta 495","Brazil",-27.181511,-51.2997,"Araucaria moist forests","Southeastern Brazil","Temperate South America"
2671,"IFFSC","Unidade Amostral Floresta 507","Brazil",-27.181573,-50.217734,"Araucaria moist forests","Southeastern Brazil","Temperate South America"
2672,"IFFSC","Unidade Amostral Floresta 508","Brazil",-27.180009,-50.130104,"Serra do Mar coastal forests","Southeastern Brazil","Temperate South America"
2673,"IFFSC","Unidade Amostral Floresta 513","Brazil",-27.179953,-49.680058,"Serra do Mar coastal forests","Southeastern Brazil","Temperate South America"
2674,"IFFSC","Unidade Amostral Floresta 516","Brazil",-27.180112,-49.410029,"Serra do Mar coastal forests","Southeastern Brazil","Temperate South America"
2675,"IFFSC","Unidade Amostral Floresta 517","Brazil",-27.18001,-49.320013,"Araucaria moist forests","Southeastern Brazil","Temperate South America"
2676,"IFFSC","Unidade Amostral Floresta 518","Brazil",-27.180031,-49.230007,"Serra do Mar coastal forests","Southeastern Brazil","Temperate South America"
2677,"IFFSC","Unidade Amostral Floresta 519","Brazil",-27.179958,-49.139986,"Serra do Mar coastal forests","Southeastern Brazil","Temperate South America"
2678,"IFFSC","Unidade Amostral Floresta 520","Brazil",-27.179789,-49.049242,"Serra do Mar coastal forests","Southeastern Brazil","Temperate South America"
2679,"IFFSC","Unidade Amostral Floresta 522","Brazil",-27.181965,-48.871228,"Serra do Mar coastal forests","Southeastern Brazil","Temperate South America"
2680,"IFFSC","Unidade Amostral Floresta 523","Brazil",-27.180222,-48.779816,"Serra do Mar coastal forests","Southeastern Brazil","Temperate South America"
2681,"IFFSC","Unidade Amostral Floresta 526","Brazil",-27.180002,-48.510008,NA,"Southeastern Brazil","Temperate South America"
2682,"IFFSC","Unidade Amostral Floresta 529","Brazil",-28.169977,-50.760828,"Araucaria moist forests","Rio Grande","Temperate South America"
2683,"IFFSC","Unidade Amostral Floresta 537","Brazil",-27.090041,-52.830029,"Alto Paraná Atlantic forests",NA,NA
2684,"IFFSC","Unidade Amostral Floresta 551","Brazil",-27.089858,-51.572328,"Araucaria moist forests","Southeastern Brazil","Temperate South America"
2685,"IFFSC","Unidade Amostral Floresta 555","Brazil",-27.090696,-51.209138,"Araucaria moist forests","Southeastern Brazil","Temperate South America"
2686,"IFFSC","Unidade Amostral Floresta 561","Brazil",-27.088744,-50.671426,"Araucaria moist forests","Southeastern Brazil","Temperate South America"
2687,"IFFSC","Unidade Amostral Floresta 562","Brazil",-27.090955,-50.579798,"Araucaria moist forests","Southeastern Brazil","Temperate South America"
2688,"IFFSC","Unidade Amostral Floresta 565","Brazil",-27.091896,-50.312156,"Araucaria moist forests","Southeastern Brazil","Temperate South America"
2689,"IFFSC","Unidade Amostral Floresta 566","Brazil",-27.092498,-50.220089,"Serra do Mar coastal forests","Southeastern Brazil","Temperate South America"
2690,"IFFSC","Unidade Amostral Floresta 568","Brazil",-27.09198,-50.037394,"Serra do Mar coastal forests","Southeastern Brazil","Temperate South America"
2691,"IFFSC","Unidade Amostral Floresta 570","Brazil",-27.089504,-49.857519,"Serra do Mar coastal forests","Southeastern Brazil","Temperate South America"
2692,"IFFSC","Unidade Amostral Floresta 571","Brazil",-27.090102,-49.770018,"Serra do Mar coastal forests","Southeastern Brazil","Temperate South America"
2693,"IFFSC","Unidade Amostral Floresta 573","Brazil",-27.089982,-49.589992,"Serra do Mar coastal forests","Southeastern Brazil","Temperate South America"
2694,"IFFSC","Unidade Amostral Floresta 575","Brazil",-27.089867,-49.410075,"Serra do Mar coastal forests","Southeastern Brazil","Temperate South America"
2695,"IFFSC","Unidade Amostral Floresta 576","Brazil",-27.08984,-49.32009,"Serra do Mar coastal forests","Southeastern Brazil","Temperate South America"
2696,"IFFSC","Unidade Amostral Floresta 577","Brazil",-27.089908,-49.230095,"Serra do Mar coastal forests","Southeastern Brazil","Temperate South America"
2697,"IFFSC","Unidade Amostral Floresta 578","Brazil",-27.090036,-49.140052,"Serra do Mar coastal forests","Southeastern Brazil","Temperate South America"
2698,"IFFSC","Unidade Amostral Floresta 579","Brazil",-27.090125,-49.049417,"Serra do Mar coastal forests","Southeastern Brazil","Temperate South America"
2699,"IFFSC","Unidade Amostral Floresta 582","Brazil",-27.089952,-48.779916,"Serra do Mar coastal forests","Southeastern Brazil","Temperate South America"
2700,"IFFSC","Unidade Amostral Floresta 584","Brazil",-27.089319,-48.599809,"Serra do Mar coastal forests","Southeastern Brazil","Temperate South America"
2701,"IFFSC","Unidade Amostral Floresta 597","Brazil",-26.99628,-52.65116,"Araucaria moist forests",NA,NA
2702,"IFFSC","Unidade Amostral Floresta 602","Brazil",-27.001997,-52.203635,"Araucaria moist forests","Rio Grande","Temperate South America"
2703,"IFFSC","Unidade Amostral Floresta 605","Brazil",-27.000345,-51.930774,"Araucaria moist forests","Rio Grande","Temperate South America"
2704,"IFFSC","Unidade Amostral Floresta 615","Brazil",-26.99688,-51.029037,"Araucaria moist forests","Southeastern Brazil","Temperate South America"
2705,"IFFSC","Unidade Amostral Floresta 619","Brazil",-26.999792,-50.670213,"Araucaria moist forests","Southeastern Brazil","Temperate South America"
2706,"IFFSC","Unidade Amostral Floresta 623","Brazil",-27.000169,-50.310165,"Araucaria moist forests","Southeastern Brazil","Temperate South America"
2707,"IFFSC","Unidade Amostral Floresta 624","Brazil",-27.000132,-50.219992,"Araucaria moist forests","Southeastern Brazil","Temperate South America"
2708,"IFFSC","Unidade Amostral Floresta 625","Brazil",-27.000029,-50.129991,"Serra do Mar coastal forests","Southeastern Brazil","Temperate South America"
2709,"IFFSC","Unidade Amostral Floresta 631","Brazil",-26.998056,-49.589518,"Serra do Mar coastal forests","Southeastern Brazil","Temperate South America"
2710,"IFFSC","Unidade Amostral Floresta 633","Brazil",-27.000043,-49.409981,"Serra do Mar coastal forests","Southeastern Brazil","Temperate South America"
2711,"IFFSC","Unidade Amostral Floresta 634","Brazil",-26.999956,-49.320038,"Serra do Mar coastal forests","Southeastern Brazil","Temperate South America"
2712,"IFFSC","Unidade Amostral Floresta 635","Brazil",-26.999838,-49.230128,"Serra do Mar coastal forests","Southeastern Brazil","Temperate South America"
2713,"IFFSC","Unidade Amostral Floresta 636","Brazil",-27.000149,-49.140022,"Serra do Mar coastal forests","Southeastern Brazil","Temperate South America"
2714,"IFFSC","Unidade Amostral Floresta 637","Brazil",-27.000442,-49.050917,"Serra do Mar coastal forests","Southeastern Brazil","Temperate South America"
2715,"IFFSC","Unidade Amostral Floresta 638","Brazil",-26.999447,-48.960275,"Serra do Mar coastal forests","Southeastern Brazil","Temperate South America"
2716,"IFFSC","Unidade Amostral Floresta 639","Brazil",-27.000571,-48.869749,"Serra do Mar coastal forests","Southeastern Brazil","Temperate South America"
2717,"IFFSC","Unidade Amostral Floresta 640","Brazil",-26.999929,-48.780277,"Serra do Mar coastal forests","Southeastern Brazil","Temperate South America"
2718,"IFFSC","Unidade Amostral Floresta 641","Brazil",-27.000059,-48.690158,"Serra do Mar coastal forests","Southeastern Brazil","Temperate South America"
2719,"IFFSC","Unidade Amostral Floresta 642","Brazil",-27.000015,-48.600137,"Serra do Mar coastal forests","Southeastern Brazil","Temperate South America"
2720,"IFFSC","Unidade Amostral Floresta 660","Brazil",-26.911205,-52.110299,"Araucaria moist forests","Rio Grande","Temperate South America"
2721,"IFFSC","Unidade Amostral Floresta 668","Brazil",-26.907336,-51.3883,"Araucaria moist forests","Southeastern Brazil","Temperate South America"
2722,"IFFSC","Unidade Amostral Floresta 669","Brazil",-26.910315,-51.299243,"Araucaria moist forests","Southeastern Brazil","Temperate South America"
2723,"IFFSC","Unidade Amostral Floresta 672","Brazil",-26.909121,-51.03268,"Araucaria moist forests","Southeastern Brazil","Temperate South America"
2724,"IFFSC","Unidade Amostral Floresta 673","Brazil",-26.910096,-50.940006,"Araucaria moist forests","Southeastern Brazil","Temperate South America"
2725,"IFFSC","Unidade Amostral Floresta 677","Brazil",-28.034886,-50.849915,"Araucaria moist forests","Rio Grande","Temperate South America"
2726,"IFFSC","Unidade Amostral Floresta 681","Brazil",-26.909849,-50.219737,"Araucaria moist forests","Southeastern Brazil","Temperate South America"
2727,"IFFSC","Unidade Amostral Floresta 682","Brazil",-26.908503,-50.12862,"Serra do Mar coastal forests","Southeastern Brazil","Temperate South America"
2728,"IFFSC","Unidade Amostral Floresta 685","Brazil",-26.909652,-49.862477,"Serra do Mar coastal forests","Southeastern Brazil","Temperate South America"
2729,"IFFSC","Unidade Amostral Floresta 686","Brazil",-26.910041,-49.769942,"Serra do Mar coastal forests","Southeastern Brazil","Temperate South America"
2730,"IFFSC","Unidade Amostral Floresta 687","Brazil",-26.90844,-49.677713,"Serra do Mar coastal forests","Southeastern Brazil","Temperate South America"
2731,"IFFSC","Unidade Amostral Floresta 688","Brazil",-26.911786,-49.587924,"Serra do Mar coastal forests","Southeastern Brazil","Temperate South America"
2732,"IFFSC","Unidade Amostral Floresta 689","Brazil",-26.910199,-49.499667,"Serra do Mar coastal forests","Southeastern Brazil","Temperate South America"
2733,"IFFSC","Unidade Amostral Floresta 690","Brazil",-26.909986,-49.410872,"Serra do Mar coastal forests","Southeastern Brazil","Temperate South America"
2734,"IFFSC","Unidade Amostral Floresta 712","Brazil",-26.819721,-52.470335,"Araucaria moist forests",NA,NA
2735,"IFFSC","Unidade Amostral Floresta 714","Brazil",-26.822301,-52.294059,"Araucaria moist forests",NA,NA
2736,"IFFSC","Unidade Amostral Floresta 717","Brazil",-26.820042,-52.018015,"Araucaria moist forests","Southeastern Brazil","Temperate South America"
2737,"IFFSC","Unidade Amostral Floresta 718","Brazil",-26.788683,-51.969822,"Araucaria moist forests","Southeastern Brazil","Temperate South America"
2738,"IFFSC","Unidade Amostral Floresta 723","Brazil",-26.818087,-51.482385,"Araucaria moist forests","Southeastern Brazil","Temperate South America"
2739,"IFFSC","Unidade Amostral Floresta 725","Brazil",-26.8189,-51.303339,"Araucaria moist forests","Southeastern Brazil","Temperate South America"
2740,"IFFSC","Unidade Amostral Floresta 727","Brazil",-27.990234,-50.894957,"Araucaria moist forests","Rio Grande","Temperate South America"
2741,"IFFSC","Unidade Amostral Floresta 728","Brazil",-26.818528,-51.021817,"Araucaria moist forests","Southeastern Brazil","Temperate South America"
2742,"IFFSC","Unidade Amostral Floresta 732","Brazil",-26.819825,-50.674349,"Araucaria moist forests","Southeastern Brazil","Temperate South America"
2743,"IFFSC","Unidade Amostral Floresta 736","Brazil",-26.82217,-50.309062,"Araucaria moist forests","Southeastern Brazil","Temperate South America"
2744,"IFFSC","Unidade Amostral Floresta 737","Brazil",-26.81728,-50.222716,"Araucaria moist forests","Southeastern Brazil","Temperate South America"
2745,"IFFSC","Unidade Amostral Floresta 739","Brazil",-26.818498,-50.037411,"Serra do Mar coastal forests","Southeastern Brazil","Temperate South America"
2746,"IFFSC","Unidade Amostral Floresta 742","Brazil",-26.821458,-49.76937,"Serra do Mar coastal forests","Southeastern Brazil","Temperate South America"
2747,"IFFSC","Unidade Amostral Floresta 743","Brazil",-26.820093,-49.679967,"Serra do Mar coastal forests","Southeastern Brazil","Temperate South America"
2748,"IFFSC","Unidade Amostral Floresta 745","Brazil",-26.819997,-49.500002,"Serra do Mar coastal forests","Southeastern Brazil","Temperate South America"
2749,"IFFSC","Unidade Amostral Floresta 747","Brazil",-26.818644,-49.320949,"Serra do Mar coastal forests","Southeastern Brazil","Temperate South America"
2750,"IFFSC","Unidade Amostral Floresta 748","Brazil",-26.820851,-49.229467,"Serra do Mar coastal forests","Southeastern Brazil","Temperate South America"
2751,"IFFSC","Unidade Amostral Floresta 750","Brazil",-26.819619,-49.049333,"Serra do Mar coastal forests","Southeastern Brazil","Temperate South America"
2752,"IFFSC","Unidade Amostral Floresta 752","Brazil",-26.81982,-48.871089,"Serra do Mar coastal forests","Southeastern Brazil","Temperate South America"
2753,"IFFSC","Unidade Amostral Floresta 753","Brazil",-26.82246,-48.778677,"Serra do Mar coastal forests","Southeastern Brazil","Temperate South America"
2754,"IFFSC","Unidade Amostral Floresta 784","Brazil",-26.731857,-51.118895,"Araucaria moist forests","Southeastern Brazil","Temperate South America"
2755,"IFFSC","Unidade Amostral Floresta 789","Brazil",-26.730342,-50.670893,"Araucaria moist forests","Southeastern Brazil","Temperate South America"
2756,"IFFSC","Unidade Amostral Floresta 793","Brazil",-26.730093,-50.310002,"Araucaria moist forests","Southeastern Brazil","Temperate South America"
2757,"IFFSC","Unidade Amostral Floresta 794","Brazil",-26.734631,-50.212208,"Araucaria moist forests","Southeastern Brazil","Temperate South America"
2758,"IFFSC","Unidade Amostral Floresta 795","Brazil",-26.731652,-50.131912,"Serra do Mar coastal forests","Southeastern Brazil","Temperate South America"
2759,"IFFSC","Unidade Amostral Floresta 796","Brazil",-26.730094,-50.039996,"Serra do Mar coastal forests","Southeastern Brazil","Temperate South America"
2760,"IFFSC","Unidade Amostral Floresta 797","Brazil",-26.729971,-49.949991,"Araucaria moist forests","Southeastern Brazil","Temperate South America"
2761,"IFFSC","Unidade Amostral Floresta 798","Brazil",-26.730017,-49.860107,"Araucaria moist forests","Southeastern Brazil","Temperate South America"
2762,"IFFSC","Unidade Amostral Floresta 801","Brazil",-26.731441,-49.591515,"Serra do Mar coastal forests","Southeastern Brazil","Temperate South America"
2763,"IFFSC","Unidade Amostral Floresta 802","Brazil",-26.729998,-49.500078,"Serra do Mar coastal forests","Southeastern Brazil","Temperate South America"
2764,"IFFSC","Unidade Amostral Floresta 803","Brazil",-26.727633,-49.407372,"Serra do Mar coastal forests","Southeastern Brazil","Temperate South America"
2765,"IFFSC","Unidade Amostral Floresta 804","Brazil",-26.730599,-49.321701,"Serra do Mar coastal forests","Southeastern Brazil","Temperate South America"
2766,"IFFSC","Unidade Amostral Floresta 807","Brazil",-26.730003,-49.05001,"Serra do Mar coastal forests","Southeastern Brazil","Temperate South America"
2767,"IFFSC","Unidade Amostral Floresta 811","Brazil",-26.730149,-48.694643,"Serra do Mar coastal forests","Southeastern Brazil","Temperate South America"
2768,"IFFSC","Unidade Amostral Floresta 830","Brazil",-27.902082,-51.033634,"Araucaria moist forests","Rio Grande","Temperate South America"
2769,"IFFSC","Unidade Amostral Floresta 832","Brazil",-26.639901,-51.930194,"Araucaria moist forests","Southeastern Brazil","Temperate South America"
2770,"IFFSC","Unidade Amostral Floresta 836","Brazil",-26.641763,-51.57275,"Araucaria moist forests","Southeastern Brazil","Temperate South America"
2771,"IFFSC","Unidade Amostral Floresta 837","Brazil",-26.637447,-51.480167,"Araucaria moist forests","Southeastern Brazil","Temperate South America"
2772,"IFFSC","Unidade Amostral Floresta 843","Brazil",-26.644884,-50.751269,"Araucaria moist forests","Southeastern Brazil","Temperate South America"
2773,"IFFSC","Unidade Amostral Floresta 845","Brazil",-26.640744,-50.580002,"Araucaria moist forests","Southeastern Brazil","Temperate South America"
2774,"IFFSC","Unidade Amostral Floresta 847","Brazil",-26.640089,-50.400061,"Araucaria moist forests","Southeastern Brazil","Temperate South America"
2775,"IFFSC","Unidade Amostral Floresta 850","Brazil",-26.640093,-50.130003,"Araucaria moist forests","Southeastern Brazil","Temperate South America"
2776,"IFFSC","Unidade Amostral Floresta 852","Brazil",-26.64006,-49.949991,"Araucaria moist forests","Southeastern Brazil","Temperate South America"
2777,"IFFSC","Unidade Amostral Floresta 853","Brazil",-26.63998,-49.859877,"Serra do Mar coastal forests","Southeastern Brazil","Temperate South America"
2778,"IFFSC","Unidade Amostral Floresta 856","Brazil",-26.639988,-49.590027,"Serra do Mar coastal forests","Southeastern Brazil","Temperate South America"
2779,"IFFSC","Unidade Amostral Floresta 857","Brazil",-26.639996,-49.5,"Araucaria moist forests","Southeastern Brazil","Temperate South America"
2780,"IFFSC","Unidade Amostral Floresta 858","Brazil",-26.638312,-49.411436,"Serra do Mar coastal forests","Southeastern Brazil","Temperate South America"
2781,"IFFSC","Unidade Amostral Floresta 860","Brazil",-26.639996,-49.229995,"Serra do Mar coastal forests","Southeastern Brazil","Temperate South America"
2782,"IFFSC","Unidade Amostral Floresta 865","Brazil",-26.64132,-48.784324,"Serra do Mar coastal forests","Southeastern Brazil","Temperate South America"
2783,"IFFSC","Unidade Amostral Floresta 884","Brazil",-26.550262,-52.108858,"Araucaria moist forests",NA,NA
2784,"IFFSC","Unidade Amostral Floresta 886","Brazil",-27.852015,-51.033771,"Araucaria moist forests","Rio Grande","Temperate South America"
2785,"IFFSC","Unidade Amostral Floresta 887","Brazil",-26.55349,-51.02787,"Araucaria moist forests","Southeastern Brazil","Temperate South America"
2786,"IFFSC","Unidade Amostral Floresta 894","Brazil",-26.547759,-50.39977,"Araucaria moist forests","Southeastern Brazil","Temperate South America"
2787,"IFFSC","Unidade Amostral Floresta 895","Brazil",-26.551456,-50.312691,"Araucaria moist forests","Southeastern Brazil","Temperate South America"
2788,"IFFSC","Unidade Amostral Floresta 899","Brazil",-26.549628,-49.946791,"Araucaria moist forests","Southeastern Brazil","Temperate South America"
2789,"IFFSC","Unidade Amostral Floresta 901","Brazil",-26.549889,-49.770818,"Serra do Mar coastal forests","Southeastern Brazil","Temperate South America"
2790,"IFFSC","Unidade Amostral Floresta 902","Brazil",-26.550061,-49.680073,"Araucaria moist forests","Southeastern Brazil","Temperate South America"
2791,"IFFSC","Unidade Amostral Floresta 905","Brazil",-26.549984,-49.409925,"Araucaria moist forests","Southeastern Brazil","Temperate South America"
2792,"IFFSC","Unidade Amostral Floresta 906","Brazil",-26.550008,-49.320003,"Araucaria moist forests","Southeastern Brazil","Temperate South America"
2793,"IFFSC","Unidade Amostral Floresta 907","Brazil",-26.552281,-49.226035,"Araucaria moist forests","Southeastern Brazil","Temperate South America"
2794,"IFFSC","Unidade Amostral Floresta 909","Brazil",-26.550144,-49.050062,"Serra do Mar coastal forests","Southeastern Brazil","Temperate South America"
2795,"IFFSC","Unidade Amostral Floresta 912","Brazil",-26.548291,-48.776893,"Serra do Mar coastal forests","Southeastern Brazil","Temperate South America"
2796,"IFFSC","Unidade Amostral Floresta 913","Brazil",-26.552507,-48.689037,"Serra do Mar coastal forests","Southeastern Brazil","Temperate South America"
2797,"IFFSC","Unidade Amostral Floresta 918","Brazil",-26.46119,-53.281482,"Araucaria moist forests",NA,NA
2798,"IFFSC","Unidade Amostral Floresta 926","Brazil",-26.460558,-52.564242,"Araucaria moist forests",NA,NA
2799,"IFFSC","Unidade Amostral Floresta 933","Brazil",-26.4601,-51.030005,"Araucaria moist forests","Southeastern Brazil","Temperate South America"
2800,"IFFSC","Unidade Amostral Floresta 934","Brazil",-26.461762,-50.940893,"Araucaria moist forests","Southeastern Brazil","Temperate South America"
2801,"IFFSC","Unidade Amostral Floresta 939","Brazil",-26.459677,-50.489075,"Araucaria moist forests","Southeastern Brazil","Temperate South America"
2802,"IFFSC","Unidade Amostral Floresta 941","Brazil",-27.810882,-51.121856,"Araucaria moist forests","Rio Grande","Temperate South America"
2803,"IFFSC","Unidade Amostral Floresta 945","Brazil",-26.460407,-49.948858,"Serra do Mar coastal forests","Southeastern Brazil","Temperate South America"
2804,"IFFSC","Unidade Amostral Floresta 946","Brazil",-26.459578,-49.85843,"Serra do Mar coastal forests","Southeastern Brazil","Temperate South America"
2805,"IFFSC","Unidade Amostral Floresta 949","Brazil",-26.45983,-49.590434,"Araucaria moist forests","Southeastern Brazil","Temperate South America"
2806,"IFFSC","Unidade Amostral Floresta 951","Brazil",-26.460002,-49.40998,"Araucaria moist forests","Southeastern Brazil","Temperate South America"
2807,"IFFSC","Unidade Amostral Floresta 953","Brazil",-26.459997,-49.232898,"Araucaria moist forests","Southeastern Brazil","Temperate South America"
2808,"IFFSC","Unidade Amostral Floresta 955","Brazil",-26.462362,-49.051795,"Serra do Mar coastal forests","Southeastern Brazil","Temperate South America"
2809,"IFFSC","Unidade Amostral Floresta 959","Brazil",-26.46,-48.689995,"Serra do Mar coastal forests","Southeastern Brazil","Temperate South America"
2810,"IFFSC","Unidade Amostral Floresta 974","Brazil",-26.371178,-50.938012,"Araucaria moist forests","Southeastern Brazil","Temperate South America"
2811,"IFFSC","Unidade Amostral Floresta 976","Brazil",-26.373158,-50.765957,"Araucaria moist forests","Southeastern Brazil","Temperate South America"
2812,"IFFSC","Unidade Amostral Floresta 978","Brazil",-26.381312,-50.580303,"Araucaria moist forests","Southeastern Brazil","Temperate South America"
2813,"IFFSC","Unidade Amostral Floresta 979","Brazil",-26.370856,-50.488584,"Araucaria moist forests","Southeastern Brazil","Temperate South America"
2814,"IFFSC","Unidade Amostral Floresta 982","Brazil",-26.370169,-50.220028,"Araucaria moist forests","Southeastern Brazil","Temperate South America"
2815,"IFFSC","Unidade Amostral Floresta 984","Brazil",-26.370077,-50.040023,"Araucaria moist forests","Southeastern Brazil","Temperate South America"
2816,"IFFSC","Unidade Amostral Floresta 991","Brazil",-26.369839,-49.410004,"Araucaria moist forests","Southeastern Brazil","Temperate South America"
2817,"IFFSC","Unidade Amostral Floresta 992","Brazil",-26.370663,-49.32015,"Araucaria moist forests","Southeastern Brazil","Temperate South America"
2818,"IFFSC","Unidade Amostral Floresta 993","Brazil",-26.370001,-49.23,"Serra do Mar coastal forests","Southeastern Brazil","Temperate South America"
2819,"IFFSC","Unidade Amostral Floresta 994","Brazil",-26.367982,-49.139805,"Serra do Mar coastal forests","Southeastern Brazil","Temperate South America"
2820,"IFFSC","Unidade Amostral Floresta 995","Brazil",-26.369648,-49.048693,"Serra do Mar coastal forests","Southeastern Brazil","Temperate South America"
2821,"IFFSC","Unidade Amostral Floresta 997","Brazil",-26.369998,-48.870001,"Serra do Mar coastal forests","Southeastern Brazil","Temperate South America"
2822,"IFFSC","Unidade Amostral Floresta 1000","Brazil",-27.764093,-51.164103,"Araucaria moist forests","Rio Grande","Temperate South America"
2823,"IFFSC","Unidade Amostral Floresta 1001","Brazil",-26.27984,-53.64031,"Araucaria moist forests",NA,NA
2824,"IFFSC","Unidade Amostral Floresta 1003","Brazil",-26.282328,-53.281735,"Araucaria moist forests",NA,NA
2825,"IFFSC","Unidade Amostral Floresta 1010","Brazil",-26.27881,-50.495598,"Araucaria moist forests","Southeastern Brazil","Temperate South America"
2826,"IFFSC","Unidade Amostral Floresta 1013","Brazil",-26.279997,-50.220001,"Araucaria moist forests","Southeastern Brazil","Temperate South America"
2827,"IFFSC","Unidade Amostral Floresta 1016","Brazil",-26.277101,-49.949854,"Araucaria moist forests","Southeastern Brazil","Temperate South America"
2828,"IFFSC","Unidade Amostral Floresta 1019","Brazil",-26.279381,-49.681358,"Araucaria moist forests","Southeastern Brazil","Temperate South America"
2829,"IFFSC","Unidade Amostral Floresta 1024","Brazil",-26.278033,-49.228334,"Araucaria moist forests","Southeastern Brazil","Temperate South America"
2830,"IFFSC","Unidade Amostral Floresta 1025","Brazil",-26.280003,-49.139999,"Serra do Mar coastal forests","Southeastern Brazil","Temperate South America"
2831,"IFFSC","Unidade Amostral Floresta 1026","Brazil",-26.280009,-49.050025,"Serra do Mar coastal forests","Southeastern Brazil","Temperate South America"
2832,"IFFSC","Unidade Amostral Floresta 1027","Brazil",-26.28013,-48.961944,"Serra do Mar coastal forests","Southeastern Brazil","Temperate South America"
2833,"IFFSC","Unidade Amostral Floresta 1031","Brazil",-26.280001,-48.600001,"Serra do Mar coastal forests","Southeastern Brazil","Temperate South America"
2834,"IFFSC","Unidade Amostral Floresta 1034","Brazil",-26.190623,-50.491175,"Araucaria moist forests","Southeastern Brazil","Temperate South America"
2835,"IFFSC","Unidade Amostral Floresta 1042","Brazil",-26.19003,-49.770076,"Araucaria moist forests","Southeastern Brazil","Temperate South America"
2836,"IFFSC","Unidade Amostral Floresta 1047","Brazil",-26.187328,-49.140824,"Serra do Mar coastal forests","Southeastern Brazil","Temperate South America"
2837,"IFFSC","Unidade Amostral Floresta 1048","Brazil",-26.192614,-49.047891,"Serra do Mar coastal forests","Southeastern Brazil","Temperate South America"
2838,"IFFSC","Unidade Amostral Floresta 1049","Brazil",-26.190004,-48.960004,"Serra do Mar coastal forests","Southeastern Brazil","Temperate South America"
2839,"IFFSC","Unidade Amostral Floresta 1052","Brazil",-26.19,-48.690007,"Southern Atlantic mangroves","Southeastern Brazil","Temperate South America"
2840,"IFFSC","Unidade Amostral Floresta 1055","Brazil",-26.10079,-50.489104,"Araucaria moist forests","Southeastern Brazil","Temperate South America"
2841,"IFFSC","Unidade Amostral Floresta 1059","Brazil",-26.103016,-50.132936,"Araucaria moist forests","Southeastern Brazil","Temperate South America"
2842,"IFFSC","Unidade Amostral Floresta 1061","Brazil",-26.099712,-49.950813,"Araucaria moist forests","Southeastern Brazil","Temperate South America"
2843,"IFFSC","Unidade Amostral Floresta 1062","Brazil",-27.723394,-51.212513,"Araucaria moist forests","Rio Grande","Temperate South America"
2844,"IFFSC","Unidade Amostral Floresta 1063","Brazil",-26.098843,-49.228674,"Araucaria moist forests","Southeastern Brazil","Temperate South America"
2845,"IFFSC","Unidade Amostral Floresta 1065","Brazil",-26.099977,-49.050002,"Serra do Mar coastal forests","Southeastern Brazil","Temperate South America"
2846,"IFFSC","Unidade Amostral Floresta 1066","Brazil",-26.09961,-48.959586,"Serra do Mar coastal forests","Southeastern Brazil","Temperate South America"
2847,"IFFSC","Unidade Amostral Floresta 1068","Brazil",-26.10023,-48.780368,"Southern Atlantic mangroves","Southeastern Brazil","Temperate South America"
2848,"IFFSC","Unidade Amostral Floresta 1069","Brazil",-26.099634,-48.689597,"Serra do Mar coastal forests","Southeastern Brazil","Temperate South America"
2849,"IFFSC","Unidade Amostral Floresta 1072","Brazil",-26.009996,-48.869998,"Serra do Mar coastal forests","Southeastern Brazil","Temperate South America"
2850,"IFFSC","Unidade Amostral Floresta 1073","Brazil",-26.00866,-48.780046,"Serra do Mar coastal forests","Southeastern Brazil","Temperate South America"
2851,"IFFSC","Unidade Amostral Floresta 1074","Brazil",-26.010002,-48.689996,"Serra do Mar coastal forests","Southeastern Brazil","Temperate South America"
2852,"IFFSC","Unidade Amostral Floresta 1123","Brazil",-27.675028,-51.302608,"Araucaria moist forests","Rio Grande","Temperate South America"
2853,"IFFSC","Unidade Amostral Floresta 1187","Brazil",-27.629683,-51.302017,"Araucaria moist forests","Rio Grande","Temperate South America"
2854,"IFFSC","Unidade Amostral Floresta 1188","Brazil",-27.629181,-51.260407,"Araucaria moist forests","Rio Grande","Temperate South America"
2855,"IFFSC","Unidade Amostral Floresta 1190","Brazil",-27.633365,-51.162762,"Araucaria moist forests","Rio Grande","Temperate South America"
2856,"IFFSC","Unidade Amostral Floresta 1191","Brazil",-27.628208,-51.120598,"Araucaria moist forests","Rio Grande","Temperate South America"
2857,"IFFSC","Unidade Amostral Floresta 1195","Brazil",-27.629999,-50.940004,"Araucaria moist forests","Rio Grande","Temperate South America"
2858,"IFFSC","Unidade Amostral Floresta 1249","Brazil",-27.586808,-51.432694,"Araucaria moist forests","Rio Grande","Temperate South America"
2859,"IFFSC","Unidade Amostral Floresta 1318","Brazil",-27.540195,-51.525069,"Araucaria moist forests","Rio Grande","Temperate South America"
2860,"IFFSC","Unidade Amostral Floresta 1388","Brazil",-27.494134,-51.613785,"Araucaria moist forests","Rio Grande","Temperate South America"
2861,"IFFSC","Unidade Amostral Floresta 1461","Brazil",-27.45021,-51.79501,"Araucaria moist forests","Rio Grande","Temperate South America"
2862,"IFFSC","Unidade Amostral Floresta 1536","Brazil",-27.405781,-51.975011,"Araucaria moist forests","Rio Grande","Temperate South America"
2863,"IFFSC","Unidade Amostral Floresta 1542","Brazil",-27.405073,-51.706008,"Araucaria moist forests","Rio Grande","Temperate South America"
2864,"IFFSC","Unidade Amostral Floresta 1616","Brazil",-27.360205,-51.88499,"Araucaria moist forests","Rio Grande","Temperate South America"
2865,"IFFSC","Unidade Amostral Floresta 1618","Brazil",-27.36001,-51.796013,"Araucaria moist forests","Rio Grande","Temperate South America"
2866,"IFFSC","Unidade Amostral Floresta 1619","Brazil",-27.360625,-51.750043,"Araucaria moist forests","Rio Grande","Temperate South America"
2867,"IFFSC","Unidade Amostral Floresta 1693","Brazil",-27.313974,-51.974703,"Alto Paraná Atlantic forests","Rio Grande","Temperate South America"
2868,"IFFSC","Unidade Amostral Floresta 1694","Brazil",-27.31502,-51.929929,"Araucaria moist forests","Rio Grande","Temperate South America"
2869,"IFFSC","Unidade Amostral Floresta 1703","Brazil",-27.320084,-51.52605,"Araucaria moist forests","Rio Grande","Temperate South America"
2870,"IFFSC","Unidade Amostral Floresta 1770","Brazil",-27.269907,-52.695145,"Alto Paraná Atlantic forests","Rio Grande","Temperate South America"
2871,"IFFSC","Unidade Amostral Floresta 1774","Brazil",-27.268846,-52.201183,"Alto Paraná Atlantic forests","Rio Grande","Temperate South America"
2872,"IFFSC","Unidade Amostral Floresta 1775","Brazil",-27.270002,-52.155009,"Alto Paraná Atlantic forests","Rio Grande","Temperate South America"
2873,"IFFSC","Unidade Amostral Floresta 1787","Brazil",-27.268075,-51.614357,"Araucaria moist forests","Rio Grande","Temperate South America"
2874,"IFFSC","Unidade Amostral Floresta 1859","Brazil",-27.225,-52.515001,"Alto Paraná Atlantic forests","Rio Grande","Temperate South America"
2875,"IFFSC","Unidade Amostral Floresta 1861","Brazil",-27.223019,-52.421525,"Alto Paraná Atlantic forests","Rio Grande","Temperate South America"
2876,"IFFSC","Unidade Amostral Floresta 1864","Brazil",-27.2245,-52.292002,"Alto Paraná Atlantic forests","Rio Grande","Temperate South America"
2877,"IFFSC","Unidade Amostral Floresta 1869","Brazil",-27.224135,-52.064945,"Araucaria moist forests","Rio Grande","Temperate South America"
2878,"IFFSC","Unidade Amostral Floresta 1959","Brazil",-27.175783,-52.562286,"Alto Paraná Atlantic forests","Rio Grande","Temperate South America"
2879,"IFFSC","Unidade Amostral Floresta 1961","Brazil",-27.178283,-52.470565,"Alto Paraná Atlantic forests","Rio Grande","Temperate South America"
2880,"IFFSC","Unidade Amostral Floresta 1965","Brazil",-27.179997,-52.290005,"Alto Paraná Atlantic forests","Rio Grande","Temperate South America"
2881,"IFFSC","Unidade Amostral Floresta 1970","Brazil",-27.179023,-52.066404,"Araucaria moist forests","Rio Grande","Temperate South America"
2882,"IFFSC","Unidade Amostral Floresta 1980","Brazil",-27.179402,-51.612487,"Araucaria moist forests","Rio Grande","Temperate South America"
2883,"IFFSC","Unidade Amostral Floresta 2001","Brazil",-26.216573,-50.301857,"Araucaria moist forests","Southeastern Brazil","Temperate South America"
2884,"IFFSC","Unidade Amostral Floresta 2002","Brazil",-26.215737,-50.293403,"Araucaria moist forests","Southeastern Brazil","Temperate South America"
2885,"IFFSC","Unidade Amostral Floresta 2051","Brazil",-27.135309,-53.776088,"Alto Paraná Atlantic forests",NA,NA
2886,"IFFSC","Unidade Amostral Floresta 2056","Brazil",-27.136209,-53.552872,"Alto Paraná Atlantic forests",NA,NA
2887,"IFFSC","Unidade Amostral Floresta 2077","Brazil",-27.134997,-52.469998,"Alto Paraná Atlantic forests","Rio Grande","Temperate South America"
2888,"IFFSC","Unidade Amostral Floresta 2079","Brazil",-27.134059,-52.381029,"Alto Paraná Atlantic forests","Rio Grande","Temperate South America"
2889,"IFFSC","Unidade Amostral Floresta 2081","Brazil",-27.135006,-52.290003,"Araucaria moist forests","Rio Grande","Temperate South America"
2890,"IFFSC","Unidade Amostral Floresta 2083","Brazil",-27.134312,-52.199248,"Araucaria moist forests","Rio Grande","Temperate South America"
2891,"IFFSC","Unidade Amostral Floresta 2088","Brazil",-27.135001,-51.975002,"Araucaria moist forests","Rio Grande","Temperate South America"
2892,"IFFSC","Unidade Amostral Floresta 2099","Brazil",-27.1348,-51.481073,"Araucaria moist forests","Southeastern Brazil","Temperate South America"
2893,"IFFSC","Unidade Amostral Floresta 2100","Brazil",-27.135004,-51.434998,"Araucaria moist forests","Southeastern Brazil","Temperate South America"
2894,"IFFSC","Unidade Amostral Floresta 2101","Brazil",-27.135814,-51.389733,"Araucaria moist forests","Southeastern Brazil","Temperate South America"
2895,"IFFSC","Unidade Amostral Floresta 2166","Brazil",-27.087986,-53.681889,"Alto Paraná Atlantic forests",NA,NA
2896,"IFFSC","Unidade Amostral Floresta 2170","Brazil",-27.088608,-53.509047,"Alto Paraná Atlantic forests",NA,NA
2897,"IFFSC","Unidade Amostral Floresta 2172","Brazil",-27.089044,-53.415137,"Alto Paraná Atlantic forests",NA,NA
2898,"IFFSC","Unidade Amostral Floresta 2179","Brazil",-27.091454,-53.100085,"Alto Paraná Atlantic forests",NA,NA
2899,"IFFSC","Unidade Amostral Floresta 2194","Brazil",-27.090285,-52.379403,"Araucaria moist forests","Rio Grande","Temperate South America"
2900,"IFFSC","Unidade Amostral Floresta 2195","Brazil",-27.092684,-52.332856,"Araucaria moist forests","Rio Grande","Temperate South America"
2901,"IFFSC","Unidade Amostral Floresta 2216","Brazil",-27.091425,-51.391889,"Araucaria moist forests","Southeastern Brazil","Temperate South America"
2902,"IFFSC","Unidade Amostral Floresta 2281","Brazil",-27.043878,-53.684991,"Alto Paraná Atlantic forests",NA,NA
2903,"IFFSC","Unidade Amostral Floresta 2287","Brazil",-27.047439,-53.415968,"Alto Paraná Atlantic forests",NA,NA
2904,"IFFSC","Unidade Amostral Floresta 2294","Brazil",-27.043863,-53.099622,"Alto Paraná Atlantic forests",NA,NA
2905,"IFFSC","Unidade Amostral Floresta 2310","Brazil",-27.045031,-52.379575,"Araucaria moist forests","Rio Grande","Temperate South America"
2906,"IFFSC","Unidade Amostral Floresta 2406","Brazil",-26.997446,-53.235783,"Alto Paraná Atlantic forests",NA,NA
2907,"IFFSC","Unidade Amostral Floresta 2414","Brazil",-26.998713,-52.876348,"Alto Paraná Atlantic forests",NA,NA
2908,"IFFSC","Unidade Amostral Floresta 2425","Brazil",-27,-52.380002,"Araucaria moist forests","Rio Grande","Temperate South America"
2909,"IFFSC","Unidade Amostral Floresta 2510","Brazil",-26.956534,-53.685675,"Alto Paraná Atlantic forests",NA,NA
2910,"IFFSC","Unidade Amostral Floresta 2512","Brazil",-26.954985,-53.595452,"Alto Paraná Atlantic forests",NA,NA
2911,"IFFSC","Unidade Amostral Floresta 2515","Brazil",-26.955692,-53.459905,"Alto Paraná Atlantic forests",NA,NA
2912,"IFFSC","Unidade Amostral Floresta 2530","Brazil",-26.953829,-52.783777,"Alto Paraná Atlantic forests",NA,NA
2913,"IFFSC","Unidade Amostral Floresta 2531","Brazil",-26.954999,-52.740002,"Alto Paraná Atlantic forests",NA,NA
2914,"IFFSC","Unidade Amostral Floresta 2623","Brazil",-26.909576,-53.641385,"Alto Paraná Atlantic forests",NA,NA
2915,"IFFSC","Unidade Amostral Floresta 2645","Brazil",-26.909251,-52.651533,"Araucaria moist forests",NA,NA
2916,"IFFSC","Unidade Amostral Floresta 2987","Brazil",-26.773474,-52.51587,"Araucaria moist forests",NA,NA
2917,"IFFSC","Unidade Amostral Floresta 3001","Brazil",-26.251303,-50.228433,"Araucaria moist forests","Southeastern Brazil","Temperate South America"
2918,"IFFSC","Unidade Amostral Floresta 3002","Brazil",-26.247251,-50.228881,"Araucaria moist forests","Southeastern Brazil","Temperate South America"
2919,"IFFSC","Unidade Amostral Floresta 3082","Brazil",-26.72888,-53.410384,"Alto Paraná Atlantic forests",NA,NA
2920,"IFFSC","Unidade Amostral Floresta 3097","Brazil",-26.729946,-52.740002,"Alto Paraná Atlantic forests",NA,NA
2921,"IFFSC","Unidade Amostral Floresta 3197","Brazil",-26.68552,-53.279252,"Araucaria moist forests",NA,NA
2922,"IFFSC","Unidade Amostral Floresta 3309","Brazil",-26.640546,-53.280557,"Araucaria moist forests",NA,NA
2923,"IFFSC","Unidade Amostral Floresta 3414","Brazil",-26.59188,-53.418026,"Araucaria moist forests",NA,NA
2924,"IFFSC","Unidade Amostral Floresta 3416","Brazil",-26.595782,-53.32693,"Araucaria moist forests",NA,NA
2925,"IFFSC","Unidade Amostral Floresta 3427","Brazil",-26.591394,-52.828834,"Araucaria moist forests",NA,NA
2926,"IFFSC","Unidade Amostral Floresta 3520","Brazil",-26.547662,-53.413706,"Araucaria moist forests",NA,NA
2927,"IFFSC","Unidade Amostral Floresta 4000","Brazil",-26.861249,-50.963991,"Araucaria moist forests","Southeastern Brazil","Temperate South America"
2928,"IFFSC","Unidade Amostral Floresta 5000","Brazil",-27.6909,-51.136681,"Araucaria moist forests","Rio Grande","Temperate South America"
2929,"IFFSC","Unidade Amostral Floresta 6001","Brazil",-26.308971,-53.285612,"Araucaria moist forests",NA,NA
2930,"IFFSC","Unidade Amostral Floresta 6002","Brazil",-26.328532,-53.293898,"Araucaria moist forests",NA,NA
2931,"IFFSC","Unidade Amostral Floresta 6003","Brazil",-26.400648,-53.298529,"Araucaria moist forests",NA,NA
2932,"IFFSC","Unidade Amostral Floresta 6004","Brazil",-26.432752,-53.301782,"Araucaria moist forests",NA,NA
2933,"IFFSC","Unidade Amostral Floresta 6005","Brazil",-26.471861,-53.377456,"Araucaria moist forests",NA,NA
2934,"IFFSC","Unidade Amostral Floresta 7001","Brazil",-26.469806,-52.571278,"Araucaria moist forests",NA,NA
2935,"IFFSC","Unidade Amostral Floresta 7002","Brazil",-26.465317,-52.564086,"Araucaria moist forests",NA,NA
2936,"IFFSC","Unidade Amostral Floresta 8003","Brazil",-27.717488,-48.527578,"Serra do Mar coastal forests","Southeastern Brazil","Temperate South America"
2937,"IFFSC","Unidade Amostral Floresta 8009","Brazil",-27.449935,-48.6876,"Serra do Mar coastal forests","Southeastern Brazil","Temperate South America"
2938,"IFFSC","Unidade Amostral Floresta 8010","Brazil",-26.349745,-48.563254,"Serra do Mar coastal forests","Southeastern Brazil","Temperate South America"
2939,"IFFSC","Unidade Amostral Floresta 8011","Brazil",-26.030286,-48.801947,"Serra do Mar coastal forests","Southeastern Brazil","Temperate South America"
2940,"IFFSC","Unidade Amostral Floresta 8012","Brazil",-26.393337,-48.610557,"Southern Atlantic mangroves","Southeastern Brazil","Temperate South America"
2941,"IFFSC","Unidade Amostral Floresta 8013","Brazil",-26.853616,-48.645008,"Serra do Mar coastal forests","Southeastern Brazil","Temperate South America"
2942,"IFFSC","Unidade Amostral Floresta 397","Brazil",-27.359997,-51.659999,"Araucaria moist forests","Rio Grande","Temperate South America"
2943,"IFFSC","Unidade Amostral Floresta 403","Brazil",-27.359997,-51.120003,"Araucaria moist forests","Rio Grande","Temperate South America"
2944,"IFFSC","Unidade Amostral Floresta 405","Brazil",-27.36,-50.939998,"Araucaria moist forests","Southeastern Brazil","Temperate South America"
2945,"IFFSC","Unidade Amostral Floresta 491","Brazil",-27.179999,-51.659997,"Araucaria moist forests","Rio Grande","Temperate South America"
2946,"IFFSC","Unidade Amostral Floresta 930","Brazil",-26.460002,-52.200001,"Araucaria moist forests",NA,NA
2947,"IFFSC","Unidade Amostral Floresta 938","Brazil",-26.460001,-50.579998,"Araucaria moist forests","Southeastern Brazil","Temperate South America"
2948,"IFFSC","Unidade Amostral Floresta 1056","Brazil",-26.099996,-50.400004,"Araucaria moist forests","Southeastern Brazil","Temperate South America"
2949,"IFFSC","Unidade Amostral Floresta 863","Brazil",-26.639997,-48.960004,"Serra do Mar coastal forests","Southeastern Brazil","Temperate South America"
2950,"IFFSC","Unidade Amostral Floresta 1021","Brazil",-26.280002,-49.500003,"Araucaria moist forests","Southeastern Brazil","Temperate South America"
2951,"IFFSC","Unidade Amostral Estágio inicial 610","Brazil",-27.000002,-51.480004,"Araucaria moist forests","Southeastern Brazil","Temperate South America"
2952,"IFFSC","Unidade Amostral Estágio inicial 276","Brazil",-27.719997,-49.680002,"Araucaria moist forests","Southeastern Brazil","Temperate South America"
2953,"IFFSC","Unidade Amostral Estágio inicial 616","Brazil",-27.000003,-50.939999,"Araucaria moist forests","Southeastern Brazil","Temperate South America"
2954,"IFFSC","Unidade Amostral Estágio inicial 68","Brazil",-28.440238,-50.070529,"Araucaria moist forests","Rio Grande","Temperate South America"
2955,"IFFSC","Unidade Amostral Estágio inicial 72","Brazil",-28.439998,-49.68,"Araucaria moist forests","Rio Grande","Temperate South America"
2956,"IFFSC","Unidade Amostral Estágio inicial 111","Brazil",-28.26,-50.039995,"Araucaria moist forests","Rio Grande","Temperate South America"
2957,"IFFSC","Unidade Amostral Estágio inicial 125","Brazil",-28.260003,-48.780001,"Serra do Mar coastal forests","Southeastern Brazil","Temperate South America"
2958,"IFFSC","Unidade Amostral Estágio inicial 158","Brazil",-28.08,-50.220002,"Araucaria moist forests","Rio Grande","Temperate South America"
2959,"IFFSC","Unidade Amostral Estágio inicial 162","Brazil",-28.08,-49.859999,"Araucaria moist forests","Rio Grande","Temperate South America"
2960,"IFFSC","Unidade Amostral Estágio inicial 164","Brazil",-28.080002,-49.680002,"Araucaria moist forests","Southeastern Brazil","Temperate South America"
2961,"IFFSC","Unidade Amostral Estágio inicial 168","Brazil",-28.080002,-49.32,"Araucaria moist forests","Southeastern Brazil","Temperate South America"
2962,"IFFSC","Unidade Amostral Estágio inicial 216","Brazil",-27.899998,-49.679999,"Araucaria moist forests","Southeastern Brazil","Temperate South America"
2963,"IFFSC","Unidade Amostral Estágio inicial 222","Brazil",-27.900003,-49.139996,"Araucaria moist forests","Southeastern Brazil","Temperate South America"
2964,"IFFSC","Unidade Amostral Estágio inicial 258","Brazil",-27.72,-51.300003,"Araucaria moist forests","Rio Grande","Temperate South America"
2965,"IFFSC","Unidade Amostral Estágio inicial 264","Brazil",-27.72,-50.760002,"Araucaria moist forests","Rio Grande","Temperate South America"
2966,"IFFSC","Unidade Amostral Estágio inicial 274","Brazil",-27.72,-49.860003,"Araucaria moist forests","Southeastern Brazil","Temperate South America"
2967,"IFFSC","Unidade Amostral Estágio inicial 278","Brazil",-27.719996,-49.499999,"Araucaria moist forests","Southeastern Brazil","Temperate South America"
2968,"IFFSC","Unidade Amostral Estágio inicial 280","Brazil",-27.720003,-49.320004,"Araucaria moist forests","Southeastern Brazil","Temperate South America"
2969,"IFFSC","Unidade Amostral Estágio inicial 327","Brazil",-27.54,-50.940002,"Araucaria moist forests","Rio Grande","Temperate South America"
2970,"IFFSC","Unidade Amostral Estágio inicial 339","Brazil",-27.539997,-49.860003,"Araucaria moist forests","Southeastern Brazil","Temperate South America"
2971,"IFFSC","Unidade Amostral Estágio inicial 393","Brazil",-27.359998,-52.019997,"Araucaria moist forests","Rio Grande","Temperate South America"
2972,"IFFSC","Unidade Amostral Estágio inicial 399","Brazil",-27.36,-51.48,"Araucaria moist forests","Rio Grande","Temperate South America"
2973,"IFFSC","Unidade Amostral Estágio inicial 407","Brazil",-27.359996,-50.760004,"Araucaria moist forests","Southeastern Brazil","Temperate South America"
2974,"IFFSC","Unidade Amostral Estágio inicial 417","Brazil",-27.359999,-49.860002,"Serra do Mar coastal forests","Southeastern Brazil","Temperate South America"
2975,"IFFSC","Unidade Amostral Estágio inicial 474","Brazil",-27.18,-53.639999,"Alto Paraná Atlantic forests",NA,NA
2976,"IFFSC","Unidade Amostral Estágio inicial 475","Brazil",-27.180002,-53.279997,"Alto Paraná Atlantic forests",NA,NA
2977,"IFFSC","Unidade Amostral Estágio inicial 477","Brazil",-27.179997,-52.920002,"Alto Paraná Atlantic forests","Rio Grande","Temperate South America"
2978,"IFFSC","Unidade Amostral Estágio inicial 511","Brazil",-27.179997,-49.86,"Serra do Mar coastal forests","Southeastern Brazil","Temperate South America"
2979,"IFFSC","Unidade Amostral Estágio inicial 588","Brazil",-26.999997,-53.460002,"Alto Paraná Atlantic forests",NA,NA
2980,"IFFSC","Unidade Amostral Estágio inicial 608","Brazil",-26.999996,-51.660001,"Araucaria moist forests","Southeastern Brazil","Temperate South America"
2981,"IFFSC","Unidade Amostral Estágio inicial 618","Brazil",-27.000001,-50.759997,"Araucaria moist forests","Southeastern Brazil","Temperate South America"
2982,"IFFSC","Unidade Amostral Estágio inicial 626","Brazil",-27.000004,-50.040002,"Serra do Mar coastal forests","Southeastern Brazil","Temperate South America"
2983,"IFFSC","Unidade Amostral Estágio inicial 701","Brazil",-26.82,-53.460004,"Alto Paraná Atlantic forests",NA,NA
2984,"IFFSC","Unidade Amostral Estágio inicial 705","Brazil",-26.819999,-53.100005,"Alto Paraná Atlantic forests",NA,NA
2985,"IFFSC","Unidade Amostral Estágio inicial 735","Brazil",-26.820003,-50.400003,"Araucaria moist forests","Southeastern Brazil","Temperate South America"
2986,"IFFSC","Unidade Amostral Estágio inicial 813","Brazil",-26.639999,-53.64,"Alto Paraná Atlantic forests",NA,NA
2987,"IFFSC","Unidade Amostral Estágio inicial 827","Brazil",-26.640002,-52.379997,"Araucaria moist forests",NA,NA
2988,"IFFSC","Unidade Amostral Estágio inicial 829","Brazil",-26.640002,-52.199997,"Araucaria moist forests",NA,NA
2989,"IFFSC","Unidade Amostral Estágio inicial 831","Brazil",-26.639998,-52.02,"Araucaria moist forests","Southeastern Brazil","Temperate South America"
2990,"IFFSC","Unidade Amostral Estágio inicial 922","Brazil",-26.46,-52.919996,"Araucaria moist forests",NA,NA
2991,"IFFSC","Unidade Amostral Estágio inicial 924","Brazil",-26.459996,-52.740004,"Araucaria moist forests",NA,NA
2992,"IFFSC","Unidade Amostral Estágio inicial 940","Brazil",-26.459999,-50.400005,"Araucaria moist forests","Southeastern Brazil","Temperate South America"
2993,"IFFSC","Unidade Amostral Estágio inicial 1004","Brazil",-26.279998,-51.120003,"Araucaria moist forests","Southeastern Brazil","Temperate South America"
2994,"IFFSC","Unidade Amostral Estágio inicial 1009","Brazil",-26.280003,-50.579997,"Araucaria moist forests","Southeastern Brazil","Temperate South America"
2995,"IFFSC","Unidade Amostral Estágio inicial 1064","Brazil",-26.100001,-49.139997,"Araucaria moist forests","Southeastern Brazil","Temperate South America"
2996,"IFFSC","Unidade Amostral Estágio inicial 4303","Brazil",-27.179998,-52.38,"Alto Paraná Atlantic forests","Rio Grande","Temperate South America"
2997,"IFFSC","Unidade Amostral Estágio inicial 4304","Brazil",-26.819996,-51.120003,"Araucaria moist forests","Southeastern Brazil","Temperate South America"
2998,"IFFSC","Unidade Amostral Estágio inicial 272","Brazil",-27.720002,-50.04,"Araucaria moist forests","Southeastern Brazil","Temperate South America"
2999,"IFFSC","Unidade Amostral Estágio inicial 630","Brazil",-26.999998,-49.679999,"Serra do Mar coastal forests","Southeastern Brazil","Temperate South America"
3000,"IFFSC","Unidade Amostral Estágio inicial 632","Brazil",-27.000001,-49.499998,"Serra do Mar coastal forests","Southeastern Brazil","Temperate South America"
3001,"Igarapes","Reserva Florestal Adolpho Ducke","Brazil",-2.94,-59.96,"Uatuma-Trombetas moist forests",NA,NA
3002,"Igarapes","ARIEs PDBFF","Brazil",-2.45,-59.75,"Uatuma-Trombetas moist forests",NA,NA
3003,"Igarapes","APA de Alter do Chão","Brazil",-2.5,-54.92,"Tapajós-Xingu moist forests","Amazonia","Tropical Atlantic"
3004,"LTER-CRSC_insects","Parque Nacional da Serra do Cipó_Sede Ibama","Brazil",-19.35916667,-43.60805556,"Cerrado","Eastern Brazil","Tropical Atlantic"
3005,"LTER-CRSC_insects","Quadrante 16","Brazil",-19.29666667,-43.59083333,"Cerrado","Eastern Brazil","Tropical Atlantic"
3006,"LTER-CRSC_insects","Pedra do Elefante","Brazil",-19.29416667,-43.55527778,"Cerrado","Eastern Brazil","Tropical Atlantic"
3007,"LTER-CRSC_insects","Parque Nacional da Serra do Cipó_Alto Palácio","Brazil",-19.26833333,-43.535,"Campos Rupestres montane savanna","Eastern Brazil","Tropical Atlantic"
3008,"LTER-CRSC_insects","Capão 8","Brazil",-19.255367,-43.512689,"Campos Rupestres montane savanna","Eastern Brazil","Tropical Atlantic"
3009,"LTER-CRSC_insects","Capão 9","Brazil",-19.25501,-43.516946,"Campos Rupestres montane savanna","Eastern Brazil","Tropical Atlantic"
3010,"LTER-CRSC_insects","Capão 6","Brazil",-19.252991,-43.552071,"Campos Rupestres montane savanna","Eastern Brazil","Tropical Atlantic"
3011,"LTER-CRSC_insects","Capão 11","Brazil",-19.24794,-43.550889,"Campos Rupestres montane savanna","Eastern Brazil","Tropical Atlantic"
3012,"LTER-CRSC_insects","Capão 12","Brazil",-19.246232,-43.552304,"Campos Rupestres montane savanna","Eastern Brazil","Tropical Atlantic"
3013,"LTER-CRSC_insects","Capão 7","Brazil",-19.244698,-43.555735,"Cerrado","Eastern Brazil","Tropical Atlantic"
3014,"LTER-CRSC_insects","Capão 13","Brazil",-19.24394,-43.553965,"Campos Rupestres montane savanna","Eastern Brazil","Tropical Atlantic"
3015,"LTER-CRSC_insects","Capão 10","Brazil",-19.242884,-43.542312,"Campos Rupestres montane savanna","Eastern Brazil","Tropical Atlantic"
3016,"LTER-CRSC_insects","Capão 5","Brazil",-19.239234,-43.540586,"Campos Rupestres montane savanna","Eastern Brazil","Tropical Atlantic"
3017,"LTER-CRSC_insects","Cedro Cachoeira Indústria Têxtil","Brazil",-19.23277778,-43.57916667,"Cerrado","Eastern Brazil","Tropical Atlantic"
3018,"LTER-CRSC_insects","Capão 4","Brazil",-19.226279,-43.515548,"Campos Rupestres montane savanna","Eastern Brazil","Tropical Atlantic"
3019,"LTER-CRSC_insects","Capão 1","Brazil",-19.217215,-43.507964,"Campos Rupestres montane savanna","Eastern Brazil","Tropical Atlantic"
3020,"LTER-CRSC_insects","Capão 2","Brazil",-19.215346,-43.510812,"Campos Rupestres montane savanna","Eastern Brazil","Tropical Atlantic"
3021,"LTER-CRSC_insects","Capão 3","Brazil",-19.213237,-43.512836,"Campos Rupestres montane savanna","Eastern Brazil","Tropical Atlantic"
3022,"LTER-CRSC_insects","Capão 14","Brazil",-19.199496,-43.508773,"Campos Rupestres montane savanna","Eastern Brazil","Tropical Atlantic"
3023,"LTER-CRSC_insects","Usina","Brazil",-19.16178,-43.36181,"Bahia interior forests","Eastern Brazil","Tropical Atlantic"
3024,"LTER-CRSC_insects","Serra Morena","Brazil",-19.15506,-43.35103,"Bahia interior forests","Eastern Brazil","Tropical Atlantic"
3025,"Mam.P8","Parque Oito Cachoeiras","Brazil",-29.4554,-50.5559,"Araucaria moist forests","Rio Grande","Temperate South America"
3026,"MBS","Rio Verde A","Brazil",-20.896928,-52.187488,"Cerrado",NA,NA
3027,"MBS","Matão","Brazil",-20.431865,-51.859278,"Cerrado",NA,NA
3028,"MBS","Barra do Moeda","Brazil",-20.956638,-51.821904,"Cerrado",NA,NA
3029,"MBS","Abasto","Brazil",-20.689294,-52.429447,"Cerrado",NA,NA
3030,"MBS","Duas Marias","Brazil",-20.959067,-52.349303,"Cerrado",NA,NA
3031,"MBS","Bloco Boa Esperança","Brazil",-5.05623351,-47.69554325,"Tocantins/Pindare moist forests","Amazonia","Tropical Atlantic"
3032,"MBS","Bloco Jurema","Brazil",-20.956638,-51.821904,"Cerrado",NA,NA
3033,"MBS","Itabaiana","Brazil",-5.07993534,-52.429447,"Xingu-Tocantins-Araguaia moist forests","Amazonia","Tropical Atlantic"
3034,"MBS","São Bento","Brazil",-20.959067,-47.80981427,"Cerrado","Southeastern Brazil","Temperate South America"
3035,"MBS","Santa Maria HM","Brazil",-4.36,-47.9,"Tocantins/Pindare moist forests","Amazonia","Tropical Atlantic"
3036,"MBS","Chalé II","Brazil",-5.14,-48.35,"Tocantins/Pindare moist forests","Amazonia","Tropical Atlantic"
3037,"MBS","Califórnia","Brazil",-2.96477348,-47.26627441,"Tocantins/Pindare moist forests","Amazonia","Tropical Atlantic"
3038,"MBS","Paraíso","Brazil",-2.950716,-47.22953887,"Tocantins/Pindare moist forests","Amazonia","Tropical Atlantic"
3039,"MBS","Sayonara","Brazil",-3.48,-47.61,"Tocantins/Pindare moist forests","Amazonia","Tropical Atlantic"
3040,"MBS","Senhor do Bonfim I","Brazil",-2.96,-47.15,"Tocantins/Pindare moist forests","Amazonia","Tropical Atlantic"
3041,"MBS","Senhor do Bonfim II","Brazil",-3.46799955,-47.14684519,"Tocantins/Pindare moist forests","Amazonia","Tropical Atlantic"
3042,"MBS","Tamboril","Brazil",-6.52537589,-47.91900168,"Mato Grosso seasonal forests",NA,NA
3043,"MBS","São Roque","Brazil",-6.68423925,-47.90051324,"Mato Grosso seasonal forests",NA,NA
3044,"MBS","Surpresa","Brazil",-4.25,-47.15,"Tocantins/Pindare moist forests","Amazonia","Tropical Atlantic"
3045,"MBS","Maab","Brazil",-6.44768469,-47.94354926,"Cerrado",NA,NA
3046,"MBS","Alcoprado","Brazil",-19.71138201,-39.99816672,"Bahia coastal forests","Eastern Brazil","Tropical Atlantic"
3047,"MBS","Complexo Aparaju","Brazil",-17.646387,-39.305255,"Southern Atlantic mangroves","Eastern Brazil","Tropical Atlantic"
3048,"MBS","Complexo Rio Itanhentinga","Brazil",-17.379768,-39.290341,"Bahia coastal forests","Eastern Brazil","Tropical Atlantic"
3049,"MBS","Fábrica","Brazil",-18.086157,-39.92127,"Bahia coastal forests","Eastern Brazil","Tropical Atlantic"
3050,"MBS","Muçunungas de Juerana","Brazil",-17.682159,-39.479502,"Bahia coastal forests","Eastern Brazil","Tropical Atlantic"
3051,"MBS","Peruípe","Brazil",-17.78982227,-39.40979143,"Bahia coastal forests","Eastern Brazil","Tropical Atlantic"
3052,"MBS","Bloco 43 - CB","Brazil",-18.27617521,-39.79334464,"Bahia coastal forests","Eastern Brazil","Tropical Atlantic"
3053,"MBS","Bloco G8","Brazil",-18.34042844,-39.80089604,"Bahia coastal forests","Eastern Brazil","Tropical Atlantic"
3054,"MBS","Complexo RPPNs Mutum Preto e Recanto das Antas","Brazil",-19.05810582,-39.98436291,"Bahia coastal forests","Eastern Brazil","Tropical Atlantic"
3055,"MBS","Fazenda Agril","Brazil",-19.58066925,-39.99670529,"Bahia coastal forests","Eastern Brazil","Tropical Atlantic"
3056,"MBS","RPPN Restinga de Aracruz","Brazil",-19.7001909,-39.98805519,"Bahia coastal forests","Eastern Brazil","Tropical Atlantic"
3057,"MBS","Santa Helena I","Brazil",-18.35477872,-39.71732312,"Bahia coastal forests","Eastern Brazil","Tropical Atlantic"
3058,"MBS","Água Vermelha","Brazil",-18.21725122,-39.72674464,"Bahia coastal forests","Eastern Brazil","Tropical Atlantic"
3059,"MBS","Bloco 02","Brazil",-17.6679906,-39.36810449,"Southern Atlantic mangroves","Eastern Brazil","Tropical Atlantic"
3060,"MBS","Bloco 34","Brazil",-17.9487975,-39.69177809,"Bahia coastal forests","Eastern Brazil","Tropical Atlantic"
3061,"MBS","Bloco 48","Brazil",-17.4316872,-39.37265591,"Bahia coastal forests","Eastern Brazil","Tropical Atlantic"
3062,"MBS","Brasília","Brazil",-17.5812874,-40.63420241,"Bahia interior forests","Eastern Brazil","Tropical Atlantic"
3063,"MBS","Panorama","Brazil",-17.93608981,-40.42766052,"Bahia coastal forests","Eastern Brazil","Tropical Atlantic"
3064,"MBS","Entre Rios","Brazil",-23.263627,-48.446456,"Cerrado","Southeastern Brazil","Temperate South America"
3065,"MBS","São Sebastião do Rib. Grande","Brazil",-22.75230556,-45.46990128,"Alto Paraná Atlantic forests","Southeastern Brazil","Temperate South America"
3066,"MBS","Tijuco","Brazil",-23.944308,-48.424403,"Alto Paraná Atlantic forests","Southeastern Brazil","Temperate South America"
3067,"MBS","Suina","Brazil",-23.99057443,-48.46274802,"Alto Paraná Atlantic forests","Southeastern Brazil","Temperate South America"
3068,"MBS","Rio Claro","Brazil",-22.77682477,-48.95297564,"Cerrado","Southeastern Brazil","Temperate South America"
3069,"MBS","Montes Claros","Brazil",-23.04390626,-46.03097569,"Serra do Mar coastal forests","Southeastern Brazil","Temperate South America"
3070,"MBS","Siriema","Brazil",-22.25734265,-47.90460655,"Cerrado","Southeastern Brazil","Temperate South America"
3071,"MBS","Capanhão","Brazil",-23.66788698,-45.99392898,"Serra do Mar coastal forests","Southeastern Brazil","Temperate South America"
3072,"MBS","Ibiti","Brazil",-24.26386695,-49.29688682,"Cerrado","Southeastern Brazil","Temperate South America"
3073,"MBS","Bloco Boa Esperança","Brazil",-5.05623351,-47.69554325,"Tocantins/Pindare moist forests","Amazonia","Tropical Atlantic"
3074,"MBS","Bloco Jurema","Brazil",-22.25734265,-47.90460655,"Cerrado","Southeastern Brazil","Temperate South America"
3075,"MBS","Itabaiana","Brazil",-5.07993534,-45.99392898,"Maranhão Babaçu forests","Amazonia","Tropical Atlantic"
3076,"MBS","São Bento","Brazil",-24.26386695,-47.80981427,"Serra do Mar coastal forests","Southeastern Brazil","Temperate South America"
3077,"MBS","Santa Maria HM","Brazil",-4.36553972,-47.90752545,"Tocantins/Pindare moist forests","Amazonia","Tropical Atlantic"
3078,"MBS","Chalé II","Brazil",-5.14,-48.35,"Tocantins/Pindare moist forests","Amazonia","Tropical Atlantic"
3079,"MBS","Califórnia","Brazil",-2.96477348,-47.26627441,"Tocantins/Pindare moist forests","Amazonia","Tropical Atlantic"
3080,"MBS","Paraíso","Brazil",-2.950716,-47.22953887,"Tocantins/Pindare moist forests","Amazonia","Tropical Atlantic"
3081,"MBS","Sayonara","Brazil",-3.48736105,-47.61078492,"Tocantins/Pindare moist forests","Amazonia","Tropical Atlantic"
3082,"MBS","Senhor do Bonfim I","Brazil",-2.96,-47.15,"Tocantins/Pindare moist forests","Amazonia","Tropical Atlantic"
3083,"MBS","Senhor do Bonfim II","Brazil",-3.46799955,-47.14684519,"Tocantins/Pindare moist forests","Amazonia","Tropical Atlantic"
3084,"MBS","Tamboril","Brazil",-6.52537589,-47.91900168,"Mato Grosso seasonal forests",NA,NA
3085,"MBS","São Roque","Brazil",-6.68423925,-47.90051324,"Mato Grosso seasonal forests",NA,NA
3086,"MBS","Surpresa","Brazil",-4.25,-47.15,"Tocantins/Pindare moist forests","Amazonia","Tropical Atlantic"
3087,"MBS","Maab","Brazil",-6.44768469,-47.94354926,"Cerrado",NA,NA
3088,"Mon.CEP","Estação Ecológica do Tapacurá","Brazil",-8.0378,-35.1967,"Pernambuco interior forests","Northeastern Brazil","Tropical Atlantic"
3089,"PCMCV","Parque Nacional da Chapada dos Veadeiros","Brazil",-14.0951,-47.7003,"Cerrado",NA,NA
3090,"Mon.RBSG","Reserva Biológica da Serra Geral","Brazil",-29.5871,-50.186,"Serra do Mar coastal forests","Rio Grande","Temperate South America"
3091,"Monit.Flittoralis","Parque Estadual da Costa do Sol - APA Massambaba - Araruama","Brazil",-22.936578,-42.293264,"Serra do Mar coastal forests","Southeastern Brazil","Temperate South America"
3092,"Monit.Flittoralis","Parque Estadual da Costa do Sol - APA Massambaba - Arraial do Cabo 1","Brazil",-22.943611,-42.083611,"Serra do Mar coastal forests","Southeastern Brazil","Temperate South America"
3093,"Monit.Flittoralis","Parque Estadual da Costa do Sol - APA Massambaba - Arraial do Cabo 2","Brazil",-22.938611,-42.268889,"Serra do Mar coastal forests","Southeastern Brazil","Temperate South America"
3094,"Monit.Flittoralis","Parque Estadual da Costa do Sol - Armação dos Búzios - Tucuns","Brazil",-22.804444,-41.931389,"Serra do Mar coastal forests","Eastern Brazil","Tropical Atlantic"
3095,"Monit.Flittoralis","Arraial do Cabo - Ilha de Cabo Frio","Brazil",-23.002392,-42.00834,"Serra do Mar coastal forests","Southeastern Brazil","Temperate South America"
3096,"Monit.Flittoralis","Parque Estadual da Costa do Sol - Cabo Frio - Praia das Conchas","Brazil",-22.871667,-41.986389,"Serra do Mar coastal forests","Eastern Brazil","Tropical Atlantic"
3097,"Monit.Flittoralis","ARIE - Formigueiro do litoral - Jaconé - Saquarema","Brazil",-22.93176,-42.60292,"Serra do Mar coastal forests","Southeastern Brazil","Temperate South America"
3098,"Monit.Flittoralis","Ponta Negra - Maricá","Brazil",-22.940833,-42.666389,"Serra do Mar coastal forests","Southeastern Brazil","Temperate South America"
3099,"Monit.Flittoralis","Peró - Cabo Frio","Brazil",-22.8525,-41.991111,"Serra do Mar coastal forests","Eastern Brazil","Tropical Atlantic"
3100,"Monit.Flittoralis","APA de Massambaba - Morro do Governo - Iguaba Grande","Brazil",-22.85383,-42.1969,"Serra do Mar coastal forests","Southeastern Brazil","Temperate South America"
3101,"Monitora.Mar.Mgz","Nucleo de Gestão Integrada Antonina EA1","Brazil",-25.30477,-48.42397,NA,"Southeastern Brazil","Temperate South America"
3102,"Monitora.Ter.Flo","Esec Alto Maués EA1","Brazil",-5.00907,-58.00059,"Madeira-Tapajós moist forests",NA,NA
3103,"Monitora.Ter.Flo","Esec Alto Maués EA2","Brazil",-5.00028,-58.01202,"Madeira-Tapajós moist forests",NA,NA
3104,"Monitora.Mar.Mgz","ESEC de Carijós Estação Amostral 1","Brazil",-27.46619,-48.52086,"Southern Atlantic mangroves","Southeastern Brazil","Temperate South America"
3105,"Monitora.Mar.Mgz","ESEC de Carijós Estação Amostral 2","Brazil",-27.46752,-48.50495,"Southern Atlantic mangroves","Southeastern Brazil","Temperate South America"
3106,"Monitora.Mar.Mgz","ESEC de Carijós Estação Amostral 3","Brazil",-27.55084,-48.50875,"Southern Atlantic mangroves","Southeastern Brazil","Temperate South America"
3107,"Monitora.Mar.Mgz","Nucleo de Gestão Integrada Antonina EA2","Brazil",-25.31325,-48.36134,NA,"Southeastern Brazil","Temperate South America"
3108,"Monitora.Ter.Flo","Esec Maracá EA1","Brazil",3.38715,-61.44206,"Guianan savanna",NA,NA
3109,"Monitora.Ter.Flo","Esec Maracá EA2","Brazil",3.42947,-61.6447,"Guianan piedmont and lowland moist forests",NA,NA
3110,"Monitora.Ter.Flo","Esec Maracá EA3","Brazil",3.38628,-61.58929,"Guianan piedmont and lowland moist forests",NA,NA
3111,"Monitora.Aq.Ig","ESEC Maracá EA1","Brazil",3.379,-61.47492,"Guianan savanna",NA,NA
3112,"Monitora.Aq.Ig","ESEC Maracá EA2","Brazil",3.39306,-61.58386,"Guianan piedmont and lowland moist forests",NA,NA
3113,"Monitora.Aq.Ig","ESEC Maracá EA3","Brazil",3.39142,-61.6425,"Guianan piedmont and lowland moist forests",NA,NA
3114,"Monitora.Aq.Ig","ESEC Maracá EA4","Brazil",3.36956,-61.45286,"Guianan savanna",NA,NA
3115,"Monitora.Aq.Ig","ESEC Maracá EA5","Brazil",3.40597,-61.47339,"Guianan savanna",NA,NA
3116,"Monitora.Aq.Ig","ESEC Maracá EA6","Brazil",3.37158,-61.48861,"Guianan savanna",NA,NA
3117,"Monitora.Aq.Ig","ESEC Maracá EA7","Brazil",3.40503,-61.45211,"Guianan savanna",NA,NA
3118,"Monitora.Aq.Ig","ESEC Maracá EA8","Brazil",3.40342,-61.64475,"Guianan piedmont and lowland moist forests",NA,NA
3119,"Monitora.Aq.Ig","ESEC Maracá EA9","Brazil",3.38344,-61.66283,"Guianan piedmont and lowland moist forests",NA,NA
3120,"Monitora.Ter","Esec Maracá Grid","Brazil",3.38715,-61.44206,"Guianan savanna",NA,NA
3121,"Monitora.Mar.Mgz","ESEC de Maracá Jipioca Estação Amostral 1","Brazil",1.92392,-50.46517,NA,"Amazonia","Tropical Atlantic"
3122,"Monitora.Mar.Mgz","ESEC de Maracá Jipioca Estação Amostral 2","Brazil",1.91606,-50.46183,NA,"Amazonia","Tropical Atlantic"
3123,"Monitora.Mar.Mgz","ESEC de Maracá Jipioca Estação Amostral 3","Brazil",2.11903,-50.43289,"Marajó varzeá","Amazonia","Tropical Atlantic"
3124,"Monitora.Mar.Pr","Estação Ecologica Maracá-Jipioca","Brazil",2.12382,-50.44056,"Marajó varzeá","Amazonia","Tropical Atlantic"
3125,"Monitora.Ter.Flo","Esec Niquiá EA1","Brazil",0.81556,-61.65003,"Uatuma-Trombetas moist forests",NA,NA
3126,"Monitora.Ter.Flo","Esec Riozinho do Anfrísio EA1","Brazil",-4.97863,-54.62222,"Tapajós-Xingu moist forests",NA,NA
3127,"Monitora.Ter.Flo","Esec Riozinho do Anfrísio EA2","Brazil",-4.92995,-55.15484,"Tapajós-Xingu moist forests",NA,NA
3128,"Monitora.Ter.Flo","Esec Riozinho do Anfrísio EA3","Brazil",-5.24688,-55.30637,"Tapajós-Xingu moist forests",NA,NA
3129,"Monitora.Ter.Flo","Esec Serra Geral do Tocantins EA1","Brazil",-10.71469,-45.98607,"Cerrado",NA,NA
3130,"Monitora.Ter.Flo","Esec Serra Geral do Tocantins EA2","Brazil",-10.66921,-45.96735,"Cerrado",NA,NA
3131,"Monitora.Ter.Flo","ESEC Terra do Meio EA1","Brazil",-4.75451,-53.60111,"Tapajós-Xingu moist forests","Amazonia","Tropical Atlantic"
3132,"Monitora.Ter.Flo","ESEC Terra do Meio EA2","Brazil",-4.78583,-53.53495,"Tapajós-Xingu moist forests","Amazonia","Tropical Atlantic"
3133,"Monitora.Ter.Flo","ESEC Terra do Meio EA3","Brazil",-4.64682,-53.57511,"Tapajós-Xingu moist forests","Amazonia","Tropical Atlantic"
3134,"Monitora.Ter","ESEC Terra do Meio Grid","Brazil",-4.69825,-53.57943,"Tapajós-Xingu moist forests","Amazonia","Tropical Atlantic"
3135,"Monitora.Ter","Flona Jamari - EA2 Grid Manejo Florestal","Brazil",-9.3721158,-63.0308809,"Madeira-Tapajós moist forests",NA,NA
3136,"Monitora.Ter.Flo","Flona de Jamari EA1","Brazil",-9.44472,-62.82194,"Madeira-Tapajós moist forests",NA,NA
3137,"Monitora.Ter.Flo","Flona de Jamari EA2","Brazil",-9.27889,-62.91306,"Madeira-Tapajós moist forests",NA,NA
3138,"Monitora.Ter.Flo","Flona de Jamari EA3","Brazil",-9.02389,-62.92028,"Madeira-Tapajós moist forests",NA,NA
3139,"Monitora.Ter.Flo","Flona de Jamari EA4","Brazil",-9.29584,-62.81891,"Madeira-Tapajós moist forests",NA,NA
3140,"Monitora.Ter","Flona de Jamari Grid","Brazil",-9.257,-62.91501,"Madeira-Tapajós moist forests",NA,NA
3141,"Monitora.Mar.Ilha","Monumento Natural das ilhas de Trindade e Martim Vaz e do Monte Columbia","Brazil",-20.50465,-29.33115,NA,"Trindade and Martin Vaz Islands","Tropical Atlantic"
3142,"Monitora.Ter.Flo","Parna da Amazônia EA1","Brazil",-4.47825,-56.2895,"Madeira-Tapajós moist forests",NA,NA
3143,"Monitora.Ter.Flo","Parna da Amazônia EA2","Brazil",-4.52974,-56.31263,"Madeira-Tapajós moist forests",NA,NA
3144,"Monitora.Ter.Flo","Parna da Amazônia EA3","Brazil",-4.61752,-56.39309,"Madeira-Tapajós moist forests",NA,NA
3145,"Monitora.Ter.Flo","Parna da Chapada dos Veadeiros EA1","Brazil",-14.06611,-47.638,"Cerrado",NA,NA
3146,"Monitora.Mar.Pr","Parque Nacional da Lagoa do Peixe - Estação Amostral 1","Brazil",-31.1163,-50.84117,"Uruguayan savanna","Rio Grande","Temperate South America"
3147,"Monitora.Mar.Pr","Parque Nacional da Lagoa do Peixe - Estação Amostral 2","Brazil",-31.25916,-50.97249,"Uruguayan savanna","Rio Grande","Temperate South America"
3148,"Monitora.Mar.Pr","Parque Nacional da Lagoa do Peixe - Estação Amostral 3","Brazil",-31.24547,-50.89952,"Uruguayan savanna","Rio Grande","Temperate South America"
3149,"Monitora.Mar.Pr","Parque Nacional da Lagoa do Peixe - Estação Amostral 4","Brazil",-31.27722,-50.93637,"Uruguayan savanna","Rio Grande","Temperate South America"
3150,"Monitora.Mar.Pr","Parque Nacional da Lagoa do Peixe - Estação Amostral 5","Brazil",-31.35523,-51.04875,"Uruguayan savanna","Rio Grande","Temperate South America"
3151,"Monitora.Mar.Pr","Parque Nacional da Restinga de Jurubatiba - Estação Amostral 1","Brazil",-22.2055,-41.46386,"Atlantic Coast restingas","Eastern Brazil","Tropical Atlantic"
3152,"Monitora.Mar.Pr","Parque Nacional da Restinga de Jurubatiba - Estação Amostral 2","Brazil",-22.21152,-41.49113,"Atlantic Coast restingas","Eastern Brazil","Tropical Atlantic"
3153,"Monitora.Mar.Pr","Parque Nacional da Restinga de Jurubatiba - Estação Amostral 3","Brazil",-22.20033,-41.45025,"Atlantic Coast restingas","Eastern Brazil","Tropical Atlantic"
3154,"Monitora.Mar.Pr","Parque Nacional da Restinga de Jurubatiba - Estação Amostral 4","Brazil",-22.19502,-41.43331,"Atlantic Coast restingas","Eastern Brazil","Tropical Atlantic"
3155,"Monitora.Mar.Pr","Parque Nacional da Restinga de Jurubatiba - Estação Amostral 5","Brazil",-22.19009,-41.41452,"Atlantic Coast restingas","Eastern Brazil","Tropical Atlantic"
3156,"Monitora.Mar.Pr","Parque Nacional da Restinga de Jurubatiba - Estação Amostral 6","Brazil",-22.18685,-41.39864,"Atlantic Coast restingas","Eastern Brazil","Tropical Atlantic"
3157,"Monitora.Mar.Pr","Parque Nacional da Restinga de Jurubatiba - Estação Amostral 7","Brazil",-22.18396,-41.38472,"Atlantic Coast restingas","Eastern Brazil","Tropical Atlantic"
3158,"Monitora.Mar.Pr","Parque Nacional da Restinga de Jurubatiba - Estação Amostral 8","Brazil",-22.16653,-41.32078,"Atlantic Coast restingas","Eastern Brazil","Tropical Atlantic"
3159,"Monitora.Mar.Pr","Parque Nacional da Restinga de Jurubatiba - Estação Amostral 9","Brazil",-22.14651,-41.24902,"Atlantic Coast restingas","Eastern Brazil","Tropical Atlantic"
3160,"Monitora.Ter.Flo","Parna da Serra da Bocaina EA1","Brazil",-22.82493,-44.62348,"Serra do Mar coastal forests","Southeastern Brazil","Temperate South America"
3161,"Monitora.Ter.Flo","Parna da Serra da Bodoquena EA1","Brazil",-21.49906,-56.74328,"Cerrado",NA,NA
3162,"Monitora.Ter.Flo","Parna da Serra da Bodoquena EA2","Brazil",-21.10767,-56.64066,"Cerrado",NA,NA
3163,"Monitora.Ter.Flo","Parna da Serra da Cutia EA1","Brazil",-11.71836,-64.86731,"Madeira-Tapajós moist forests",NA,NA
3164,"Monitora.Ter.Flo","Parna da Serra da Cutia EA2","Brazil",-11.75078,-64.84322,"Madeira-Tapajós moist forests",NA,NA
3165,"Monitora.Ter.Flo","Parna da Serra da Cutia EA3","Brazil",-11.7935,-64.79917,"Madeira-Tapajós moist forests",NA,NA
3166,"Monitora.Aq.Ig","Bloco Roraima - Ucs Baixo Rio Branco EA1","Brazil",1.382,-61.68367,"Guianan piedmont and lowland moist forests",NA,NA
3167,"Monitora.Aq.Ig","Bloco Roraima - Ucs Baixo Rio Branco EA2","Brazil",1.39583,-61.66917,"Guianan piedmont and lowland moist forests",NA,NA
3168,"Monitora.Aq.Ig","Bloco Roraima - Ucs Baixo Rio Branco EA3","Brazil",1.08728,-61.82964,"Rio Negro campinarana",NA,NA
3169,"Monitora.Aq.Ig","Bloco Roraima - Ucs Baixo Rio Branco EA4","Brazil",1.12803,-61.73947,"Rio Negro campinarana",NA,NA
3170,"Monitora.Ter.Flo","Parna da Serra do Cipó EA1","Brazil",-19.35507,-43.61085,"Cerrado","Eastern Brazil","Tropical Atlantic"
3171,"Monitora.Ter.Flo","Parna da Serra do Divisor EA1","Brazil",-7.4921,-73.72737,"Southwest Amazon moist forests",NA,NA
3172,"Monitora.Ter.Flo","Parna da Serra do Divisor EA2","Brazil",-7.56393,-73.8056,"Southwest Amazon moist forests",NA,NA
3173,"Monitora.Ter.Flo","PARNA da Serra dos Órgãos Estação Amostral 1","Brazil",-22.46062,-43.00875,"Serra do Mar coastal forests","Southeastern Brazil","Temperate South America"
3174,"Monitora.Ter.Flo","PARNA da Serra dos Órgãos Estação Amostral 2","Brazil",-22.477,-43.11,"Serra do Mar coastal forests","Southeastern Brazil","Temperate South America"
3175,"Monitora.Ter","PARNA da Serra dos Órgãos Grid","Brazil",-22.48444,-43.06087,"Serra do Mar coastal forests","Southeastern Brazil","Temperate South America"
3176,"Monitora.Ter.CS","Parna de Brasília EA1","Brazil",-15.71246,-47.99195,"Cerrado",NA,NA
3177,"Monitora.Ter.Flo","Parna de Brasília EA1","Brazil",-15.60954,-47.97278,"Cerrado",NA,NA
3178,"Monitora.Ter.Flo","Parna de Pacaas Novos EA1","Brazil",-10.7927,-63.64229,"Madeira-Tapajós moist forests",NA,NA
3179,"Monitora.Ter.Flo","Parna de Pacaas Novos EA2","Brazil",-10.73555,-63.60771,"Madeira-Tapajós moist forests",NA,NA
3180,"Monitora.Ter.Flo","Parna de Pacaas Novos EA3","Brazil",-10.54308,-63.95999,"Madeira-Tapajós moist forests",NA,NA
3181,"Monitora.Ter.Flo","Parna do Cabo Orange EA1","Brazil",2.88,-51.15938,"Uatuma-Trombetas moist forests","Amazonia","Tropical Atlantic"
3182,"Monitora.Ter.Flo","Parna do Cabo Orange EA2","Brazil",2.85188,-51.22125,"Guianan moist forests","Amazonia","Tropical Atlantic"
3183,"Monitora.Ter.Flo","Parna do Cabo Orange EA3","Brazil",3.0825,-51.24938,"Uatuma-Trombetas moist forests","Amazonia","Tropical Atlantic"
3184,"Monitora.Mar.Pr","Parque Nacional do Cabo Orange","Brazil",4.06573,-51.35075,"Marajó varzeá","Amazonia","Tropical Atlantic"
3185,"Monitora.Ter.Flo","Parna do Iguaçu EA1","Brazil",-25.60564,-54.41983,"Alto Paraná Atlantic forests",NA,NA
3186,"Monitora.Aq.Al","Parna Jau EA1 (Cachoeira)","Brazil",-1.893,-61.68339,"Japurá-Solimoes-Negro moist forests",NA,NA
3187,"Monitora.Aq.Al","Parna Jau EA2 (Foz Jaú)","Brazil",-1.90369,-61.40222,"Japurá-Solimoes-Negro moist forests",NA,NA
3188,"Monitora.Aq.Al","Parna Jau EA3 (Seringalzinho)","Brazil",-1.85833,-61.605278,"Japurá-Solimoes-Negro moist forests",NA,NA
3189,"Monitora.Ter.Flo","Parna do Jaú EA1","Brazil",-1.77772,-61.62231,"Japurá-Solimoes-Negro moist forests",NA,NA
3190,"Monitora.Ter.Flo","Parna do Jaú EA2","Brazil",-1.90742,-61.6718,"Japurá-Solimoes-Negro moist forests",NA,NA
3191,"Monitora.Ter.Flo","Parna do Jaú EA3","Brazil",-1.86392,-61.72389,"Japurá-Solimoes-Negro moist forests",NA,NA
3192,"Monitora.Ter.Flo","Parna do Juruena EA1","Brazil",-9.02088,-58.62943,"Madeira-Tapajós moist forests",NA,NA
3193,"Monitora.Ter.Flo","Parna do Juruena EA2","Brazil",-8.97409,-58.61105,"Madeira-Tapajós moist forests",NA,NA
3194,"Monitora.Ter.Flo","Parna do Juruena EA3","Brazil",-8.96869,-58.54042,"Madeira-Tapajós moist forests",NA,NA
3195,"Monitora.Aq.Ig","PARNA Juruena EA1","Brazil",-8.96322,-58.54053,"Madeira-Tapajós moist forests",NA,NA
3196,"Monitora.Aq.Ig","PARNA Juruena EA2","Brazil",-8.92222,-58.57336,"Mato Grosso seasonal forests",NA,NA
3197,"Monitora.Aq.Ig","PARNA Juruena EA3","Brazil",-8.94928,-58.5685,"Madeira-Tapajós moist forests",NA,NA
3198,"Monitora.Aq.Ig","PARNA Juruena EA4","Brazil",-9.01483,-58.64981,"Madeira-Tapajós moist forests",NA,NA
3199,"Monitora.Aq.Ig","PARNA Juruena EA5","Brazil",-8.94992,-58.56961,"Madeira-Tapajós moist forests",NA,NA
3200,"Monitora.Aq.Ig","PARNA Juruena EA6","Brazil",-8.97825,-58.53911,"Madeira-Tapajós moist forests",NA,NA
3201,"Monitora.Ter","Parna do Juruena Grid","Brazil",-8.99016,-58.57993,"Madeira-Tapajós moist forests",NA,NA
3202,"Monitora.Ter.Flo","Parna do Monte Roraima EA1","Brazil",5.12359,-60.59827,"Pantepui","Guianan","Tropical Atlantic"
3203,"Monitora.Ter.Flo","Parna do Monte Roraima EA2","Brazil",4.98019,-60.29679,"Guianan Highlands moist forests","Guianan","Tropical Atlantic"
3204,"Monitora.Mar.Mgz","Nucleo de Gestão Integrada Antonina EA3","Brazil",-25.30891,-48.16926,"Southern Atlantic mangroves","Southeastern Brazil","Temperate South America"
3205,"Monitora.Ter.Flo","Parna do Superagui EA1","Brazil",-25.39125,-48.27371,"Serra do Mar coastal forests","Southeastern Brazil","Temperate South America"
3206,"Monitora.Ter.Flo","Parna do Superagui EA2","Brazil",-25.44186,-48.21177,"Serra do Mar coastal forests","Southeastern Brazil","Temperate South America"
3207,"Monitora.Ter.Flo","Parna do Superagui EA3","Brazil",-25.48581,-48.29039,"Serra do Mar coastal forests","Southeastern Brazil","Temperate South America"
3208,"Monitora.Ter.Flo","Parna do Viruá EA1","Brazil",1.48689,-61.01129,"Rio Negro campinarana",NA,NA
3209,"Monitora.Ter.Flo","Parna do Viruá EA2","Brazil",1.56075,-61.22418,"Guianan savanna",NA,NA
3210,"Monitora.Aq.Ig","Bloco Roraima - Ucs Baixo Rio Branco EA5","Brazil",1.50861,-61.23,"Uatuma-Trombetas moist forests",NA,NA
3211,"Monitora.Aq.Ig","Bloco Roraima - Ucs Baixo Rio Branco EA6","Brazil",1.4715,-61.01211,"Rio Negro campinarana",NA,NA
3212,"Monitora.Ter","Parna do Viruá Grid","Brazil",1.48689,-61.01129,"Rio Negro campinarana",NA,NA
3213,"Monitora.Aq.Ig","PARNA Campos Amazonicos EA1","Brazil",-8.07276,-61.05081,"Madeira-Tapajós moist forests",NA,NA
3214,"Monitora.Aq.Ig","PARNA Campos Amazonicos EA2","Brazil",-8.19532,-61.03683,"Madeira-Tapajós moist forests",NA,NA
3215,"Monitora.Aq.Ig","PARNA Campos Amazonicos EA3","Brazil",-8.20195,-60.95326,"Madeira-Tapajós moist forests",NA,NA
3216,"Monitora.Aq.Ig","PARNA Campos Amazonicos EA4","Brazil",-7.99883,-60.98943,"Madeira-Tapajós moist forests",NA,NA
3217,"Monitora.Aq.Ig","PARNA Campos Amazonicos EA5","Brazil",-8.23362,-60.95358,"Madeira-Tapajós moist forests",NA,NA
3218,"Monitora.Aq.Ig","PARNA Campos Amazonicos EA6","Brazil",-8.24678,-60.93097,"Madeira-Tapajós moist forests",NA,NA
3219,"Monitora.Ter.Flo","Parna dos Campos Amazônicos EA1","Brazil",-8.00723,-61.00433,"Madeira-Tapajós moist forests",NA,NA
3220,"Monitora.Ter.Flo","Parna dos Campos Amazônicos EA2","Brazil",-8.00776,-61.00617,"Madeira-Tapajós moist forests",NA,NA
3221,"Monitora.Ter.Flo","Parna dos Campos Amazônicos EA3","Brazil",-8.00069,-61.00365,"Madeira-Tapajós moist forests",NA,NA
3222,"Monitora.Ter.CS","PARNA Mapinguari EA1","Brazil",-8.03777,-63.77588,"Purus-Madeira moist forests",NA,NA
3223,"Monitora.Ter.Flo","Parna Mapinguari EA1","Brazil",-7.87436,-63.8705,"Purus-Madeira moist forests",NA,NA
3224,"Monitora.Ter.Flo","Parna Mapinguari EA2","Brazil",-7.77737,-63.84228,"Purus-Madeira moist forests",NA,NA
3225,"Monitora.Ter.Flo","Parna Mapinguari EA3","Brazil",-7.76269,-63.81572,"Purus-Madeira moist forests",NA,NA
3226,"Monitora.Ter.Flo","Parna Mapinguari EA4","Brazil",-9.24924,-64.66926,"Purus-Madeira moist forests",NA,NA
3227,"Monitora.Ter.Flo","Parna Mapinguari EA5","Brazil",-9.23931,-64.7013,"Purus-Madeira moist forests",NA,NA
3228,"Monitora.Ter.Flo","Parna Mapinguari EA6","Brazil",-9.31122,-64.72708,"Purus-Madeira moist forests",NA,NA
3229,"Monitora.Aq.Ig","Parna Mapinguari EA1","Brazil",-7.88042,-63.90003,"Purus-Madeira moist forests",NA,NA
3230,"Monitora.Aq.Ig","Parna Mapinguari EA2","Brazil",-7.54844,-63.76947,"Purus-Madeira moist forests",NA,NA
3231,"Monitora.Aq.Ig","Parna Mapinguari EA3","Brazil",-7.72594,-63.83644,"Purus-Madeira moist forests",NA,NA
3232,"Monitora.Aq.Ig","Parna Mapinguari EA4","Brazil",-7.78847,-63.82731,"Purus-Madeira moist forests",NA,NA
3233,"Monitora.Aq.Ig","Parna Mapinguari EA5","Brazil",-8.22459,-64.13295,"Purus-Madeira moist forests",NA,NA
3234,"Monitora.Aq.Ig","Parna Mapinguari EA6","Brazil",-8.09356,-64.14378,"Purus-Madeira moist forests",NA,NA
3235,"Monitora.Ter","Parna Mapinguari Grid","Brazil",-7.71542,-63.83942,"Purus-Madeira moist forests",NA,NA
3236,"Monitora.Mar.Ilha","Fernando de Noronha","Brazil",-3.84589,-32.39996,"Fernando de Noronha-Atol das Rocas moist forests","Fernando de Naronha and Atoll das Rocas","Tropical Atlantic"
3237,"Monitora.Mar.Ilha","Parque Nacional Marinho dos Abrolhos","Brazil",-17.96268,-38.7024,NA,"Eastern Brazil","Tropical Atlantic"
3238,"Monitora.Ter.Flo","Parna Montanhas do Tumucumaque EA1","Brazil",1.19291,-52.37535,"Uatuma-Trombetas moist forests","Amazonia","Tropical Atlantic"
3239,"Monitora.Ter.Flo","Parna Montanhas do Tumucumaque EA2","Brazil",1.23395,-52.38589,"Uatuma-Trombetas moist forests","Amazonia","Tropical Atlantic"
3240,"Monitora.Ter.Flo","Parna Montanhas do Tumucumaque EA3","Brazil",1.24621,-52.42571,"Uatuma-Trombetas moist forests","Amazonia","Tropical Atlantic"
3241,"Monitora.Ter.Flo","Parna Nascentes do Lago Jari EA1","Brazil",-5.52431,-62.14192,"Purus-Madeira moist forests",NA,NA
3242,"Monitora.Ter.Flo","Parna Nascentes do Lago Jari EA2","Brazil",-5.71023,-62.2904,"Purus-Madeira moist forests",NA,NA
3243,"Monitora.Ter.Flo","Parna Nascentes do Lago Jari EA3","Brazil",-5.95748,-62.48903,"Purus-Madeira moist forests",NA,NA
3244,"Monitora.Ter.Flo","Parna Serra da Mocidade EA1","Brazil",1.11373,-61.74003,"Rio Negro campinarana",NA,NA
3245,"Monitora.Ter.Flo","Parna Serra do Pardo EA1","Brazil",-5.77922,-52.63064,"Tapajós-Xingu moist forests",NA,NA
3246,"Monitora.Ter.Flo","Parna Serra do Pardo EA2","Brazil",-5.89635,-52.61874,"Tapajós-Xingu moist forests",NA,NA
3247,"Monitora.Ter.Flo","Parna Serra do Pardo EA3","Brazil",-5.6667,-52.7022,"Tapajós-Xingu moist forests",NA,NA
3248,"Monitora.Ter.CS","REBio Contagem EA1","Brazil",-15.65406,-47.87073,"Cerrado",NA,NA
3249,"Monitora.Aq.Al","REBIO Abufari EA1 (Pupunha)","Brazil",-5.27656,-62.91167,"Purus varzeá",NA,NA
3250,"Monitora.Aq.Al","REBIO Abufari EA2 (Tambaquizinho)","Brazil",-5.15984,-62.94248,"Purus varzeá",NA,NA
3251,"Monitora.Aq.Al","REBIO Abufari EA3 (Fazenda)","Brazil",-5.31044,-63.20602,"Purus varzeá",NA,NA
3252,"Monitora.Aq.Al","REBIO Abufari EA4 (Taurimi)","Brazil",-5.4348,-62.96726,"Purus varzeá",NA,NA
3253,"Monitora.Aq.Al","REBIO Abufari EA5 (Macapá)","Brazil",-5.3822,-62.99279,"Purus varzeá",NA,NA
3254,"Monitora.Mar.Pr","Reserva Biológica do Lago Piratuba","Brazil",1.64159,-50.13826,"Marajó varzeá","Amazonia","Tropical Atlantic"
3255,"Monitora.Ter.Flo","Rebio Trombetas EA1","Brazil",-1.305,-56.655,"Uatuma-Trombetas moist forests",NA,NA
3256,"Monitora.Ter.Flo","Rebio Trombetas EA2","Brazil",-1.31349,-56.7544,"Uatuma-Trombetas moist forests",NA,NA
3257,"Monitora.Ter.Flo","Rebio Trombetas EA3","Brazil",-1.36333,-56.84088,"Uatuma-Trombetas moist forests",NA,NA
3258,"Monitora.Aq.Al","Rebio Trombetas EA1","Brazil",-1.32355,-56.53078,"Uatuma-Trombetas moist forests",NA,NA
3259,"Monitora.Aq.Al","Rebio Trombetas EA2","Brazil",-1.33144,-56.61174,"Uatuma-Trombetas moist forests",NA,NA
3260,"Monitora.Aq.Al","Rebio Trombetas EA3","Brazil",-1.3361,-56.6521,"Uatuma-Trombetas moist forests",NA,NA
3261,"Monitora.Aq.Al","Rebio Trombetas EA4","Brazil",-1.34006,-56.57419,"Uatuma-Trombetas moist forests",NA,NA
3262,"Monitora.Aq.Al","Rebio Trombetas EA5","Brazil",-1.34537,-56.53531,"Uatuma-Trombetas moist forests",NA,NA
3263,"Monitora.Aq.Al","Rebio Trombetas EA6","Brazil",-1.35722,-56.4538,"Uatuma-Trombetas moist forests",NA,NA
3264,"Monitora.Aq.Al","Rebio Trombetas EA7","Brazil",-1.36938,-56.46379,"Uatuma-Trombetas moist forests",NA,NA
3265,"Monitora.Ter.CS","REBio Guaporé EA1","Brazil",-12.30341,-63.29059,"Madeira-Tapajós moist forests",NA,NA
3266,"Monitora.Ter.CS","REBio Guaporé EA2","Brazil",-12.29716,-63.39501,"Madeira-Tapajós moist forests",NA,NA
3267,"Monitora.Ter.Flo","Rebio Guaribas EA1","Brazil",-6.73228,-35.14137,"Pernambuco interior forests","Northeastern Brazil","Tropical Atlantic"
3268,"Monitora.Ter","Rebio Gurupi Grid","Brazil",-3.67,-46.7803,"Tocantins/Pindare moist forests","Amazonia","Tropical Atlantic"
3269,"Monitora.Ter.Flo","Rebio Gurupi EA1","Brazil",-3.6223,-46.8109,"Tocantins/Pindare moist forests","Amazonia","Tropical Atlantic"
3270,"Monitora.Ter.Flo","Rebio Gurupi EA2","Brazil",-3.2516,-46.7595,"Tocantins/Pindare moist forests","Amazonia","Tropical Atlantic"
3271,"Monitora.Ter.Flo","Rebio Jaru EA1","Brazil",-9.5999,-61.64828,"Madeira-Tapajós moist forests",NA,NA
3272,"Monitora.Ter.Flo","Rebio Jaru EA2","Brazil",-9.62481,-61.65686,"Madeira-Tapajós moist forests",NA,NA
3273,"Monitora.Ter.Flo","Rebio Jaru EA3","Brazil",-9.6866,-61.6674,"Madeira-Tapajós moist forests",NA,NA
3274,"Monitora.Ter.Flo","Rebio Jaru EA4","Brazil",-10.06394,-61.96032,"Madeira-Tapajós moist forests",NA,NA
3275,"Monitora.Aq.Ig","REBIO Jarú EA1","Brazil",-9.57844,-61.61669,"Madeira-Tapajós moist forests",NA,NA
3276,"Monitora.Aq.Ig","REBIO Jarú EA2","Brazil",-9.59643,-61.65069,"Madeira-Tapajós moist forests",NA,NA
3277,"Monitora.Aq.Ig","REBIO Jarú EA3","Brazil",-9.61675,-61.64517,"Madeira-Tapajós moist forests",NA,NA
3278,"Monitora.Aq.Ig","REBIO Jarú EA4","Brazil",-9.62611,-61.67461,"Madeira-Tapajós moist forests",NA,NA
3279,"Monitora.Aq.Ig","REBIO Jarú EA5","Brazil",-9.67297,-61.67775,"Madeira-Tapajós moist forests",NA,NA
3280,"Monitora.Aq.Ig","REBIO Jarú EA6","Brazil",-9.68009,-61.64694,"Madeira-Tapajós moist forests",NA,NA
3281,"Monitora.Ter.Flo","Rebio Tapirapé EA1","Brazil",-5.68457,-50.32486,"Xingu-Tocantins-Araguaia moist forests","Amazonia","Tropical Atlantic"
3282,"Monitora.Ter.Flo","Rebio Tapirapé EA2","Brazil",-5.66182,-50.35954,"Xingu-Tocantins-Araguaia moist forests","Amazonia","Tropical Atlantic"
3283,"Monitora.Ter.Flo","Rebio Tapirapé EA3","Brazil",-5.6301,-50.39171,"Xingu-Tocantins-Araguaia moist forests","Amazonia","Tropical Atlantic"
3284,"Monitora.Ter.Flo","Rebio Uatumã EA1","Brazil",-1.79249,-59.26647,"Uatuma-Trombetas moist forests",NA,NA
3285,"Monitora.Ter.Flo","Rebio Uatumã EA2","Brazil",-1.57337,-59.36401,"Uatuma-Trombetas moist forests",NA,NA
3286,"Monitora.Ter.Flo","Rebio Uatumã EA3","Brazil",-1.53491,-59.4401,"Uatuma-Trombetas moist forests",NA,NA
3287,"Monitora.Aq.Al","RDS Itatupã-Baquia EA1 (Belo Horizonte)","Brazil",-0.68122,-51.27339,"Marajó varzeá","Amazonia","Tropical Atlantic"
3288,"Monitora.Aq.Al","RDS Itatupã-Baquia EA2 (Santa Luzia do Urucuri)","Brazil",-0.68033,-51.28528,"Marajó varzeá","Amazonia","Tropical Atlantic"
3289,"Monitora.Aq.Al","RDS Itatupã-Baquia EA3 (São Francisco do Piracuí)","Brazil",-0.77914,-51.23372,"Marajó varzeá","Amazonia","Tropical Atlantic"
3290,"Monitora.Aq.Al","RDS Itatupã-Baquia EA4 (Santa Maria)","Brazil",-0.69969,-51.19003,"Marajó varzeá","Amazonia","Tropical Atlantic"
3291,"Monitora.Aq.Al","RDS Itatupã-Baquia EA5 (São João do Jaburu)","Brazil",-0.65914,-51.40317,"Marajó varzeá","Amazonia","Tropical Atlantic"
3292,"Monitora.Ter.Flo","Resex Alto Tarauaca EA1","Brazil",-8.93894,-71.86575,"Southwest Amazon moist forests",NA,NA
3293,"Monitora.Ter.Flo","Resex Alto Tarauaca EA2","Brazil",-8.9845,-71.91947,"Southwest Amazon moist forests",NA,NA
3294,"Monitora.Ter.Flo","Resex Alto Tarauaca EA3","Brazil",-8.98853,-71.93217,"Southwest Amazon moist forests",NA,NA
3295,"Monitora.Ter.Flo","Resex Arapixi EA1","Brazil",-8.85731,-67.83624,"Juruá-Purus moist forests",NA,NA
3296,"Monitora.Ter.Flo","Resex Arapixi EA2","Brazil",-8.85392,-67.76518,"Purus varzeá",NA,NA
3297,"Monitora.Aq.Al","RESEX Auatí-Paraná EA1 (Barreirinha de Baixo)","Brazil",-2.09934,-66.46194,"Purus varzeá",NA,NA
3298,"Monitora.Aq.Al","RESEX Auatí-Paraná EA2 (Boa Vista do Curimata)","Brazil",-2.03789,-66.3096,"Purus varzeá",NA,NA
3299,"Monitora.Aq.Al","RESEX Auatí-Paraná EA3 (Boa Vista do Pema)","Brazil",-1.98433,-66.1658,"Solimões-Japurá moist forests",NA,NA
3300,"Monitora.Aq.Al","RESEX Auatí-Paraná EA4 (Castelo)","Brazil",-2.01901,-66.31711,"Solimões-Japurá moist forests",NA,NA
3301,"Monitora.Aq.Al","RESEX Auatí-Paraná EA5 (Cordeiro)","Brazil",-2.0811,-66.33957,"Purus varzeá",NA,NA
3302,"Monitora.Aq.Al","RESEX Auatí-Paraná EA6 (Curimata de Baixo)","Brazil",-2.02779,-66.29455,"Purus varzeá",NA,NA
3303,"Monitora.Aq.Al","RESEX Auatí-Paraná EA7 (Miriti)","Brazil",-1.99118,-66.01707,"Purus varzeá",NA,NA
3304,"Monitora.Aq.Al","RESEX Auatí-Paraná EA8 (Monte das Oliveiras)","Brazil",-2.11396,-66.48901,"Purus varzeá",NA,NA
3305,"Monitora.Aq.Al","RESEX Auatí-Paraná EA9 (Murinzal)","Brazil",-2.02221,-66.26515,"Solimões-Japurá moist forests",NA,NA
3306,"Monitora.Aq.Al","RESEX Auatí-Paraná EA10 (Nova Esperança)","Brazil",-2.10034,-66.45297,"Purus varzeá",NA,NA
3307,"Monitora.Aq.Al","RESEX Auatí-Paraná EA11 (São José do Inambé)","Brazil",-2.18852,-66.63313,"Solimões-Japurá moist forests",NA,NA
3308,"Monitora.Aq.Al","RESEX Auatí-Paraná EA12 (São Luiz)","Brazil",-2.14921,-66.52297,"Purus varzeá",NA,NA
3309,"Monitora.Aq.Al","RESEX Auatí-Paraná EA 13 (São Raimundo do Inambé)","Brazil",-2.14964,-66.55061,"Purus varzeá",NA,NA
3310,"Monitora.Aq.Al","RESEX Auatí-Paraná EA14 (Vencedor)","Brazil",-2.00042,-66.20796,"Purus varzeá",NA,NA
3311,"Monitora.Ter.Flo","Resex Barreiro das Antas EA1","Brazil",-11.36331,-64.78906,"Madeira-Tapajós moist forests",NA,NA
3312,"Monitora.Ter.Flo","Resex Barreiro das Antas EA2","Brazil",-11.48103,-64.65781,"Madeira-Tapajós moist forests",NA,NA
3313,"Monitora.Ter.Flo","Resex Barreiro das Antas EA3","Brazil",-11.43414,-64.67142,"Madeira-Tapajós moist forests",NA,NA
3314,"Monitora.Ter.Flo","Resex Cazumbá-Iracema EA1","Brazil",-9.26497,-68.96941,"Southwest Amazon moist forests",NA,NA
3315,"Monitora.Ter.Flo","Resex Cazumbá-Iracema EA2","Brazil",-9.16628,-68.95103,"Southwest Amazon moist forests",NA,NA
3316,"Monitora.Ter.Flo","Resex Cazumbá-Iracema EA3","Brazil",-9.18357,-69.26162,"Southwest Amazon moist forests",NA,NA
3317,"Monitora.Ter.Flo","Resex Chico Mendes EA1","Brazil",-10.29158,-68.10816,"Southwest Amazon moist forests",NA,NA
3318,"Monitora.Ter.Flo","Resex Chico Mendes EA2","Brazil",-10.26669,-68.15228,"Southwest Amazon moist forests",NA,NA
3319,"Monitora.Ter.Flo","Resex Chico Mendes EA3","Brazil",-10.21958,-68.14062,"Southwest Amazon moist forests",NA,NA
3320,"Monitora.Mar.Mgz","RESEX Chocoaré-Mato Grosso Estação 1","Brazil",-0.85156,-47.38625,"Amazon-Orinoco-Southern Caribbean mangroves","Amazonia","Tropical Atlantic"
3321,"Monitora.Mar.Mgz","RESEX Chocoaré-Mato Grosso Estação 2","Brazil",-0.90325,-47.40886,"Tocantins/Pindare moist forests","Amazonia","Tropical Atlantic"
3322,"Monitora.Mar.Mgz","RESEX Chocoaré-Mato Grosso Estação 3","Brazil",-0.94217,-47.41958,"Tocantins/Pindare moist forests","Amazonia","Tropical Atlantic"
3323,"Monitora.Mar","RESEX Chocoaré-Mato Grosso EA1 (Porto Sede)","Brazil",-0.92763,-47.40271,"Tocantins/Pindare moist forests","Amazonia","Tropical Atlantic"
3324,"Monitora.Mar","RESEX Chocoaré-Mato Grosso EA 2 (Porto Pedrinhas)","Brazil",-0.86738,-47.37901,"Amazon-Orinoco-Southern Caribbean mangroves","Amazonia","Tropical Atlantic"
3325,"Monitora.Mar","RESEX Chocoaré-Mato Grosso EA3 (Bacuriteua)","Brazil",-0.96172,-47.3938,"Tocantins/Pindare moist forests","Amazonia","Tropical Atlantic"
3326,"Monitora.Mar","RESEX Chocoaré-Mato Grosso EA4 (Sobrado)","Brazil",-0.85901,-47.3476,"Amazon-Orinoco-Southern Caribbean mangroves","Amazonia","Tropical Atlantic"
3327,"Monitora.Mar.Mgz","RESEX de Canavieiras Estação 1","Brazil",-15.47599,-38.97535,"Atlantic Coast restingas","Eastern Brazil","Tropical Atlantic"
3328,"Monitora.Mar.Mgz","RESEX de Canavieiras Estação 2","Brazil",-15.55699,-38.98996,"Atlantic Coast restingas","Eastern Brazil","Tropical Atlantic"
3329,"Monitora.Mar.Mgz","RESEX de Canavieiras Estação 3","Brazil",-15.74906,-38.91507,"Atlantic Coast restingas","Eastern Brazil","Tropical Atlantic"
3330,"Monitora.Mar","RESEX de Canavieiras Estação 1 (Pedras de Una)","Brazil",-15.23782,-39.00189,"Bahia coastal forests","Eastern Brazil","Tropical Atlantic"
3331,"Monitora.Mar","RESEX de Canavieiras Estação 2 (Km 18)","Brazil",-15.56196,-39.00421,"Atlantic Coast restingas","Eastern Brazil","Tropical Atlantic"
3332,"Monitora.Mar","RESEX de Canavieiras Estação 3 (Curva do Leão)","Brazil",-15.58996,-38.97792,"Atlantic Coast restingas","Eastern Brazil","Tropical Atlantic"
3333,"Monitora.Mar","RESEX de Canavieiras Estação 4 (Campos do Arroz)","Brazil",-15.62052,-38.9892,"Atlantic Coast restingas","Eastern Brazil","Tropical Atlantic"
3334,"Monitora.Mar","RESEX de Canavieiras Estação 5 (Canavieiras - sede)","Brazil",-15.64251,-38.95961,"Southern Atlantic mangroves","Eastern Brazil","Tropical Atlantic"
3335,"Monitora.Mar","RESEX de Canavieiras Estação 6 (Rio de Dentro)","Brazil",-15.65496,-38.96745,"Southern Atlantic mangroves","Eastern Brazil","Tropical Atlantic"
3336,"Monitora.Mar","RESEX de Canavieiras Estação 7 (Rio Salsa/Pardo)","Brazil",-15.69578,-38.99569,"Atlantic Coast restingas","Eastern Brazil","Tropical Atlantic"
3337,"Monitora.Mar","RESEX de Canavieiras Estação 8 (Campinhos)","Brazil",-15.76038,-38.92065,"Atlantic Coast restingas","Eastern Brazil","Tropical Atlantic"
3338,"Monitora.Mar","RESEX de Canavieiras Estação 9 (Manema)","Brazil",-15.70553,-38.95438,"Southern Atlantic mangroves","Eastern Brazil","Tropical Atlantic"
3339,"Monitora.Mar","RESEX de Canavieiras Estação 10 (Belmonte - sede)","Brazil",-15.85516,-38.87756,"Southern Atlantic mangroves","Eastern Brazil","Tropical Atlantic"
3340,"Monitora.Mar","RESEX de Canavieiras Estação 11 (Barra Velha)","Brazil",-15.53802,-38.967,"Atlantic Coast restingas","Eastern Brazil","Tropical Atlantic"
3341,"Monitora.Mar.Mgz","RESEX de Cassurubá Estação 1","Brazil",-17.7559,-39.28215,"Southern Atlantic mangroves","Eastern Brazil","Tropical Atlantic"
3342,"Monitora.Mar.Mgz","RESEX de Cassurubá Estação 2","Brazil",-17.71519,-39.28113,"Bahia coastal forests","Eastern Brazil","Tropical Atlantic"
3343,"Monitora.Mar.Mgz","RESEX de Cassurubá Estação 3","Brazil",-17.72162,-39.29353,"Southern Atlantic mangroves","Eastern Brazil","Tropical Atlantic"
3344,"Monitora.Mar","RESEX de Cassurubá Estação 1 (Alcobaça)","Brazil",-17.52719,-39.1917,"Bahia coastal forests","Eastern Brazil","Tropical Atlantic"
3345,"Monitora.Mar","RESEX de Cassurubá Estação 2 (Barra de Caravelas)","Brazil",-17.73586,-39.19054,"Bahia coastal forests","Eastern Brazil","Tropical Atlantic"
3346,"Monitora.Mar","RESEX de Cassurubá Estação 3 (Caravelas)","Brazil",-17.73407,-39.26545,"Bahia coastal forests","Eastern Brazil","Tropical Atlantic"
3347,"Monitora.Mar","RESEX de Cassurubá Estação 4 (Ilha do Cassurubá)","Brazil",-17.82428,-39.28833,"Southern Atlantic mangroves","Eastern Brazil","Tropical Atlantic"
3348,"Monitora.Mar","RESEX de Cassurubá Estação 5 (Rio dos Macacos)","Brazil",-17.71844,-39.25997,"Bahia coastal forests","Eastern Brazil","Tropical Atlantic"
3349,"Monitora.Mar","RESEX de Cassurubá Estação 6 (Rio do Cupido)","Brazil",-17.72041,-39.32502,"Southern Atlantic mangroves","Eastern Brazil","Tropical Atlantic"
3350,"Monitora.Mar","RESEX de Cassurubá Estação 7 (Tapera)","Brazil",-17.74543,-39.28326,"Bahia coastal forests","Eastern Brazil","Tropical Atlantic"
3351,"Monitora.Mar","RESEX de Cassurubá Estação 8 (Caribê de Cima)","Brazil",-17.78044,-39.29436,"Southern Atlantic mangroves","Eastern Brazil","Tropical Atlantic"
3352,"Monitora.Mar","RESEX de Cassurubá Estação 9 (Caribê do Meio)","Brazil",-17.76791,-39.27698,"Southern Atlantic mangroves","Eastern Brazil","Tropical Atlantic"
3353,"Monitora.Mar","RESEX de Cassurubá Estação 10 (Francisca Lopes)","Brazil",-17.7148,-39.28207,"Bahia coastal forests","Eastern Brazil","Tropical Atlantic"
3354,"Monitora.Mar","RESEX de Cassurubá Estação 11 (Nova Viçosa)","Brazil",-17.90094,-39.37164,"Bahia coastal forests","Eastern Brazil","Tropical Atlantic"
3355,"Monitora.Mar","RESEX de Cassurubá Estação 12 (Ponta de Areia)","Brazil",-17.74822,-39.22601,"Bahia coastal forests","Eastern Brazil","Tropical Atlantic"
3356,"Monitora.Aq.Al","RESEX Baixo Juruá EA1 (Botafogo)","Brazil",-3.1966,-65.96947,"Juruá-Purus moist forests",NA,NA
3357,"Monitora.Aq.Al","RESEX Baixo Juruá EA2 (Antonina)","Brazil",-3.25205,-66.01644,"Juruá-Purus moist forests",NA,NA
3358,"Monitora.Aq.Al","RESEX Baixo Juruá EA3 (Socó)","Brazil",-3.60454,-66.0795,"Juruá-Purus moist forests",NA,NA
3359,"Monitora.Aq.Al","RESEX Baixo Juruá EA4 (Cumaru)","Brazil",-3.75523,-66.08952,"Purus varzeá",NA,NA
3360,"Monitora.Aq.Al","RESEX Baixo Juruá EA5 (Forte das Graças)","Brazil",-3.63975,-66.09879,"Juruá-Purus moist forests",NA,NA
3361,"Monitora.Aq.Al","RESEX Baixo Juruá EA6 (Morada Nova)","Brazil",-3.39241,-66.02758,"Juruá-Purus moist forests",NA,NA
3362,"Monitora.Aq.Al","RESEX Baixo Juruá E8 (Vai Quem Quer)","Brazil",-3.30119,-65.99822,"Juruá-Purus moist forests",NA,NA
3363,"Monitora.Aq.Al","RESEX Baixo Juruá EA7 (Andirá)","Brazil",-3.79761,-66.09233,"Purus varzeá",NA,NA
3364,"Monitora.Ter.Flo.Cast","Resex Cazumbá-Iracema  EA1.Coletivo","Brazil",-9.14226546,-68.94109054,"Southwest Amazon moist forests",NA,NA
3365,"Monitora.Ter.Flo.Cast","Resex Cazumbá-Iracema  EA2.Davi","Brazil",-9.15553025,-68.9441033,"Southwest Amazon moist forests",NA,NA
3366,"Monitora.Ter.Flo.Cast","Resex Cazumbá-Iracema  EA3.Damiã","Brazil",-9.27587902,-69.01124505,"Southwest Amazon moist forests",NA,NA
3367,"Monitora.Ter.Flo.Cast","Resex Cazumbá-Iracema  EA4. Iracema","Brazil",-9.11950711,-68.98755227,"Southwest Amazon moist forests",NA,NA
3368,"Monitora.Ter.Flo.Cast","Resex Cazumbá-Iracema  EA5. Irmãos Gama","Brazil",-9.27737248,-69.00205525,"Southwest Amazon moist forests",NA,NA
3369,"Monitora.Ter.Flo.Cast","Resex Cazumbá-Iracema  EA6. Mariazinha","Brazil",-9.13969127,-68.94334343,"Southwest Amazon moist forests",NA,NA
3370,"Monitora.Ter.Flo.Cast","Resex Cazumbá-Iracema  EA7. Mariazan","Brazil",-9.27369763,-69.01101229,"Southwest Amazon moist forests",NA,NA
3371,"Monitora.Ter.Flo.Cast","Resex Cazumbá-Iracema  EA8. Zequinha","Brazil",-9.13705015,-68.94565431,"Southwest Amazon moist forests",NA,NA
3372,"Monitora.Ter.Flo.Cast","Resex Cazumbá-Iracema  EA9. Zirmão","Brazil",-9.14924278,-68.9577593,"Southwest Amazon moist forests",NA,NA
3373,"Monitora.Ter.Flo.Cast","Resex Cazumbá-Iracema  EA10. Zirmão2","Brazil",-9.13618583,-68.95957651,"Southwest Amazon moist forests",NA,NA
3374,"Monitora.Aq.Al","RESEX Médio Juruá EA1 (Facão)","Brazil",-5.06355,-67.11346,"Juruá-Purus moist forests",NA,NA
3375,"Monitora.Aq.Al","RESEX Médio Juruá EA2 (Novo Horizonte)","Brazil",-5.06433,-67.14572,"Juruá-Purus moist forests",NA,NA
3376,"Monitora.Aq.Al","RESEX Médio Juruá EA3 (Pupuaí)","Brazil",-5.05555,-67.15188,"Juruá-Purus moist forests",NA,NA
3377,"Monitora.Aq.Al","RESEX Médio Juruá EA4 (Nova Esperança)","Brazil",-5.0911,-67.17085,"Juruá-Purus moist forests",NA,NA
3378,"Monitora.Aq.Al","RESEX Médio Juruá EA5 (Fortuna)","Brazil",-5.16411,-67.27792,"Juruá-Purus moist forests",NA,NA
3379,"Monitora.Aq.Al","RESEX Médio Juruá EA6 (Imperatriz e Bom Jesus)","Brazil",-5.32883,-67.19944,"Juruá-Purus moist forests",NA,NA
3380,"Monitora.Aq.Al","RESEX Médio Juruá EA7 (Nova União)","Brazil",-5.3773,-67.41038,"Juruá-Purus moist forests",NA,NA
3381,"Monitora.Aq.Al","RESEX Médio Juruá EA8 (São Raimundo)","Brazil",-5.41866,-67.5203,"Juruá-Purus moist forests",NA,NA
3382,"Monitora.Aq.Al","RESEX Médio Juruá EA9 (Manariã)","Brazil",-5.47379,-67.47879,"Juruá-Purus moist forests",NA,NA
3383,"Monitora.Aq.Al","RESEX Médio Juruá EA10 (Boa Vista do Tó)","Brazil",-5.52585,-67.51476,"Juruá-Purus moist forests",NA,NA
3384,"Monitora.Aq.Al","RESEX Médio Juruá EA11 (Morada Nova)","Brazil",-5.54838,-67.58277,"Juruá-Purus moist forests",NA,NA
3385,"Monitora.Aq.Al","RESEX Médio Juruá EA12 (Tabuleiro)","Brazil",-5.52301,-67.67704,"Juruá-Purus moist forests",NA,NA
3386,"Monitora.Aq.Al","RESEX Médio Juruá EA13 (Roque)","Brazil",-5.12832,-67.21263,"Juruá-Purus moist forests",NA,NA
3387,"Monitora.Aq.Al","RESEX Médio Juruá e RDS Uacari EA1","Brazil",-5.41417,-67.30222,"Juruá-Purus moist forests",NA,NA
3388,"Monitora.Aq.Al","RESEX Médio Juruá e RDS Uacari EA10","Brazil",-5.14444,-67.11917,"Juruá-Purus moist forests",NA,NA
3389,"Monitora.Aq.Al","RESEX Médio Juruá e RDS Uacari EA11","Brazil",-5.16667,-67.18778,"Juruá-Purus moist forests",NA,NA
3390,"Monitora.Aq.Al","RESEX Médio Juruá e RDS Uacari EA12","Brazil",-5.80306,-67.82667,"Juruá-Purus moist forests",NA,NA
3391,"Monitora.Aq.Al","RESEX Médio Juruá e RDS Uacari EA13","Brazil",-5.5,-67.48139,"Juruá-Purus moist forests",NA,NA
3392,"Monitora.Aq.Al","RESEX Médio Juruá e RDS Uacari EA14","Brazil",-5.99389,-67.79889,"Juruá-Purus moist forests",NA,NA
3393,"Monitora.Aq.Al","RESEX Médio Juruá e RDS Uacari EA2","Brazil",-5.84491,-67.84351,"Juruá-Purus moist forests",NA,NA
3394,"Monitora.Aq.Al","RESEX Médio Juruá e RDS Uacari EA3","Brazil",-6.00611,-67.83306,"Juruá-Purus moist forests",NA,NA
3395,"Monitora.Aq.Al","RESEX Médio Juruá e RDS Uacari EA4","Brazil",-5.41694,-67.37417,"Juruá-Purus moist forests",NA,NA
3396,"Monitora.Aq.Al","RESEX Médio Juruá e RDS Uacari EA5","Brazil",-5.08694,-67.11583,"Juruá-Purus moist forests",NA,NA
3397,"Monitora.Aq.Al","RESEX Médio Juruá e RDS Uacari EA6","Brazil",-5.76333,-67.83,"Juruá-Purus moist forests",NA,NA
3398,"Monitora.Aq.Al","RESEX Médio Juruá e RDS Uacari EA7","Brazil",-5.895,-67.83833,"Juruá-Purus moist forests",NA,NA
3399,"Monitora.Aq.Al","RESEX Médio Juruá e RDS Uacari EA8","Brazil",-5.74056,-67.75833,"Juruá-Purus moist forests",NA,NA
3400,"Monitora.Aq.Al","RESEX Médio Juruá e RDS Uacari EA9","Brazil",-5.895,-67.83833,"Juruá-Purus moist forests",NA,NA
3401,"Monitora.Ter","Resex do Rio Iriri Grid","Brazil",-4.47065,-53.72236,"Tapajós-Xingu moist forests","Amazonia","Tropical Atlantic"
3402,"Monitora.Ter.Flo","Resex do Rio Ouro Preto EA1","Brazil",-10.82466,-65.03397,"Madeira-Tapajós moist forests",NA,NA
3403,"Monitora.Ter.Flo","Resex do Rio Ouro Preto EA2","Brazil",-10.79056,-64.97274,"Madeira-Tapajós moist forests",NA,NA
3404,"Monitora.Ter.Flo","Resex do Rio Ouro Preto EA3","Brazil",-10.68681,-64.83424,"Madeira-Tapajós moist forests",NA,NA
3405,"Monitora.Ter.Flo.Cast","Resex Rio Ouro Preto - EA1.324","Brazil",-10.8972998,-65.07363116,"Madeira-Tapajós moist forests",NA,NA
3406,"Monitora.Ter.Flo.Cast","Resex Rio Ouro Preto - EA2.BKT","Brazil",-10.9171,-65.04251328,"Madeira-Tapajós moist forests",NA,NA
3407,"Monitora.Ter.Flo.Cast","Resex Rio Ouro Preto - EA3.101","Brazil",-10.9171,-65.04245829,"Madeira-Tapajós moist forests",NA,NA
3408,"Monitora.Ter.Flo.Cast","Resex Rio Ouro Preto - EA4.DAI301","Brazil",-10.8867998,-65.06690721,"Madeira-Tapajós moist forests",NA,NA
3409,"Monitora.Ter.Flo.Cast","Resex Rio Ouro Preto - EA5.100","Brazil",-10.9165001,-65.04276428,"Madeira-Tapajós moist forests",NA,NA
3410,"Monitora.Ter.Flo.Cast","Resex Rio Ouro Preto - EA6.DAI304","Brazil",-10.8882999,-65.0686902,"Madeira-Tapajós moist forests",NA,NA
3411,"Monitora.Ter.Flo.Cast","Resex Rio Ouro Preto - EA7.Dona Deise","Brazil",-10.8842001,-65.06689422,"Madeira-Tapajós moist forests",NA,NA
3412,"Monitora.Ter.Flo.Cast","Resex Rio Ouro Preto - EA8.Inácio Cas Itiauba","Brazil",-10.8936005,-65.07185218,"Madeira-Tapajós moist forests",NA,NA
3413,"Monitora.Ter.Flo.Cast","Resex Rio Ouro Preto - EA9 79","Brazil",-10.9145002,-65.04295529,"Madeira-Tapajós moist forests",NA,NA
3414,"Monitora.Aq.Al","RESEX Rio Unini EA1 (Setor2)","Brazil",-1.57208,-63.01292,"Japurá-Solimoes-Negro moist forests",NA,NA
3415,"Monitora.Aq.Al","RESEX Rio Unini EA2 (Tapiira)","Brazil",-1.77572,-62.26817,"Japurá-Solimoes-Negro moist forests",NA,NA
3416,"Monitora.Aq.Al","RESEX Rio Unini EA3 (Vista Alegre)","Brazil",-1.69644,-62.81892,"Japurá-Solimoes-Negro moist forests",NA,NA
3417,"Monitora.Aq.Al","RESEX Rio Unini EA4 (Lago das Pombas)","Brazil",-1.86653,-62.54153,"Japurá-Solimoes-Negro moist forests",NA,NA
3418,"Monitora.Aq.Al","RESEX Rio Unini EA5 (Vila Nunes)","Brazil",-1.62197,-62.94411,"Japurá-Solimoes-Negro moist forests",NA,NA
3419,"Monitora.Aq.Al","RESEX Rio Unini EA6 (Floresta)","Brazil",-1.61647,-62.95686,"Japurá-Solimoes-Negro moist forests",NA,NA
3420,"Monitora.Aq.Al","RESEX Rio Unini EA7 (Patauá)","Brazil",-1.71833,-61.96861,"Japurá-Solimoes-Negro moist forests",NA,NA
3421,"Monitora.Aq.Al","RESEX Rio Unini EA8 (Terra Nova)","Brazil",-1.67086,-61.79622,"Japurá-Solimoes-Negro moist forests",NA,NA
3422,"Monitora.Aq.Al","RESEX Rio Unini EA9 (Lago das Pedras)","Brazil",-1.71833,-61.96861,"Japurá-Solimoes-Negro moist forests",NA,NA
3423,"Monitora.Ter.Flo","Resex Ipaú Anilzinho EA1","Brazil",-3.00673,-49.83767,"Xingu-Tocantins-Araguaia moist forests","Amazonia","Tropical Atlantic"
3424,"Monitora.Ter.Flo","Resex Ituxi EA1","Brazil",-8.14,-65.34478,"Purus varzeá",NA,NA
3425,"Monitora.Ter.Flo","Resex Ituxi EA2","Brazil",-8.13433,-65.39057,"Purus varzeá",NA,NA
3426,"Monitora.Ter.Flo","Resex Ituxi EA3","Brazil",-8.06829,-65.35022,"Purus varzeá",NA,NA
3427,"Monitora.Mar.Mgz","RESEX-MAR Caeté-Taperaçu Estação 2","Brazil",-0.93078,-46.63069,"Amazon-Orinoco-Southern Caribbean mangroves","Amazonia","Tropical Atlantic"
3428,"Monitora.Mar.Mgz","RESEX-MAR Caeté-Taperaçu Estação 3","Brazil",-0.86719,-46.75447,"Amazon-Orinoco-Southern Caribbean mangroves","Amazonia","Tropical Atlantic"
3429,"Monitora.Mar.Mgz","RESEX-MAR Caeté-Taperaçu Estação Amostral 1","Brazil",-0.91828,-46.72361,"Amazon-Orinoco-Southern Caribbean mangroves","Amazonia","Tropical Atlantic"
3430,"Monitora.Mar.Mgz","RESEX-MAR da Lagoa do Jequiá Estação 1","Brazil",-10.01917,-36.0275,"Pernambuco coastal forests","Northeastern Brazil","Tropical Atlantic"
3431,"Monitora.Mar.Mgz","RESEX-MAR da Lagoa do Jequiá Estação 2","Brazil",-10.03306,-36.02861,"Pernambuco coastal forests","Northeastern Brazil","Tropical Atlantic"
3432,"Monitora.Mar.Mgz","RESEX-MAR da Lagoa do Jequiá Estação 3","Brazil",-10.04056,-36.02583,"Pernambuco coastal forests","Northeastern Brazil","Tropical Atlantic"
3433,"Monitora.Mar.Mgz","RESEX-MAR de Gurupi-Piriá Estação 1","Brazil",-1.03392,-46.28258,"Amazon-Orinoco-Southern Caribbean mangroves","Amazonia","Tropical Atlantic"
3434,"Monitora.Mar.Mgz","RESEX-MAR de Gurupi-Piriá Estação 2","Brazil",-1.13119,-46.08758,"Amazon-Orinoco-Southern Caribbean mangroves","Amazonia","Tropical Atlantic"
3435,"Monitora.Mar.Mgz","RESEX-MAR Mestre Lucindo Estação 1","Brazil",-0.73477,-47.74286,"Amazon-Orinoco-Southern Caribbean mangroves","Amazonia","Tropical Atlantic"
3436,"Monitora.Mar.Mgz","RESEX-MAR Mestre Lucindo Estação 2","Brazil",-0.77998,-47.73578,"Amazon-Orinoco-Southern Caribbean mangroves","Amazonia","Tropical Atlantic"
3437,"Monitora.Mar.Mgz","RESEX-MAR Pirajubaé Estação 1","Brazil",-27.65569,-48.55774,NA,"Southeastern Brazil","Temperate South America"
3438,"Monitora.Mar.Mgz","RESEX-MAR Pirajubaé Estação 2","Brazil",-27.6493,-48.53355,"Southern Atlantic mangroves","Southeastern Brazil","Temperate South America"
3439,"Monitora.Mar.Mgz","RESEX-MAR Pirajubaé Estação 3","Brazil",-27.65744,-48.52011,"Southern Atlantic mangroves","Southeastern Brazil","Temperate South America"
3440,"Monitora.Ter.Flo","Resex Renascer EA1","Brazil",-2.27138,-53.45098,"Tapajós-Xingu moist forests","Amazonia","Tropical Atlantic"
3441,"Monitora.Ter.Flo","Resex Renascer EA2","Brazil",-2.28862,-53.39896,"Tapajós-Xingu moist forests","Amazonia","Tropical Atlantic"
3442,"Monitora.Ter.Flo","Resex Renascer EA3","Brazil",-2.24184,-53.33239,"Tapajós-Xingu moist forests","Amazonia","Tropical Atlantic"
3443,"Monitora.Aq.Ig","RESEX Cajarí EA1","Brazil",-0.60726,-52.1273,"Uatuma-Trombetas moist forests","Amazonia","Tropical Atlantic"
3444,"Monitora.Aq.Ig","RESEX Cajarí EA2","Brazil",-0.58939,-52.15885,"Uatuma-Trombetas moist forests","Amazonia","Tropical Atlantic"
3445,"Monitora.Aq.Ig","RESEX Cajarí EA3","Brazil",-0.58985,-52.22885,"Uatuma-Trombetas moist forests","Amazonia","Tropical Atlantic"
3446,"Monitora.Aq.Ig","RESEX Cajarí EA4","Brazil",-0.59793,-52.2928,"Uatuma-Trombetas moist forests","Amazonia","Tropical Atlantic"
3447,"Monitora.Aq.Ig","RESEX Cajarí EA5","Brazil",-0.5968,-52.31013,"Uatuma-Trombetas moist forests","Amazonia","Tropical Atlantic"
3448,"Monitora.Ter.Flo","RESEX Rio Cautário EA1","Brazil",-11.890825,-64.194575,"Madeira-Tapajós moist forests",NA,NA
3449,"Monitora.Ter.Flo","RESEX Rio Cautário EA2","Brazil",-11.919164,-64.234108,"Madeira-Tapajós moist forests",NA,NA
3450,"Monitora.Ter.Flo","RESEX Rio Cautário EA3","Brazil",-11.9208,-64.284239,"Madeira-Tapajós moist forests",NA,NA
3451,"Monitora.Ter.Flo.Cast","Resex Rio Cautário EA1 Louro1","Brazil",-11.9125338,-64.1361008,"Madeira-Tapajós moist forests",NA,NA
3452,"Monitora.Ter.Flo","Resex Riozinho da Liberdade EA1","Brazil",-7.97269,-71.99406,"Southwest Amazon moist forests",NA,NA
3453,"Monitora.Ter.Flo","Resex Riozinho da Liberdade EA2","Brazil",-7.99694,-72.08861,"Southwest Amazon moist forests",NA,NA
3454,"Monitora.Ter.Flo","Resex Riozinho da Liberdade EA3","Brazil",-8.03903,-71.99711,"Southwest Amazon moist forests",NA,NA
3455,"Monitora.Ter.Flo","Resex Tapajós-Arapiuns EA1 (Boim)","Brazil",-3.13669,-55.51047,"Madeira-Tapajós moist forests","Amazonia","Tropical Atlantic"
3456,"Monitora.Ter.Flo","Resex Tapajós-Arapiuns EA2 (Cametá)","Brazil",-3.31467,-55.32245,"Madeira-Tapajós moist forests","Amazonia","Tropical Atlantic"
3457,"Monitora.Ter.Flo","Resex Tapajós-Arapiuns EA3 (Escrivão)","Brazil",-3.44541,-55.38611,"Madeira-Tapajós moist forests","Amazonia","Tropical Atlantic"
3458,"Monitora.Ter.Flo","Resex Tapajós-Arapiuns EA4 (São Tome)","Brazil",-3.06961,-55.25938,"Madeira-Tapajós moist forests","Amazonia","Tropical Atlantic"
3459,"Monitora.Ter.Flo","Resex Tapajós-Arapiuns EA6 (Anaã)","Brazil",-2.41088,-55.07968,"Madeira-Tapajós moist forests","Amazonia","Tropical Atlantic"
3460,"Monitora.Ter.Flo","Resex Tapajós-Arapiuns EA7 (São Pedro)","Brazil",-2.67955,-55.44582,"Madeira-Tapajós moist forests","Amazonia","Tropical Atlantic"
3461,"Monitora.Ter.Flo","Resex Tapajós-Arapiuns EA8 (Pascoal)","Brazil",-2.74284,-55.48305,"Madeira-Tapajós moist forests","Amazonia","Tropical Atlantic"
3462,"Monitora.Ter.Flo","Resex Tapajós-Arapiuns EA9 (Prainha)","Brazil",-2.94737,-55.63276,"Madeira-Tapajós moist forests","Amazonia","Tropical Atlantic"
3463,"Monitora.Aq.Ig","RESEX Tapajós-Arapiuns EA1","Brazil",-2.81818,-55.26484,"Madeira-Tapajós moist forests","Amazonia","Tropical Atlantic"
3464,"Monitora.Aq.Ig","RESEX Tapajós-Arapiuns EA4","Brazil",-3.41447,-55.39609,"Madeira-Tapajós moist forests","Amazonia","Tropical Atlantic"
3465,"Monitora.Aq.Ig","RESEX Tapajós-Arapiuns EA6","Brazil",-2.67323,-55.56372,"Madeira-Tapajós moist forests","Amazonia","Tropical Atlantic"
3466,"Monitora.Aq.Ig","RESEX Tapajós-Arapiuns EA7","Brazil",-2.62192,-55.43881,"Madeira-Tapajós moist forests","Amazonia","Tropical Atlantic"
3467,"Monitora.Aq.Ig","RESEX Tapajós-Arapiuns EA8","Brazil",-3.04527,-55.247,"Madeira-Tapajós moist forests","Amazonia","Tropical Atlantic"
3468,"Monitora.Aq.Ig","ESEC Maracá EA1","Brazil",3.379,-61.47492,"Guianan savanna",NA,NA
3469,"Monitora.Aq.Ig","ESEC Maracá EA2","Brazil",3.39306,-61.58386,"Guianan piedmont and lowland moist forests",NA,NA
3470,"Monitora.Aq.Ig","ESEC Maracá EA3","Brazil",3.39142,-61.6425,"Guianan piedmont and lowland moist forests",NA,NA
3471,"Monitora.Aq.Ig","ESEC Maracá EA4","Brazil",3.36956,-61.45286,"Guianan savanna",NA,NA
3472,"Monitora.Aq.Ig","ESEC Maracá EA5","Brazil",3.40597,-61.47339,"Guianan savanna",NA,NA
3473,"Monitora.Aq.Ig","ESEC Maracá EA6","Brazil",3.37158,-61.48861,"Guianan savanna",NA,NA
3474,"Monitora.Aq.Ig","ESEC Maracá EA7","Brazil",3.40503,-61.45211,"Guianan savanna",NA,NA
3475,"Monitora.Aq.Ig","ESEC Maracá EA8","Brazil",3.40342,-61.64475,"Guianan piedmont and lowland moist forests",NA,NA
3476,"Monitora.Aq.Ig","ESEC Maracá EA9","Brazil",3.38344,-61.66283,"Guianan piedmont and lowland moist forests",NA,NA
3477,"Monitora.Aq.Ig","Bloco Roraima - Ucs Baixo Rio Branco EA1","Brazil",1.382,-61.68367,"Guianan piedmont and lowland moist forests",NA,NA
3478,"Monitora.Aq.Ig","Bloco Roraima - Ucs Baixo Rio Branco EA2","Brazil",1.39583,-61.66917,"Guianan piedmont and lowland moist forests",NA,NA
3479,"Monitora.Aq.Ig","Bloco Roraima - Ucs Baixo Rio Branco EA3","Brazil",1.08728,-61.82964,"Rio Negro campinarana",NA,NA
3480,"Monitora.Aq.Ig","Bloco Roraima - Ucs Baixo Rio Branco EA4","Brazil",1.12803,-61.73947,"Rio Negro campinarana",NA,NA
3481,"Monitora.Aq.Ig","PARNA Juruena EA1","Brazil",-8.96322,-58.54053,"Madeira-Tapajós moist forests",NA,NA
3482,"Monitora.Aq.Ig","PARNA Juruena EA2","Brazil",-8.92222,-58.57336,"Mato Grosso seasonal forests",NA,NA
3483,"Monitora.Aq.Ig","PARNA Juruena EA3","Brazil",-8.94928,-58.5685,"Madeira-Tapajós moist forests",NA,NA
3484,"Monitora.Aq.Ig","PARNA Juruena EA4","Brazil",-9.01483,-58.64981,"Madeira-Tapajós moist forests",NA,NA
3485,"Monitora.Aq.Ig","PARNA Juruena EA5","Brazil",-8.94992,-58.56961,"Madeira-Tapajós moist forests",NA,NA
3486,"Monitora.Aq.Ig","PARNA Juruena EA6","Brazil",-8.97825,-58.53911,"Madeira-Tapajós moist forests",NA,NA
3487,"Monitora.Aq.Ig","Bloco Roraima - Ucs Baixo Rio Branco EA5","Brazil",1.50861,-61.23,"Uatuma-Trombetas moist forests",NA,NA
3488,"Monitora.Aq.Ig","Bloco Roraima - Ucs Baixo Rio Branco EA6","Brazil",1.4715,-61.01211,"Rio Negro campinarana",NA,NA
3489,"Monitora.Aq.Ig","PARNA Campos Amazonicos EA1","Brazil",-8.07276,-61.05081,"Madeira-Tapajós moist forests",NA,NA
3490,"Monitora.Aq.Ig","PARNA Campos Amazonicos EA2","Brazil",-8.19532,-61.03683,"Madeira-Tapajós moist forests",NA,NA
3491,"Monitora.Aq.Ig","PARNA Campos Amazonicos EA3","Brazil",-8.20195,-60.95326,"Madeira-Tapajós moist forests",NA,NA
3492,"Monitora.Aq.Ig","PARNA Campos Amazonicos EA4","Brazil",-7.99883,-60.98943,"Madeira-Tapajós moist forests",NA,NA
3493,"Monitora.Aq.Ig","PARNA Campos Amazonicos EA5","Brazil",-8.23362,-60.95358,"Madeira-Tapajós moist forests",NA,NA
3494,"Monitora.Aq.Ig","PARNA Campos Amazonicos EA6","Brazil",-8.24678,-60.93097,"Madeira-Tapajós moist forests",NA,NA
3495,"Monitora.Aq.Ig","Parna Mapinguari EA1","Brazil",-7.88042,-63.90003,"Purus-Madeira moist forests",NA,NA
3496,"Monitora.Aq.Ig","Parna Mapinguari EA2","Brazil",-7.54844,-63.76947,"Purus-Madeira moist forests",NA,NA
3497,"Monitora.Aq.Ig","Parna Mapinguari EA3","Brazil",-7.72594,-63.83644,"Purus-Madeira moist forests",NA,NA
3498,"Monitora.Aq.Ig","Parna Mapinguari EA4","Brazil",-7.78847,-63.82731,"Purus-Madeira moist forests",NA,NA
3499,"Monitora.Aq.Ig","Parna Mapinguari EA5","Brazil",-8.22459,-64.13295,"Purus-Madeira moist forests",NA,NA
3500,"Monitora.Aq.Ig","Parna Mapinguari EA6","Brazil",-8.09356,-64.14378,"Purus-Madeira moist forests",NA,NA
3501,"Monitora.Aq.Ig","REBIO Jarú EA1","Brazil",-9.57844,-61.61669,"Madeira-Tapajós moist forests",NA,NA
3502,"Monitora.Aq.Ig","REBIO Jarú EA2","Brazil",-9.59643,-61.65069,"Madeira-Tapajós moist forests",NA,NA
3503,"Monitora.Aq.Ig","REBIO Jarú EA3","Brazil",-9.61675,-61.64517,"Madeira-Tapajós moist forests",NA,NA
3504,"Monitora.Aq.Ig","REBIO Jarú EA4","Brazil",-9.62611,-61.67461,"Madeira-Tapajós moist forests",NA,NA
3505,"Monitora.Aq.Ig","REBIO Jarú EA5","Brazil",-9.67297,-61.67775,"Madeira-Tapajós moist forests",NA,NA
3506,"Monitora.Aq.Ig","REBIO Jarú EA6","Brazil",-9.68009,-61.64694,"Madeira-Tapajós moist forests",NA,NA
3507,"Monitora.Aq.Ig","RESEX Cajarí EA1","Brazil",-0.60726,-52.1273,"Uatuma-Trombetas moist forests","Amazonia","Tropical Atlantic"
3508,"Monitora.Aq.Ig","RESEX Cajarí EA2","Brazil",-0.58939,-52.15885,"Uatuma-Trombetas moist forests","Amazonia","Tropical Atlantic"
3509,"Monitora.Aq.Ig","RESEX Cajarí EA3","Brazil",-0.58985,-52.22885,"Uatuma-Trombetas moist forests","Amazonia","Tropical Atlantic"
3510,"Monitora.Aq.Ig","RESEX Cajarí EA4","Brazil",-0.59793,-52.2928,"Uatuma-Trombetas moist forests","Amazonia","Tropical Atlantic"
3511,"Monitora.Aq.Ig","RESEX Cajarí EA5","Brazil",-0.5968,-52.31013,"Uatuma-Trombetas moist forests","Amazonia","Tropical Atlantic"
3512,"Monitora.Aq.Ig","RESEX Tapajós-Arapiuns EA1","Brazil",-2.81818,-55.26484,"Madeira-Tapajós moist forests","Amazonia","Tropical Atlantic"
3513,"Monitora.Aq.Ig","RESEX Tapajós-Arapiuns EA4","Brazil",-3.41447,-55.39609,"Madeira-Tapajós moist forests","Amazonia","Tropical Atlantic"
3514,"Monitora.Aq.Ig","RESEX Tapajós-Arapiuns EA6","Brazil",-2.67323,-55.56372,"Madeira-Tapajós moist forests","Amazonia","Tropical Atlantic"
3515,"Monitora.Aq.Ig","RESEX Tapajós-Arapiuns EA7","Brazil",-2.62192,-55.43881,"Madeira-Tapajós moist forests","Amazonia","Tropical Atlantic"
3516,"Monitora.Aq.Ig","RESEX Tapajós-Arapiuns EA8","Brazil",-3.04527,-55.247,"Madeira-Tapajós moist forests","Amazonia","Tropical Atlantic"
3517,"Monitora.FLO","Parque Nacional da Serra dos Órgãos Estação Amostral 1","Brazil",-22.46062,-43.00875,"Serra do Mar coastal forests","Southeastern Brazil","Temperate South America"
3518,"Monitora.FLO","Parque Nacional da Serra dos Órgãos Estação Amostral 2","Brazil",-22.47700006,-43.11000003,"Serra do Mar coastal forests","Southeastern Brazil","Temperate South America"
3519,"Monitora.Mar","RESEX Chocoaré-Mato Grosso EA1 (Porto Sede)","Brazil",-0.92763,-47.40271,"Tocantins/Pindare moist forests","Amazonia","Tropical Atlantic"
3520,"Monitora.Mar","RESEX Chocoaré-Mato Grosso EA 2 (Porto Pedrinhas)","Brazil",-0.86738,-47.37901,"Amazon-Orinoco-Southern Caribbean mangroves","Amazonia","Tropical Atlantic"
3521,"Monitora.Mar","RESEX Chocoaré-Mato Grosso EA3 (Bacuriteua)","Brazil",-0.96172,-47.3938,"Tocantins/Pindare moist forests","Amazonia","Tropical Atlantic"
3522,"Monitora.Mar","RESEX Chocoaré-Mato Grosso EA4 (Sobrado)","Brazil",-0.85901,-47.3476,"Amazon-Orinoco-Southern Caribbean mangroves","Amazonia","Tropical Atlantic"
3523,"Monitora.Mar","RESEX de Canavieiras Estação 1 (Pedras de Una)","Brazil",-15.23782,-39.00189,"Bahia coastal forests","Eastern Brazil","Tropical Atlantic"
3524,"Monitora.Mar","RESEX de Canavieiras Estação 2 (Km 18)","Brazil",-15.56196,-39.00421,"Atlantic Coast restingas","Eastern Brazil","Tropical Atlantic"
3525,"Monitora.Mar","RESEX de Canavieiras Estação 3 (Curva do Leão)","Brazil",-15.58996,-38.97792,"Atlantic Coast restingas","Eastern Brazil","Tropical Atlantic"
3526,"Monitora.Mar","RESEX de Canavieiras Estação 4 (Campos do Arroz)","Brazil",-15.62052,-38.9892,"Atlantic Coast restingas","Eastern Brazil","Tropical Atlantic"
3527,"Monitora.Mar","RESEX de Canavieiras Estação 5 (Canavieiras - sede)","Brazil",-15.64251,-38.95961,"Southern Atlantic mangroves","Eastern Brazil","Tropical Atlantic"
3528,"Monitora.Mar","RESEX de Canavieiras Estação 6 (Rio de Dentro)","Brazil",-15.65496,-38.96745,"Southern Atlantic mangroves","Eastern Brazil","Tropical Atlantic"
3529,"Monitora.Mar","RESEX de Canavieiras Estação 7 (Rio Salsa/Pardo)","Brazil",-15.69578,-38.99569,"Atlantic Coast restingas","Eastern Brazil","Tropical Atlantic"
3530,"Monitora.Mar","RESEX de Canavieiras Estação 8 (Campinhos)","Brazil",-15.76038,-38.92065,"Atlantic Coast restingas","Eastern Brazil","Tropical Atlantic"
3531,"Monitora.Mar","RESEX de Canavieiras Estação 9 (Manema)","Brazil",-15.70553,-38.95438,"Southern Atlantic mangroves","Eastern Brazil","Tropical Atlantic"
3532,"Monitora.Mar","RESEX de Canavieiras Estação 10 (Belmonte - sede)","Brazil",-15.85516,-38.87756,"Southern Atlantic mangroves","Eastern Brazil","Tropical Atlantic"
3533,"Monitora.Mar","RESEX de Canavieiras Estação 11 (Barra Velha)","Brazil",-15.53802,-38.967,"Atlantic Coast restingas","Eastern Brazil","Tropical Atlantic"
3534,"Monitora.Mar","RESEX de Cassurubá Estação 1 (Alcobaça)","Brazil",-17.52719,-39.1917,"Bahia coastal forests","Eastern Brazil","Tropical Atlantic"
3535,"Monitora.Mar","RESEX de Cassurubá Estação 2 (Barra de Caravelas)","Brazil",-17.73586,-39.19054,"Bahia coastal forests","Eastern Brazil","Tropical Atlantic"
3536,"Monitora.Mar","RESEX de Cassurubá Estação 3 (Caravelas)","Brazil",-17.73407,-39.26545,"Bahia coastal forests","Eastern Brazil","Tropical Atlantic"
3537,"Monitora.Mar","RESEX de Cassurubá Estação 4 (Ilha do Cassurubá)","Brazil",-17.82428,-39.28833,"Southern Atlantic mangroves","Eastern Brazil","Tropical Atlantic"
3538,"Monitora.Mar","RESEX de Cassurubá Estação 5 (Rio dos Macacos)","Brazil",-17.71844,-39.25997,"Bahia coastal forests","Eastern Brazil","Tropical Atlantic"
3539,"Monitora.Mar","RESEX de Cassurubá Estação 6 (Rio do Cupido)","Brazil",-17.72041,-39.32502,"Southern Atlantic mangroves","Eastern Brazil","Tropical Atlantic"
3540,"Monitora.Mar","RESEX de Cassurubá Estação 7 (Tapera)","Brazil",-17.74543,-39.28326,"Bahia coastal forests","Eastern Brazil","Tropical Atlantic"
3541,"Monitora.Mar","RESEX de Cassurubá Estação 8 (Caribê de Cima)","Brazil",-17.78044,-39.29436,"Southern Atlantic mangroves","Eastern Brazil","Tropical Atlantic"
3542,"Monitora.Mar","RESEX de Cassurubá Estação 9 (Caribê do Meio)","Brazil",-17.76791,-39.27698,"Southern Atlantic mangroves","Eastern Brazil","Tropical Atlantic"
3543,"Monitora.Mar","RESEX de Cassurubá Estação 10 (Francisca Lopes)","Brazil",-17.7148,-39.28207,"Bahia coastal forests","Eastern Brazil","Tropical Atlantic"
3544,"Monitora.Mar","RESEX de Cassurubá Estação 11 (Nova Viçosa)","Brazil",-17.90094,-39.37164,"Bahia coastal forests","Eastern Brazil","Tropical Atlantic"
3545,"Monitora.Mar","RESEX de Cassurubá Estação 12 (Ponta de Areia)","Brazil",-17.74822,-39.22601,"Bahia coastal forests","Eastern Brazil","Tropical Atlantic"
3546,"Monitora.Mar.Ilha","Monumento Natural das ilhas de Trindade e Martim Vaz e do Monte Columbia","Brazil",-20.50465,-29.33115,NA,"Trindade and Martin Vaz Islands","Tropical Atlantic"
3547,"Monitora.Mar.Ilha","Fernando de Noronha","Brazil",-3.84589,-32.39996,"Fernando de Noronha-Atol das Rocas moist forests","Fernando de Naronha and Atoll das Rocas","Tropical Atlantic"
3548,"Monitora.Mar.Ilha","Parque Nacional Marinho dos Abrolhos","Brazil",-17.96268,-38.7024,NA,"Eastern Brazil","Tropical Atlantic"
3549,"Monitora.Mar.Mgz","Nucleo de Gestão Integrada Antonina EA1","Brazil",-25.30477,-48.42397,NA,"Southeastern Brazil","Temperate South America"
3550,"Monitora.Mar.Mgz","ESEC de Carijós Estação Amostral 1","Brazil",-27.46619,-48.52086,"Southern Atlantic mangroves","Southeastern Brazil","Temperate South America"
3551,"Monitora.Mar.Mgz","ESEC de Carijós Estação Amostral 2","Brazil",-27.46752,-48.50495,"Southern Atlantic mangroves","Southeastern Brazil","Temperate South America"
3552,"Monitora.Mar.Mgz","ESEC de Carijós Estação Amostral 3","Brazil",-27.55084,-48.50875,"Southern Atlantic mangroves","Southeastern Brazil","Temperate South America"
3553,"Monitora.Mar.Mgz","Nucleo de Gestão Integrada Antonina EA2","Brazil",-25.31325,-48.36134,NA,"Southeastern Brazil","Temperate South America"
3554,"Monitora.Mar.Mgz","ESEC de Maracá Jipioca Estação Amostral 1","Brazil",1.92392,-50.46517,NA,"Amazonia","Tropical Atlantic"
3555,"Monitora.Mar.Mgz","ESEC de Maracá Jipioca Estação Amostral 2","Brazil",1.91606,-50.46183,NA,"Amazonia","Tropical Atlantic"
3556,"Monitora.Mar.Mgz","ESEC de Maracá Jipioca Estação Amostral 3","Brazil",2.11903,-50.43289,"Marajó varzeá","Amazonia","Tropical Atlantic"
3557,"Monitora.Mar.Mgz","Nucleo de Gestão Integrada Antonina EA3","Brazil",-25.30891,-48.16926,"Southern Atlantic mangroves","Southeastern Brazil","Temperate South America"
3558,"Monitora.Mar.Mgz","RESEX Chocoaré-Mato Grosso Estação 1","Brazil",-0.85156,-47.38625,"Amazon-Orinoco-Southern Caribbean mangroves","Amazonia","Tropical Atlantic"
3559,"Monitora.Mar.Mgz","RESEX Chocoaré-Mato Grosso Estação 2","Brazil",-0.90325,-47.40886,"Tocantins/Pindare moist forests","Amazonia","Tropical Atlantic"
3560,"Monitora.Mar.Mgz","RESEX Chocoaré-Mato Grosso Estação 3","Brazil",-0.94217,-47.41958,"Tocantins/Pindare moist forests","Amazonia","Tropical Atlantic"
3561,"Monitora.Mar.Mgz","RESEX de Canavieiras Estação 1","Brazil",-15.47599,-38.97535,"Atlantic Coast restingas","Eastern Brazil","Tropical Atlantic"
3562,"Monitora.Mar.Mgz","RESEX de Canavieiras Estação 2","Brazil",-15.55699,-38.98996,"Atlantic Coast restingas","Eastern Brazil","Tropical Atlantic"
3563,"Monitora.Mar.Mgz","RESEX de Canavieiras Estação 3","Brazil",-15.74906,-38.91507,"Atlantic Coast restingas","Eastern Brazil","Tropical Atlantic"
3564,"Monitora.Mar.Mgz","RESEX de Cassurubá Estação 1","Brazil",-17.7559,-39.28215,"Southern Atlantic mangroves","Eastern Brazil","Tropical Atlantic"
3565,"Monitora.Mar.Mgz","RESEX de Cassurubá Estação 2","Brazil",-17.71519,-39.28113,"Bahia coastal forests","Eastern Brazil","Tropical Atlantic"
3566,"Monitora.Mar.Mgz","RESEX de Cassurubá Estação 3","Brazil",-17.72162,-39.29353,"Southern Atlantic mangroves","Eastern Brazil","Tropical Atlantic"
3567,"Monitora.Mar.Mgz","RESEX-MAR Caeté-Taperaçu Estação 2","Brazil",-0.93078,-46.63069,"Amazon-Orinoco-Southern Caribbean mangroves","Amazonia","Tropical Atlantic"
3568,"Monitora.Mar.Mgz","RESEX-MAR Caeté-Taperaçu Estação 3","Brazil",-0.86719,-46.75447,"Amazon-Orinoco-Southern Caribbean mangroves","Amazonia","Tropical Atlantic"
3569,"Monitora.Mar.Mgz","RESEX-MAR Caeté-Taperaçu Estação Amostral 1","Brazil",-0.91828,-46.72361,"Amazon-Orinoco-Southern Caribbean mangroves","Amazonia","Tropical Atlantic"
3570,"Monitora.Mar.Mgz","RESEX-MAR da Lagoa do Jequiá Estação 1","Brazil",-10.01917,-36.0275,"Pernambuco coastal forests","Northeastern Brazil","Tropical Atlantic"
3571,"Monitora.Mar.Mgz","RESEX-MAR da Lagoa do Jequiá Estação 2","Brazil",-10.03306,-36.02861,"Pernambuco coastal forests","Northeastern Brazil","Tropical Atlantic"
3572,"Monitora.Mar.Mgz","RESEX-MAR da Lagoa do Jequiá Estação 3","Brazil",-10.04056,-36.02583,"Pernambuco coastal forests","Northeastern Brazil","Tropical Atlantic"
3573,"Monitora.Mar.Mgz","RESEX-MAR de Gurupi-Piriá Estação 1","Brazil",-1.03392,-46.28258,"Amazon-Orinoco-Southern Caribbean mangroves","Amazonia","Tropical Atlantic"
3574,"Monitora.Mar.Mgz","RESEX-MAR de Gurupi-Piriá Estação 2","Brazil",-1.13119,-46.08758,"Amazon-Orinoco-Southern Caribbean mangroves","Amazonia","Tropical Atlantic"
3575,"Monitora.Mar.Mgz","RESEX-MAR Mestre Lucindo Estação 1","Brazil",-0.73477,-47.74286,"Amazon-Orinoco-Southern Caribbean mangroves","Amazonia","Tropical Atlantic"
3576,"Monitora.Mar.Mgz","RESEX-MAR Mestre Lucindo Estação 2","Brazil",-0.77998,-47.73578,"Amazon-Orinoco-Southern Caribbean mangroves","Amazonia","Tropical Atlantic"
3577,"Monitora.Mar.Mgz","RESEX-MAR Pirajubaé Estação 1","Brazil",-27.65569,-48.55774,NA,"Southeastern Brazil","Temperate South America"
3578,"Monitora.Mar.Mgz","RESEX-MAR Pirajubaé Estação 2","Brazil",-27.6493,-48.53355,"Southern Atlantic mangroves","Southeastern Brazil","Temperate South America"
3579,"Monitora.Mar.Mgz","RESEX-MAR Pirajubaé Estação 3","Brazil",-27.65744,-48.52011,"Southern Atlantic mangroves","Southeastern Brazil","Temperate South America"
3580,"Monitora.Mar.Pr","Estação Ecologica Maracá-Jipioca","Brazil",2.12382,-50.44056,"Marajó varzeá","Amazonia","Tropical Atlantic"
3581,"Monitora.Mar.Pr","Parque Nacional da Lagoa do Peixe - Estação Amostral 1","Brazil",-31.1163,-50.84117,"Uruguayan savanna","Rio Grande","Temperate South America"
3582,"Monitora.Mar.Pr","Parque Nacional da Lagoa do Peixe - Estação Amostral 2","Brazil",-31.25916,-50.97249,"Uruguayan savanna","Rio Grande","Temperate South America"
3583,"Monitora.Mar.Pr","Parque Nacional da Lagoa do Peixe - Estação Amostral 3","Brazil",-31.24547,-50.89952,"Uruguayan savanna","Rio Grande","Temperate South America"
3584,"Monitora.Mar.Pr","Parque Nacional da Lagoa do Peixe - Estação Amostral 4","Brazil",-31.27722,-50.93637,"Uruguayan savanna","Rio Grande","Temperate South America"
3585,"Monitora.Mar.Pr","Parque Nacional da Lagoa do Peixe - Estação Amostral 5","Brazil",-31.35523,-51.04875,"Uruguayan savanna","Rio Grande","Temperate South America"
3586,"Monitora.Mar.Pr","Parque Nacional da Restinga de Jurubatiba - Estação Amostral 1","Brazil",-22.2055,-41.46386,"Atlantic Coast restingas","Eastern Brazil","Tropical Atlantic"
3587,"Monitora.Mar.Pr","Parque Nacional da Restinga de Jurubatiba - Estação Amostral 2","Brazil",-22.21152,-41.49113,"Atlantic Coast restingas","Eastern Brazil","Tropical Atlantic"
3588,"Monitora.Mar.Pr","Parque Nacional da Restinga de Jurubatiba - Estação Amostral 3","Brazil",-22.20033,-41.45025,"Atlantic Coast restingas","Eastern Brazil","Tropical Atlantic"
3589,"Monitora.Mar.Pr","Parque Nacional da Restinga de Jurubatiba - Estação Amostral 4","Brazil",-22.19502,-41.43331,"Atlantic Coast restingas","Eastern Brazil","Tropical Atlantic"
3590,"Monitora.Mar.Pr","Parque Nacional da Restinga de Jurubatiba - Estação Amostral 5","Brazil",-22.19009,-41.41452,"Atlantic Coast restingas","Eastern Brazil","Tropical Atlantic"
3591,"Monitora.Mar.Pr","Parque Nacional da Restinga de Jurubatiba - Estação Amostral 6","Brazil",-22.18685,-41.39864,"Atlantic Coast restingas","Eastern Brazil","Tropical Atlantic"
3592,"Monitora.Mar.Pr","Parque Nacional da Restinga de Jurubatiba - Estação Amostral 7","Brazil",-22.18396,-41.38472,"Atlantic Coast restingas","Eastern Brazil","Tropical Atlantic"
3593,"Monitora.Mar.Pr","Parque Nacional da Restinga de Jurubatiba - Estação Amostral 8","Brazil",-22.16653,-41.32078,"Atlantic Coast restingas","Eastern Brazil","Tropical Atlantic"
3594,"Monitora.Mar.Pr","Parque Nacional da Restinga de Jurubatiba - Estação Amostral 9","Brazil",-22.14651,-41.24902,"Atlantic Coast restingas","Eastern Brazil","Tropical Atlantic"
3595,"Monitora.Mar.Pr","Parque Nacional do Cabo Orange","Brazil",4.06573,-51.35075,"Marajó varzeá","Amazonia","Tropical Atlantic"
3596,"Monitora.Mar.Pr","Reserva Biológica do Lago Piratuba","Brazil",1.64159,-50.13826,"Marajó varzeá","Amazonia","Tropical Atlantic"
3597,"Monitora.Ter.CS","Parna de Brasília EA1","Brazil",-15.71246,-47.99195,"Cerrado",NA,NA
3598,"Monitora.Ter.CS","PARNA Mapinguari EA1","Brazil",-8.03777,-63.77588,"Purus-Madeira moist forests",NA,NA
3599,"Monitora.Ter.CS","REBio Contagem EA1","Brazil",-15.65406,-47.87073,"Cerrado",NA,NA
3600,"Monitora.Ter.CS","REBio Guaporé EA1","Brazil",-12.30341,-63.29059,"Madeira-Tapajós moist forests",NA,NA
3601,"Monitora.Ter.CS","REBio Guaporé EA2","Brazil",-12.29716,-63.39501,"Madeira-Tapajós moist forests",NA,NA
3602,"Monitora.Ter","Esec Maracá Grid","Brazil",3.38715,-61.44206,"Guianan savanna",NA,NA
3603,"Monitora.Ter","ESEC Terra do Meio Grid","Brazil",-4.69825,-53.57943,"Tapajós-Xingu moist forests","Amazonia","Tropical Atlantic"
3604,"Monitora.Ter","Flona Jamari - EA2 Grid Manejo Florestal","Brazil",-9.37212,-63.03088,"Madeira-Tapajós moist forests",NA,NA
3605,"Monitora.Ter","Flona de Jamari Grid","Brazil",-9.257,-62.91501,"Madeira-Tapajós moist forests",NA,NA
3606,"Monitora.Ter","PARNA da Serra dos Órgãos Grid","Brazil",-22.48444,-43.06087,"Serra do Mar coastal forests","Southeastern Brazil","Temperate South America"
3607,"Monitora.Ter","Parna do Juruena Grid","Brazil",-8.99016,-58.57993,"Madeira-Tapajós moist forests",NA,NA
3608,"Monitora.Ter","Parna do Viruá Grid","Brazil",1.48689,-61.01129,"Rio Negro campinarana",NA,NA
3609,"Monitora.Ter","Parna Mapinguari Grid","Brazil",-7.71542,-63.83942,"Purus-Madeira moist forests",NA,NA
3610,"Monitora.Ter","Rebio Gurupi Grid","Brazil",-3.67,-46.7803,"Tocantins/Pindare moist forests","Amazonia","Tropical Atlantic"
3611,"Monitora.Ter","Resex do Rio Iriri Grid","Brazil",-4.47065,-53.72236,"Tapajós-Xingu moist forests","Amazonia","Tropical Atlantic"
3612,"Monitora.Ter.Flo","Esec Alto Maués EA1","Brazil",-5.00907,-58.00059,"Madeira-Tapajós moist forests",NA,NA
3613,"Monitora.Ter.Flo","Esec Alto Maués EA2","Brazil",-5.00028,-58.01202,"Madeira-Tapajós moist forests",NA,NA
3614,"Monitora.Ter.Flo","Esec Maracá EA1","Brazil",3.38715,-61.44206,"Guianan savanna",NA,NA
3615,"Monitora.Ter.Flo","Esec Maracá EA2","Brazil",3.42947,-61.6447,"Guianan piedmont and lowland moist forests",NA,NA
3616,"Monitora.Ter.Flo","Esec Maracá EA3","Brazil",3.38628,-61.58929,"Guianan piedmont and lowland moist forests",NA,NA
3617,"Monitora.Ter.Flo","Esec Niquiá EA1","Brazil",0.81556,-61.65003,"Uatuma-Trombetas moist forests",NA,NA
3618,"Monitora.Ter.Flo","Esec Riozinho do Anfrísio EA1","Brazil",-4.97863,-54.62222,"Tapajós-Xingu moist forests",NA,NA
3619,"Monitora.Ter.Flo","Esec Riozinho do Anfrísio EA2","Brazil",-4.92995,-55.15484,"Tapajós-Xingu moist forests",NA,NA
3620,"Monitora.Ter.Flo","Esec Riozinho do Anfrísio EA3","Brazil",-5.24688,-55.30637,"Tapajós-Xingu moist forests",NA,NA
3621,"Monitora.Ter.Flo","Esec Serra Geral do Tocantins EA1","Brazil",-10.71469,-45.98607,"Cerrado",NA,NA
3622,"Monitora.Ter.Flo","Esec Serra Geral do Tocantins EA2","Brazil",-10.66921,-45.96735,"Cerrado",NA,NA
3623,"Monitora.Ter.Flo","ESEC Terra do Meio EA1","Brazil",-4.75451,-53.60111,"Tapajós-Xingu moist forests","Amazonia","Tropical Atlantic"
3624,"Monitora.Ter.Flo","ESEC Terra do Meio EA2","Brazil",-4.78583,-53.53495,"Tapajós-Xingu moist forests","Amazonia","Tropical Atlantic"
3625,"Monitora.Ter.Flo","ESEC Terra do Meio EA3","Brazil",-4.64682,-53.57511,"Tapajós-Xingu moist forests","Amazonia","Tropical Atlantic"
3626,"Monitora.Ter.Flo","Flona de Jamari EA1","Brazil",-9.44472,-62.82194,"Madeira-Tapajós moist forests",NA,NA
3627,"Monitora.Ter.Flo","Flona de Jamari EA2","Brazil",-9.27889,-62.91306,"Madeira-Tapajós moist forests",NA,NA
3628,"Monitora.Ter.Flo","Flona de Jamari EA3","Brazil",-9.02389,-62.92028,"Madeira-Tapajós moist forests",NA,NA
3629,"Monitora.Ter.Flo","Flona de Jamari EA4","Brazil",-9.29584,-62.81891,"Madeira-Tapajós moist forests",NA,NA
3630,"Monitora.Ter.Flo","Parna da Amazônia EA1","Brazil",-4.47825,-56.2895,"Madeira-Tapajós moist forests",NA,NA
3631,"Monitora.Ter.Flo","Parna da Amazônia EA2","Brazil",-4.52974,-56.31263,"Madeira-Tapajós moist forests",NA,NA
3632,"Monitora.Ter.Flo","Parna da Amazônia EA3","Brazil",-4.61752,-56.39309,"Madeira-Tapajós moist forests",NA,NA
3633,"Monitora.Ter.Flo","Parna da Chapada dos Veadeiros EA1","Brazil",-14.06611,-47.638,"Cerrado",NA,NA
3634,"Monitora.Ter.Flo","Parna da Serra da Bocaina EA1","Brazil",-22.82493,-44.62348,"Serra do Mar coastal forests","Southeastern Brazil","Temperate South America"
3635,"Monitora.Ter.Flo","Parna da Serra da Bodoquena EA1","Brazil",-21.49906,-56.74328,"Cerrado",NA,NA
3636,"Monitora.Ter.Flo","Parna da Serra da Bodoquena EA2","Brazil",-21.10767,-56.64066,"Cerrado",NA,NA
3637,"Monitora.Ter.Flo","Parna da Serra da Cutia EA1","Brazil",-11.71836,-64.86731,"Madeira-Tapajós moist forests",NA,NA
3638,"Monitora.Ter.Flo","Parna da Serra da Cutia EA2","Brazil",-11.75078,-64.84322,"Madeira-Tapajós moist forests",NA,NA
3639,"Monitora.Ter.Flo","Parna da Serra da Cutia EA3","Brazil",-11.7935,-64.79917,"Madeira-Tapajós moist forests",NA,NA
3640,"Monitora.Ter.Flo","Parna da Serra do Cipó EA1","Brazil",-19.35507,-43.61085,"Cerrado","Eastern Brazil","Tropical Atlantic"
3641,"Monitora.Ter.Flo","Parna da Serra do Divisor EA1","Brazil",-7.4921,-73.72737,"Southwest Amazon moist forests",NA,NA
3642,"Monitora.Ter.Flo","Parna da Serra do Divisor EA2","Brazil",-7.56393,-73.8056,"Southwest Amazon moist forests",NA,NA
3643,"Monitora.Ter.Flo","PARNA da Serra dos Órgãos Estação Amostral 1","Brazil",-22.46062,-43.00875,"Serra do Mar coastal forests","Southeastern Brazil","Temperate South America"
3644,"Monitora.Ter.Flo","PARNA da Serra dos Órgãos Estação Amostral 2","Brazil",-22.477,-43.11,"Serra do Mar coastal forests","Southeastern Brazil","Temperate South America"
3645,"Monitora.Ter.Flo","Parna de Brasília EA1","Brazil",-15.60954,-47.97278,"Cerrado",NA,NA
3646,"Monitora.Ter.Flo","Parna de Pacaas Novos EA1","Brazil",-10.7927,-63.64229,"Madeira-Tapajós moist forests",NA,NA
3647,"Monitora.Ter.Flo","Parna de Pacaas Novos EA2","Brazil",-10.73555,-63.60771,"Madeira-Tapajós moist forests",NA,NA
3648,"Monitora.Ter.Flo","Parna de Pacaas Novos EA3","Brazil",-10.54308,-63.95999,"Madeira-Tapajós moist forests",NA,NA
3649,"Monitora.Ter.Flo","Parna do Cabo Orange EA1","Brazil",2.88,-51.15938,"Uatuma-Trombetas moist forests","Amazonia","Tropical Atlantic"
3650,"Monitora.Ter.Flo","Parna do Cabo Orange EA2","Brazil",2.85188,-51.22125,"Guianan moist forests","Amazonia","Tropical Atlantic"
3651,"Monitora.Ter.Flo","Parna do Cabo Orange EA3","Brazil",3.0825,-51.24938,"Uatuma-Trombetas moist forests","Amazonia","Tropical Atlantic"
3652,"Monitora.Ter.Flo","Parna do Iguaçu EA1","Brazil",-25.60564,-54.41983,"Alto Paraná Atlantic forests",NA,NA
3653,"Monitora.Ter.Flo","Parna do Jaú EA1","Brazil",-1.77772,-61.62231,"Japurá-Solimoes-Negro moist forests",NA,NA
3654,"Monitora.Ter.Flo","Parna do Jaú EA2","Brazil",-1.90742,-61.6718,"Japurá-Solimoes-Negro moist forests",NA,NA
3655,"Monitora.Ter.Flo","Parna do Jaú EA3","Brazil",-1.86392,-61.72389,"Japurá-Solimoes-Negro moist forests",NA,NA
3656,"Monitora.Ter.Flo","Parna do Juruena EA1","Brazil",-9.02088,-58.62943,"Madeira-Tapajós moist forests",NA,NA
3657,"Monitora.Ter.Flo","Parna do Juruena EA2","Brazil",-8.97409,-58.61105,"Madeira-Tapajós moist forests",NA,NA
3658,"Monitora.Ter.Flo","Parna do Juruena EA3","Brazil",-8.96869,-58.54042,"Madeira-Tapajós moist forests",NA,NA
3659,"Monitora.Ter.Flo","Parna do Monte Roraima EA1","Brazil",5.12359,-60.59827,"Pantepui","Guianan","Tropical Atlantic"
3660,"Monitora.Ter.Flo","Parna do Monte Roraima EA2","Brazil",4.98019,-60.29679,"Guianan Highlands moist forests","Guianan","Tropical Atlantic"
3661,"Monitora.Ter.Flo","Parna do Superagui EA1","Brazil",-25.39125,-48.27371,"Serra do Mar coastal forests","Southeastern Brazil","Temperate South America"
3662,"Monitora.Ter.Flo","Parna do Superagui EA2","Brazil",-25.44186,-48.21177,"Serra do Mar coastal forests","Southeastern Brazil","Temperate South America"
3663,"Monitora.Ter.Flo","Parna do Superagui EA3","Brazil",-25.48581,-48.29039,"Serra do Mar coastal forests","Southeastern Brazil","Temperate South America"
3664,"Monitora.Ter.Flo","Parna do Viruá EA1","Brazil",1.48689,-61.01129,"Rio Negro campinarana",NA,NA
3665,"Monitora.Ter.Flo","Parna do Viruá EA2","Brazil",1.56075,-61.22418,"Guianan savanna",NA,NA
3666,"Monitora.Ter.Flo","Parna dos Campos Amazônicos EA1","Brazil",-8.00723,-61.00433,"Madeira-Tapajós moist forests",NA,NA
3667,"Monitora.Ter.Flo","Parna dos Campos Amazônicos EA2","Brazil",-8.00776,-61.00617,"Madeira-Tapajós moist forests",NA,NA
3668,"Monitora.Ter.Flo","Parna dos Campos Amazônicos EA3","Brazil",-8.00069,-61.00365,"Madeira-Tapajós moist forests",NA,NA
3669,"Monitora.Ter.Flo","Parna Mapinguari EA1","Brazil",-7.87436,-63.8705,"Purus-Madeira moist forests",NA,NA
3670,"Monitora.Ter.Flo","Parna Mapinguari EA2","Brazil",-7.77737,-63.84228,"Purus-Madeira moist forests",NA,NA
3671,"Monitora.Ter.Flo","Parna Mapinguari EA3","Brazil",-7.76269,-63.81572,"Purus-Madeira moist forests",NA,NA
3672,"Monitora.Ter.Flo","Parna Mapinguari EA4","Brazil",-9.24924,-64.66926,"Purus-Madeira moist forests",NA,NA
3673,"Monitora.Ter.Flo","Parna Mapinguari EA5","Brazil",-9.23931,-64.7013,"Purus-Madeira moist forests",NA,NA
3674,"Monitora.Ter.Flo","Parna Mapinguari EA6","Brazil",-9.31122,-64.72708,"Purus-Madeira moist forests",NA,NA
3675,"Monitora.Ter.Flo","Parna Montanhas do Tumucumaque EA1","Brazil",1.19291,-52.37535,"Uatuma-Trombetas moist forests","Amazonia","Tropical Atlantic"
3676,"Monitora.Ter.Flo","Parna Montanhas do Tumucumaque EA2","Brazil",1.23395,-52.38589,"Uatuma-Trombetas moist forests","Amazonia","Tropical Atlantic"
3677,"Monitora.Ter.Flo","Parna Montanhas do Tumucumaque EA3","Brazil",1.24621,-52.42571,"Uatuma-Trombetas moist forests","Amazonia","Tropical Atlantic"
3678,"Monitora.Ter.Flo","Parna Nascentes do Lago Jari EA1","Brazil",-5.52431,-62.14192,"Purus-Madeira moist forests",NA,NA
3679,"Monitora.Ter.Flo","Parna Nascentes do Lago Jari EA2","Brazil",-5.71023,-62.2904,"Purus-Madeira moist forests",NA,NA
3680,"Monitora.Ter.Flo","Parna Nascentes do Lago Jari EA3","Brazil",-5.95748,-62.48903,"Purus-Madeira moist forests",NA,NA
3681,"Monitora.Ter.Flo","Parna Serra da Mocidade EA1","Brazil",1.11373,-61.74003,"Rio Negro campinarana",NA,NA
3682,"Monitora.Ter.Flo","Parna Serra do Pardo EA1","Brazil",-5.77922,-52.63064,"Tapajós-Xingu moist forests",NA,NA
3683,"Monitora.Ter.Flo","Parna Serra do Pardo EA2","Brazil",-5.89635,-52.61874,"Tapajós-Xingu moist forests",NA,NA
3684,"Monitora.Ter.Flo","Parna Serra do Pardo EA3","Brazil",-5.6667,-52.7022,"Tapajós-Xingu moist forests",NA,NA
3685,"Monitora.Ter.Flo","Rebio Trombetas EA1","Brazil",-1.305,-56.655,"Uatuma-Trombetas moist forests",NA,NA
3686,"Monitora.Ter.Flo","Rebio Trombetas EA2","Brazil",-1.31349,-56.7544,"Uatuma-Trombetas moist forests",NA,NA
3687,"Monitora.Ter.Flo","Rebio Trombetas EA3","Brazil",-1.36333,-56.84088,"Uatuma-Trombetas moist forests",NA,NA
3688,"Monitora.Ter.Flo","Rebio Guaribas EA1","Brazil",-6.73228,-35.14137,"Pernambuco interior forests","Northeastern Brazil","Tropical Atlantic"
3689,"Monitora.Ter.Flo","Rebio Gurupi EA1","Brazil",-3.6223,-46.8109,"Tocantins/Pindare moist forests","Amazonia","Tropical Atlantic"
3690,"Monitora.Ter.Flo","Rebio Gurupi EA2","Brazil",-3.2516,-46.7595,"Tocantins/Pindare moist forests","Amazonia","Tropical Atlantic"
3691,"Monitora.Ter.Flo","Rebio Jaru EA1","Brazil",-9.5999,-61.64828,"Madeira-Tapajós moist forests",NA,NA
3692,"Monitora.Ter.Flo","Rebio Jaru EA2","Brazil",-9.62481,-61.65686,"Madeira-Tapajós moist forests",NA,NA
3693,"Monitora.Ter.Flo","Rebio Jaru EA3","Brazil",-9.6866,-61.6674,"Madeira-Tapajós moist forests",NA,NA
3694,"Monitora.Ter.Flo","Rebio Jaru EA4","Brazil",-10.06394,-61.96032,"Madeira-Tapajós moist forests",NA,NA
3695,"Monitora.Ter.Flo","Rebio Tapirapé EA1","Brazil",-5.68457,-50.32486,"Xingu-Tocantins-Araguaia moist forests","Amazonia","Tropical Atlantic"
3696,"Monitora.Ter.Flo","Rebio Tapirapé EA2","Brazil",-5.66182,-50.35954,"Xingu-Tocantins-Araguaia moist forests","Amazonia","Tropical Atlantic"
3697,"Monitora.Ter.Flo","Rebio Tapirapé EA3","Brazil",-5.6301,-50.39171,"Xingu-Tocantins-Araguaia moist forests","Amazonia","Tropical Atlantic"
3698,"Monitora.Ter.Flo","Rebio Uatumã EA1","Brazil",-1.79249,-59.26647,"Uatuma-Trombetas moist forests",NA,NA
3699,"Monitora.Ter.Flo","Rebio Uatumã EA2","Brazil",-1.57337,-59.36401,"Uatuma-Trombetas moist forests",NA,NA
3700,"Monitora.Ter.Flo","Rebio Uatumã EA3","Brazil",-1.53491,-59.4401,"Uatuma-Trombetas moist forests",NA,NA
3701,"Monitora.Ter.Flo","Resex Alto Tarauaca EA1","Brazil",-8.93894,-71.86575,"Southwest Amazon moist forests",NA,NA
3702,"Monitora.Ter.Flo","Resex Alto Tarauaca EA2","Brazil",-8.9845,-71.91947,"Southwest Amazon moist forests",NA,NA
3703,"Monitora.Ter.Flo","Resex Alto Tarauaca EA3","Brazil",-8.98853,-71.93217,"Southwest Amazon moist forests",NA,NA
3704,"Monitora.Ter.Flo","Resex Arapixi EA1","Brazil",-8.85731,-67.83624,"Juruá-Purus moist forests",NA,NA
3705,"Monitora.Ter.Flo","Resex Arapixi EA2","Brazil",-8.85392,-67.76518,"Purus varzeá",NA,NA
3706,"Monitora.Ter.Flo","Resex Barreiro das Antas EA1","Brazil",-11.36331,-64.78906,"Madeira-Tapajós moist forests",NA,NA
3707,"Monitora.Ter.Flo","Resex Barreiro das Antas EA2","Brazil",-11.48103,-64.65781,"Madeira-Tapajós moist forests",NA,NA
3708,"Monitora.Ter.Flo","Resex Barreiro das Antas EA3","Brazil",-11.43414,-64.67142,"Madeira-Tapajós moist forests",NA,NA
3709,"Monitora.Ter.Flo","Resex Cazumbá-Iracema EA1","Brazil",-9.26497,-68.96941,"Southwest Amazon moist forests",NA,NA
3710,"Monitora.Ter.Flo","Resex Cazumbá-Iracema EA2","Brazil",-9.16628,-68.95103,"Southwest Amazon moist forests",NA,NA
3711,"Monitora.Ter.Flo","Resex Cazumbá-Iracema EA3","Brazil",-9.18357,-69.26162,"Southwest Amazon moist forests",NA,NA
3712,"Monitora.Ter.Flo","Resex Chico Mendes EA1","Brazil",-10.29158,-68.10816,"Southwest Amazon moist forests",NA,NA
3713,"Monitora.Ter.Flo","Resex Chico Mendes EA2","Brazil",-10.26669,-68.15228,"Southwest Amazon moist forests",NA,NA
3714,"Monitora.Ter.Flo","Resex Chico Mendes EA3","Brazil",-10.21958,-68.14062,"Southwest Amazon moist forests",NA,NA
3715,"Monitora.Ter.Flo","Resex do Rio Ouro Preto EA1","Brazil",-10.82466,-65.03397,"Madeira-Tapajós moist forests",NA,NA
3716,"Monitora.Ter.Flo","Resex do Rio Ouro Preto EA2","Brazil",-10.79056,-64.97274,"Madeira-Tapajós moist forests",NA,NA
3717,"Monitora.Ter.Flo","Resex do Rio Ouro Preto EA3","Brazil",-10.68681,-64.83424,"Madeira-Tapajós moist forests",NA,NA
3718,"Monitora.Ter.Flo","Resex Ipaú Anilzinho EA1","Brazil",-3.00673,-49.83767,"Xingu-Tocantins-Araguaia moist forests","Amazonia","Tropical Atlantic"
3719,"Monitora.Ter.Flo","Resex Ituxi EA1","Brazil",-8.14,-65.34478,"Purus varzeá",NA,NA
3720,"Monitora.Ter.Flo","Resex Ituxi EA2","Brazil",-8.13433,-65.39057,"Purus varzeá",NA,NA
3721,"Monitora.Ter.Flo","Resex Ituxi EA3","Brazil",-8.06829,-65.35022,"Purus varzeá",NA,NA
3722,"Monitora.Ter.Flo","Resex Renascer EA1","Brazil",-2.27138,-53.45098,"Tapajós-Xingu moist forests","Amazonia","Tropical Atlantic"
3723,"Monitora.Ter.Flo","Resex Renascer EA2","Brazil",-2.28862,-53.39896,"Tapajós-Xingu moist forests","Amazonia","Tropical Atlantic"
3724,"Monitora.Ter.Flo","Resex Renascer EA3","Brazil",-2.24184,-53.33239,"Tapajós-Xingu moist forests","Amazonia","Tropical Atlantic"
3725,"Monitora.Ter.Flo","RESEX Rio Cautário EA1","Brazil",-11.89083,-64.19458,"Madeira-Tapajós moist forests",NA,NA
3726,"Monitora.Ter.Flo","RESEX Rio Cautário EA2","Brazil",-11.91916,-64.23411,"Madeira-Tapajós moist forests",NA,NA
3727,"Monitora.Ter.Flo","RESEX Rio Cautário EA3","Brazil",-11.9208,-64.28424,"Madeira-Tapajós moist forests",NA,NA
3728,"Monitora.Ter.Flo","Resex Riozinho da Liberdade EA1","Brazil",-7.97269,-71.99406,"Southwest Amazon moist forests",NA,NA
3729,"Monitora.Ter.Flo","Resex Riozinho da Liberdade EA2","Brazil",-7.99694,-72.08861,"Southwest Amazon moist forests",NA,NA
3730,"Monitora.Ter.Flo","Resex Riozinho da Liberdade EA3","Brazil",-8.03903,-71.99711,"Southwest Amazon moist forests",NA,NA
3731,"Monitora.Ter.Flo","Resex Tapajós-Arapiuns EA1 (Boim)","Brazil",-3.13669,-55.51047,"Madeira-Tapajós moist forests","Amazonia","Tropical Atlantic"
3732,"Monitora.Ter.Flo","Resex Tapajós-Arapiuns EA2 (Cametá)","Brazil",-3.31467,-55.32245,"Madeira-Tapajós moist forests","Amazonia","Tropical Atlantic"
3733,"Monitora.Ter.Flo","Resex Tapajós-Arapiuns EA3 (Escrivão)","Brazil",-3.44541,-55.38611,"Madeira-Tapajós moist forests","Amazonia","Tropical Atlantic"
3734,"Monitora.Ter.Flo","Resex Tapajós-Arapiuns EA4 (São Tome)","Brazil",-3.06961,-55.25938,"Madeira-Tapajós moist forests","Amazonia","Tropical Atlantic"
3735,"Monitora.Ter.Flo","Resex Tapajós-Arapiuns EA6 (Anaã)","Brazil",-2.41088,-55.07968,"Madeira-Tapajós moist forests","Amazonia","Tropical Atlantic"
3736,"Monitora.Ter.Flo","Resex Tapajós-Arapiuns EA7 (São Pedro)","Brazil",-2.67955,-55.44582,"Madeira-Tapajós moist forests","Amazonia","Tropical Atlantic"
3737,"Monitora.Ter.Flo","Resex Tapajós-Arapiuns EA8 (Pascoal)","Brazil",-2.74284,-55.48305,"Madeira-Tapajós moist forests","Amazonia","Tropical Atlantic"
3738,"Monitora.Ter.Flo","Resex Tapajós-Arapiuns EA9 (Prainha)","Brazil",-2.94737,-55.63276,"Madeira-Tapajós moist forests","Amazonia","Tropical Atlantic"
3739,"Monitora.Ter.Flo.Cast","Resex Cazumbá-Iracema  EA1.Coletivo","Brazil",-9.14227,-68.94109,"Southwest Amazon moist forests",NA,NA
3740,"Monitora.Ter.Flo.Cast","Resex Cazumbá-Iracema  EA2.Davi","Brazil",-9.15553,-68.9441,"Southwest Amazon moist forests",NA,NA
3741,"Monitora.Ter.Flo.Cast","Resex Cazumbá-Iracema  EA3.Damiã","Brazil",-9.27588,-69.01125,"Southwest Amazon moist forests",NA,NA
3742,"Monitora.Ter.Flo.Cast","Resex Cazumbá-Iracema  EA4. Iracema","Brazil",-9.11951,-68.98755,"Southwest Amazon moist forests",NA,NA
3743,"Monitora.Ter.Flo.Cast","Resex Cazumbá-Iracema  EA5. Irmãos Gama","Brazil",-9.27737,-69.00206,"Southwest Amazon moist forests",NA,NA
3744,"Monitora.Ter.Flo.Cast","Resex Cazumbá-Iracema  EA6. Mariazinha","Brazil",-9.13969,-68.94334,"Southwest Amazon moist forests",NA,NA
3745,"Monitora.Ter.Flo.Cast","Resex Cazumbá-Iracema  EA7. Mariazan","Brazil",-9.2737,-69.01101,"Southwest Amazon moist forests",NA,NA
3746,"Monitora.Ter.Flo.Cast","Resex Cazumbá-Iracema  EA8. Zequinha","Brazil",-9.13705,-68.94565,"Southwest Amazon moist forests",NA,NA
3747,"Monitora.Ter.Flo.Cast","Resex Cazumbá-Iracema  EA9. Zirmão","Brazil",-9.14924,-68.95776,"Southwest Amazon moist forests",NA,NA
3748,"Monitora.Ter.Flo.Cast","Resex Cazumbá-Iracema  EA10. Zirmão2","Brazil",-9.13619,-68.95958,"Southwest Amazon moist forests",NA,NA
3749,"Monitora.Ter.Flo.Cast","Resex Rio Ouro Preto - EA1.324","Brazil",-10.8973,-65.07363,"Madeira-Tapajós moist forests",NA,NA
3750,"Monitora.Ter.Flo.Cast","Resex Rio Ouro Preto - EA2.BKT","Brazil",-10.9171,-65.04251,"Madeira-Tapajós moist forests",NA,NA
3751,"Monitora.Ter.Flo.Cast","Resex Rio Ouro Preto - EA3.101","Brazil",-10.9171,-65.04246,"Madeira-Tapajós moist forests",NA,NA
3752,"Monitora.Ter.Flo.Cast","Resex Rio Ouro Preto - EA4.DAI301","Brazil",-10.8868,-65.06691,"Madeira-Tapajós moist forests",NA,NA
3753,"Monitora.Ter.Flo.Cast","Resex Rio Ouro Preto - EA5.100","Brazil",-10.9165,-65.04276,"Madeira-Tapajós moist forests",NA,NA
3754,"Monitora.Ter.Flo.Cast","Resex Rio Ouro Preto - EA6.DAI304","Brazil",-10.8883,-65.06869,"Madeira-Tapajós moist forests",NA,NA
3755,"Monitora.Ter.Flo.Cast","Resex Rio Ouro Preto - EA7.Dona Deise","Brazil",-10.8842,-65.06689,"Madeira-Tapajós moist forests",NA,NA
3756,"Monitora.Ter.Flo.Cast","Resex Rio Ouro Preto - EA8.Inácio Cas Itiauba","Brazil",-10.8936,-65.07185,"Madeira-Tapajós moist forests",NA,NA
3757,"Monitora.Ter.Flo.Cast","Resex Rio Ouro Preto - EA9 79","Brazil",-10.9145,-65.04296,"Madeira-Tapajós moist forests",NA,NA
3758,"Monitora.Ter.Flo.Cast","Resex Rio Cautário EA1 Louro1","Brazil",-11.91253,-64.1361,"Madeira-Tapajós moist forests",NA,NA
3759,"Monitoramento_Barcarena","PC01","Brazil",-1.57347,-48.70998,"Tocantins/Pindare moist forests","Amazonia","Tropical Atlantic"
3760,"Monitoramento_Barcarena","PC02","Brazil",-1.54204,-48.69567,"Tocantins/Pindare moist forests","Amazonia","Tropical Atlantic"
3761,"Monitoramento_Barcarena","PC03","Brazil",-1.56102,-48.71892,"Tocantins/Pindare moist forests","Amazonia","Tropical Atlantic"
3762,"Monitoramento_Barcarena","PC05","Brazil",-1.55977,-48.69648,"Tocantins/Pindare moist forests","Amazonia","Tropical Atlantic"
3763,"Monitoramento_Barcarena","PC06","Brazil",-1.63771,-48.66938,"Tocantins/Pindare moist forests","Amazonia","Tropical Atlantic"
3764,"Monitoramento_Barcarena","PC07","Brazil",-1.57869,-48.69283,"Tocantins/Pindare moist forests","Amazonia","Tropical Atlantic"
3765,"Monitoramento_Barcarena","PC08","Brazil",-1.61792,-48.69891,"Tocantins/Pindare moist forests","Amazonia","Tropical Atlantic"
3766,"Monitoramento_Barcarena","PC09","Brazil",-1.62949,-48.69445,"Tocantins/Pindare moist forests","Amazonia","Tropical Atlantic"
3767,"Monitoramento_Barcarena","PM01","Brazil",-1.54774,-48.72586,"Tocantins/Pindare moist forests","Amazonia","Tropical Atlantic"
3768,"Monitoramento_Barcarena","PM02","Brazil",-1.54194,-48.72439,"Tocantins/Pindare moist forests","Amazonia","Tropical Atlantic"
3769,"Monitoramento_Barcarena","PM03","Brazil",-1.53031,-48.7162,"Tocantins/Pindare moist forests","Amazonia","Tropical Atlantic"
3770,"Monitoramento_Barcarena","PM04","Brazil",-1.5305,-48.71277,"Tocantins/Pindare moist forests","Amazonia","Tropical Atlantic"
3771,"Monitoramento_Barcarena","PM05","Brazil",-1.52556,-48.70502,"Tocantins/Pindare moist forests","Amazonia","Tropical Atlantic"
3772,"PAAMA","Rio Paraibuna, PESM - núcleo Sta Virgínia, Cachoeira do Salto Grande, região de portage do rafting","Brazil",-23.343,-45.156,"Serra do Mar coastal forests","Southeastern Brazil","Temperate South America"
3773,"PAAMA","Rio Paraibuna, PESM - núcleo Sta Virgínia, montante do rafting, margem direita fora da UC","Brazil",-23.328,-45.14,"Serra do Mar coastal forests","Southeastern Brazil","Temperate South America"
3774,"PAAMA","Rio Paraibuna, PESM - núcleo Sta Virgínia, Lajeado, montante do rafting, ambas margens na UC","Brazil",-23.313,-45.122,"Serra do Mar coastal forests","Southeastern Brazil","Temperate South America"
3775,"PAAMA","Rio Paraibuna, PESM-núcleo Cunha, Cachoeira do rio Paraibuna","Brazil",-23.235,-45.023,"Serra do Mar coastal forests","Southeastern Brazil","Temperate South America"
3776,"PAAMA","Rio Ipiranga, PESM - núcleo Sta Virgínia","Brazil",-23.344,-45.134,"Serra do Mar coastal forests","Southeastern Brazil","Temperate South America"
3777,"PAAMA","Cór. A, PESM - núcleo Sta Virgínia, trilha do Pirapitinga, trecho do rafting, montante da trilha","Brazil",-23.343,-45.155,"Serra do Mar coastal forests","Southeastern Brazil","Temperate South America"
3778,"PAAMA","Cór. A, PESM - núcleo Sta Virgínia, trilha do Pirapitinga, trecho do rafting, jusante da trilha","Brazil",-23.343,-45.155,"Serra do Mar coastal forests","Southeastern Brazil","Temperate South America"
3779,"PAAMA","Cór. B, PESM - núcleo Sta Virgínia, trilha do Pirapitinga, trecho do rafting, montante da trilha","Brazil",-23.344,-45.156,"Serra do Mar coastal forests","Southeastern Brazil","Temperate South America"
3780,"PAAMA","Cór. B, PESM - núcleo Sta Virgínia, trilha do Pirapitinga, trecho do rafting, jusante da trilha","Brazil",-23.344,-45.156,"Serra do Mar coastal forests","Southeastern Brazil","Temperate South America"
3781,"PAAMA","Cór. D, PESM - núcleo Sta Virgínia, trilha do Pirapitinga, trecho do rafting, montante da trilha","Brazil",-23.346,-45.147,"Serra do Mar coastal forests","Southeastern Brazil","Temperate South America"
3782,"PAAMA","Cór. D, PESM - núcleo Sta Virgínia, trilha do Pirapitinga, trecho do rafting, jusante da trilha","Brazil",-23.346,-45.147,"Serra do Mar coastal forests","Southeastern Brazil","Temperate South America"
3783,"PAAMA","Cór, Pau de Bala, PESM - núcleo Sta Virgínia, trilha do Pito, de caminhada, montante da trilha","Brazil",-23.326,-45.133,"Serra do Mar coastal forests","Southeastern Brazil","Temperate South America"
3784,"PAAMA","Cór, Pau de Bala, PESM - núcleo Sta Virgínia, trilha do Pito, de caminhada, jusante da trilha","Brazil",-23.326,-45.133,"Serra do Mar coastal forests","Southeastern Brazil","Temperate South America"
3785,"PAAMA","Cór. do Cocho, PESM - núcleo Sta Virgínia, trilha do Pito, de caminhada, montante da trilha","Brazil",-23.321,-45.131,"Serra do Mar coastal forests","Southeastern Brazil","Temperate South America"
3786,"PAAMA","Cór. do Cocho, PESM - núcleo Sta Virgínia, trilha do Pito, de caminhada, jusante da trilha","Brazil",-23.321,-45.131,"Serra do Mar coastal forests","Southeastern Brazil","Temperate South America"
3787,"PAAMA","Rib. Grande, PESM - núcleo Sta Virgínia","Brazil",-23.434,-45.243,"Serra do Mar coastal forests","Southeastern Brazil","Temperate South America"
3788,"PAAMA","Rio da Prata","Brazil",-23.355,-45.207,"Serra do Mar coastal forests","Southeastern Brazil","Temperate South America"
3789,"PAAMA","Rio Paraibuna, PESM - núcleo Sta Virgínia, Corredeira dos Bancos, Km 70 da rod. Osvaldo Cruz, margem direita fora da UC","Brazil",-23.358,-45.207,"Serra do Mar coastal forests","Southeastern Brazil","Temperate South America"
3790,"PAAMA","Rio Paraitinga","Brazil",-23.138,-45.205,"Serra do Mar coastal forests","Southeastern Brazil","Temperate South America"
3791,"PAAMA","Rio Cachoeira, Cachoeira dos Pretos","Brazil",-22.965,-46.172,"Serra do Mar coastal forests","Southeastern Brazil","Temperate South America"
3792,"PAAMA","Rio Jacaré-pepira, Parque dos Saltos","Brazil",-22.292,-48.133,"Cerrado","Southeastern Brazil","Temperate South America"
3793,"PAAMA","Rio Mogi-guaçú, Cachoeira de Emas","Brazil",-21.926,-47.368,"Alto Paraná Atlantic forests","Southeastern Brazil","Temperate South America"
3794,"PAAMA","Rio Corumbataí, Salto Major Levy","Brazil",-22.133,-47.662,"Cerrado","Southeastern Brazil","Temperate South America"
3795,"PAAMA","Rio Piracicaba, Corredeiras do Piracicaba","Brazil",-22.719,-47.655,"Alto Paraná Atlantic forests","Southeastern Brazil","Temperate South America"
3796,"PAAMA","Rio do Peixe, Hotel Recanto da Cachoeira","Brazil",-22.566,-46.535,"Serra do Mar coastal forests","Southeastern Brazil","Temperate South America"
3797,"PAAMA","Rio Perequê,  no PEP","Brazil",-23.848,-46.417,"Serra do Mar coastal forests","Southeastern Brazil","Temperate South America"
3798,"PAAMA","Rio Perequê,  fora do PEP","Brazil",-23.854,-46.418,"Serra do Mar coastal forests","Southeastern Brazil","Temperate South America"
3799,"PAAMA","Rio Betari, no PETAR","Brazil",-24.547,-48.683,"Alto Paraná Atlantic forests","Southeastern Brazil","Temperate South America"
3800,"PAAMA","Rio Betari, fora do PETAR","Brazil",-24.581,-48.59,"Serra do Mar coastal forests","Southeastern Brazil","Temperate South America"
3801,"PAAMA","Rib. Iporanga, no PETAR","Brazil",-24.514,-48.582,"Alto Paraná Atlantic forests","Southeastern Brazil","Temperate South America"
3802,"PAAMA","Rib. Iporanga, fora do PETAR","Brazil",-24.581,-48.59,"Serra do Mar coastal forests","Southeastern Brazil","Temperate South America"
3803,"PAAMA","Rio Moji, jusante da estação de bombas","Brazil",-23.837,-46.371,"Serra do Mar coastal forests","Southeastern Brazil","Temperate South America"
3804,"PAAMA","Rio Guaraú","Brazil",-24.782,-48.088,"Serra do Mar coastal forests","Southeastern Brazil","Temperate South America"
3805,"PAAMA","Rio do Serrote, PECJ","Brazil",-22.663,-45.433,"Serra do Mar coastal forests","Southeastern Brazil","Temperate South America"
3806,"PAAMA","Rio Sapucaí, PECJ","Brazil",-22.687,-45.479,"Serra do Mar coastal forests","Southeastern Brazil","Temperate South America"
3807,"PAAMA","Cór. Tanquinho","Brazil",-21.175,-47.782,"Cerrado","Southeastern Brazil","Temperate South America"
3808,"PAAMA","Rib. Preto","Brazil",-21.09,-47.813,"Cerrado","Southeastern Brazil","Temperate South America"
3809,"PAAMA","Cór. Paulicéia, PEV","Brazil",-21.649,-47.64,"Cerrado","Southeastern Brazil","Temperate South America"
3810,"PAAMA","Cór. Monjolinho","Brazil",-22.023,-47.927,"Cerrado","Southeastern Brazil","Temperate South America"
3811,"PAAMA","Cór. afluente do Pedregulho, PEFBJ","Brazil",-20.204,-47.414,"Cerrado",NA,NA
3812,"PAAMA","Cór. Pedregulho, PEFBJ","Brazil",-20.244,-47.465,"Cerrado",NA,NA
3813,"PAAMA","Cór. Água do Burro, EEAvaré","Brazil",-23.006,-48.821,"Cerrado","Southeastern Brazil","Temperate South America"
3814,"PAAMA","Cór. Campestre, EEAssis","Brazil",-22.597,-50.369,"Cerrado","Southeastern Brazil","Temperate South America"
3815,"PAAMA","Cór. da Onça, PEMD","Brazil",-22.604,-52.3,"Alto Paraná Atlantic forests",NA,NA
3816,"PAAMA","Rib. Bonito, PEMD","Brazil",-22.503,-52.358,"Alto Paraná Atlantic forests",NA,NA
3817,"PAAMA","Cór. do Geraldo, EExItirapina","Brazil",-22.203,-47.818,"Cerrado","Southeastern Brazil","Temperate South America"
3818,"PAAMA","Cór. da Água Branca, EExItirapina","Brazil",-22.246,-47.825,"Cerrado","Southeastern Brazil","Temperate South America"
3819,"PAAMA","Rio Parateí","Brazil",-23.429,-46.27,"Serra do Mar coastal forests","Southeastern Brazil","Temperate South America"
3820,"PAAMA","Cór. do Rodeio","Brazil",-23.073,-44.957,"Serra do Mar coastal forests","Southeastern Brazil","Temperate South America"
3821,"PCMCV","Parque Nacional da Chapada dos Veadeiros","Brazil",-14.0951,-47.7003,"Cerrado",NA,NA
3822,"PELDFORR","Parque Nacional do Viruá - grid PPBio","Brazil",1.48583,-61.03861,"Rio Negro campinarana",NA,NA
3823,"PELDFORR","Estação Ecológica de Maracá - grid PPBio","Brazil",3.40722,-61.48694,"Guianan savanna",NA,NA
3824,"PELDFORR","Castanhal Itã - parcela 1","Brazil",1.81611,-61.12806,"Guianan savanna",NA,NA
3825,"PELDFORR","Castanhal Itã - parcela 2","Brazil",1.81611,-61.12806,"Guianan savanna",NA,NA
3826,"PELDFORR","Castanhal Cujubim - parcela 1","Brazil",1.85072,-61.0085,"Uatuma-Trombetas moist forests",NA,NA
3827,"PELDFORR","Castanhal Cujubim - parcela 2","Brazil",1.85072,-61.0085,"Uatuma-Trombetas moist forests",NA,NA
3828,"PELDFORR","Castanhal São João da Baliza","Brazil",0.95,-59.91,"Uatuma-Trombetas moist forests",NA,NA
3829,"PELD - IAFA","Reserva Ducke","Brazil",-2.55,-59.59,"Uatuma-Trombetas moist forests",NA,NA
3830,"PELD - IAFA","PDBFF","Brazil",-2.44,-59.93,"Uatuma-Trombetas moist forests",NA,NA
3831,"PELD - IAFA","ZF2 Forest Management Station","Brazil",-2.61,-60.18,"Uatuma-Trombetas moist forests",NA,NA
3832,"Pirarucu.AM","Acordo de Pesca de Atalaia do Norte","Brazil",-4.610369,-70.255753,"Southwest Amazon moist forests",NA,NA
3833,"Pirarucu.AM","Acordo de Pesca Arumanduba Tarara","Brazil",-2.490167,-66.579611,"Purus varzeá",NA,NA
3834,"Pirarucu.AM","Acordo de Pesca do Baixo e Médio Copeá","Brazil",-3.7153,-63.4698,"Purus varzeá",NA,NA
3835,"Pirarucu.AM","Acordo de Pesca Campina","Brazil",-2.634058,-66.389286,"Purus varzeá",NA,NA
3836,"Pirarucu.AM","Acordo de Pesca do Complexo Altamira","Brazil",-1.782197,-66.545383,"Japurá-Solimoes-Negro moist forests",NA,NA
3837,"Pirarucu.AM","Acordo de pesca Complexo Lagos Massauari","Brazil",-3.095667,-57.512,"Madeira-Tapajós moist forests",NA,NA
3838,"Pirarucu.AM","Acordo de Pesca do Capivara","Brazil",-3.2834,-64.6203,"Purus varzeá",NA,NA
3839,"Pirarucu.AM","Acordo de Pesca Dururuá","Brazil",-3.879833,-63.018583,"Monte Alegre varzeá",NA,NA
3840,"Pirarucu.AM","Acordo de Pesca Ilha da Paciênica","Brazil",-3.022556,-60.166925,"Uatuma-Trombetas moist forests",NA,NA
3841,"Pirarucu.AM","Acordo de Pesca Juruparari Grande","Brazil",-3.023061,-65.103389,"Purus varzeá",NA,NA
3842,"Pirarucu.AM","Acordo de Pesca lago Serrado","Brazil",-4.575122,-66.629925,"Juruá-Purus moist forests",NA,NA
3843,"Pirarucu.AM","Acordo de Pesca Macaponi","Brazil",-2.592194,-65.456614,"Purus varzeá",NA,NA
3844,"Pirarucu.AM","RDSM_ Setor Maiana","Brazil",-2.419,-66.2376,"Purus varzeá",NA,NA
3845,"Pirarucu.AM","Acordo de Pesca Mineruá","Brazil",-2.9113,-66.08525,"Juruá-Purus moist forests",NA,NA
3846,"Pirarucu.AM","Acordo de Pesca do Mameloca","Brazil",-1.850389,-67.304581,"Purus varzeá",NA,NA
3847,"Pirarucu.AM","Acordo de Pesca Rio Abufari","Brazil",-5.55375,-63.385447,"Purus varzeá",NA,NA
3848,"Pirarucu.AM","Acordo de Pesca do Rio Arari","Brazil",-3.326389,-58.290278,"Monte Alegre varzeá",NA,NA
3849,"Pirarucu.AM","Acordo de Pesca Rio Copeá Setor A e B","Brazil",-3.655314,-66.714828,"Juruá-Purus moist forests",NA,NA
3850,"Pirarucu.AM","Acordo de Pesca do Seringa","Brazil",-2.168711,-65.10385,"Purus varzeá",NA,NA
3851,"Pirarucu.AM","Acordo de Pesca Santo Antônio Iça","Brazil",-2.882281,-68.769364,"Purus varzeá",NA,NA
3852,"Pirarucu.AM","Acordo de Pesca Sitio Fortaleza","Brazil",-2.980861,-65.157333,"Purus varzeá",NA,NA
3853,"Pirarucu.AM","Acordo de Pesca de Tonantins","Brazil",-2.521436,-67.374108,"Purus varzeá",NA,NA
3854,"Pirarucu.AM","TERRA INDIGENA DENI","Brazil",-7.089722,-68.6725,"Juruá-Purus moist forests",NA,NA
3855,"Pirarucu.AM","TERRA INDIGENA ITIXI MITARI","Brazil",-4.736219,-62.577561,"Monte Alegre varzeá",NA,NA
3856,"Pirarucu.AM","TERRA INDIGENA LAGO DO AIAPUÁ","Brazil",-4.38473,-62.15992,"Monte Alegre varzeá",NA,NA
3857,"Pirarucu.AM","Terra Indigena Setor III- M/E Rio Solimões","Brazil",-2.807892,-67.697872,"Purus varzeá",NA,NA
3858,"Pirarucu.AM","Terra Indigena Setor II- Paraná do Jacapari","Brazil",-2.616833,-67.367806,"Purus varzeá",NA,NA
3859,"Pirarucu.AM","TERRA INDIGENA PAUMARI","Brazil",-5.978219,-64.757292,"Purus varzeá",NA,NA
3860,"Pirarucu.AM","Terra Indigena Setor I-UATI PARANÁ","Brazil",-2.626806,-67.479556,"Purus varzeá",NA,NA
3861,"Pirarucu.AM","Floresta Estadual de Canutama","Brazil",-5.950258,-64.41535,"Purus varzeá",NA,NA
3862,"Pirarucu.AM","RDSM_ Setor Arumanduba","Brazil",-2.555222,-66.404611,"Purus varzeá",NA,NA
3863,"Pirarucu.AM","RDSM_ Setor Solimões de Baixo","Brazil",-2.469639,-66.971667,"Purus varzeá",NA,NA
3864,"Pirarucu.AM","RDSM_ Setor Solimões de Cima I","Brazil",-2.502811,-66.6268,"Purus varzeá",NA,NA
3865,"Pirarucu.AM","RDSM_ Setor Solimões de Cima II","Brazil",-2.638483,-66.614042,"Purus varzeá",NA,NA
3866,"Pirarucu.AM","RDSM_ Setor  Guedes","Brazil",-2.487661,-65.429294,"Purus varzeá",NA,NA
3867,"Pirarucu.AM","RDSM_ Setor Panauã de Baixo","Brazil",-2.348933,-65.330717,"Purus varzeá",NA,NA
3868,"Pirarucu.AM","RDSM_ Setor Panauã de Cima","Brazil",-2.112694,-66.040861,"Purus varzeá",NA,NA
3869,"Pirarucu.AM","RESEX AUATI PARANA","Brazil",-2.157333,-66.497722,"Purus varzeá",NA,NA
3870,"Pirarucu.AM","RDSM Acordo de Pesca do Acapu","Brazil",-1.8561,-65.5811,"Japurá-Solimoes-Negro moist forests",NA,NA
3871,"Pirarucu.AM","RDSM Acordo de Pesca do Caruara","Brazil",-2.1783,-65.2256,"Purus varzeá",NA,NA
3872,"Pirarucu.AM","RDSM Acordo de Pesca do Jutai-Cleto","Brazil",-2.2696,-65.1786,"Purus varzeá",NA,NA
3873,"Pirarucu.AM","RDSA Acordo de Pesca do complexo Pantaleão","Brazil",-2.902042,-64.852286,"Purus varzeá",NA,NA
3874,"Pirarucu.AM","RDSA Acordo de Pesca do Paraná Velho","Brazil",-2.7235,-64.6461,"Japurá-Solimoes-Negro moist forests",NA,NA
3875,"Pirarucu.AM","RDSA Acordo de Pesca do Setor São José","Brazil",-2.7652,-64.7216,"Purus varzeá",NA,NA
3876,"Pirarucu.AM","RDS Buá buá","Brazil",-1.721192,-66.375275,"Purus varzeá",NA,NA
3877,"Pirarucu.AM","Resex Baixo Juruá","Brazil",-3.196361,-65.969333,"Juruá-Purus moist forests",NA,NA
3878,"Pirarucu.AM","RDS Cujubim","Brazil",-4.667306,-68.146389,"Purus varzeá",NA,NA
3879,"Pirarucu.AM","RDSM_Comunidade Nova Jerusalem do Caruara","Brazil",-2.061639,-65.257028,"Purus varzeá",NA,NA
3880,"Pirarucu.AM","Resex Médio Juruá","Brazil",-5.32475,-67.407889,"Juruá-Purus moist forests",NA,NA
3881,"Pirarucu.AM","Resex Médio Purus","Brazil",-7.587972,-66.439111,"Purus varzeá",NA,NA
3882,"Pirarucu.AM","RDS Peixe Boi","Brazil",-2.844644,-66.935403,"Purus varzeá",NA,NA
3883,"Pirarucu.AM","RDS Piagaçu Purus","Brazil",-4.297269,-61.811808,"Monte Alegre varzeá",NA,NA
3884,"Pirarucu.AM","Resex Rio Ituxi","Brazil",-7.855444,-65.155,"Purus-Madeira moist forests",NA,NA
3885,"Pirarucu.AM","Resex Rio Unini","Brazil",-1.682778,-61.82375,"Japurá-Solimoes-Negro moist forests",NA,NA
3886,"Pirarucu.AM","RDSM_ Setor Auati Paraná de Cima","Brazil",-2.234747,-66.884536,"Solimões-Japurá moist forests",NA,NA
3887,"Pirarucu.AM","RDSA Setor Coraci","Brazil",-3.1232,-64.724,"Purus varzeá",NA,NA
3888,"Pirarucu.AM","RDSM Setor Itauba","Brazil",-2.089972,-65.577694,"Purus varzeá",NA,NA
3889,"Pirarucu.AM","RDSM Setor Jarauá","Brazil",-2.865347,-64.927403,"Purus varzeá",NA,NA
3890,"Pirarucu.AM","RDSM Setor Maiana e Solimões do Meio","Brazil",-2.330778,-66.401583,"Purus varzeá",NA,NA
3891,"Pirarucu.AM","RDSM_Setor solimões de Baixo","Brazil",-2.674361,-66.818194,"Purus varzeá",NA,NA
3892,"Pirarucu.AM","RDSM_Setor solimões de Cima","Brazil",-2.716472,-67.075139,"Purus varzeá",NA,NA
3893,"Pirarucu.AM","RDSM_Setor solimões de Cima","Brazil",-2.716472,-67.075139,"Purus varzeá",NA,NA
3894,"Pirarucu.AM","RDSM_ Setor Solimões do Meio","Brazil",-2.532581,-66.2577,"Purus varzeá",NA,NA
3895,"Pirarucu.AM","RDSM_SETOR Tijuaca","Brazil",-2.6463,-64.9904,"Purus varzeá",NA,NA
3896,"Pirarucu.AM","RDSM Setor TIGRE, PRETO e ITAÚBA","Brazil",-1.8561,-65.5811,"Japurá-Solimoes-Negro moist forests",NA,NA
3897,"Pirarucu.AM","RDS Uacari","Brazil",-5.93775,-67.754222,"Purus varzeá",NA,NA
3898,"Pirizal","SALD-Pirizal","Brazil",-16.34746,-56.32253,"Pantanal",NA,NA
3899,"Plant","Rio Cipó","Brazil",-19.21352,-43.36252,"Cerrado","Eastern Brazil","Tropical Atlantic"
3900,"Plant","Quadrante 16","Brazil",-19.17495,-43.35282,"Bahia interior forests","Eastern Brazil","Tropical Atlantic"
3901,"Plant","Pedra do Elefante","Brazil",-19.1743,-43.33174,"Bahia interior forests","Eastern Brazil","Tropical Atlantic"
3902,"Plant","Alto Palácio","Brazil",-19.16593,-43.32089,"Bahia interior forests","Eastern Brazil","Tropical Atlantic"
3903,"Plant","Usina","Brazil",-19.16178,-43.36181,"Bahia interior forests","Eastern Brazil","Tropical Atlantic"
3904,"Plant","Serra Morena","Brazil",-19.15506,-43.35103,"Bahia interior forests","Eastern Brazil","Tropical Atlantic"
3905,"Plant","Cedro","Brazil",-19.13565,-43.34348,"Bahia interior forests","Eastern Brazil","Tropical Atlantic"
3906,"PPBio AmOc","Parque Estadual Chandless","Brazil",-9.3791,-69.918,"Iquitos varzeá",NA,NA
3907,"PPBio AmOc","Fazenda Experimental Catuaba","Brazil",-10.0613,-67.3828,"Iquitos varzeá",NA,NA
3908,"PPBio AmOc","Reserva Florestal Humaitá","Brazil",-9.7618,-67.7118,"Southwest Amazon moist forests",NA,NA
3909,"PPBio AmOc","Campinaranas do Sudoeste da Amazônia","Brazil",-7.4806,-72.9003,"Iquitos varzeá",NA,NA
3910,"POPA APAF","APA_Alter_do_Chao_Mataraí","Brazil",-2.47232,-54.96292,"Madeira-Tapajós moist forests","Amazonia","Tropical Atlantic"
3911,"POPA APAF","APA_Alter_do_Chao_Arioca","Brazil",-2.48375,-54.9645,"Madeira-Tapajós moist forests","Amazonia","Tropical Atlantic"
3912,"POPA APAF","APA_Alter_do_Chao_Bufalo","Brazil",-2.48765,-54.95524,"Madeira-Tapajós moist forests","Amazonia","Tropical Atlantic"
3913,"POPA APAF","APA_Alter_do_Chao_Pirarucuri","Brazil",-2.49195,-54.95488,"Madeira-Tapajós moist forests","Amazonia","Tropical Atlantic"
3914,"POPA APAF","APA_Alter_do_Chao_Miritiapina","Brazil",-2.47826,-54.95219,"Tapajós-Xingu moist forests","Amazonia","Tropical Atlantic"
3915,"POPA APAF","APA_Alter_do_Chao_Jucá","Brazil",-2.48304,-54.9463,"Tapajós-Xingu moist forests","Amazonia","Tropical Atlantic"
3916,"POPA APAF","APA_Alter_do_Chao_Miritiapina-atras","Brazil",-2.4734,-54.95222,"Tapajós-Xingu moist forests","Amazonia","Tropical Atlantic"
3917,"POPA APAF","APA_Alter_do_Chao_Mucaim/HelenaTapajos","Brazil",-2.46458,-54.94626,"Tapajós-Xingu moist forests","Amazonia","Tropical Atlantic"
3918,"POPA APAF","APA_Alter_do_Chao_Macaco1","Brazil",-2.45923,-54.91492,"Tapajós-Xingu moist forests","Amazonia","Tropical Atlantic"
3919,"POPA APAF","APA_Alter_do_Chao_Mucaim-D.Helena","Brazil",-2.46683,-54.93402,"Tapajós-Xingu moist forests","Amazonia","Tropical Atlantic"
3920,"POPA APAF","APA_Alter_do_Chao_Cambeua","Brazil",-2.45545,-54.93324,"Tapajós-Xingu moist forests","Amazonia","Tropical Atlantic"
3921,"POPA APAF","APA_Alter_do_Chao_Caapiranga-Lago","Brazil",-2.48115,-54.92392,"Tapajós-Xingu moist forests","Amazonia","Tropical Atlantic"
3922,"POPA APAF","APA_Alter_do_Chao_Caapiranga","Brazil",-2.48508,-54.91916,"Tapajós-Xingu moist forests","Amazonia","Tropical Atlantic"
3923,"POPA APAF","APA_Alter_do_Chao_Norato","Brazil",-2.49296,-54.92893,"Tapajós-Xingu moist forests","Amazonia","Tropical Atlantic"
3924,"POPA APAF","APA_Alter_do_Chao_Saru","Brazil",-2.47996,-54.93384,"Tapajós-Xingu moist forests","Amazonia","Tropical Atlantic"
3925,"POPA APAF","APA_Alter_do_Chao_Sta Luzia","Brazil",-2.49425,-54.93947,"Tapajós-Xingu moist forests","Amazonia","Tropical Atlantic"
3926,"POPA APAF","APA_Alter_do_Chao_Taracua","Brazil",-2.4953,-54.91359,"Tapajós-Xingu moist forests","Amazonia","Tropical Atlantic"
3927,"POPA APAF","APA_Alter_do_Chao_Parana","Brazil",-2.50954,-54.921,"Tapajós-Xingu moist forests","Amazonia","Tropical Atlantic"
3928,"POPA APAF","APA_Alter_do_Chao_Ilha Grande","Brazil",-2.4987,-54.90245,"Tapajós-Xingu moist forests","Amazonia","Tropical Atlantic"
3929,"POPA APAF","APA_Alter_do_Chao_Seringa","Brazil",-2.48647,-54.89592,"Tapajós-Xingu moist forests","Amazonia","Tropical Atlantic"
3930,"POPA APAF","APA_Alter_do_Chao_Paraiso","Brazil",-2.46923,-54.89251,"Tapajós-Xingu moist forests","Amazonia","Tropical Atlantic"
3931,"POPA APAF","APA_Alter_do_Chao_Jacú","Brazil",-2.45735,-54.89819,"Tapajós-Xingu moist forests","Amazonia","Tropical Atlantic"
3932,"POPA APAF","APA_Alter_do_Chao_Ilha da roça","Brazil",-2.45586,-54.89073,"Tapajós-Xingu moist forests","Amazonia","Tropical Atlantic"
3933,"POPA APAF","APA_Alter_do_Chao_Mureta","Brazil",-2.5314,-54.97554,"Madeira-Tapajós moist forests","Amazonia","Tropical Atlantic"
3934,"POPA APAF","APA_Alter_do_Chao_Jurucui","Brazil",-2.54306,-54.96405,"Madeira-Tapajós moist forests","Amazonia","Tropical Atlantic"
3935,"POPA APAF","APA_Alter_do_Chao_Mucaim-Estrada","Brazil",-2.47089,-54.94989,"Tapajós-Xingu moist forests","Amazonia","Tropical Atlantic"
3936,"POPA APAF","APA_Alter_do_Chao_São Luiz","Brazil",-2.54107,-54.95714,"Madeira-Tapajós moist forests","Amazonia","Tropical Atlantic"
3937,"POPA APAF","APA_Alter_do_Chao_São Vicente","Brazil",-2.53578,-54.92504,"Tapajós-Xingu moist forests","Amazonia","Tropical Atlantic"
3938,"POPA APAF","APA_Alter_do_Chao_Anisio","Brazil",-2.53654,-54.91146,"Tapajós-Xingu moist forests","Amazonia","Tropical Atlantic"
3939,"POPA APAF","APA_Alter_do_Chao_Caratinga","Brazil",-2.52992,-54.95477,"Madeira-Tapajós moist forests","Amazonia","Tropical Atlantic"
3940,"POPA APAF","APA_Alter_do_Chao_São Raimundo","Brazil",-2.57722,-54.91579,"Tapajós-Xingu moist forests","Amazonia","Tropical Atlantic"
3941,"POPA APAF","APA_Alter_do_Chao_Serra do Mocoto","Brazil",-2.54674,-54.94904,"Madeira-Tapajós moist forests","Amazonia","Tropical Atlantic"
3942,"POPA APAF","APA_Alter_do_Chao_Murajuba","Brazil",-2.54858,-54.89786,"Tapajós-Xingu moist forests","Amazonia","Tropical Atlantic"
3943,"POPA APAF","APA_Alter_do_Chao_Andiroba-Advogado","Brazil",-2.50315,-54.85775,"Tapajós-Xingu moist forests","Amazonia","Tropical Atlantic"
3944,"POPA FNT","Modulo_Acaratinga_500S","Brazil",-2.84722,-55.03917,"Madeira-Tapajós moist forests","Amazonia","Tropical Atlantic"
3945,"POPA FNT","Modulo_Acaratinga_1500S","Brazil",-2.84722,-55.03917,"Madeira-Tapajós moist forests","Amazonia","Tropical Atlantic"
3946,"POPA FNT","Modulo_Acaratinga_2500S","Brazil",-2.84722,-55.03917,"Madeira-Tapajós moist forests","Amazonia","Tropical Atlantic"
3947,"POPA FNT","Modulo_Acaratinga_3500S","Brazil",-2.84722,-55.03917,"Madeira-Tapajós moist forests","Amazonia","Tropical Atlantic"
3948,"POPA FNT","Modulo_Acaratinga_4500S","Brazil",-2.84722,-55.03917,"Madeira-Tapajós moist forests","Amazonia","Tropical Atlantic"
3949,"POPA FNT","Modulo_Acaratinga_500N","Brazil",-2.84722,-55.03917,"Madeira-Tapajós moist forests","Amazonia","Tropical Atlantic"
3950,"POPA FNT","Modulo_Acaratinga_1500N","Brazil",-2.84722,-55.03917,"Madeira-Tapajós moist forests","Amazonia","Tropical Atlantic"
3951,"POPA FNT","Modulo_Acaratinga_2500N","Brazil",-2.84722,-55.03917,"Madeira-Tapajós moist forests","Amazonia","Tropical Atlantic"
3952,"POPA FNT","Modulo_Acaratinga_3500N","Brazil",-2.84722,-55.03917,"Madeira-Tapajós moist forests","Amazonia","Tropical Atlantic"
3953,"POPA FNT","Modulo_Acaratinga_4500N","Brazil",-2.84722,-55.03917,"Madeira-Tapajós moist forests","Amazonia","Tropical Atlantic"
3954,"POPA FNT","Modulo_Jaguarari_500N","Brazil",-2.89417,-55.05806,"Madeira-Tapajós moist forests","Amazonia","Tropical Atlantic"
3955,"POPA FNT","Modulo_Jaguarari_1500S","Brazil",-2.89417,-55.05806,"Madeira-Tapajós moist forests","Amazonia","Tropical Atlantic"
3956,"POPA FNT","Modulo_Jaguarari_2500S","Brazil",-2.89417,-55.05806,"Madeira-Tapajós moist forests","Amazonia","Tropical Atlantic"
3957,"POPA FNT","Modulo_Jaguarari_3500S","Brazil",-2.89417,-55.05806,"Madeira-Tapajós moist forests","Amazonia","Tropical Atlantic"
3958,"POPA FNT","Modulo_Jaguarari_4500S","Brazil",-2.89417,-55.05806,"Madeira-Tapajós moist forests","Amazonia","Tropical Atlantic"
3959,"POPA FNT","Modulo_km67_500S","Brazil",-2.84534,-54.91067,"Tapajós-Xingu moist forests","Amazonia","Tropical Atlantic"
3960,"POPA FNT","Modulo_km67_1500S","Brazil",-2.84534,-54.91067,"Tapajós-Xingu moist forests","Amazonia","Tropical Atlantic"
3961,"POPA FNT","Modulo_km67_2500S","Brazil",-2.84534,-54.91067,"Tapajós-Xingu moist forests","Amazonia","Tropical Atlantic"
3962,"POPA FNT","Modulo_km67_3500S","Brazil",-2.84534,-54.91067,"Tapajós-Xingu moist forests","Amazonia","Tropical Atlantic"
3963,"POPA FNT","Modulo_km67_4500S","Brazil",-2.84534,-54.91067,"Tapajós-Xingu moist forests","Amazonia","Tropical Atlantic"
3964,"POPA FNT","Modulo_km67_500N","Brazil",-2.84534,-54.91067,"Tapajós-Xingu moist forests","Amazonia","Tropical Atlantic"
3965,"POPA FNT","Modulo_km67_1500N","Brazil",-2.84534,-54.91067,"Tapajós-Xingu moist forests","Amazonia","Tropical Atlantic"
3966,"POPA FNT","Modulo_km67_2500N","Brazil",-2.84534,-54.91067,"Tapajós-Xingu moist forests","Amazonia","Tropical Atlantic"
3967,"POPA FNT","Modulo_km67_3500N","Brazil",-2.84534,-54.91067,"Tapajós-Xingu moist forests","Amazonia","Tropical Atlantic"
3968,"POPA FNT","Modulo_km67_4500N","Brazil",-2.84534,-54.91067,"Tapajós-Xingu moist forests","Amazonia","Tropical Atlantic"
3969,"POPA FNT","Modulo_km117A_500E","Brazil",-3.36698,-54.95106,"Tapajós-Xingu moist forests","Amazonia","Tropical Atlantic"
3970,"POPA FNT","Modulo_km117A_1500E","Brazil",-3.36698,-54.95106,"Tapajós-Xingu moist forests","Amazonia","Tropical Atlantic"
3971,"POPA FNT","Modulo_km117A_2500E","Brazil",-3.36698,-54.95106,"Tapajós-Xingu moist forests","Amazonia","Tropical Atlantic"
3972,"POPA FNT","Modulo_km117A_3500E","Brazil",-3.36698,-54.95106,"Tapajós-Xingu moist forests","Amazonia","Tropical Atlantic"
3973,"POPA FNT","Modulo_km117A_4500E","Brazil",-3.36698,-54.95106,"Tapajós-Xingu moist forests","Amazonia","Tropical Atlantic"
3974,"POPA FNT","Modulo_km117A_500W","Brazil",-3.36698,-54.95106,"Tapajós-Xingu moist forests","Amazonia","Tropical Atlantic"
3975,"POPA FNT","Modulo_km117A_1500W","Brazil",-3.36698,-54.95106,"Tapajós-Xingu moist forests","Amazonia","Tropical Atlantic"
3976,"POPA FNT","Modulo_km117A_2500W","Brazil",-3.36698,-54.95106,"Tapajós-Xingu moist forests","Amazonia","Tropical Atlantic"
3977,"POPA FNT","Modulo_km117A_3500W","Brazil",-3.36698,-54.95106,"Tapajós-Xingu moist forests","Amazonia","Tropical Atlantic"
3978,"POPA FNT","Modulo_km117A_4500W","Brazil",-3.36698,-54.95106,"Tapajós-Xingu moist forests","Amazonia","Tropical Atlantic"
3979,"POPA FNT","Modulo_km134_500S","Brazil",-3.47135,-54.90811,"Tapajós-Xingu moist forests","Amazonia","Tropical Atlantic"
3980,"POPA FNT","Modulo_km134_1500S","Brazil",-3.47135,-54.90811,"Tapajós-Xingu moist forests","Amazonia","Tropical Atlantic"
3981,"POPA FNT","Modulo_km134_2500S","Brazil",-3.47135,-54.90811,"Tapajós-Xingu moist forests","Amazonia","Tropical Atlantic"
3982,"POPA FNT","Modulo_km134_3500S","Brazil",-3.47135,-54.90811,"Tapajós-Xingu moist forests","Amazonia","Tropical Atlantic"
3983,"POPA FNT","Modulo_km134_4500S","Brazil",-3.47135,-54.90811,"Tapajós-Xingu moist forests","Amazonia","Tropical Atlantic"
3984,"POPA FNT","Modulo_km134_500N","Brazil",-3.47135,-54.90811,"Tapajós-Xingu moist forests","Amazonia","Tropical Atlantic"
3985,"POPA FNT","Modulo_km134_1500N","Brazil",-3.47135,-54.90811,"Tapajós-Xingu moist forests","Amazonia","Tropical Atlantic"
3986,"POPA FNT","Modulo_km134_2500N","Brazil",-3.47135,-54.90811,"Tapajós-Xingu moist forests","Amazonia","Tropical Atlantic"
3987,"POPA FNT","Modulo_km134_3500N","Brazil",-3.47135,-54.90811,"Tapajós-Xingu moist forests","Amazonia","Tropical Atlantic"
3988,"POPA FNT","Modulo_km134_4500N","Brazil",-3.47135,-54.90811,"Tapajós-Xingu moist forests","Amazonia","Tropical Atlantic"
3989,"POPA APAS","APA_Alter_do_Chao_S01","Brazil",-2.48896,-54.96246,"Madeira-Tapajós moist forests","Amazonia","Tropical Atlantic"
3990,"POPA APAS","APA_Alter_do_Chao_S02","Brazil",-2.49166,-54.93709,"Tapajós-Xingu moist forests","Amazonia","Tropical Atlantic"
3991,"POPA APAS","APA_Alter_do_Chao_S04","Brazil",-2.53554,-54.97435,"Madeira-Tapajós moist forests","Amazonia","Tropical Atlantic"
3992,"POPA APAS","APA_Alter_do_Chao_S05","Brazil",-2.54489,-54.97569,"Madeira-Tapajós moist forests","Amazonia","Tropical Atlantic"
3993,"POPA APAS","APA_Alter_do_Chao_S06","Brazil",-2.47456,-54.92815,"Tapajós-Xingu moist forests","Amazonia","Tropical Atlantic"
3994,"POPA APAS","APA_Alter_do_Chao_S07","Brazil",-2.51197,-54.92709,"Madeira-Tapajós moist forests","Amazonia","Tropical Atlantic"
3995,"POPA APAS","APA_Alter_do_Chao_S08","Brazil",-2.53557,-54.9013,"Tapajós-Xingu moist forests","Amazonia","Tropical Atlantic"
3996,"POPA APAS","APA_Alter_do_Chao_S09","Brazil",-2.48653,-54.95977,"Madeira-Tapajós moist forests","Amazonia","Tropical Atlantic"
3997,"POPA APAS","APA_Alter_do_Chao_S10","Brazil",-2.53071,-54.90686,"Tapajós-Xingu moist forests","Amazonia","Tropical Atlantic"
3998,"POPA APAS","APA_Alter_do_Chao_S13","Brazil",-2.45056,-54.90017,"Tapajós-Xingu moist forests","Amazonia","Tropical Atlantic"
3999,"POPA APAS","APA_Alter_do_Chao_S14","Brazil",-2.494,-54.89826,"Tapajós-Xingu moist forests","Amazonia","Tropical Atlantic"
4000,"POPA APAS","APA_Alter_do_Chao_S15","Brazil",-2.52674,-54.90431,"Tapajós-Xingu moist forests","Amazonia","Tropical Atlantic"
4001,"POPA APAS","APA_Alter_do_Chao_S16","Brazil",-2.52688,-54.91019,"Tapajós-Xingu moist forests","Amazonia","Tropical Atlantic"
4002,"POPA APAS","APA_Alter_do_Chao_S17","Brazil",-2.54015,-54.97463,"Madeira-Tapajós moist forests","Amazonia","Tropical Atlantic"
4003,"POPA APAS","APA_Alter_do_Chao_S18","Brazil",-2.52518,-54.97478,"Madeira-Tapajós moist forests","Amazonia","Tropical Atlantic"
4004,"POPA APAS","APA_Alter_do_Chao_S19","Brazil",-2.47526,-54.92032,"Tapajós-Xingu moist forests","Amazonia","Tropical Atlantic"
4005,"POPA APAS","APA_Alter_do_Chao_S20","Brazil",-2.47256,-54.92114,"Tapajós-Xingu moist forests","Amazonia","Tropical Atlantic"
4006,"POPA APAS","APA_Alter_do_Chao_S21","Brazil",-2.49213,-54.93205,"Tapajós-Xingu moist forests","Amazonia","Tropical Atlantic"
4007,"POPA APAS","APA_Alter_do_Chao_S22","Brazil",-2.48498,-54.93451,"Tapajós-Xingu moist forests","Amazonia","Tropical Atlantic"
4008,"POPA APAS","APA_Alter_do_Chao_S23","Brazil",-2.49846,-54.93275,"Tapajós-Xingu moist forests","Amazonia","Tropical Atlantic"
4009,"POPA APAS","APA_Alter_do_Chao_S24","Brazil",-2.49459,-54.92114,"Tapajós-Xingu moist forests","Amazonia","Tropical Atlantic"
4010,"POPA APAS","APA_Alter_do_Chao_S25","Brazil",-2.51316,-54.91787,"Tapajós-Xingu moist forests","Amazonia","Tropical Atlantic"
4011,"POPA APAS","APA_Alter_do_Chao_S26","Brazil",-2.50552,-54.92764,"Tapajós-Xingu moist forests","Amazonia","Tropical Atlantic"
4012,"POPA APAS","APA_Alter_do_Chao_S27","Brazil",-2.50493,-54.92099,"Tapajós-Xingu moist forests","Amazonia","Tropical Atlantic"
4013,"POPA APAS","APA_Alter_do_Chao_S28","Brazil",-2.5089,-54.91165,"Tapajós-Xingu moist forests","Amazonia","Tropical Atlantic"
4014,"POPA APAS","APA_Alter_do_Chao_S29","Brazil",-2.45372,-54.90329,"Tapajós-Xingu moist forests","Amazonia","Tropical Atlantic"
4015,"POPA APAS","APA_Alter_do_Chao_S31","Brazil",-2.46902,-54.89699,"Tapajós-Xingu moist forests","Amazonia","Tropical Atlantic"
4016,"POPA APAS","APA_Alter_do_Chao_S32","Brazil",-2.48394,-54.89569,"Tapajós-Xingu moist forests","Amazonia","Tropical Atlantic"
4017,"POPA APAS","APA_Alter_do_Chao_S33","Brazil",-2.49541,-54.90542,"Tapajós-Xingu moist forests","Amazonia","Tropical Atlantic"
4018,"POPA APAS","APA_Alter_do_Chao_S34","Brazil",-2.47326,-54.90272,"Tapajós-Xingu moist forests","Amazonia","Tropical Atlantic"
4019,"POPA APAS","APA_Alter_do_Chao_S35","Brazil",-2.45907,-54.88808,"Tapajós-Xingu moist forests","Amazonia","Tropical Atlantic"
4020,"POPA APAS","APA_Alter_do_Chao_S36","Brazil",-2.46798,-54.88327,"Tapajós-Xingu moist forests","Amazonia","Tropical Atlantic"
4021,"POPA APAS","APA_Alter_do_Chao_S37","Brazil",-2.47527,-54.89378,"Tapajós-Xingu moist forests","Amazonia","Tropical Atlantic"
4022,"POPA APAS","APA_Alter_do_Chao_S38","Brazil",-2.45767,-54.8776,"Tapajós-Xingu moist forests","Amazonia","Tropical Atlantic"
4023,"POPA APAS","APA_Alter_do_Chao_S39","Brazil",-2.46564,-54.87619,"Tapajós-Xingu moist forests","Amazonia","Tropical Atlantic"
4024,"POPA APAS","APA_Alter_do_Chao_S40","Brazil",-2.4596,-54.90284,"Tapajós-Xingu moist forests","Amazonia","Tropical Atlantic"
4025,"POPA ervas","Floresta Nacional do Tapajós - POPA","Brazil",-3.36982,-54.94344,"Tapajós-Xingu moist forests","Amazonia","Tropical Atlantic"
4026,"PPBio.Sinop","Parque Estadual do Cristalino","Brazil",-9.461503,-55.805451,"Mato Grosso seasonal forests",NA,NA
4027,"PPBio.Sinop","ESEC do Rio Ronuro","Brazil",-13.090886,-54.434708,"Mato Grosso seasonal forests",NA,NA
4028,"PPBio.Sinop","Fazenda São Nicolau_Cotriguaçu","Brazil",-9.819834,-58.258877,"Madeira-Tapajós moist forests",NA,NA
4029,"PPBio.Sinop","Fazenda Continental 1","Brazil",-11.58167,-55.28767,"Mato Grosso seasonal forests",NA,NA
4030,"PPBio.Sinop","Fazenda Continental 2","Brazil",-11.41078,-55.32478,"Mato Grosso seasonal forests",NA,NA
4031,"PPBio.Sinop","Fazenda Iracema","Brazil",-11.65261,-55.081833,"Mato Grosso seasonal forests",NA,NA
4032,"PPBioAM","BR-319","Brazil",-7.27516,-63.13414,"Monte Alegre varzeá",NA,NA
4033,"PPBioAM","BR-319","Brazil",-7.475167,-63.234611,"Purus-Madeira moist forests",NA,NA
4034,"PPBioAM","BR-319","Brazil",-7.274288,-63.131994,"Monte Alegre varzeá",NA,NA
4035,"PPBioAm-NRR","Campus do Cauamé - UFRR","Brazil",2.8833,-60.71519,"Guianan savanna",NA,NA
4036,"PPBioAm-NRR","Campus do Cauamé - UFRR","Brazil",2.87875,-60.71073,"Guianan savanna",NA,NA
4037,"PPBioAm-NRR","Campus do Cauamé - UFRR","Brazil",2.87876,-60.71074,"Guianan savanna",NA,NA
4038,"PPBioAm-NRR","Campus do Cauamé - UFRR","Brazil",2.87881,-60.71972,"Guianan savanna",NA,NA
4039,"PPBioAm-NRR","Campus do Cauamé - UFRR","Brazil",2.87882,-60.72426,"Guianan savanna",NA,NA
4040,"PPBioAm-NRR","Campus do Cauamé - UFRR","Brazil",2.87426,-60.71526,"Guianan savanna",NA,NA
4041,"PPBioAm-NRR","Campus do Cauamé - UFRR","Brazil",2.8743,-60.71975,"Guianan savanna",NA,NA
4042,"PPBioAm-NRR","Campus do Cauamé - UFRR","Brazil",2.8743,-60.72428,"Guianan savanna",NA,NA
4043,"PPBioAm-NRR","Campus do Cauamé - UFRR","Brazil",2.8743,-60.72877,"Guianan savanna",NA,NA
4044,"PPBioAm-NRR","Campus do Cauamé - UFRR","Brazil",2.86977,-60.71979,"Guianan savanna",NA,NA
4045,"PPBioAm-NRR","Campus do Cauamé - UFRR","Brazil",2.86978,-60.72428,"Guianan savanna",NA,NA
4046,"PPBioAm-NRR","Campus do Cauamé - UFRR","Brazil",2.86978,-60.72878,"Guianan savanna",NA,NA
4047,"PPBioAm-NRR","Campus do Cauamé - UFRR","Brazil",2.86525,-60.71979,"Guianan savanna",NA,NA
4048,"PPBioAm-NRR","Campus do Cauamé - UFRR","Brazil",2.86526,-60.72429,"Guianan savanna",NA,NA
4049,"PPBioAm-NRR","Campus do Cauamé - UFRR","Brazil",2.86526,-60.72878,"Guianan savanna",NA,NA
4050,"PPBioAm-NRR","Campus do Cauamé - UFRR","Brazil",2.86527,-60.73328,"Guianan savanna",NA,NA
4051,"PPBioAm-NRR","Campo Experimental Água Boa - Embrapa Roraima","Brazil",2.66427,-60.85513,"Guianan savanna",NA,NA
4052,"PPBioAm-NRR","Campo Experimental Água Boa - Embrapa Roraima","Brazil",2.66426,-60.85064,"Guianan savanna",NA,NA
4053,"PPBioAm-NRR","Campo Experimental Água Boa - Embrapa Roraima","Brazil",2.66426,-60.84614,"Guianan savanna",NA,NA
4054,"PPBioAm-NRR","Campo Experimental Água Boa - Embrapa Roraima","Brazil",2.66425,-60.84164,"Guianan savanna",NA,NA
4055,"PPBioAm-NRR","Campo Experimental Água Boa - Embrapa Roraima","Brazil",2.65978,-60.86862,"Guianan savanna",NA,NA
4056,"PPBioAm-NRR","Campo Experimental Água Boa - Embrapa Roraima","Brazil",2.65977,-60.86412,"Guianan savanna",NA,NA
4057,"PPBioAm-NRR","Campo Experimental Água Boa - Embrapa Roraima","Brazil",2.65977,-60.85963,"Guianan savanna",NA,NA
4058,"PPBioAm-NRR","Campo Experimental Água Boa - Embrapa Roraima","Brazil",2.65976,-60.85513,"Guianan savanna",NA,NA
4059,"PPBioAm-NRR","Campo Experimental Água Boa - Embrapa Roraima","Brazil",2.65975,-60.85064,"Guianan savanna",NA,NA
4060,"PPBioAm-NRR","Campo Experimental Água Boa - Embrapa Roraima","Brazil",2.65974,-60.84614,"Guianan savanna",NA,NA
4061,"PPBioAm-NRR","Campo Experimental Água Boa - Embrapa Roraima","Brazil",2.65974,-60.84165,"Guianan savanna",NA,NA
4062,"PPBioAm-NRR","Campo Experimental Água Boa - Embrapa Roraima","Brazil",2.65973,-60.83715,"Guianan savanna",NA,NA
4063,"PPBioAm-NRR","Campo Experimental Água Boa - Embrapa Roraima","Brazil",2.65972,-60.83266,"Guianan savanna",NA,NA
4064,"PPBioAm-NRR","Campo Experimental Água Boa - Embrapa Roraima","Brazil",2.65524,-60.85964,"Guianan savanna",NA,NA
4065,"PPBioAm-NRR","Campo Experimental Água Boa - Embrapa Roraima","Brazil",2.65524,-60.85514,"Guianan savanna",NA,NA
4066,"PPBioAm-NRR","Campo Experimental Água Boa - Embrapa Roraima","Brazil",2.65523,-60.85065,"Guianan savanna",NA,NA
4067,"PPBioAm-NRR","Campo Experimental Água Boa - Embrapa Roraima","Brazil",2.65522,-60.84615,"Guianan savanna",NA,NA
4068,"PPBioAm-NRR","Campo Experimental Água Boa - Embrapa Roraima","Brazil",2.65521,-60.84165,"Guianan savanna",NA,NA
4069,"PPBioAm-NRR","Campo Experimental Água Boa - Embrapa Roraima","Brazil",2.65521,-60.83716,"Guianan savanna",NA,NA
4070,"PPBioAm-NRR","Campo Experimental Água Boa - Embrapa Roraima","Brazil",2.6552,-60.83266,"Guianan savanna",NA,NA
4071,"PPBioAm-NRR","Campo Experimental Água Boa - Embrapa Roraima","Brazil",2.6507,-60.84616,"Guianan savanna",NA,NA
4072,"PPBioAm-NRR","Campo Experimental Água Boa - Embrapa Roraima","Brazil",2.65069,-60.84166,"Guianan savanna",NA,NA
4073,"PPBioAm-NRR","Campo Experimental Água Boa - Embrapa Roraima","Brazil",2.65069,-60.83717,"Guianan savanna",NA,NA
4074,"PPBioMA","Ilha Grande - Módulo Leste","Brazil",-23.09571,-44.18921,NA,"Southeastern Brazil","Temperate South America"
4075,"PPBioMA","Ilha Grande - Módulo Oeste","Brazil",-23.14423,-44.30957,"Serra do Mar coastal forests","Southeastern Brazil","Temperate South America"
4076,"PPBioMA","Parque Nacional de São Joaquim - Módulo Santa Bárbara","Brazil",-28.1533,-49.64112,"Araucaria moist forests","Rio Grande","Temperate South America"
4077,"PPBioMA","Parque Nacional de São Joaquim - Módulo Morro da Igreja (?)","Brazil",-28.09639,-49.49067,"Araucaria moist forests","Southeastern Brazil","Temperate South America"
4078,"PPBioMA","Parque Nacional de São Joaquim - Módulo Serra Furada","Brazil",-28.17814,-49.39429,"Araucaria moist forests","Southeastern Brazil","Temperate South America"
4079,"PPBioMA_RES_GUA","Reserva Guaricica 1","Brazil",-25.29,-48.68,"Serra do Mar coastal forests","Southeastern Brazil","Temperate South America"
4080,"PPBioMA_RES_GUA","Reserva Guaricica 1","Brazil",-25.29,-48.68,"Serra do Mar coastal forests","Southeastern Brazil","Temperate South America"
4081,"PPBioMA_RES_GUA","Reserva Guaricica 2","Brazil",-25.3,-48.67,"Serra do Mar coastal forests","Southeastern Brazil","Temperate South America"
4082,"PPBioMA_RES_GUA","Reserva Guaricica 2","Brazil",-25.3,-48.67,"Serra do Mar coastal forests","Southeastern Brazil","Temperate South America"
4083,"PPBioMA_RES_GUA","Reserva Guaricica 3","Brazil",-25.28,-48.67,"Serra do Mar coastal forests","Southeastern Brazil","Temperate South America"
4084,"PPBioMA_RES_GUA","Reserva Guaricica 3","Brazil",-25.28,-48.67,"Serra do Mar coastal forests","Southeastern Brazil","Temperate South America"
4085,"PPBioMA_RES_GUA","Reserva Guaricica 4","Brazil",-25.29,-48.66,"Serra do Mar coastal forests","Southeastern Brazil","Temperate South America"
4086,"PPBioMA_RES_GUA","Reserva Guaricica 4","Brazil",-25.29,-48.66,"Serra do Mar coastal forests","Southeastern Brazil","Temperate South America"
4087,"PPBioMA_RES_GUA","Reserva Guaricica 5","Brazil",-25.28,-48.66,"Serra do Mar coastal forests","Southeastern Brazil","Temperate South America"
4088,"PPBioMA_RES_GUA","Reserva Guaricica 5","Brazil",-25.28,-48.66,"Serra do Mar coastal forests","Southeastern Brazil","Temperate South America"
4089,"PPBioMA_RES_GUA","Reserva Guaricica 6","Brazil",-25.29,-48.65,"Serra do Mar coastal forests","Southeastern Brazil","Temperate South America"
4090,"PPBioMA_RES_GUA","Reserva Guaricica 6","Brazil",-25.29,-48.65,"Serra do Mar coastal forests","Southeastern Brazil","Temperate South America"
4091,"PPBioMA_RES_GUA","Reserva Guaricica 7","Brazil",-25.27,-48.65,"Serra do Mar coastal forests","Southeastern Brazil","Temperate South America"
4092,"PPBioMA_RES_GUA","Reserva Guaricica 7","Brazil",-25.27,-48.65,"Serra do Mar coastal forests","Southeastern Brazil","Temperate South America"
4093,"PPBioMA_RES_GUA","Reserva Guaricica 8","Brazil",-25.28,-48.65,"Serra do Mar coastal forests","Southeastern Brazil","Temperate South America"
4094,"PPBioMA_RES_GUA","Reserva Guaricica 8","Brazil",-25.28,-48.65,"Serra do Mar coastal forests","Southeastern Brazil","Temperate South America"
4095,"PPBioMA_RES_GUA","Reserva Guaricica 9","Brazil",-25.27,-48.64,"Serra do Mar coastal forests","Southeastern Brazil","Temperate South America"
4096,"PPBioMA_RES_GUA","Reserva Guaricica 9","Brazil",-25.27,-48.64,"Serra do Mar coastal forests","Southeastern Brazil","Temperate South America"
4097,"PPBioMA_RES_GUA","Reserva Guaricica 10","Brazil",-25.28,-48.64,"Serra do Mar coastal forests","Southeastern Brazil","Temperate South America"
4098,"PPBioMA_RES_GUA","Reserva Guaricica 10","Brazil",-25.28,-48.64,"Serra do Mar coastal forests","Southeastern Brazil","Temperate South America"
4099,"PPBioMA","Ilha Grande - Módulo Leste","Brazil",-23.09571,-44.18921,NA,"Southeastern Brazil","Temperate South America"
4100,"PPBioMA","Ilha Grande - Módulo Oeste","Brazil",-23.14423,-44.30957,"Serra do Mar coastal forests","Southeastern Brazil","Temperate South America"
4101,"PPBioMA","Parque Nacional de São Joaquim - Módulo Santa Bárbara","Brazil",-28.1533,-49.64112,"Araucaria moist forests","Rio Grande","Temperate South America"
4102,"PPBioMA","Parque Nacional de São Joaquim - Módulo Morro da Igreja (?)","Brazil",-28.09639,-49.49067,"Araucaria moist forests","Southeastern Brazil","Temperate South America"
4103,"PPBioMA","Parque Nacional de São Joaquim - Módulo Serra Furada","Brazil",-28.17814,-49.39429,"Araucaria moist forests","Southeastern Brazil","Temperate South America"
4104,"PPBioMA","Reserva Natural Vale - Oiticica","Brazil",-19.15701,-40.01931,"Bahia coastal forests","Eastern Brazil","Tropical Atlantic"
4105,"PPBioMA","Reserva Natural Vale - Flamengo","Brazil",-19.17293,-39.94335,"Bahia coastal forests","Eastern Brazil","Tropical Atlantic"
4106,"PPBioMA","Reserva Natural Vale - Imbiruçu","Brazil",-19.22898,-39.96939,"Bahia coastal forests","Eastern Brazil","Tropical Atlantic"
4107,"PPBioMA","Reserva Natural Vale - Boleira","Brazil",-19.11667,-39.95187,"Bahia coastal forests","Eastern Brazil","Tropical Atlantic"
4108,"PPBioMA","Tinguá - Módulo 1","Brazil",-22.56755,-43.398048,"Serra do Mar coastal forests","Southeastern Brazil","Temperate South America"
4109,"PPBioMA","Tinguá - Bordas Orbell 1","Brazil",-22.56937,-43.46863,"Serra do Mar coastal forests","Southeastern Brazil","Temperate South America"
4110,"PPBioMA","Tinguá - Bordas Orbell 2","Brazil",-22.53735,-43.42597,"Serra do Mar coastal forests","Southeastern Brazil","Temperate South America"
4111,"PPBioMA","Tinguá Interior 1","Brazil",-22.545133,-43.46072,"Serra do Mar coastal forests","Southeastern Brazil","Temperate South America"
4112,"PPBioMA","Tinguá Interior 2","Brazil",-22.54147,-43.43448,"Serra do Mar coastal forests","Southeastern Brazil","Temperate South America"
4113,"PPBioMA","Ilha Grande - Módulo Leste","Brazil",-23.09571,-44.18921,NA,"Southeastern Brazil","Temperate South America"
4114,"PPBioMA","Ilha Grande - Módulo Oeste","Brazil",-23.14423,-44.30957,"Serra do Mar coastal forests","Southeastern Brazil","Temperate South America"
4115,"PPBioMA","Tinguá - Módulo 1","Brazil",-22.56,-43.39,"Serra do Mar coastal forests","Southeastern Brazil","Temperate South America"
4116,"PPBioMA","Tinguá - Bordas Orbell 1","Brazil",-22.56,-43.46,"Serra do Mar coastal forests","Southeastern Brazil","Temperate South America"
4117,"PPBioMA","Tinguá Bordas Orbell 2","Brazil",-22.53,-43.42,"Serra do Mar coastal forests","Southeastern Brazil","Temperate South America"
4118,"PPBioMA","Tinguá Interior 1","Brazil",-22.54,-43.46,"Serra do Mar coastal forests","Southeastern Brazil","Temperate South America"
4119,"PPBioMA","Tinguá Interior 2","Brazil",-22.54,-43.43,"Serra do Mar coastal forests","Southeastern Brazil","Temperate South America"
4120,"PPBioMA","Parque Nacional de São Joaquim - Módulo Santa Bárbara","Brazil",-28.15,-49.64,"Araucaria moist forests","Rio Grande","Temperate South America"
4121,"PPBioMA","Parque Nacional de São Joaquim - Módulo Morro da Igreja (?)","Brazil",-28.09,-49.49067,"Araucaria moist forests","Southeastern Brazil","Temperate South America"
4122,"PPBioMA","Parque Nacional de São Joaquim - Módulo Serra Furada","Brazil",-28.17814,-49.39429,"Araucaria moist forests","Southeastern Brazil","Temperate South America"
4123,"PPBioMA","Módulo Guaxindiba","na",-21.39,-41.09,"Bahia interior forests","Eastern Brazil","Tropical Atlantic"
4124,"PPBioRO","Estação Ecológica do Cuniã","Brazil",-8.0986,-63.35652,"Purus-Madeira moist forests",NA,NA
4129,"PPBioTermites","Campus da UFAM","Brazil",-3,-59.9766,"Uatuma-Trombetas moist forests",NA,NA
4132,"PPBioTermites","BR319 - Modulo Igapó-Açu","Brazil",-4.62,-61.24,"Purus-Madeira moist forests",NA,NA
4133,"PPBioTermites","UHE - Santo Antônio - Ilha de Bufalo","Brazil",-9.14,-64.61,"Purus-Madeira moist forests",NA,NA
4134,"PPBioTermites","UHE - Santo Antônio - Ilha da Pedra","Brazil",-9.18,-64.61,"Purus-Madeira moist forests",NA,NA
4135,"PPBioTermites","UHE - Santo Antônio - Jací Paraná","Brazil",-9.46,-64.39,"Madeira-Tapajós moist forests",NA,NA
4136,"PPBioTermites","UHE - Santo Antônio - Novo Jací","Brazil",-9.46,-64.39,"Madeira-Tapajós moist forests",NA,NA
4137,"PPBioTermites","UHE - Santo Antônio - Vila Teotônio","Brazil",-8.88,-64.06,"Madeira-Tapajós moist forests",NA,NA
4138,"PPEEEG","EEEG","Brazil",-21.39,-41.09,"Bahia interior forests","Eastern Brazil","Tropical Atlantic"
4139,"PPFunil","Fragmento Funil","Brazil",-21.55,-41.2,"Bahia interior forests","Eastern Brazil","Tropical Atlantic"
4140,"PPImburi","Fragmento Imburi","Brazil",-21.32,-41.1,"Bahia interior forests","Eastern Brazil","Tropical Atlantic"
4141,"PPInMaP/2019","Estação Ecológica da Serra das Araras - Rede mamíferos","Brazil",-15.65,-57.23,"Cerrado",NA,NA
4142,"PPInMaP/2020","Estação Ecológica da Serra das Araras - Rede mamíferos","Brazil",-15.65,-57.21,"Cerrado",NA,NA
4143,"PPPalmeiras","Fragmento Palmeiras","Brazil",-21.29,-41.09,"Bahia interior forests","Eastern Brazil","Tropical Atlantic"
4144,"PPRebioUnião","Rebio União Gas","Brazil",-22.44658,-42.05412,"Serra do Mar coastal forests","Eastern Brazil","Tropical Atlantic"
4145,"PPRebioUnião","Rebio União Rede","Brazil",-22.43543,-42.04965,"Serra do Mar coastal forests","Eastern Brazil","Tropical Atlantic"
4146,"PPRebioUnião","Rebio União Interior","Brazil",-22.40742,-42.03918,"Serra do Mar coastal forests","Eastern Brazil","Tropical Atlantic"
4147,"PPRio Branco","Rio Branco","Brazil",-12.199232,-61.748266,"Madeira-Tapajós moist forests",NA,NA
4148,"PPRio Branco","Rio Branco","Brazil",-12.140729,-61.781778,"Madeira-Tapajós moist forests",NA,NA
4149,"PPRio Branco","Rio Branco","Brazil",-11.971318,-61.883358,"Madeira-Tapajós moist forests",NA,NA
4150,"PPRio Branco","Rio Branco","Brazil",-11.95494,-62.012878,"Madeira-Tapajós moist forests",NA,NA
4151,"PPRio Branco","Rio Branco","Brazil",-11.937965,-62.032023,"Madeira-Tapajós moist forests",NA,NA
4152,"PPRio Branco","Rio Branco","Brazil",-11.906192,-62.195646,"Madeira-Tapajós moist forests",NA,NA
4153,"PPRio Branco","Rio Branco","Brazil",-11.902282,-62.242232,"Madeira-Tapajós moist forests",NA,NA
4154,"PPRio Branco","Rio Branco","Brazil",-11.9266,-62.41154,"Madeira-Tapajós moist forests",NA,NA
4155,"PPRio Branco","Rio Branco","Brazil",-11.956457,-62.440048,"Madeira-Tapajós moist forests",NA,NA
4156,"PPRio Branco","Rio Branco","Brazil",-11.997725,-62.170919,"Madeira-Tapajós moist forests",NA,NA
4157,"PPRio Branco","Rio Branco","Brazil",-12.049384,-62.169977,"Madeira-Tapajós moist forests",NA,NA
4158,"PPSantana","Fragmento Santana","Brazil",-21.33,-41.13,"Bahia interior forests","Eastern Brazil","Tropical Atlantic"
4159,"PPSAntonio","Fragmento Santo Antônio","Brazil",-21.32,-41.11,"Bahia interior forests","Eastern Brazil","Tropical Atlantic"
4160,"QAISP-F","Res. Santa Branca, no meio do corpo central, na junção dos braços Capivari e Paraibuna.","Brazil",-23.335,-45.795,"Serra do Mar coastal forests","Southeastern Brazil","Temperate South America"
4161,"QAISP-F","Rio Cachoeira, na ponte sobre o Rio Cachoeira na estrada que liga a Rod. D. Pedro I a Piracaia.","Brazil",-23.095,-46.442,"Serra do Mar coastal forests","Southeastern Brazil","Temperate South America"
4162,"QAISP-F","Rio, Claro, na captação ETA I -Rio Claro, próximo do Horto Florestal","Brazil",-22.409,-47.54,"Alto Paraná Atlantic forests","Southeastern Brazil","Temperate South America"
4163,"QAISP-F","Rio Atibaia, na captação de Sumaré,  perto do Mini-Pantanal de Paulinia.","Brazil",-22.761,-47.173,"Cerrado","Southeastern Brazil","Temperate South America"
4164,"QAISP-F","Rio Corumbataí, na captação da SEMAE de Piracicaba.","Brazil",-22.634,-47.683,"Alto Paraná Atlantic forests","Southeastern Brazil","Temperate South America"
4165,"QAISP-F","Rio Corumbataí, na captação da ETA II de Rio Claro.","Brazil",-22.325,-47.559,"Alto Paraná Atlantic forests","Southeastern Brazil","Temperate South America"
4166,"QAISP-F","Rio Capivari, na captação de Campinas-ETA Capivari na Rodovia dos Bandeirantes.","Brazil",-23.006,-47.1,"Alto Paraná Atlantic forests","Southeastern Brazil","Temperate South America"
4167,"QAISP-F","Rio Jaguari, na ponte da rodovia SP-332, próximo às captações de Paulínia e Hortolândia.","Brazil",-22.699,-47.152,"Cerrado","Southeastern Brazil","Temperate South America"
4168,"QAISP-F","Rio Jaguari, na ponte na SP - 381 (Fernão Dias),  a jusante do reservatório da SABESP.","Brazil",-22.915,-46.428,"Serra do Mar coastal forests","Southeastern Brazil","Temperate South America"
4169,"QAISP-F","Rio Jaguari, na Ponte sobre o Rio Jaguari, no Km 2.","Brazil",-22.881,-46.391,"Serra do Mar coastal forests","Southeastern Brazil","Temperate South America"
4170,"QAISP-F","Rio Jundiaí Mirim. Na captação de Jundiaí.","Brazil",-23.158,-46.909,"Serra do Mar coastal forests","Southeastern Brazil","Temperate South America"
4171,"QAISP-F","Rio Piraí, Na barragem de captação dos municípios de Salto e Indaiatuba.","Brazil",-23.183,-47.244,"Alto Paraná Atlantic forests","Southeastern Brazil","Temperate South America"
4172,"QAISP-F","Res. Jundiaí, no canal de interligação do Res. do Rio Jundiaí com o reservatório Taiaçupeba.","Brazil",-23.649,-46.198,"Serra do Mar coastal forests","Southeastern Brazil","Temperate South America"
4173,"QAISP-F","Res. Rio Rgande, 1 Km depois da desembocadura do Rio Grande ou Jurubatuba, próximo a transposição da SABESP.","Brazil",-23.742,-46.416,"Serra do Mar coastal forests","Southeastern Brazil","Temperate South America"
4174,"QAISP-F","Res. Tanque Grande, junto à barragem, no município de Guarulhos.","Brazil",-23.377,-46.46,"Serra do Mar coastal forests","Southeastern Brazil","Temperate South America"
4175,"QAISP-F","Res. Cabuçú, junto à barragem da captação do município de Guarulhos (SAEE).","Brazil",-23.405,-46.533,"Serra do Mar coastal forests","Southeastern Brazil","Temperate South America"
4176,"QAISP-F","Res. Billings, no meio do corpo central, cerca de 1,5 km da Barragem de Pedreira","Brazil",-23.718,-46.664,"Serra do Mar coastal forests","Southeastern Brazil","Temperate South America"
4177,"QAISP-F","Res. Billings, no meio do corpo central, sob a ponte da rodovia dos Imigrantes.","Brazil",-23.791,-46.598,"Serra do Mar coastal forests","Southeastern Brazil","Temperate South America"
4178,"QAISP-F","Res. Billings, próximo à barragem reguladora Biliings-Pedras (Summit Control).","Brazil",-23.818,-46.524,"Serra do Mar coastal forests","Southeastern Brazil","Temperate South America"
4179,"QAISP-F","Canal de fuga II da Usina Hidroelétrica Henry Borden, na saída da turbina da Usina Externa.","Brazil",-23.877,-46.453,"Serra do Mar coastal forests","Southeastern Brazil","Temperate South America"
4180,"QAISP-F","Res. Capivari-Monos, junto à Estação de Recalque da SABESP.","Brazil",-23.923,-46.729,"Serra do Mar coastal forests","Southeastern Brazil","Temperate South America"
4181,"QAISP-F","No Pier do Reservatório Aguas Claras- SABESP,  na Serra da Cantareira.Estrada Sta Inês s/n, junto a EF-09 CETESB.","Brazil",-23.398,-46.658,"Serra do Mar coastal forests","Southeastern Brazil","Temperate South America"
4182,"QAISP-F","Córrego Rico, na captação de Jaboticabal (SAAEJ).","Brazil",-21.31,-48.323,"Cerrado","Southeastern Brazil","Temperate South America"
4183,"QAISP-F","Reservatório Cachoeira de Cima, a montante da barragem da AES - Usina Elétrica de Mogi Guaçú","Brazil",-22.378,-46.9,"Cerrado","Southeastern Brazil","Temperate South America"
4184,"QAISP-F","Res. Itupararanga, no meio do corpo central, lado esquerdo da Praia do Escritório, em frente a uma ilha.","Brazil",-23.607,-47.296,"Serra do Mar coastal forests","Southeastern Brazil","Temperate South America"
4185,"QAISP-F","Ribeirão Pirapitingui, ao lado da  captação Aguas de Itu, junto a  barragem do condomínio Terras de São José.","Brazil",-23.292,-47.278,"Alto Paraná Atlantic forests","Southeastern Brazil","Temperate South America"
4186,"QAISP-F","Rio Sorocamirim, na Ponte na estrada do Cangüera, na captação da SABESP de São Roque","Brazil",-23.626,-47.189,"Serra do Mar coastal forests","Southeastern Brazil","Temperate South America"
4187,"QAISP-F","Rio Ribeira, na ponte na Rod. Empei Hiraide, ao lado da captação da SABESP de Sete Barras, junto do Posto Flu 4F-015.","Brazil",-24.393,-47.928,"Serra do Mar coastal forests","Southeastern Brazil","Temperate South America"
4188,"QAISP-F","Córrego Água Branca, na Ponte na Rod. Mun. Airton Sena, a jusante da ETE de Itirapina.","Brazil",-22.231,-47.853,"Cerrado","Southeastern Brazil","Temperate South America"
4189,"QAISP-F","Rio São Miguel Arcanjo, na ponte na estrada SP-250, que liga S.Miguel Arcanjo à Capão Bonito, à jusante da ETE SABESP, na altura da faz. Pinhalzinho","Brazil",-23.888,-48.026,"Alto Paraná Atlantic forests","Southeastern Brazil","Temperate South America"
4190,"QAISP-F","Res. do Córrego Marinheirinho, no pier da captação do SAEV de Votuporanga.","Brazil",-20.405,-49.957,"Cerrado",NA,NA
4191,"QAISP-F","Res. do Rio Preto, na captação da ETA de São José do Rio Preto.","Brazil",-20.809,-49.376,"Alto Paraná Atlantic forests",NA,NA
4192,"QAISP-F","Braço do Ribeirão da Fartura, No corpo central, em frente a Prainha de Ubarana.","Brazil",-21.192,-49.688,"Cerrado",NA,NA
4193,"QAISP-F","Braço do Rio Barra Mansa, Ponte na SP-304, na divisa do município Mendonça e Sales
municipal de Mendonça /
Sales.","Brazil",-21.232,-49.529,"Cerrado",NA,NA
4194,"QAISP-F","Braço do Rib.Santa Bárbara,No píer do Náutico Clube Buritama.","Brazil",-21.078,-50.111,"Alto Paraná Atlantic forests",NA,NA
4195,"QAISP-F","Córrego do Esgotão, na ponte na SP-381, na entrada de Sabino.","Brazil",-21.462,-49.584,"Alto Paraná Atlantic forests",NA,NA
4196,"QAISP-F","Res. Promissão, na ponte na rodovia SP-333, no trecho que liga Pongaí a Borborema.","Brazil",-21.64,-49.285,"Alto Paraná Atlantic forests",NA,NA
4197,"QAISP-F","Res. Promissão, a montante da barragem de Promissão, próximo do vertedouro.","Brazil",-21.297,-49.783,"Cerrado",NA,NA
4198,"QAISP-F","Braço do Rio São José dos Dourados, na ponte na Rodovia dos Barrageiros entre os municípios de Ilha Solteira/Três Fronteiras.","Brazil",-20.433,-51.258,"Alto Paraná Atlantic forests",NA,NA
4199,"QAISP-F","Res. Cascata, no Manancial de captação  de Marília, no  Bairro Maria Isabel.","Brazil",-22.213,-49.923,"Alto Paraná Atlantic forests",NA,NA
4200,"QAISP-F","Res. do Rio Arrependido, na captação de Marília.","Brazil",-22.319,-50.023,"Alto Paraná Atlantic forests","Southeastern Brazil","Temperate South America"
4201,"QAISP-F-M","Res. Jaguari, próximo da ponte da rod. SP056 que liga Santa Isabel a Igaratá","Brazil",-23.29,-46.234,"Serra do Mar coastal forests","Southeastern Brazil","Temperate South America"
4202,"QAISP-F-M","Rio Atibaia, na captação da Campinas, na divisa entre os municípios de Campinas e Valinhos","Brazil",-22.904,-46.974,"Serra do Mar coastal forests","Southeastern Brazil","Temperate South America"
4203,"QAISP-F-M","Res. Salto Grande, no corpo central do reservatório, em frente à praia Azul","Brazil",-22.725,-47.23,"Cerrado","Southeastern Brazil","Temperate South America"
4204,"QAISP-F-M","Rio Atibainha, proximo da Ponte sobre o Rio Atibainha na estrada que liga a Rod. D. Pedro a Piracaia","Brazil",-23.113,-46.479,"Serra do Mar coastal forests","Southeastern Brazil","Temperate South America"
4205,"QAISP-F-M","Res. Cachoeira, no meio do corpo central, cerca de 3,5 km da barragem","Brazil",-23.034,-46.29,"Serra do Mar coastal forests","Southeastern Brazil","Temperate South America"
4206,"QAISP-F-M","Rio Piracicaba, na margem esquerda, 2,5 Km a jusante da foz do Rib. Piracicamirim, na captação de Piracicaba.","Brazil",-22.712,-47.649,"Alto Paraná Atlantic forests","Southeastern Brazil","Temperate South America"
4207,"QAISP-F-M","Res. Taiaçupeba, No corpo central do reservatório, a 1 Km da barragem","Brazil",-23.578,-46.284,"Serra do Mar coastal forests","Southeastern Brazil","Temperate South America"
4208,"QAISP-F-M","Res. Rio Grande, 1 Km depois da desembocadura do Rio Grande ou Jurubatuba","Brazil",-23.742,-46.416,"Serra do Mar coastal forests","Southeastern Brazil","Temperate South America"
4209,"QAISP-F-M","Res. Rio Grande, no Clube Prainha Tahiti Camping Náutica, na altura do Km 42 da rodovia SP-31.","Brazil",-23.74,-46.446,"Serra do Mar coastal forests","Southeastern Brazil","Temperate South America"
4210,"QAISP-F-M","Res. Rio Grande, no corpo central do reservatório, a 2 Km da barragem, em frente ao clube Banespa","Brazil",-23.769,-46.525,"Serra do Mar coastal forests","Southeastern Brazil","Temperate South America"
4211,"QAISP-F-M","Res. Billings, no braço do rio Pequeno, a aproximadamente 2 km à montante da Rodovia Caminhos do Mar","Brazil",-23.791,-46.471,"Serra do Mar coastal forests","Southeastern Brazil","Temperate South America"
4212,"QAISP-F-M","Res. das Graças, cerca de 50 m da captação do Alto Cotia","Brazil",-23.653,-46.968,"Serra do Mar coastal forests","Southeastern Brazil","Temperate South America"
4213,"QAISP-F-M","Res. Cabuçú, no meio do lago, cerca de 1,5 da barragem","Brazil",-23.394,-46.529,"Serra do Mar coastal forests","Southeastern Brazil","Temperate South America"
4214,"QAISP-F-M","Res. Itupararanga, no corpo central do reservatório, a 2 Km da barragem","Brazil",-23.632,-47.382,"Serra do Mar coastal forests","Southeastern Brazil","Temperate South America"
4215,"QAISP-F-M","Res. França, no corpo central, em frente ao braço do rib. das Laranjeiras","Brazil",-23.933,-47.157,"Serra do Mar coastal forests","Southeastern Brazil","Temperate South America"
4216,"QAISP-F-M","Res. Broa, no corpo central, cerca de 1 km da Barragem","Brazil",-22.177,-47.899,"Cerrado","Southeastern Brazil","Temperate South America"
4217,"QAISP-F-M","Res. Três Irmãos, Ponte na rodovia SP-463 , no trecho que liga Araçatuba a Jales, a 1 km da captação de Araçatuba.","Brazil",-21.049,-50.456,"Alto Paraná Atlantic forests",NA,NA
4218,"QAISP-F-M","Rib. Marrecas, próximo da ponte na entrada da cidade na Rodovia Comandante João Ribeiro de Barros","Brazil",-21.35,-51.852,"Cerrado",NA,NA
4219,"QAISP-F-M","Rio Paraná, Na barragem do reservatório do Porto Primavera.","Brazil",-22.479,-52.939,"Alto Paraná Atlantic forests",NA,NA
4220,"QAISP-M","Rio Sapucaí-guaçú, próximo da ponte do bairro de Descansópolis","Brazil",-22.699,-45.526,"Serra do Mar coastal forests","Southeastern Brazil","Temperate South America"
4221,"QAISP-M","Rio Sapucaí-guaçú, ponte na estrada de acesso ao Borboletário, a jusante da ETE de Campos do Jordão","Brazil",-22.694,-45.505,"Serra do Mar coastal forests","Southeastern Brazil","Temperate South America"
4222,"QAISP-M","Rio Piracuama, no Balneário de Piracuama","Brazil",-22.875,-45.582,"Alto Paraná Atlantic forests","Southeastern Brazil","Temperate South America"
4223,"QAISP-M","Rio Jacuí, ponte na SP 171 - Rod. Paulo Virgílio, cerca de 6 km antes de Cunha","Brazil",-23.041,-45.013,"Serra do Mar coastal forests","Southeastern Brazil","Temperate South America"
4224,"QAISP-M","Res. Paraibuna, na junção dos braços do rio Paraibuna e dos rios da serra","Brazil",-23.418,-45.571,"Serra do Mar coastal forests","Southeastern Brazil","Temperate South America"
4225,"QAISP-M","Res. Santa Branca, a aproximadamente 1,3 Km da barragem","Brazil",-23.371,-45.86,"Serra do Mar coastal forests","Southeastern Brazil","Temperate South America"
4226,"QAISP-M","Res. Jaguari, No meio do corpo central, no trecho próximo das  Chácaras Eldorado. Próximo a Av. Terezinha de Lima Bueno","Brazil",-23.288,-46.219,"Alto Paraná Atlantic forests","Southeastern Brazil","Temperate South America"
4227,"QAISP-M","Rio Paraíba do Sul, na futura régua do DAEE, a montante da rua do Porto, no bairro do Menino Jesus","Brazil",-23.083,-45.719,"Alto Paraná Atlantic forests","Southeastern Brazil","Temperate South America"
4228,"QAISP-M","Rio Paraíba do Sul, a cerca de 2 km a jusante da BASF, antes do antigo Porto de areia Luciano","Brazil",-22.746,-45.147,"Alto Paraná Atlantic forests","Southeastern Brazil","Temperate South America"
4229,"QAISP-M","Rio Paraíba do Sul, no ponto 140 do monitoramento regional, altura do Km 4 da BR-116","Brazil",-22.522,-44.706,"Alto Paraná Atlantic forests","Southeastern Brazil","Temperate South America"
4230,"QAISP-M","Rio Claro, a jusante da captação da SABESP","Brazil",-23.697,-45.483,"Serra do Mar coastal forests","Southeastern Brazil","Temperate South America"
4231,"QAISP-M","Rio Pirassununga, a 500m de sua foz com o rio Claro","Brazil",-23.687,-45.455,"Serra do Mar coastal forests","Southeastern Brazil","Temperate South America"
4232,"QAISP-M","Rio Juqueriquerê, a montante da ETE da SABESP","Brazil",-23.688,-45.424,"Serra do Mar coastal forests","Southeastern Brazil","Temperate South America"
4233,"QAISP-M","Res. Euclides da Cunha, a cerca de 2 km da Barragem","Brazil",-21.602,-46.944,"Cerrado","Southeastern Brazil","Temperate South America"
4234,"QAISP-M","Rio Pardo, próximo a ponte da Rod. SP 340, no trecho que liga Casa Branca a Mococa, a jusante da PCH Limoeiro","Brazil",-21.623,-47.043,"Cerrado","Southeastern Brazil","Temperate South America"
4235,"QAISP-M","Rio Pardo, 2 km a montante da ponte da rodovia que liga Pontal à Cândia","Brazil",-20.978,-48.016,"Cerrado",NA,NA
4236,"QAISP-M","Res. Graminha, a aproximadamente 2km da barragem","Brazil",-21.585,-46.618,"Alto Paraná Atlantic forests","Southeastern Brazil","Temperate South America"
4237,"QAISP-M","Rio Atibaia, a jusante do lançamento da Societal S/A (antiga Shell)","Brazil",-22.753,-47.155,"Cerrado","Southeastern Brazil","Temperate South America"
4238,"QAISP-M","Rio Camanducaia, 600 m a montante da PCH Freixos","Brazil",-22.703,-46.848,"Serra do Mar coastal forests","Southeastern Brazil","Temperate South America"
4239,"QAISP-M","Rio Corumbataí, na fazenda São José, no bairro da Assistência","Brazil",-22.495,-47.602,"Alto Paraná Atlantic forests","Southeastern Brazil","Temperate South America"
4240,"QAISP-M","Rio Jaguari, na foz do rio Jaguari","Brazil",-22.692,-47.281,"Cerrado","Southeastern Brazil","Temperate South America"
4241,"QAISP-M","Rio Jundiaí Mirim, próximo a ponte na Estrada Jundiaí/Jarinu, em frente ao Condomínio Campo Verde","Brazil",-23.146,-46.806,"Serra do Mar coastal forests","Southeastern Brazil","Temperate South America"
4242,"QAISP-M","Rio Jundiaí, próximo da  ETA III do SAEE de Indaiatuba","Brazil",-23.14,-47.22,"Alto Paraná Atlantic forests","Southeastern Brazil","Temperate South America"
4243,"QAISP-M","Rio Jundiaí, na área urbana de Salto, a montante da estação do KFw, próximo à foz com o Rio Tietê","Brazil",-23.209,-47.288,"Alto Paraná Atlantic forests","Southeastern Brazil","Temperate South America"
4244,"QAISP-M","Rib. Claro, próximo a ponte sobre o rio, no Horto Florestal Navarro de Andrade","Brazil",-22.412,-47.544,"Alto Paraná Atlantic forests","Southeastern Brazil","Temperate South America"
4245,"QAISP-M","Rio Quilombo, na Foz do Rio Quilombo, logo abaixo da ETE de Americana","Brazil",-22.714,-47.334,"Cerrado","Southeastern Brazil","Temperate South America"
4246,"QAISP-M","Rio Piracicaba, 1 Km a jusante do ribeirão Quilombo e a montante do ribeirão Tatu","Brazil",-22.709,-47.34,"Cerrado","Southeastern Brazil","Temperate South America"
4247,"QAISP-M","Rio Piracicaba, 300 m a jusante do ribeirão Tatu","Brazil",-22.682,-47.369,"Cerrado","Southeastern Brazil","Temperate South America"
4248,"QAISP-M","Res. Ponte Nova, no corpo central do reservatório, a 2 Km da barragem","Brazil",-23.581,-45.962,"Serra do Mar coastal forests","Southeastern Brazil","Temperate South America"
4249,"QAISP-M","Rio Claro, a jusante da captação da SABESP","Brazil",-23.634,-45.942,"Serra do Mar coastal forests","Southeastern Brazil","Temperate South America"
4250,"QAISP-M","Rio Tietê, na captação de Biritiba Mirim","Brazil",-23.565,-46.016,"Serra do Mar coastal forests","Southeastern Brazil","Temperate South America"
4251,"QAISP-M","Res. Jundiaí, no corpo central do reservatório, a aproximadamente 2,5 Km da barragem","Brazil",-23.634,-46.175,"Serra do Mar coastal forests","Southeastern Brazil","Temperate South America"
4252,"QAISP-M","Rio Grande, no bairro Vila Conde, final da rua das Margaridas, á jus. Solvay","Brazil",-23.744,-46.387,"Serra do Mar coastal forests","Southeastern Brazil","Temperate South America"
4253,"QAISP-M","Rio Grande, próximo à ponte da avenida Santo André (SP-122), na estrada de Rio Grande da Serra","Brazil",-23.746,-46.404,"Serra do Mar coastal forests","Southeastern Brazil","Temperate South America"
4254,"QAISP-M","Res. Rio Grande, na foz do rib. Pires","Brazil",-23.721,-46.437,"Serra do Mar coastal forests","Southeastern Brazil","Temperate South America"
4255,"QAISP-M","Res. Rio Grande, entre a foz do ribeirão Pires e o pier do Parque Municipal Milton Marinho","Brazil",-23.724,-46.44,"Serra do Mar coastal forests","Southeastern Brazil","Temperate South America"
4256,"QAISP-M","Res. Rio Grande, a 1500 m do clube Tahiti, à jusante do ribeirão Pires","Brazil",-23.741,-46.464,"Serra do Mar coastal forests","Southeastern Brazil","Temperate South America"
4257,"QAISP-M","Res. Rio Grande, no corpo central, próximo ao linhão da Eletropaulo","Brazil",-23.754,-46.469,"Serra do Mar coastal forests","Southeastern Brazil","Temperate South America"
4258,"QAISP-M","Rio Pinheiros, a montante da ponte da linha de trem e à jusante da Usina Elevatória de Pedreira","Brazil",-23.701,-46.684,"Serra do Mar coastal forests","Southeastern Brazil","Temperate South America"
4259,"QAISP-M","Res. Águas Claras, na Serra da Cantareira. A cerca de 50m da barragem","Brazil",-23.398,-46.658,"Serra do Mar coastal forests","Southeastern Brazil","Temperate South America"
4260,"QAISP-M","Rib. Cristais, na captação de Cajamar","Brazil",-23.332,-46.825,"Serra do Mar coastal forests","Southeastern Brazil","Temperate South America"
4261,"QAISP-M","Lago 1, junto à portaria I do Parque Estadual do Jaraguá","Brazil",-23.459,-46.756,"Serra do Mar coastal forests","Southeastern Brazil","Temperate South America"
4262,"QAISP-M","Lago 2, junto à portaria II do Parque Estadual do Jaraguá","Brazil",-23.463,-46.755,"Serra do Mar coastal forests","Southeastern Brazil","Temperate South America"
4263,"QAISP-M","Rio Itapanhaú, na captação da SABESP de Bertioga-Estação de Tratamento de Água Itapanhaú  e captação da Riviera de São Lourenzo","Brazil",-23.777,-46.053,"Serra do Mar coastal forests","Southeastern Brazil","Temperate South America"
4264,"QAISP-M","Rio Branco, cerca de 1 km à jusante do Parque das Bandeiras, próximo à ponte da estrada de terra","Brazil",-23.985,-46.509,"Serra do Mar coastal forests","Southeastern Brazil","Temperate South America"
4265,"QAISP-M","Rio Moji, a montante da barragem da Fosfértil","Brazil",-23.836,-46.371,"Serra do Mar coastal forests","Southeastern Brazil","Temperate South America"
4266,"QAISP-M","Rio Sapucaí, 300 m a montante do canal da PCH Dourados","Brazil",-20.642,-47.673,"Cerrado",NA,NA
4267,"QAISP-M","Rio Sapucaí, na fazenda Córrego do Rico, na altura da ponte da SP-425 que liga Guaíra a  Miguelópolis","Brazil",-20.217,-48.206,"Cerrado",NA,NA
4268,"QAISP-M","Rio Sapucaí, 3,5 Km a jusante da ponte da SP-425 que liga Guaíra a  Miguelópolis","Brazil",-20.214,-48.228,"Cerrado",NA,NA
4269,"QAISP-M","Rio Peixe, ponte na Foz do rio do Peixe, na Estr. de Piraporinha x Estrada Luiz Cavinague","Brazil",-22.398,-46.847,"Cerrado","Southeastern Brazil","Temperate South America"
4270,"QAISP-M","Res. Cachoeira de Cima, cerca de 1,5 km a montante da barragem, no meio do reservatório","Brazil",-22.379,-46.895,"Cerrado","Southeastern Brazil","Temperate South America"
4271,"QAISP-M","Rio Mogi Mirim, na sua foz, próximo a confluência com o Rio Mogi-guaçu","Brazil",-22.363,-46.999,"Cerrado","Southeastern Brazil","Temperate South America"
4272,"QAISP-M","Rio Mogi Guaçú, em frente a foz do Rib. dos Porcos","Brazil",-22.297,-46.791,"Cerrado","Southeastern Brazil","Temperate South America"
4273,"QAISP-M","Rio Mogi Guaçú, a jusante do lançamento da International Paper (antiga Champion)","Brazil",-22.346,-47.007,"Cerrado","Southeastern Brazil","Temperate South America"
4274,"QAISP-M","Rio Mogi Guaçú, 1 Km a montante da barragem de Cachoeira das Emas","Brazil",-21.924,-47.359,"Alto Paraná Atlantic forests","Southeastern Brazil","Temperate South America"
4275,"QAISP-M","Cór. Rico, ponte de madeira na estrada de terra a jusante da ETE córrego do Rico","Brazil",-21.312,-48.449,"Cerrado",NA,NA
4276,"QAISP-M","Rib. das Onças, em frente a rampa da industria Santa Cruz, na divisa entre Barrinha e Dumont","Brazil",-21.282,-48.018,"Cerrado","Southeastern Brazil","Temperate South America"
4277,"QAISP-M","Res. Itupararanga, no corpo central do reservatório, a 1 Km da barragem, em frenta a prainha da ACM","Brazil",-23.619,-47.389,"Serra do Mar coastal forests","Southeastern Brazil","Temperate South America"
4278,"QAISP-M","Rio Sorocaba, na captação de Cerquilho","Brazil",-23.159,-47.795,"Alto Paraná Atlantic forests","Southeastern Brazil","Temperate South America"
4279,"QAISP-M","Res. Barra Bonita, no corpo central do reservatório, a jusante da confluência dos rios Tietê e Piracicaba","Brazil",-22.604,-48.359,"Cerrado","Southeastern Brazil","Temperate South America"
4280,"QAISP-M","Res. Barra Bonita, no corpo central do reservatório, a 300 m da barragem","Brazil",-22.525,-48.533,"Alto Paraná Atlantic forests","Southeastern Brazil","Temperate South America"
4281,"QAISP-M","Rio Juquiá, em frente a ponte do sítio de rafting CANOAR, na estrada dos Carmos","Brazil",-23.939,-47.104,"Serra do Mar coastal forests","Southeastern Brazil","Temperate South America"
4282,"QAISP-M","Res. França, 1Km após entrada no res. do França","Brazil",-23.932,-47.131,"Serra do Mar coastal forests","Southeastern Brazil","Temperate South America"
4283,"QAISP-M","Rio Betari, ponte na estrada para o bairro da Serra","Brazil",-24.604,-48.611,"Serra do Mar coastal forests","Southeastern Brazil","Temperate South America"
4284,"QAISP-M","Rib. Jacupiranguinha, 800m a jusante da Bunge Fertilizantes","Brazil",-24.716,-48.082,"Serra do Mar coastal forests","Southeastern Brazil","Temperate South America"
4285,"QAISP-M","Rio Ribeira, a jusante do ribeirão Iporanga","Brazil",-24.583,-48.587,"Serra do Mar coastal forests","Southeastern Brazil","Temperate South America"
4286,"QAISP-M","Rio Ribeira, próximo da balsa para o Bairro de Pilões, em Poço Grande","Brazil",-24.546,-48.499,"Serra do Mar coastal forests","Southeastern Brazil","Temperate South America"
4287,"QAISP-M","Rio Ribeira, no bairro dos Meninos, próximo a segunda balsa em Itapeúna","Brazil",-24.596,-48.222,"Serra do Mar coastal forests","Southeastern Brazil","Temperate South America"
4288,"QAISP-M","Rio Ribeira, a montante da barragem do Valo Grande","Brazil",-24.686,-47.565,"Southern Atlantic mangroves","Southeastern Brazil","Temperate South America"
4289,"QAISP-M","Rio Pardo, em frente ao rancho de pesca da fazenda Pindorama","Brazil",-20.479,-48.435,"Cerrado",NA,NA
4290,"QAISP-M","Rio Jacaré-guaçú, na foz do rio, a jusante do córrego São Joaquim","Brazil",-21.822,-48.825,"Cerrado","Southeastern Brazil","Temperate South America"
4291,"QAISP-M","Rio Lençóis, a 1 km da foz com o Tietê","Brazil",-22.504,-48.626,"Alto Paraná Atlantic forests","Southeastern Brazil","Temperate South America"
4292,"QAISP-M","Res. Bariri, no corpo central do reservatório, a cerca de 4 Km da barragem","Brazil",-22.171,-48.729,"Alto Paraná Atlantic forests","Southeastern Brazil","Temperate South America"
4293,"QAISP-M","Res. Bariri, braço do rio Jau, embaixo do linhão, próximo a ponte da Marambaia","Brazil",-22.191,-48.687,"Alto Paraná Atlantic forests","Southeastern Brazil","Temperate South America"
4294,"QAISP-M","Res. Ibitinga, no corpo central, a cerca de 2 km da barragem de Ibitinga","Brazil",-21.76,-48.971,"Cerrado","Southeastern Brazil","Temperate South America"
4295,"QAISP-M","Rib. Guareí, faz. Ilha do Gavião, bairro do Aterradinho, Km 229 da Raposo Tavares","Brazil",-23.469,-48.613,"Cerrado","Southeastern Brazil","Temperate South America"
4296,"QAISP-M","Rio Itapetininga, 700 m a jusante do Rib. Ponte Alta","Brazil",-23.613,-48.133,"Cerrado","Southeastern Brazil","Temperate South America"
4297,"QAISP-M","Res. Jurumirim, no corpo central, a jusante da ponte da rod. João Mellão","Brazil",-23.274,-49.068,"Cerrado","Southeastern Brazil","Temperate South America"
4298,"QAISP-M","Rio Itararé, 3,5 Km a montante de Salto do Itararé, Paraná","Brazil",-23.639,-49.616,"Alto Paraná Atlantic forests","Southeastern Brazil","Temperate South America"
4299,"QAISP-M","Res. Chavantes, cerca de 6 km da barragem, em frente a ilha","Brazil",-23.163,-49.691,"Alto Paraná Atlantic forests","Southeastern Brazil","Temperate South America"
4300,"QAISP-M","Rio Preto, a montante da ponte da estrada que liga o distrito de Ibiporanga (Tanabi) à Palestina, na Fazenda Boa Sorte","Brazil",-20.443,-49.543,"Cerrado",NA,NA
4301,"QAISP-M","Rib. São Domingos, 100 m a montante da ponte da estrada que liga Uchoa à Tabapuã","Brazil",-20.935,-49.107,"Alto Paraná Atlantic forests",NA,NA
4302,"QAISP-M","Rib. São Domingos, na foz do ribeirão, a 100 m do rio Turvo","Brazil",-20.812,-49.078,"Alto Paraná Atlantic forests",NA,NA
4303,"QAISP-M","Res. Água Vermelha, braço do córrego do Tomazinho, em frenta a caixa de areia da ETE","Brazil",-20.062,-49.919,"Alto Paraná Atlantic forests",NA,NA
4304,"QAISP-M","Rio Batalha, na área de lazer da Aldeia Kopenoty,  limite norte da Terra Indigena, na divisa com a  Fazenda Phenix","Brazil",-22.24,-49.334,"Cerrado","Southeastern Brazil","Temperate South America"
4305,"QAISP-M","Res. Promissão, corpo central, cerca de 2 Km da barragem","Brazil",-21.314,-49.764,"Cerrado",NA,NA
4306,"QAISP-M","Rio Pardo, na foz do Rio Pardo, 300 m a montante da ponte ferroviária","Brazil",-22.911,-49.957,"Alto Paraná Atlantic forests","Southeastern Brazil","Temperate South America"
4307,"QAISP-M","Res. Salto Grande, no corpo central do reservatório, a 1 Km da barragem","Brazil",-22.909,-49.972,"Alto Paraná Atlantic forests","Southeastern Brazil","Temperate South America"
4308,"QAISP-M","Rio São José dos Dourados, próximo à ponte da estrada de terra de Duas Pontes, a jusante da ETE de Monte Aprazível","Brazil",-20.717,-49.767,"Alto Paraná Atlantic forests",NA,NA
4309,"QAISP-M","Res. Ilha Solteira, 4 km à montante da barragem de Ilha Solteira","Brazil",-20.346,-51.342,"Alto Paraná Atlantic forests",NA,NA
4310,"QAISP-M","Res. Jupiá, a cerca de 2 Km da barragem","Brazil",-20.749,-51.613,"Alto Paraná Atlantic forests",NA,NA
4311,"QAISP-M","Rio Tibiriçá, próximo à ponte do distrito de Rosalia","Brazil",-21.945,-49.953,"Alto Paraná Atlantic forests",NA,NA
4312,"QAISP-M","Rio Aguapeí, a aproximadamente 150m a montante da ponte na rod. BR-153, que liga Lins a Getulina","Brazil",-21.745,-49.858,"Alto Paraná Atlantic forests",NA,NA
4313,"QAISP-M","Rio Peixe, próximo à ponte da rodovia que liga Marília à Assis, no distrito de Amadeu Amaral","Brazil",-22.303,-50.048,"Alto Paraná Atlantic forests",NA,NA
4314,"QAISP-M","Rep. Laranja Doce, no meio do corpo central","Brazil",-22.242,-51.155,"Cerrado",NA,NA
4315,"QAISP-M","Rio Santo Anastácio, a jusante da ponte da estrada vicinal Estrada Vicinal KM 8,5 Pres. Epitacio X Planalto do Sul, proximo a pousada Cururu","Brazil",-21.847,-52.165,"Cerrado",NA,NA
4316,"QAISP-M","Rib. Caiuá, próximo da ponte na vicinal SPV-71, perto da Delegacia fluvial de Pres. Epitácio","Brazil",-21.761,-52.097,"Cerrado",NA,NA
4317,"QAISP-M","Res. Capivara, a 5 km da barragem, entre os mun. de Taciba (SP) e de Porecatu (PR).","Brazil",-22.666,-51.311,"Alto Paraná Atlantic forests",NA,NA
4318,"QAISP-M","Rio Paraná, a jusante da usina de Porto Primavera","Brazil",-22.503,-52.979,"Alto Paraná Atlantic forests",NA,NA
4319,"RAINFOR","Parque Nacional Serra da Mocidade","Brazil",1.39391,-61.66989,"Guianan piedmont and lowland moist forests",NA,NA
4320,"RAINFOR","Parque Nacional Serra da Mocidade","Brazil",1.38878,-61.66719,"Guianan piedmont and lowland moist forests",NA,NA
4321,"RAINFOR","Parque Nacional Serra da Mocidade","Brazil",1.38666,-61.66324,"Guianan piedmont and lowland moist forests",NA,NA
4322,"RAINFOR","Projeto de Assentamento Nova Amazônia I - Ilhas de Mata","Brazil",3.09899,-60.82564,"Guianan savanna",NA,NA
4323,"RAINFOR","Projeto de Assentamento Nova Amazônia I - Ilhas de Mata","Brazil",3.13122,-60.85214,"Guianan savanna",NA,NA
4324,"RAINFOR","Projeto de Assentamento Nova Amazônia I - Ilhas de Mata","Brazil",3.11532,-60.87038,"Guianan savanna",NA,NA
4325,"RAINFOR","Projeto de Assentamento Nova Amazônia I - Ilhas de Mata","Brazil",3.09381,-60.92709,"Guianan savanna",NA,NA
4326,"RAINFOR","Projeto de Assentamento Nova Amazônia I - Ilhas de Mata","Brazil",3.12095,-60.83312,"Guianan savanna",NA,NA
4327,"RAINFOR","Projeto de Assentamento Nova Amazônia I - Ilhas de Mata","Brazil",3.13743,-60.84397,"Guianan savanna",NA,NA
4328,"RAINFOR","Projeto de Assentamento Nova Amazônia I - Ilhas de Mata","Brazil",3.03728,-60.8646,"Guianan savanna",NA,NA
4329,"RAINFOR","Projeto de Assentamento Nova Amazônia I - Ilhas de Mata","Brazil",3.10932,-60.90854,"Guianan savanna",NA,NA
4330,"RAINFOR","Projeto de Assentamento Nova Amazônia I - Ilhas de Mata","Brazil",3.10992,-60.82733,"Guianan savanna",NA,NA
4331,"RAINFOR","Projeto de Assentamento Nova Amazônia I - Ilhas de Mata","Brazil",3.12976,-60.8486,"Guianan savanna",NA,NA
4332,"RAINFOR","Projeto de Assentamento Nova Amazônia I - Ilhas de Mata","Brazil",3.0163,-60.88488,"Guianan savanna",NA,NA
4333,"RAINFOR","Projeto de Assentamento Nova Amazônia I - Ilhas de Mata","Brazil",3.10094,-60.9169,"Guianan savanna",NA,NA
4334,"RAINFOR","Estação Ecológica de Maracá","Brazil",3.40501,-61.44942,"Guianan savanna",NA,NA
4335,"RAINFOR","Estação Ecológica de Maracá","Brazil",3.40501,-61.45122,"Guianan savanna",NA,NA
4336,"RAINFOR","Estação Ecológica de Maracá","Brazil",3.40502,-61.45302,"Guianan savanna",NA,NA
4337,"RAINFOR","Estação Ecológica de Maracá","Brazil",3.40501,-61.45482,"Guianan savanna",NA,NA
4338,"RAINFOR","Estação Ecológica de Maracá","Brazil",3.40502,-61.46022,"Guianan savanna",NA,NA
4339,"RAINFOR","Estação Ecológica de Maracá","Brazil",3.40502,-61.46202,"Guianan savanna",NA,NA
4340,"RAINFOR","Estação Ecológica de Maracá","Brazil",3.40502,-61.46382,"Guianan savanna",NA,NA
4341,"RAINFOR","Estação Ecológica de Maracá","Brazil",3.40503,-61.46562,"Guianan savanna",NA,NA
4342,"RAINFOR","Estação Ecológica de Maracá","Brazil",3.40504,-61.46922,"Guianan savanna",NA,NA
4343,"RAINFOR","Estação Ecológica de Maracá","Brazil",3.40504,-61.47102,"Guianan savanna",NA,NA
4344,"RAINFOR","Estação Ecológica de Maracá","Brazil",3.40504,-61.47327,"Guianan savanna",NA,NA
4345,"RAINFOR","Estação Ecológica de Maracá","Brazil",3.40503,-61.47507,"Guianan savanna",NA,NA
4346,"RAINFOR","Estação Ecológica de Maracá","Brazil",3.40505,-61.47687,"Guianan savanna",NA,NA
4347,"RAINFOR","Estação Ecológica de Maracá","Brazil",3.40505,-61.47867,"Guianan savanna",NA,NA
4348,"RAINFOR","Estação Ecológica de Maracá","Brazil",3.40505,-61.48047,"Guianan savanna",NA,NA
4349,"RAINFOR","Estação Ecológica de Maracá","Brazil",3.40506,-61.48227,"Guianan savanna",NA,NA
4350,"RAINFOR","Estação Ecológica de Maracá","Brazil",3.40506,-61.48407,"Guianan savanna",NA,NA
4351,"RAINFOR","Estação Ecológica de Maracá","Brazil",3.40506,-61.48586,"Guianan savanna",NA,NA
4352,"RAINFOR","Estação Ecológica de Maracá","Brazil",3.39596,-61.45033,"Guianan savanna",NA,NA
4353,"RAINFOR","Estação Ecológica de Maracá","Brazil",3.39597,-61.45213,"Guianan savanna",NA,NA
4354,"RAINFOR","Estação Ecológica de Maracá","Brazil",3.39597,-61.45393,"Guianan savanna",NA,NA
4355,"RAINFOR","Estação Ecológica de Maracá","Brazil",3.39598,-61.45573,"Guianan savanna",NA,NA
4356,"RAINFOR","Estação Ecológica de Maracá","Brazil",3.39598,-61.45753,"Guianan savanna",NA,NA
4357,"RAINFOR","Estação Ecológica de Maracá","Brazil",3.39597,-61.45934,"Guianan savanna",NA,NA
4358,"RAINFOR","Estação Ecológica de Maracá","Brazil",3.39599,-61.46158,"Guianan savanna",NA,NA
4359,"RAINFOR","Estação Ecológica de Maracá","Brazil",3.39599,-61.46338,"Guianan savanna",NA,NA
4360,"RAINFOR","Estação Ecológica de Maracá","Brazil",3.39599,-61.46563,"Guianan savanna",NA,NA
4361,"RAINFOR","Estação Ecológica de Maracá","Brazil",3.39599,-61.46743,"Guianan savanna",NA,NA
4362,"RAINFOR","Estação Ecológica de Maracá","Brazil",3.396,-61.46968,"Guianan savanna",NA,NA
4363,"RAINFOR","Estação Ecológica de Maracá","Brazil",3.396,-61.47283,"Guianan savanna",NA,NA
4364,"RAINFOR","Estação Ecológica de Maracá","Brazil",3.39601,-61.47463,"Guianan savanna",NA,NA
4365,"RAINFOR","Estação Ecológica de Maracá","Brazil",3.39601,-61.47643,"Guianan savanna",NA,NA
4366,"RAINFOR","Estação Ecológica de Maracá","Brazil",3.39601,-61.47823,"Guianan savanna",NA,NA
4367,"RAINFOR","Estação Ecológica de Maracá","Brazil",3.39601,-61.48003,"Guianan savanna",NA,NA
4368,"RAINFOR","Estação Ecológica de Maracá","Brazil",3.39601,-61.48183,"Guianan savanna",NA,NA
4369,"RAINFOR","Estação Ecológica de Maracá","Brazil",3.39602,-61.48363,"Guianan savanna",NA,NA
4370,"RAINFOR","Estação Ecológica de Maracá","Brazil",3.39602,-61.48543,"Guianan savanna",NA,NA
4371,"RAINFOR","Estação Ecológica de Maracá","Brazil",3.38692,-61.45035,"Guianan savanna",NA,NA
4372,"RAINFOR","Estação Ecológica de Maracá","Brazil",3.38692,-61.45215,"Guianan savanna",NA,NA
4373,"RAINFOR","Estação Ecológica de Maracá","Brazil",3.38692,-61.45395,"Guianan savanna",NA,NA
4374,"RAINFOR","Estação Ecológica de Maracá","Brazil",3.38693,-61.45575,"Guianan savanna",NA,NA
4375,"RAINFOR","Estação Ecológica de Maracá","Brazil",3.38693,-61.45754,"Guianan savanna",NA,NA
4376,"RAINFOR","Estação Ecológica de Maracá","Brazil",3.38693,-61.45935,"Guianan savanna",NA,NA
4377,"RAINFOR","Estação Ecológica de Maracá","Brazil",3.38694,-61.4616,"Guianan savanna",NA,NA
4378,"RAINFOR","Estação Ecológica de Maracá","Brazil",3.38694,-61.46339,"Guianan savanna",NA,NA
4379,"RAINFOR","Estação Ecológica de Maracá","Brazil",3.38695,-61.46519,"Guianan savanna",NA,NA
4380,"RAINFOR","Estação Ecológica de Maracá","Brazil",3.38695,-61.467,"Guianan savanna",NA,NA
4381,"RAINFOR","Estação Ecológica de Maracá","Brazil",3.38695,-61.4688,"Guianan savanna",NA,NA
4382,"RAINFOR","Estação Ecológica de Maracá","Brazil",3.38695,-61.47059,"Guianan savanna",NA,NA
4383,"RAINFOR","Estação Ecológica de Maracá","Brazil",3.38695,-61.47239,"Guianan savanna",NA,NA
4384,"RAINFOR","Estação Ecológica de Maracá","Brazil",3.38696,-61.47419,"Guianan savanna",NA,NA
4385,"RAINFOR","Estação Ecológica de Maracá","Brazil",3.38697,-61.47824,"Guianan savanna",NA,NA
4386,"RAINFOR","Estação Ecológica de Maracá","Brazil",3.38697,-61.48005,"Guianan savanna",NA,NA
4387,"RAINFOR","Estação Ecológica de Maracá","Brazil",3.38698,-61.48185,"Guianan savanna",NA,NA
4388,"RAINFOR","Estação Ecológica de Maracá","Brazil",3.38698,-61.48364,"Guianan savanna",NA,NA
4389,"RAINFOR","Estação Ecológica de Maracá","Brazil",3.38698,-61.48545,"Guianan savanna",NA,NA
4390,"RAINFOR","Estação Ecológica de Maracá","Brazil",3.37786,-61.44271,"Guianan savanna",NA,NA
4391,"RAINFOR","Estação Ecológica de Maracá","Brazil",3.37787,-61.44451,"Guianan savanna",NA,NA
4392,"RAINFOR","Estação Ecológica de Maracá","Brazil",3.37788,-61.44631,"Guianan savanna",NA,NA
4393,"RAINFOR","Estação Ecológica de Maracá","Brazil",3.37788,-61.44811,"Guianan savanna",NA,NA
4394,"RAINFOR","Estação Ecológica de Maracá","Brazil",3.37788,-61.44992,"Guianan savanna",NA,NA
4395,"RAINFOR","Estação Ecológica de Maracá","Brazil",3.37788,-61.45171,"Guianan savanna",NA,NA
4396,"RAINFOR","Estação Ecológica de Maracá","Brazil",3.37789,-61.45351,"Guianan savanna",NA,NA
4397,"RAINFOR","Estação Ecológica de Maracá","Brazil",3.37789,-61.45531,"Guianan savanna",NA,NA
4398,"RAINFOR","Estação Ecológica de Maracá","Brazil",3.37789,-61.45891,"Guianan savanna",NA,NA
4399,"RAINFOR","Estação Ecológica de Maracá","Brazil",3.3779,-61.46071,"Guianan savanna",NA,NA
4400,"RAINFOR","Estação Ecológica de Maracá","Brazil",3.37789,-61.46251,"Guianan savanna",NA,NA
4401,"RAINFOR","Estação Ecológica de Maracá","Brazil",3.3779,-61.46431,"Guianan savanna",NA,NA
4402,"RAINFOR","Estação Ecológica de Maracá","Brazil",3.3779,-61.46611,"Guianan savanna",NA,NA
4403,"RAINFOR","Estação Ecológica de Maracá","Brazil",3.37791,-61.46791,"Guianan savanna",NA,NA
4404,"RAINFOR","Estação Ecológica de Maracá","Brazil",3.37791,-61.46971,"Guianan savanna",NA,NA
4405,"RAINFOR","Estação Ecológica de Maracá","Brazil",3.37792,-61.47196,"Guianan savanna",NA,NA
4406,"RAINFOR","Estação Ecológica de Maracá","Brazil",3.37792,-61.47376,"Guianan savanna",NA,NA
4407,"RAINFOR","Estação Ecológica de Maracá","Brazil",3.37792,-61.47646,"Guianan savanna",NA,NA
4408,"RAINFOR","Estação Ecológica de Maracá","Brazil",3.37793,-61.47826,"Guianan savanna",NA,NA
4409,"RAINFOR","Estação Ecológica de Maracá","Brazil",3.37792,-61.48006,"Guianan savanna",NA,NA
4410,"RAINFOR","Estação Ecológica de Maracá","Brazil",3.37793,-61.48185,"Guianan savanna",NA,NA
4411,"RAINFOR","Estação Ecológica de Maracá","Brazil",3.37793,-61.48366,"Guianan savanna",NA,NA
4412,"RAINFOR","Estação Ecológica de Maracá","Brazil",3.37793,-61.48591,"Guianan savanna",NA,NA
4413,"RAINFOR","Estação Ecológica de Maracá","Brazil",3.36882,-61.44273,"Guianan savanna",NA,NA
4414,"RAINFOR","Estação Ecológica de Maracá","Brazil",3.36883,-61.44408,"Guianan savanna",NA,NA
4415,"RAINFOR","Estação Ecológica de Maracá","Brazil",3.36882,-61.44543,"Guianan savanna",NA,NA
4416,"RAINFOR","Estação Ecológica de Maracá","Brazil",3.36883,-61.44683,"Guianan savanna",NA,NA
4417,"RAINFOR","Estação Ecológica de Maracá","Brazil",3.36883,-61.44812,"Guianan savanna",NA,NA
4418,"RAINFOR","Estação Ecológica de Maracá","Brazil",3.36883,-61.45083,"Guianan savanna",NA,NA
4419,"RAINFOR","Estação Ecológica de Maracá","Brazil",3.36884,-61.45263,"Guianan savanna",NA,NA
4420,"RAINFOR","Estação Ecológica de Maracá","Brazil",3.36884,-61.45398,"Guianan savanna",NA,NA
4421,"RAINFOR","Estação Ecológica de Maracá","Brazil",3.36885,-61.45532,"Guianan savanna",NA,NA
4422,"RAINFOR","Estação Ecológica de Maracá","Brazil",3.36885,-61.45668,"Guianan savanna",NA,NA
4423,"RAINFOR","Estação Ecológica de Maracá","Brazil",3.36885,-61.45802,"Guianan savanna",NA,NA
4424,"RAINFOR","Estação Ecológica de Maracá","Brazil",3.36885,-61.45937,"Guianan savanna",NA,NA
4425,"RAINFOR","Estação Ecológica de Maracá","Brazil",3.36885,-61.46073,"Guianan savanna",NA,NA
4426,"RAINFOR","Estação Ecológica de Maracá","Brazil",3.36885,-61.46208,"Guianan savanna",NA,NA
4427,"RAINFOR","Estação Ecológica de Maracá","Brazil",3.36886,-61.46343,"Guianan savanna",NA,NA
4428,"RAINFOR","Estação Ecológica de Maracá","Brazil",3.36886,-61.46567,"Guianan savanna",NA,NA
4429,"RAINFOR","Estação Ecológica de Maracá","Brazil",3.36886,-61.46703,"Guianan savanna",NA,NA
4430,"RAINFOR","Estação Ecológica de Maracá","Brazil",3.36886,-61.46837,"Guianan savanna",NA,NA
4431,"RAINFOR","Estação Ecológica de Maracá","Brazil",3.36887,-61.46973,"Guianan savanna",NA,NA
4432,"RAINFOR","Estação Ecológica de Maracá","Brazil",3.36887,-61.47242,"Guianan savanna",NA,NA
4433,"RAINFOR","Estação Ecológica de Maracá","Brazil",3.36887,-61.47377,"Guianan savanna",NA,NA
4434,"RAINFOR","Estação Ecológica de Maracá","Brazil",3.36887,-61.47512,"Guianan savanna",NA,NA
4435,"RAINFOR","Estação Ecológica de Maracá","Brazil",3.36887,-61.47647,"Guianan savanna",NA,NA
4436,"RAINFOR","Estação Ecológica de Maracá","Brazil",3.36888,-61.47782,"Guianan savanna",NA,NA
4437,"RAINFOR","Estação Ecológica de Maracá","Brazil",3.36888,-61.48007,"Guianan savanna",NA,NA
4438,"RAINFOR","Estação Ecológica de Maracá","Brazil",3.36889,-61.48188,"Guianan savanna",NA,NA
4439,"RAINFOR","Estação Ecológica de Maracá","Brazil",3.36889,-61.48367,"Guianan savanna",NA,NA
4440,"RAINFOR","Estação Ecológica de Maracá","Brazil",3.36889,-61.48547,"Guianan savanna",NA,NA
4441,"RAINFOR","Estação Ecológica de Maracá","Brazil",3.36889,-61.48681,"Guianan savanna",NA,NA
4442,"RAINFOR","Estação Ecológica de Maracá","Brazil",3.35979,-61.44319,"Guianan savanna",NA,NA
4443,"RAINFOR","Estação Ecológica de Maracá","Brazil",3.35979,-61.44499,"Guianan savanna",NA,NA
4444,"RAINFOR","Estação Ecológica de Maracá","Brazil",3.35979,-61.44679,"Guianan savanna",NA,NA
4445,"RAINFOR","Estação Ecológica de Maracá","Brazil",3.35979,-61.44859,"Guianan savanna",NA,NA
4446,"RAINFOR","Estação Ecológica de Maracá","Brazil",3.3598,-61.45039,"Guianan savanna",NA,NA
4447,"RAINFOR","Estação Ecológica de Maracá","Brazil",3.3598,-61.45219,"Guianan savanna",NA,NA
4448,"RAINFOR","Estação Ecológica de Maracá","Brazil",3.3598,-61.45399,"Guianan savanna",NA,NA
4449,"RAINFOR","Estação Ecológica de Maracá","Brazil",3.35981,-61.45579,"Guianan savanna",NA,NA
4450,"RAINFOR","Estação Ecológica de Maracá","Brazil",3.35982,-61.45759,"Guianan savanna",NA,NA
4451,"RAINFOR","Estação Ecológica de Maracá","Brazil",3.3598,-61.45939,"Guianan savanna",NA,NA
4452,"RAINFOR","Estação Ecológica de Maracá","Brazil",3.35982,-61.46164,"Guianan savanna",NA,NA
4453,"RAINFOR","Estação Ecológica de Maracá","Brazil",3.35982,-61.46344,"Guianan savanna",NA,NA
4454,"RAINFOR","Estação Ecológica de Maracá","Brazil",3.35982,-61.46524,"Guianan savanna",NA,NA
4455,"RAINFOR","Estação Ecológica de Maracá","Brazil",3.35983,-61.46704,"Guianan savanna",NA,NA
4456,"RAINFOR","Estação Ecológica de Maracá","Brazil",3.35982,-61.46884,"Guianan savanna",NA,NA
4457,"RAINFOR","Estação Ecológica de Maracá","Brazil",3.35983,-61.47199,"Guianan savanna",NA,NA
4458,"RAINFOR","Estação Ecológica de Maracá","Brazil",3.35983,-61.47379,"Guianan savanna",NA,NA
4459,"RAINFOR","Estação Ecológica de Maracá","Brazil",3.35983,-61.47559,"Guianan savanna",NA,NA
4460,"RAINFOR","Estação Ecológica de Maracá","Brazil",3.35984,-61.47964,"Guianan savanna",NA,NA
4461,"RAINFOR","Estação Ecológica de Maracá","Brazil",3.35985,-61.48144,"Guianan savanna",NA,NA
4462,"RAINFOR","Estação Ecológica de Maracá","Brazil",3.35984,-61.48459,"Guianan savanna",NA,NA
4463,"Rainfor","Reserva Extrativista Alto Juruá, Base da Restauração","Brazil",-9.1635,-72.2164,"Southwest Amazon moist forests",NA,NA
4464,"Rainfor","Parque Estadual Chandless","Brazil",-9.3791,-69.918,"Iquitos varzeá",NA,NA
4465,"Rainfor","Parque Nacional Serra do Divisor, Rio Juruá","Brazil",-8.88,-72.79,"Iquitos varzeá",NA,NA
4466,"Rainfor","Parque Nacional Serra do Divisor, Rio das Minas","Brazil",-8.5717,-72.9063,"Iquitos varzeá",NA,NA
4467,"Rainfor","Reserva Extrativista Chico Mendes, Seringal Dois Irmãos","Brazil",-10.566,-68.3162,"Southwest Amazon moist forests",NA,NA
4468,"Rainfor","Reserva Extrativista Chico Mendes, Seringal Dois Irmãos","Brazil",-10.5479,-68.3066,"Southwest Amazon moist forests",NA,NA
4469,"Rainfor","Reserva Extrativista Chico Mendes, Seringal Porongaba","Brazil",-10.8219,-68.771,"Southwest Amazon moist forests",NA,NA
4470,"Rainfor","Reserva Extrativista Chico Mendes, Seringal Porongaba","Brazil",-10.7977,-68.7694,"Southwest Amazon moist forests",NA,NA
4471,"Rainfor","Fazenda Experimental Catuaba","Brazil",-10.0772,-67.6244,"Iquitos varzeá",NA,NA
4472,"Rainfor","Reserva Florestal Humaitá","Brazil",-9.75,-67.67,"Southwest Amazon moist forests",NA,NA
4473,"Rancho Frio","Parque Nacional da Serra dos Órgãos - Rancho-Frio","Brazil",-2.245,-43,NA,"Amazonia","Tropical Atlantic"
4474,"REDE.AVA","RPPN Ava Canoeiro","Brazil",-13.8094,-47.5081,"Cerrado",NA,NA
4475,"Rede.Biomar-Coral.Vivo","Ilha Galé","Brazil",-27.17167,-48.40778,NA,"Southeastern Brazil","Temperate South America"
4476,"Rede.Biomar-Coral.Vivo","Ilha Anchieta","Brazil",-23.53392,-45.08026,"Serra do Mar coastal forests","Southeastern Brazil","Temperate South America"
4477,"Rede.Biomar-Coral.Vivo","Arquipélago de Alcatrazes","Brazil",-24.09487,-45.69217,NA,"Southeastern Brazil","Temperate South America"
4478,"Rede.Biomar-Coral.Vivo","Praia do Forno - Arraial do Cabo","Brazil",-22.76275,-41.87514,"Serra do Mar coastal forests","Eastern Brazil","Tropical Atlantic"
4479,"Rede.Biomar-Coral.Vivo","Ilha rasa de fora","Brazil",-20.67706,-40.3666,NA,"Eastern Brazil","Tropical Atlantic"
4480,"Rede.Biomar-Coral.Vivo","Praia da Tartaruga","Brazil",-22.75,-41.9,"Serra do Mar coastal forests","Eastern Brazil","Tropical Atlantic"
4481,"Rede.Biomar-Coral.Vivo","Arquipélago de Abrolhos","Brazil",-17.97206,-38.70844,NA,"Eastern Brazil","Tropical Atlantic"
4482,"Rede.Biomar-Coral.Vivo","Recife de Fora","Brazil",-16.40964,-39.04568,NA,"Eastern Brazil","Tropical Atlantic"
4483,"Rede.Biomar-Coral.Vivo","Baía de Todos os Santos","Brazil",-13.11385,-38.75413,NA,"Eastern Brazil","Tropical Atlantic"
4484,"Rede.Biomar-Coral.Vivo","Maragogi - Apa Costa dos Corais","Brazil",-9.01143,-35.21739,"Pernambuco coastal forests","Northeastern Brazil","Tropical Atlantic"
4485,"Rede.Biomar-Coral.Vivo","Coroa Grande - Apa Costa dos Corais","Brazil",-8.89609,-35.13806,"Pernambuco coastal forests","Northeastern Brazil","Tropical Atlantic"
4486,"Rede.Biomar-Coral.Vivo","Porto de Galinhas","Brazil",-8.78165,-35.09814,NA,"Northeastern Brazil","Tropical Atlantic"
4487,"Rede.Biomar-Coral.Vivo","Rio do Fogo","Brazil",-5.2724,-35.38013,"Atlantic Coast restingas","Northeastern Brazil","Tropical Atlantic"
4488,"Rede.Biomar-Coral.Vivo","Atol das Rocas","Brazil",-3.86067,-33.79868,NA,"Fernando de Naronha and Atoll das Rocas","Tropical Atlantic"
4489,"Rede.Biomar-Coral.Vivo","Pontinha","Brazil",-3.85109,-32.39084,NA,"Fernando de Naronha and Atoll das Rocas","Tropical Atlantic"
4490,"Rede.Biomar-Meros","Parque Nacional Marinho Ilhas dos Currais RAMs","Brazil",-25.73903,-48.35661,NA,"Southeastern Brazil","Temperate South America"
4491,"Rede.Biomar-Meros","Ilha da Figueira","Brazil",-25.3593,-48.03746,NA,"Southeastern Brazil","Temperate South America"
4492,"Rede.Biomar-Meros","Recife Artificial Marinho","Brazil",-25.8188,-48.39046,NA,"Southeastern Brazil","Temperate South America"
4493,"Rede.Biomar-Meros","Ilha de Itacolomis","Brazil",-25.84271,-48.40877,NA,"Southeastern Brazil","Temperate South America"
4494,"Rede.Biomar-Meros","Bota Fora Porto de São Francisco do Sul","Brazil",-26.14027,-48.46375,NA,"Southeastern Brazil","Temperate South America"
4495,"Rede.Biomar-Meros","Arquipélago das Graças","Brazil",-26.18485,-48.48962,NA,"Southeastern Brazil","Temperate South America"
4496,"Rede.Biomar-Meros","Monobóia São Francisco do Sul","Brazil",-26.23236,-48.43077,NA,"Southeastern Brazil","Temperate South America"
4497,"Rede.Biomar-Meros","Parque Estadual Acaraí","Brazil",-26.36978,-48.52462,NA,"Southeastern Brazil","Temperate South America"
4498,"Rede.Biomar-Meros","Ilha dos Lobos","Brazil",-26.51294,-48.56631,NA,"Southeastern Brazil","Temperate South America"
4499,"Rede.Biomar-Meros","Canal do Linguado","Brazil",-26.43621,-48.62553,"Serra do Mar coastal forests","Southeastern Brazil","Temperate South America"
4500,"Rede.Biomar-Meros","Rio do Trigo","Brazil",-26.21655,-48.58631,"Southern Atlantic mangroves","Southeastern Brazil","Temperate South America"
4501,"REMAR","Ilha de Maraca, Município de Amapá, AP","Brazil",2.08879,-50.50671,"Marajó varzeá","Amazonia","Tropical Atlantic"
4502,"REMAR","Ilha de Marajó, Município de Soure, PA","Brazil",-0.70243,-48.49042,"Marajó varzeá","Amazonia","Tropical Atlantic"
4503,"REMAR","Rio Caete, Município de Bragança, PA","Brazil",-0.92353,-46.69307,"Amazon-Orinoco-Southern Caribbean mangroves","Amazonia","Tropical Atlantic"
4504,"REMAR","Rio Mamanguape, Município de Rio Tinto, PB","Brazil",-6.77683,-34.95022,"Southern Atlantic mangroves","Northeastern Brazil","Tropical Atlantic"
4505,"REMAR","Aracaré, Município de Pacatuba, SE","Brazil",-10.53578,-36.53162,"Southern Atlantic mangroves","Northeastern Brazil","Tropical Atlantic"
4506,"REMAR","Cassurubá, Município de Caravelas, BA","Brazil",-17.75839,-39.21458,"Bahia coastal forests","Eastern Brazil","Tropical Atlantic"
4507,"REMAR","Piraquê, Município de Aracruz, ES","Brazil",-19.94549,-40.17595,"Bahia coastal forests","Eastern Brazil","Tropical Atlantic"
4508,"REMAR","Guapimirim, Município de Guapimirim, RJ","Brazil",-22.70666,-43.02657,"Southern Atlantic mangroves","Southeastern Brazil","Temperate South America"
4509,"REMAR","Rio Estrela, Município de Magé, RJ","Brazil",-22.72578,-43.21869,"Southern Atlantic mangroves","Southeastern Brazil","Temperate South America"
4510,"REMAR","Baía de Paranaguá, Guaraqueçaba, PR","Brazil",-25.92361,-48.69167,"Serra do Mar coastal forests","Southeastern Brazil","Temperate South America"
4511,"REMAR","Rio Ratones, Município de Florianópolis, SC","Brazil",-27.44934,-48.52476,"Southern Atlantic mangroves","Southeastern Brazil","Temperate South America"
4512,"REMAR","Rio São João, Município de Rio das Ostras, RJ","Brazil",-22.56921,-42.0426,"Serra do Mar coastal forests","Eastern Brazil","Tropical Atlantic"
4513,"REMAR","Fernando de Noronha, PE","Brazil",-3.87167,-32.42487,NA,"Fernando de Naronha and Atoll das Rocas","Tropical Atlantic"
4514,"RAS","160_10","Brazil",-2.818885,-54.882268,"Tapajós-Xingu moist forests","Amazonia","Tropical Atlantic"
4515,"RAS","260_1","Brazil",-3.002285,-54.894624,"Tapajós-Xingu moist forests","Amazonia","Tropical Atlantic"
4516,"RAS","260_4","Brazil",-3.01984,-54.856559,"Tapajós-Xingu moist forests","Amazonia","Tropical Atlantic"
4517,"RAS","260_5","Brazil",-2.983684,-54.87849,"Tapajós-Xingu moist forests","Amazonia","Tropical Atlantic"
4518,"RAS","260_6","Brazil",-2.999882,-54.876831,"Tapajós-Xingu moist forests","Amazonia","Tropical Atlantic"
4519,"RAS","261_10","Brazil",-3.018342,-55.004753,"Tapajós-Xingu moist forests","Amazonia","Tropical Atlantic"
4520,"RAS","261_10","Brazil",-3.018342,-55.004753,"Tapajós-Xingu moist forests","Amazonia","Tropical Atlantic"
4521,"RAS","261_8","Brazil",-3.02868,-55.011119,"Tapajós-Xingu moist forests","Amazonia","Tropical Atlantic"
4522,"RAS","261_8","Brazil",-3.02868,-55.011119,"Tapajós-Xingu moist forests","Amazonia","Tropical Atlantic"
4523,"RAS","261_9","Brazil",-3.039979,-55.014759,"Tapajós-Xingu moist forests","Amazonia","Tropical Atlantic"
4524,"RAS","261_9","Brazil",-3.039979,-55.014759,"Tapajós-Xingu moist forests","Amazonia","Tropical Atlantic"
4525,"RAS","307_3","Brazil",-3.130318,-54.856734,"Tapajós-Xingu moist forests","Amazonia","Tropical Atlantic"
4526,"RAS","307_7","Brazil",-3.147068,-54.83828,"Tapajós-Xingu moist forests","Amazonia","Tropical Atlantic"
4527,"RAS","357_4","Brazil",-3.282664,-54.854228,"Tapajós-Xingu moist forests","Amazonia","Tropical Atlantic"
4528,"RAS","363_3","Brazil",-3.296349,-54.963263,"Tapajós-Xingu moist forests","Amazonia","Tropical Atlantic"
4529,"RAS","363_5","Brazil",-3.336879,-54.984133,"Tapajós-Xingu moist forests","Amazonia","Tropical Atlantic"
4530,"RAS","363_5","Brazil",-3.336879,-54.984133,"Tapajós-Xingu moist forests","Amazonia","Tropical Atlantic"
4531,"RAS","363_6","Brazil",-3.335934,-54.955877,"Tapajós-Xingu moist forests","Amazonia","Tropical Atlantic"
4532,"RAS","363_6","Brazil",-3.335934,-54.955877,"Tapajós-Xingu moist forests","Amazonia","Tropical Atlantic"
4533,"RAS","363_7","Brazil",-3.320031,-54.960309,"Tapajós-Xingu moist forests","Amazonia","Tropical Atlantic"
4534,"RAS","363_7","Brazil",-3.320031,-54.960309,"Tapajós-Xingu moist forests","Amazonia","Tropical Atlantic"
4535,"RAS","363_8","Brazil",-3.32907,-54.972355,"Tapajós-Xingu moist forests","Amazonia","Tropical Atlantic"
4536,"RAS","363_8","Brazil",-3.32907,-54.972355,"Tapajós-Xingu moist forests","Amazonia","Tropical Atlantic"
4537,"RAS","399_10","Brazil",-3.464411,-54.807256,"Tapajós-Xingu moist forests","Amazonia","Tropical Atlantic"
4538,"RAS","399_7","Brazil",-3.42946,-54.84253,"Tapajós-Xingu moist forests","Amazonia","Tropical Atlantic"
4539,"RAS","399_8","Brazil",-3.481967,-54.86197,"Tapajós-Xingu moist forests","Amazonia","Tropical Atlantic"
4540,"RAS","ExtraSTM_2","Brazil",-2.938294,-54.988026,"Tapajós-Xingu moist forests","Amazonia","Tropical Atlantic"
4541,"RAS","ExtraSTM_3","Brazil",-2.928384,-55.002396,"Tapajós-Xingu moist forests","Amazonia","Tropical Atlantic"
4542,"RAS","129_10","Brazil",-2.725951,-54.776635,"Tapajós-Xingu moist forests","Amazonia","Tropical Atlantic"
4543,"RAS","129_11","Brazil",-2.705519,-54.78595,"Tapajós-Xingu moist forests","Amazonia","Tropical Atlantic"
4544,"RAS","157_2","Brazil",-2.831865,-54.464434,"Tapajós-Xingu moist forests","Amazonia","Tropical Atlantic"
4545,"RAS","157_8","Brazil",-2.802586,-54.50429,"Tapajós-Xingu moist forests","Amazonia","Tropical Atlantic"
4546,"RAS","112_12","Brazil",-2.69273,-54.451517,"Tapajós-Xingu moist forests","Amazonia","Tropical Atlantic"
4547,"RAS","112_8","Brazil",-2.693246,-54.495395,"Tapajós-Xingu moist forests","Amazonia","Tropical Atlantic"
4548,"RAS","69_11","Brazil",-2.573649,-54.670787,"Tapajós-Xingu moist forests","Amazonia","Tropical Atlantic"
4549,"RAS","69_8","Brazil",-2.514592,-54.674865,"Tapajós-Xingu moist forests","Amazonia","Tropical Atlantic"
4550,"RAS","81_3","Brazil",-2.613812,-54.54327,"Tapajós-Xingu moist forests","Amazonia","Tropical Atlantic"
4551,"RAS","ALE_01","Brazil",-1.1413,-46.7301,"Tocantins/Pindare moist forests","Amazonia","Tropical Atlantic"
4552,"RAS","APA_01","Brazil",-5.94619,-50.20469,"Xingu-Tocantins-Araguaia moist forests",NA,NA
4553,"RAS","APA_02","Brazil",-5.95239,-50.18419,"Xingu-Tocantins-Araguaia moist forests",NA,NA
4554,"RAS","ATO_01","Brazil",-5.70106,-49.22903,"Xingu-Tocantins-Araguaia moist forests","Amazonia","Tropical Atlantic"
4555,"RAS","CBL_01","Brazil",-6.43125,-49.78236,"Mato Grosso seasonal forests",NA,NA
4556,"RAS","CHK_01","Brazil",-6.27536,-49.85419,"Mato Grosso seasonal forests",NA,NA
4557,"RAS","DNA_01","Brazil",-5.66394,-49.17378,"Xingu-Tocantins-Araguaia moist forests","Amazonia","Tropical Atlantic"
4558,"RAS","DNA_02","Brazil",-5.65985,-49.17986,"Xingu-Tocantins-Araguaia moist forests","Amazonia","Tropical Atlantic"
4559,"RAS","FRE_01","Brazil",-1.53428,-46.62722,"Tocantins/Pindare moist forests","Amazonia","Tropical Atlantic"
4560,"RAS","GDA_01","Brazil",-5.63286,-49.13492,"Xingu-Tocantins-Araguaia moist forests","Amazonia","Tropical Atlantic"
4561,"RAS","GDA_02","Brazil",-5.63125,-49.13833,"Xingu-Tocantins-Araguaia moist forests","Amazonia","Tropical Atlantic"
4562,"RAS","JBI_01","Brazil",-5.78456,-48.91522,"Xingu-Tocantins-Araguaia moist forests","Amazonia","Tropical Atlantic"
4563,"RAS","JCO_01","Brazil",-1.12572,-46.70347,"Tocantins/Pindare moist forests","Amazonia","Tropical Atlantic"
4564,"RAS","JSO_01","Brazil",-1.25897,-46.69692,"Tocantins/Pindare moist forests","Amazonia","Tropical Atlantic"
4565,"RAS","MHO_01","Brazil",-1.1775,-46.66492,"Tocantins/Pindare moist forests","Amazonia","Tropical Atlantic"
4566,"RAS","PCE_01","Brazil",-1.21609,-46.69947,"Tocantins/Pindare moist forests","Amazonia","Tropical Atlantic"
4567,"RAS","PET_01","Brazil",-5.63367,-49.21072,"Xingu-Tocantins-Araguaia moist forests","Amazonia","Tropical Atlantic"
4568,"RAS","RUT_01","Brazil",-1.12447,-46.72675,"Tocantins/Pindare moist forests","Amazonia","Tropical Atlantic"
4569,"RAS","TBR_01","Brazil",-5.65453,-49.15656,"Xingu-Tocantins-Araguaia moist forests","Amazonia","Tropical Atlantic"
4570,"RAS","VAV_01","Brazil",-1.17939,-46.68168,"Tocantins/Pindare moist forests","Amazonia","Tropical Atlantic"
4571,"RAS","MHO_02","Brazil",-1.1775,-46.66492,"Tocantins/Pindare moist forests","Amazonia","Tropical Atlantic"
4572,"RAS","CAJ_01","Brazil",-6.069146,-50.03176,"Xingu-Tocantins-Araguaia moist forests",NA,NA
4573,"RAS","CAJ_02","Brazil",-6.043648,-50.091782,"Xingu-Tocantins-Araguaia moist forests",NA,NA
4574,"RAS","CAJ_03","Brazil",-6.06837,-50.24895,"Xingu-Tocantins-Araguaia moist forests",NA,NA
4575,"RAS","125_9","Brazil",-2.804077,-54.56829,"Tapajós-Xingu moist forests","Amazonia","Tropical Atlantic"
4576,"RAS","129_5","Brazil",-2.714346,-54.748544,"Tapajós-Xingu moist forests","Amazonia","Tropical Atlantic"
4577,"RAS","357_2","Brazil",-3.305383,-54.911978,"Tapajós-Xingu moist forests","Amazonia","Tropical Atlantic"
4578,"RAS","357_6","Brazil",-3.256891,-54.888286,"Tapajós-Xingu moist forests","Amazonia","Tropical Atlantic"
4579,"RAS","357_9","Brazil",-3.263338,-54.892798,"Tapajós-Xingu moist forests","Amazonia","Tropical Atlantic"
4580,"RAS","81_15","Brazil",-2.657675,-54.4665,"Tapajós-Xingu moist forests","Amazonia","Tropical Atlantic"
4581,"RLS","San Roman","Argentina",-42.26,-64.23,NA,"North Patagonian Gulfs","Temperate South America"
4582,"RLS","Los Bollones","Argentina",-42.93,-64.5,NA,"North Patagonian Gulfs","Temperate South America"
4583,"RLS","Punta la Islita","Argentina",-41.96,-65.06,NA,"North Patagonian Gulfs","Temperate South America"
4584,"RLS","La Islita","Argentina",-41.95,-65.06,NA,"North Patagonian Gulfs","Temperate South America"
4585,"RLS","Alejos Crack","Argentina",-41.94,-65.06,NA,"North Patagonian Gulfs","Temperate South America"
4586,"RLS","Pafer","Argentina",-42.63,-64.26,NA,"North Patagonian Gulfs","Temperate South America"
4587,"RLS","PNU","Argentina",-42.62,-64.28,NA,"North Patagonian Gulfs","Temperate South America"
4588,"RLS","Colombo","Argentina",-42.63,-64.24,NA,"North Patagonian Gulfs","Temperate South America"
4589,"RLS","Wreck Mirralles","Argentina",-42.77,-64.97,NA,"North Patagonian Gulfs","Temperate South America"
4590,"RLS","Punta Este","Argentina",-42.78,-64.95,NA,"North Patagonian Gulfs","Temperate South America"
4591,"RLS","Sitio Top Secret","Argentina",-42.77,-64.94,NA,"North Patagonian Gulfs","Temperate South America"
4592,"RLS","El Bosque","Argentina",-42.94,-64.46,NA,"North Patagonian Gulfs","Temperate South America"
4593,"RLS","El Pedral","Argentina",-42.95,-64.43,NA,"North Patagonian Gulfs","Temperate South America"
4594,"RLS","CBC 30 N","Belize",16.8,-88.08,NA,"Western Caribbean","Tropical Atlantic"
4595,"RLS","CBC 30 S","Belize",16.8,-88.08,NA,"Western Caribbean","Tropical Atlantic"
4596,"RLS","Golden Reef","Belize",16.81,-88.09,NA,"Western Caribbean","Tropical Atlantic"
4597,"RLS","Pelican Reef","Belize",16.75,-88.1,NA,"Western Caribbean","Tropical Atlantic"
4598,"RLS","Curlew Wall","Belize",16.79,-88.08,NA,"Western Caribbean","Tropical Atlantic"
4599,"RLS","CB Highway","Belize",16.81,-88.08,NA,"Western Caribbean","Tropical Atlantic"
4600,"RLS","South Reef","Belize",16.78,-88.08,NA,"Western Caribbean","Tropical Atlantic"
4601,"RLS","Tobacco Reef 30","Belize",16.87,-88.07,NA,"Western Caribbean","Tropical Atlantic"
4602,"RLS","Curlew patch reef","Belize",16.78,-88.1,NA,"Western Caribbean","Tropical Atlantic"
4603,"RLS","CBC Reef","Belize",16.8,-88.08,NA,"Western Caribbean","Tropical Atlantic"
4604,"RLS","CBC Lagoon 15","Belize",16.81,-88.09,NA,"Western Caribbean","Tropical Atlantic"
4605,"RLS","CBC House Reef","Belize",16.8,-88.08,NA,"Western Caribbean","Tropical Atlantic"
4606,"RLS","PAB04","Brazil",-17.96,-38.66,NA,"Eastern Brazil","Tropical Atlantic"
4607,"RLS","PA1","Brazil",-17.7,-38.94,NA,"Eastern Brazil","Tropical Atlantic"
4608,"RLS","PAB03","Brazil",-18,-38.67,NA,"Eastern Brazil","Tropical Atlantic"
4609,"RLS","Lighthouse Santa Barbara","Brazil",-17.97,-38.69,NA,"Eastern Brazil","Tropical Atlantic"
4610,"RLS","PAB2","Brazil",-17.98,-38.67,NA,"Eastern Brazil","Tropical Atlantic"
4611,"RLS","Juarita Isla","Brazil",-17.96,-38.69,NA,"Eastern Brazil","Tropical Atlantic"
4612,"RLS","Isla Santa Barbara","Brazil",-17.96,-38.7,NA,"Eastern Brazil","Tropical Atlantic"
4613,"RLS","TIM2","Brazil",-17.48,-39.03,NA,"Eastern Brazil","Tropical Atlantic"
4614,"RLS","Near ARENG","Brazil",-17.66,-39,NA,"Eastern Brazil","Tropical Atlantic"
4615,"RLS","ARENG","Brazil",-17.67,-39,NA,"Eastern Brazil","Tropical Atlantic"
4616,"RLS","S2 Serrana","Caribbean Sea",14.31,-80.37,NA,"Southwestern Caribbean","Tropical Atlantic"
4617,"RLS","S10 Serrana","Caribbean Sea",14.36,-80.28,NA,"Southwestern Caribbean","Tropical Atlantic"
4618,"RLS","Gardens","Caribbean Sea",14.35,-80.22,NA,"Southwestern Caribbean","Tropical Atlantic"
4619,"RLS","S35 Serrana","Caribbean Sea",14.36,-80.23,NA,"Southwestern Caribbean","Tropical Atlantic"
4620,"RLS","S25Serrana","Caribbean Sea",14.41,-80.19,NA,"Southwestern Caribbean","Tropical Atlantic"
4621,"RLS","S30 Serrana","Caribbean Sea",14.46,-80.26,NA,"Southwestern Caribbean","Tropical Atlantic"
4622,"RLS","S18Serrana","Caribbean Sea",14.46,-80.24,NA,"Southwestern Caribbean","Tropical Atlantic"
4623,"RLS","Little Nirvana","Caribbean Sea",14.3,-80.36,NA,"Southwestern Caribbean","Tropical Atlantic"
4624,"RLS","Grand Cayman anchorage","Cayman Islands",19.31,-81.39,"Bahamian-Antillean mangroves","Greater Antilles","Tropical Atlantic"
4625,"RLS","Islote Marchand","Chile",-54.93,-67.68,"Magellanic subpolar forests","Channels and Fjords of Southern Chile","Temperate South America"
4626,"RLS","Pena Blanca offshore","Chile",-33.36,-71.7,NA,"Araucanian","Temperate South America"
4627,"RLS","Pena Blanca","Chile",-33.36,-71.69,NA,"Araucanian","Temperate South America"
4628,"RLS","Algarrobo","Chile",-33.36,-71.67,"Chilean matorral","Araucanian","Temperate South America"
4629,"RLS","Algarrobo Marina","Chile",-33.37,-71.68,"Chilean matorral","Araucanian","Temperate South America"
4630,"RLS","ECIM South","Chile",-33.5,-71.63,"Chilean matorral","Araucanian","Temperate South America"
4631,"RLS","ECIM Reserve South","Chile",-33.5,-71.63,"Chilean matorral","Araucanian","Temperate South America"
4632,"RLS","ECIM Medio","Chile",-33.5,-71.63,"Chilean matorral","Araucanian","Temperate South America"
4633,"RLS","ECIM Norte","Chile",-33.5,-71.64,"Chilean matorral","Araucanian","Temperate South America"
4634,"RLS","Bahï¿½ï¿½a Oeste Puerto Williams","Chile",-54.92,-67.78,"Magellanic subpolar forests","Channels and Fjords of Southern Chile","Temperate South America"
4635,"RLS","Ramuntcho3","Chile",-36.75,-73.19,"Valdivian temperate forests","Araucanian","Temperate South America"
4636,"RLS","Ramuntcho4","Chile",-36.74,-73.19,NA,"Araucanian","Temperate South America"
4637,"RLS","Islas Gemelos","Chile",-54.92,-67.36,"Magellanic subpolar forests","Channels and Fjords of Southern Chile","Temperate South America"
4638,"RLS","Puerto Williams este","Chile",-54.93,-67.41,"Magellanic subpolar forests","Channels and Fjords of Southern Chile","Temperate South America"
4639,"RLS","Puerto Navarino oeste","Chile",-54.92,-68.37,NA,"Channels and Fjords of Southern Chile","Temperate South America"
4640,"RLS","Murray Channel NW","Chile",-54.95,-68.4,NA,"Channels and Fjords of Southern Chile","Temperate South America"
4641,"RLS","Ponsonby Bay NW","Chile",-55.04,-68.44,NA,"Channels and Fjords of Southern Chile","Temperate South America"
4642,"RLS","Ponsonby Bay central east","Chile",-55.05,-68.42,"Magellanic subpolar forests","Channels and Fjords of Southern Chile","Temperate South America"
4643,"RLS","South Bay East","Chile",-26.47,-105.36,NA,"Easter Island","Eastern Indo-Pacific"
4644,"RLS","Hanga Roa Pt Nth Easter Island","Chile",-27.11,-109.42,"Rapa Nui subtropical broadleaf forests","Easter Island","Eastern Indo-Pacific"
4645,"RLS","The Moai Easter Island","Chile",-27.15,-109.44,NA,"Easter Island","Eastern Indo-Pacific"
4646,"RLS","Hanga Roa Sth Easter Island","Chile",-27.15,-109.44,NA,"Easter Island","Eastern Indo-Pacific"
4647,"RLS","Hanga Roa SW Easter Island","Chile",-27.15,-109.44,NA,"Easter Island","Eastern Indo-Pacific"
4648,"RLS","Anchor Reef Easter Island","Chile",-27.14,-109.44,NA,"Easter Island","Eastern Indo-Pacific"
4649,"RLS","MotuTautara Sth EasterIsland","Chile",-27.11,-109.42,"Rapa Nui subtropical broadleaf forests","Easter Island","Eastern Indo-Pacific"
4650,"RLS","Pta Hanga Piko Easter Island","Chile",-27.16,-109.45,NA,"Easter Island","Eastern Indo-Pacific"
4651,"RLS","MotuTautara Easter Island","Chile",-27.11,-109.42,"Rapa Nui subtropical broadleaf forests","Easter Island","Eastern Indo-Pacific"
4652,"RLS","Nth Bay Sal y Gomez","Chile",-26.47,-105.36,NA,"Easter Island","Eastern Indo-Pacific"
4653,"RLS","South Bay West","Chile",-26.47,-105.36,NA,"Easter Island","Eastern Indo-Pacific"
4654,"RLS","East Bommie Sal y Gomez","Chile",-26.47,-105.36,NA,"Easter Island","Eastern Indo-Pacific"
4655,"RLS","South West Point","Chile",-26.47,-105.37,NA,"Easter Island","Eastern Indo-Pacific"
4656,"RLS","NE Ridge Sal y Gomez","Chile",-26.47,-105.36,NA,"Easter Island","Eastern Indo-Pacific"
4657,"RLS","North Bay","Chile",-26.47,-105.36,NA,"Easter Island","Eastern Indo-Pacific"
4658,"RLS","Sth Point Sal y Gomez","Chile",-26.47,-105.36,NA,"Easter Island","Eastern Indo-Pacific"
4659,"RLS","Pta Cook Easter Island","Chile",-27.13,-109.43,"Rapa Nui subtropical broadleaf forests","Easter Island","Eastern Indo-Pacific"
4660,"RLS","Punta Huinay","Chile",-42.37,-72.43,NA,"Chiloense","Temperate South America"
4661,"RLS","Shipwreck,Lagartija Island","Chile",-41.81,-73.29,NA,"Chiloense","Temperate South America"
4662,"RLS","X Huinay","Chile",-42.39,-72.46,NA,"Chiloense","Temperate South America"
4663,"RLS","Lilihuapi Wall","Chile",-42.16,-72.6,NA,"Chiloense","Temperate South America"
4664,"RLS","Huinay Muelle","Chile",-42.38,-72.42,NA,"Chiloense","Temperate South America"
4665,"RLS","Fjord Cahuelmo S entrance","Chile",-42.27,-72.45,NA,"Chiloense","Temperate South America"
4666,"RLS","Fjord Cahuelmo N entrance","Chile",-42.26,-72.43,"Valdivian temperate forests","Chiloense","Temperate South America"
4667,"RLS","Punta Gruesa","Chile",-42.41,-72.42,"Valdivian temperate forests","Chiloense","Temperate South America"
4668,"RLS","SWALL","Chile",-42.32,-72.46,"Valdivian temperate forests","Chiloense","Temperate South America"
4669,"RLS","Punta Llonco","Chile",-42.34,-72.46,"Valdivian temperate forests","Chiloense","Temperate South America"
4670,"RLS","Morro Gonzalo","Chile",-39.85,-73.45,NA,"Araucanian","Temperate South America"
4671,"RLS","Bahï¿½ï¿½a Guacamaya  Costa Rica","Costa Rica",10.52,-85.79,"Central American dry forests","Chiapas-Nicaragua","Tropical Eastern Pacific"
4672,"RLS","Monkeys Head Costa Rica","Costa Rica",10.61,-85.7,NA,"Chiapas-Nicaragua","Tropical Eastern Pacific"
4673,"RLS","Punta Ulloa (d) Cocos","Costa Rica",5.55,-87.03,NA,"Cocos Islands","Tropical Eastern Pacific"
4674,"RLS","Isla Paraja (s) Cocos","Costa Rica",5.55,-87.05,"Cocos Island moist forests","Cocos Islands","Tropical Eastern Pacific"
4675,"RLS","Isla Manuelita afuera (s) Cocos","Costa Rica",5.56,-87.05,NA,"Cocos Islands","Tropical Eastern Pacific"
4676,"RLS","Punta Maria (d) Cocos","Costa Rica",5.53,-87.09,"Cocos Island moist forests","Cocos Islands","Tropical Eastern Pacific"
4677,"RLS","Punta Maria (s) Cocos","Costa Rica",5.53,-87.09,"Cocos Island moist forests","Cocos Islands","Tropical Eastern Pacific"
4678,"RLS","Bahï¿½ï¿½a Western (s) Cocos","Costa Rica",5.55,-87.05,"Cocos Island moist forests","Cocos Islands","Tropical Eastern Pacific"
4679,"RLS","Punta Ulloa","Costa Rica",5.55,-87.03,NA,"Cocos Islands","Tropical Eastern Pacific"
4680,"RLS","Isla Manuelita","Costa Rica",5.56,-87.05,NA,"Cocos Islands","Tropical Eastern Pacific"
4681,"RLS","Manuelita Afuera","Costa Rica",5.56,-87.05,NA,"Cocos Islands","Tropical Eastern Pacific"
4682,"RLS","Isla Pajara - Bird Island","Costa Rica",5.55,-87.05,"Cocos Island moist forests","Cocos Islands","Tropical Eastern Pacific"
4683,"RLS","Rodolitos","Costa Rica",5.55,-87.03,NA,"Cocos Islands","Tropical Eastern Pacific"
4684,"RLS","Atrevido","Costa Rica",5.53,-87.03,"Cocos Island moist forests","Cocos Islands","Tropical Eastern Pacific"
4685,"RLS","Punta Maria","Costa Rica",5.54,-87.09,NA,"Cocos Islands","Tropical Eastern Pacific"
4686,"RLS","Roca Sucia","Costa Rica",5.55,-87.08,NA,"Cocos Islands","Tropical Eastern Pacific"
4687,"RLS","Punta Gissler","Costa Rica",5.54,-87.07,"Cocos Island moist forests","Cocos Islands","Tropical Eastern Pacific"
4688,"RLS","Punta Presidio","Costa Rica",5.55,-87.06,"Cocos Island moist forests","Cocos Islands","Tropical Eastern Pacific"
4689,"RLS","Roca Sumergida","Costa Rica",5.5,-87.08,NA,"Cocos Islands","Tropical Eastern Pacific"
4690,"RLS","Bahï¿½ï¿½a Wafer","Costa Rica",5.55,-87.06,"Cocos Island moist forests","Cocos Islands","Tropical Eastern Pacific"
4691,"RLS","Silverado Norte","Costa Rica",5.55,-87.03,NA,"Cocos Islands","Tropical Eastern Pacific"
4692,"RLS","Dos Amigos","Costa Rica",5.51,-87.1,NA,"Cocos Islands","Tropical Eastern Pacific"
4693,"RLS","Roca Aleta de Tiburï¿½ï¿½n","Costa Rica",5.49,-87.09,NA,"Cocos Islands","Tropical Eastern Pacific"
4694,"RLS","Punta Leonel","Costa Rica",5.52,-87.1,NA,"Cocos Islands","Tropical Eastern Pacific"
4695,"RLS","Bahï¿½ï¿½a Iglesias","Costa Rica",5.51,-87.07,"Cocos Island moist forests","Cocos Islands","Tropical Eastern Pacific"
4696,"RLS","Bahï¿½ï¿½a Inutil","Costa Rica",5.52,-87.05,NA,"Cocos Islands","Tropical Eastern Pacific"
4697,"RLS","Bahï¿½ï¿½a Carrillo 1","Costa Rica",9.86,-85.49,NA,"Nicoya","Tropical Eastern Pacific"
4698,"RLS","Isla Chora","Costa Rica",9.86,-85.52,NA,"Nicoya","Tropical Eastern Pacific"
4699,"RLS","Bahï¿½ï¿½a Carrillo 2 (NW)","Costa Rica",9.87,-85.5,"Costa Rican seasonal moist forests","Nicoya","Tropical Eastern Pacific"
4700,"RLS","Bahï¿½ï¿½a Carrillo 3 (N)","Costa Rica",9.86,-85.49,NA,"Nicoya","Tropical Eastern Pacific"
4701,"RLS","Bahï¿½ï¿½a Carrillo 4","Costa Rica",9.86,-85.5,NA,"Nicoya","Tropical Eastern Pacific"
4702,"RLS","Punta Muneco","Costa Rica",9.85,-85.47,"Costa Rican seasonal moist forests","Nicoya","Tropical Eastern Pacific"
4703,"RLS","Camaronal Este","Costa Rica",9.85,-85.42,"Costa Rican seasonal moist forests","Nicoya","Tropical Eastern Pacific"
4704,"RLS","Bahï¿½ï¿½a Islita","Costa Rica",9.85,-85.4,"Costa Rican seasonal moist forests","Nicoya","Tropical Eastern Pacific"
4705,"RLS","Punta Islita","Costa Rica",9.84,-85.4,NA,"Nicoya","Tropical Eastern Pacific"
4706,"RLS","Bahï¿½ï¿½a Camaronal","Costa Rica",9.85,-85.46,NA,"Nicoya","Tropical Eastern Pacific"
4707,"RLS","Punta Corsalito","Costa Rica",9.84,-85.37,"Costa Rican seasonal moist forests","Nicoya","Tropical Eastern Pacific"
4708,"RLS","Coyote Caves","Costa Rica",9.77,-85.27,"Costa Rican seasonal moist forests","Nicoya","Tropical Eastern Pacific"
4709,"RLS","Punta Bejuco","Costa Rica",9.82,-85.33,"Costa Rican seasonal moist forests","Nicoya","Tropical Eastern Pacific"
4710,"RLS","Caletas","Costa Rica",9.76,-85.27,"Costa Rican seasonal moist forests","Nicoya","Tropical Eastern Pacific"
4711,"RLS","CaletasN","Costa Rica",9.76,-85.27,"Costa Rican seasonal moist forests","Nicoya","Tropical Eastern Pacific"
4712,"RLS","Punta San Josï¿½ï¿½","Costa Rica",8.68,-83.72,NA,"Nicoya","Tropical Eastern Pacific"
4713,"RLS","Chorro","Costa Rica",8.71,-83.87,NA,"Nicoya","Tropical Eastern Pacific"
4714,"RLS","Pharo","Costa Rica",8.7,-83.9,NA,"Nicoya","Tropical Eastern Pacific"
4715,"RLS","The Garden","Costa Rica",8.71,-83.88,NA,"Nicoya","Tropical Eastern Pacific"
4716,"RLS","Station West","Costa Rica",8.71,-83.89,NA,"Nicoya","Tropical Eastern Pacific"
4717,"RLS","Ship Wreck","Costa Rica",8.72,-83.88,NA,"Nicoya","Tropical Eastern Pacific"
4718,"RLS","Cano Coral Gardens","Costa Rica",8.72,-83.87,NA,"Nicoya","Tropical Eastern Pacific"
4719,"RLS","Caulerpa Gardens","Costa Rica",8.7,-83.89,NA,"Nicoya","Tropical Eastern Pacific"
4720,"RLS","Diablo","Costa Rica",8.7,-83.91,NA,"Nicoya","Tropical Eastern Pacific"
4721,"RLS","Paradiso","Costa Rica",8.73,-83.83,NA,"Nicoya","Tropical Eastern Pacific"
4722,"RLS","Punta San Pedro","Costa Rica",8.64,-83.74,NA,"Nicoya","Tropical Eastern Pacific"
4723,"RLS","Roca Matapalo","Costa Rica",8.37,-83.29,NA,"Nicoya","Tropical Eastern Pacific"
4724,"RLS","Acuario, Isla de la Plata","Ecuador",-1.27,-81.05,NA,"Guayaquil","Tropical Eastern Pacific"
4725,"RLS","Ahorcado","Ecuador",-1.67,-80.83,NA,"Guayaquil","Tropical Eastern Pacific"
4726,"RLS","Arco Darwin","Ecuador",1.67,-91.99,NA,"Northern Galapagos Islands","Tropical Eastern Pacific"
4727,"RLS","Arrecife Antiguo","Ecuador",1.67,-91.99,NA,"Northern Galapagos Islands","Tropical Eastern Pacific"
4728,"RLS","Arrecife Escondido","Ecuador",1.68,-92.01,NA,"Northern Galapagos Islands","Tropical Eastern Pacific"
4729,"RLS","Bahï¿½ï¿½a Darwin Pared Este","Ecuador",0.3,-89.95,NA,"Eastern Galapagos Islands","Tropical Eastern Pacific"
4730,"RLS","Bahï¿½ï¿½a Darwin Pared Norte","Ecuador",0.31,-89.95,NA,"Eastern Galapagos Islands","Tropical Eastern Pacific"
4731,"RLS","Bahï¿½ï¿½a Gardner Norte (1)","Ecuador",-1.34,-89.67,NA,"Eastern Galapagos Islands","Tropical Eastern Pacific"
4732,"RLS","Bahï¿½ï¿½a Gardner Norte (2)","Ecuador",-1.35,-89.66,"Galápagos Islands scrubland mosaic","Eastern Galapagos Islands","Tropical Eastern Pacific"
4733,"RLS","Bahï¿½ï¿½a Gardner Sur","Ecuador",-1.37,-89.63,"Galápagos Islands scrubland mosaic","Eastern Galapagos Islands","Tropical Eastern Pacific"
4734,"RLS","Bahï¿½ï¿½a Raya, Isla de la Plata","Ecuador",-1.28,-81.07,"South American Pacific mangroves","Guayaquil","Tropical Eastern Pacific"
4735,"RLS","Bahï¿½ï¿½a Sullivan","Ecuador",-0.28,-90.57,NA,"Eastern Galapagos Islands","Tropical Eastern Pacific"
4736,"RLS","Bajo Gardner","Ecuador",-1.35,-89.64,NA,"Eastern Galapagos Islands","Tropical Eastern Pacific"
4737,"RLS","Bartolomï¿½ï¿½","Ecuador",-0.28,-90.54,"Galápagos Islands scrubland mosaic","Eastern Galapagos Islands","Tropical Eastern Pacific"
4738,"RLS","Cabo Douglas Fondeadero","Ecuador",-0.3,-91.65,"Galápagos Islands scrubland mosaic","Western Galapagos Islands","Tropical Eastern Pacific"
4739,"RLS","Cabo Douglas Piedra Blanca","Ecuador",-0.3,-91.65,"Galápagos Islands scrubland mosaic","Western Galapagos Islands","Tropical Eastern Pacific"
4740,"RLS","Cabo Douglas Sur (1)","Ecuador",-0.32,-91.67,NA,"Western Galapagos Islands","Tropical Eastern Pacific"
4741,"RLS","Cabo Douglas Sur (2)","Ecuador",-0.31,-91.66,"Galápagos Islands scrubland mosaic","Western Galapagos Islands","Tropical Eastern Pacific"
4742,"RLS","Caleta Tagus Turismo (1)","Ecuador",-0.26,-91.38,"Galápagos Islands scrubland mosaic","Western Galapagos Islands","Tropical Eastern Pacific"
4743,"RLS","Caleta Tagus Turismo (2)","Ecuador",-0.27,-91.37,NA,"Western Galapagos Islands","Tropical Eastern Pacific"
4744,"RLS","Caseta PNG (1)","Ecuador",-0.3,-91.36,NA,"Western Galapagos Islands","Tropical Eastern Pacific"
4745,"RLS","Caseta PNG (2)","Ecuador",-0.31,-91.35,"Galápagos Islands scrubland mosaic","Western Galapagos Islands","Tropical Eastern Pacific"
4746,"RLS","Cerro Colorado","Ecuador",-1.38,-89.62,NA,"Eastern Galapagos Islands","Tropical Eastern Pacific"
4747,"RLS","Corona del Diablo Norte","Ecuador",-1.22,-90.42,NA,"Eastern Galapagos Islands","Tropical Eastern Pacific"
4748,"RLS","Corona del Diablo Sur","Ecuador",-1.22,-90.42,NA,"Eastern Galapagos Islands","Tropical Eastern Pacific"
4749,"RLS","Darwin Fondeadero Norte","Ecuador",1.68,-92,NA,"Northern Galapagos Islands","Tropical Eastern Pacific"
4750,"RLS","Darwin Fondeadero Sur","Ecuador",1.68,-92,NA,"Northern Galapagos Islands","Tropical Eastern Pacific"
4751,"RLS","El Muerto","Ecuador",-0.3,-90.55,"Galápagos Islands scrubland mosaic","Eastern Galapagos Islands","Tropical Eastern Pacific"
4752,"RLS","Faro Isla de la Plata","Ecuador",-1.26,-81.06,NA,"Guayaquil","Tropical Eastern Pacific"
4753,"RLS","Genovesa Fondeadero Norte (1)","Ecuador",0.34,-89.97,NA,"Eastern Galapagos Islands","Tropical Eastern Pacific"
4754,"RLS","Genovesa Fondeadero Norte (2)","Ecuador",0.34,-89.98,NA,"Eastern Galapagos Islands","Tropical Eastern Pacific"
4755,"RLS","Genovesa Protecciï¿½ï¿½n Este","Ecuador",0.3,-89.94,NA,"Eastern Galapagos Islands","Tropical Eastern Pacific"
4756,"RLS","Genovesa Protecciï¿½ï¿½n Oeste","Ecuador",0.31,-89.97,NA,"Eastern Galapagos Islands","Tropical Eastern Pacific"
4757,"RLS","Horno de Pan","Ecuador",-1.49,-80.81,NA,"Guayaquil","Tropical Eastern Pacific"
4758,"RLS","Isla Gardner","Ecuador",-1.34,-89.64,NA,"Eastern Galapagos Islands","Tropical Eastern Pacific"
4759,"RLS","Isla Sombrerito","Ecuador",-1.4,-80.77,NA,"Guayaquil","Tropical Eastern Pacific"
4760,"RLS","Islote Espejo","Ecuador",0.31,-90.4,NA,"Eastern Galapagos Islands","Tropical Eastern Pacific"
4761,"RLS","Islote Sucre","Ecuador",-1.47,-80.78,NA,"Guayaquil","Tropical Eastern Pacific"
4762,"RLS","Islote Xarifa Sur","Ecuador",-1.36,-89.64,"Galápagos Islands scrubland mosaic","Eastern Galapagos Islands","Tropical Eastern Pacific"
4763,"RLS","La Botella","Ecuador",-1.29,-90.5,NA,"Eastern Galapagos Islands","Tropical Eastern Pacific"
4764,"RLS","Las Cuevas Norte","Ecuador",-1.25,-90.37,NA,"Eastern Galapagos Islands","Tropical Eastern Pacific"
4765,"RLS","Las Cuevas Sur","Ecuador",-1.26,-90.36,NA,"Eastern Galapagos Islands","Tropical Eastern Pacific"
4766,"RLS","Llorona","Ecuador",-1.47,-80.79,NA,"Guayaquil","Tropical Eastern Pacific"
4767,"RLS","Los Caï¿½ï¿½ones Pesca (1)","Ecuador",-0.33,-91.34,NA,"Western Galapagos Islands","Tropical Eastern Pacific"
4768,"RLS","Los Caï¿½ï¿½ones Pesca (2)","Ecuador",-0.33,-91.34,NA,"Western Galapagos Islands","Tropical Eastern Pacific"
4769,"RLS","Los Islotes Salango","Ecuador",-1.6,-80.86,NA,"Guayaquil","Tropical Eastern Pacific"
4770,"RLS","Palo Santo Isla de la Plata","Ecuador",-1.28,-81.05,NA,"Guayaquil","Tropical Eastern Pacific"
4771,"RLS","Paraï¿½ï¿½so de Pedro","Ecuador",-0.33,-91.66,NA,"Western Galapagos Islands","Tropical Eastern Pacific"
4772,"RLS","Pedernales Machalilla","Ecuador",-1.5,-80.8,"Ecuadorian dry forests","Guayaquil","Tropical Eastern Pacific"
4773,"RLS","Playa Tortuga Negra (1)","Ecuador",-0.26,-91.39,NA,"Western Galapagos Islands","Tropical Eastern Pacific"
4774,"RLS","Playa Tortuga Negra (2)","Ecuador",-0.26,-91.39,NA,"Western Galapagos Islands","Tropical Eastern Pacific"
4775,"RLS","Punta Aeropuerto Isla de la Plata","Ecuador",-1.28,-81.08,NA,"Guayaquil","Tropical Eastern Pacific"
4776,"RLS","Punta Ballena Isla de la Plata","Ecuador",-1.28,-81.05,NA,"Guayaquil","Tropical Eastern Pacific"
4777,"RLS","Punta Calle Este","Ecuador",0.28,-90.49,NA,"Eastern Galapagos Islands","Tropical Eastern Pacific"
4778,"RLS","Punta Calle Oeste","Ecuador",0.29,-90.5,NA,"Eastern Galapagos Islands","Tropical Eastern Pacific"
4779,"RLS","Punta Cormorï¿½ï¿½n","Ecuador",-1.23,-90.42,"Galápagos Islands scrubland mosaic","Eastern Galapagos Islands","Tropical Eastern Pacific"
4780,"RLS","Punta Espinosa Norte (1)","Ecuador",-0.27,-91.44,"Galápagos Islands scrubland mosaic","Western Galapagos Islands","Tropical Eastern Pacific"
4781,"RLS","Punta Espinosa Norte (2)","Ecuador",-0.26,-91.44,NA,"Western Galapagos Islands","Tropical Eastern Pacific"
4782,"RLS","Punta Espinosa Sur (1)","Ecuador",-0.27,-91.44,"Galápagos Islands scrubland mosaic","Western Galapagos Islands","Tropical Eastern Pacific"
4783,"RLS","Punta Espinosa Sur (2)","Ecuador",-0.27,-91.43,NA,"Western Galapagos Islands","Tropical Eastern Pacific"
4784,"RLS","Punta Luz de Dï¿½ï¿½a","Ecuador",-1.23,-90.47,"Galápagos Islands scrubland mosaic","Eastern Galapagos Islands","Tropical Eastern Pacific"
4785,"RLS","Punta Luz de Dï¿½ï¿½a Oeste","Ecuador",-1.23,-90.47,"Galápagos Islands scrubland mosaic","Eastern Galapagos Islands","Tropical Eastern Pacific"
4786,"RLS","Punta Machete Isla de la Plata","Ecuador",-1.26,-81.07,NA,"Guayaquil","Tropical Eastern Pacific"
4787,"RLS","Punta Mala","Ecuador",-1.52,-80.82,NA,"Guayaquil","Tropical Eastern Pacific"
4788,"RLS","Punta Moreno Pesca (1)","Ecuador",-0.69,-91.32,"Galápagos Islands scrubland mosaic","Western Galapagos Islands","Tropical Eastern Pacific"
4789,"RLS","Punta Moreno Pesca (2)","Ecuador",-0.69,-91.32,"Galápagos Islands scrubland mosaic","Western Galapagos Islands","Tropical Eastern Pacific"
4790,"RLS","Punta Moreno Prot (1)","Ecuador",-0.72,-91.34,"Galápagos Islands scrubland mosaic","Western Galapagos Islands","Tropical Eastern Pacific"
4791,"RLS","Punta Moreno Prot (2)","Ecuador",-0.73,-91.35,"Galápagos Islands scrubland mosaic","Western Galapagos Islands","Tropical Eastern Pacific"
4792,"RLS","Punta Moreno Turismo (1)","Ecuador",-0.7,-91.33,NA,"Western Galapagos Islands","Tropical Eastern Pacific"
4793,"RLS","Punta Moreno Turismo (2)","Ecuador",-0.7,-91.33,NA,"Western Galapagos Islands","Tropical Eastern Pacific"
4794,"RLS","Punta Priscila (1)","Ecuador",-0.37,-91.38,NA,"Western Galapagos Islands","Tropical Eastern Pacific"
4795,"RLS","Punta Priscila (2)","Ecuador",-0.37,-91.38,NA,"Western Galapagos Islands","Tropical Eastern Pacific"
4796,"RLS","Punta Vicente Roca Pesca (1)","Ecuador",-0.04,-91.53,NA,"Western Galapagos Islands","Tropical Eastern Pacific"
4797,"RLS","Punta Vicente Roca Pesca (2)","Ecuador",-0.04,-91.52,NA,"Western Galapagos Islands","Tropical Eastern Pacific"
4798,"RLS","Punta Vicente Roca Prot (1)","Ecuador",-0.05,-91.55,NA,"Western Galapagos Islands","Tropical Eastern Pacific"
4799,"RLS","Punta Vicente Roca Prot (2)","Ecuador",-0.05,-91.54,NA,"Western Galapagos Islands","Tropical Eastern Pacific"
4800,"RLS","Punta Vicente Roca Turismo (1)","Ecuador",-0.05,-91.56,"Galápagos Islands scrubland mosaic","Western Galapagos Islands","Tropical Eastern Pacific"
4801,"RLS","Punta Vicente Roca Turismo (2)","Ecuador",-0.05,-91.56,"Galápagos Islands scrubland mosaic","Western Galapagos Islands","Tropical Eastern Pacific"
4802,"RLS","Roca Cousins","Ecuador",-0.24,-90.57,NA,"Eastern Galapagos Islands","Tropical Eastern Pacific"
4803,"RLS","Roca Espejo","Ecuador",0.31,-90.4,NA,"Eastern Galapagos Islands","Tropical Eastern Pacific"
4804,"RLS","Salango Sur","Ecuador",-1.59,-80.87,NA,"Guayaquil","Tropical Eastern Pacific"
4805,"RLS","Santiago Noreste (1)","Ecuador",-0.23,-90.59,"Galápagos Islands scrubland mosaic","Eastern Galapagos Islands","Tropical Eastern Pacific"
4806,"RLS","Santiago Noreste (2)","Ecuador",-0.24,-90.58,"Galápagos Islands scrubland mosaic","Eastern Galapagos Islands","Tropical Eastern Pacific"
4807,"RLS","Tres Cuevitas","Ecuador",-1.24,-90.41,"Galápagos Islands scrubland mosaic","Eastern Galapagos Islands","Tropical Eastern Pacific"
4808,"RLS","Wolf Colonia de Lobos Norte","Ecuador",1.38,-91.81,NA,"Northern Galapagos Islands","Tropical Eastern Pacific"
4809,"RLS","Wolf Colonia de Lobos Sur","Ecuador",1.38,-91.81,NA,"Northern Galapagos Islands","Tropical Eastern Pacific"
4810,"RLS","Wolf Corales (1)","Ecuador",1.39,-91.82,NA,"Northern Galapagos Islands","Tropical Eastern Pacific"
4811,"RLS","Wolf Corales (2)","Ecuador",1.39,-91.82,NA,"Northern Galapagos Islands","Tropical Eastern Pacific"
4812,"RLS","Wolf Fondeadero (1)","Ecuador",1.38,-91.82,NA,"Northern Galapagos Islands","Tropical Eastern Pacific"
4813,"RLS","Wolf Fondeadero (2)","Ecuador",1.38,-91.82,NA,"Northern Galapagos Islands","Tropical Eastern Pacific"
4814,"RLS","Punta Estrada","Ecuador",-0.76,-90.31,"Galápagos Islands scrubland mosaic","Eastern Galapagos Islands","Tropical Eastern Pacific"
4815,"RLS","Floreana Norte","Ecuador",-1.24,-90.4,"Galápagos Islands scrubland mosaic","Eastern Galapagos Islands","Tropical Eastern Pacific"
4816,"RLS","Caldwell","Ecuador",-1.31,-90.34,NA,"Eastern Galapagos Islands","Tropical Eastern Pacific"
4817,"RLS","Gardener Caves","Ecuador",-1.34,-90.3,NA,"Eastern Galapagos Islands","Tropical Eastern Pacific"
4818,"RLS","Cochon I","Falkland Islands (Malvinas)",-51.6,-57.79,NA,"Malvinas/Falklands","Temperate South America"
4819,"RLS","Kidney Cove N","Falkland Islands (Malvinas)",-51.62,-57.77,NA,"Malvinas/Falklands","Temperate South America"
4820,"RLS","Bottom Tussock I","Falkland Islands (Malvinas)",-51.67,-57.74,NA,"Malvinas/Falklands","Temperate South America"
4821,"RLS","Surf Bay","Falkland Islands (Malvinas)",-51.69,-57.77,"Patagonian steppe","Malvinas/Falklands","Temperate South America"
4822,"RLS","Hamblin Bay","Falkland Islands (Malvinas)",-51.66,-57.82,"Patagonian steppe","Malvinas/Falklands","Temperate South America"
4823,"RLS","Punta Pescador East","Mexico",28.94,-113.39,"Gulf of California xeric scrub","Cortezian","Temperate Northern Pacific"
4824,"RLS","El Cantil","Mexico",23.44,-109.41,"San Lucan xeric scrub","Cortezian","Temperate Northern Pacific"
4825,"RLS","El Bajo","Mexico",23.46,-109.41,"San Lucan xeric scrub","Cortezian","Temperate Northern Pacific"
4826,"RLS","El Bladito","Mexico",23.36,-109.42,"San Lucan xeric scrub","Cortezian","Temperate Northern Pacific"
4827,"RLS","El Bladito Sur","Mexico",23.36,-109.42,"San Lucan xeric scrub","Cortezian","Temperate Northern Pacific"
4828,"RLS","El Islote","Mexico",23.41,-109.41,"San Lucan xeric scrub","Cortezian","Temperate Northern Pacific"
4829,"RLS","Las Navajas","Mexico",23.45,-109.42,"San Lucan xeric scrub","Cortezian","Temperate Northern Pacific"
4830,"RLS","Los Chopitos","Mexico",23.4,-109.42,"San Lucan xeric scrub","Cortezian","Temperate Northern Pacific"
4831,"RLS","Tintorera","Mexico",24.56,-110.41,NA,"Cortezian","Temperate Northern Pacific"
4832,"RLS","San Gabriel","Mexico",24.43,-110.36,NA,"Cortezian","Temperate Northern Pacific"
4833,"RLS","Piedra de Swan","Mexico",24.39,-110.31,NA,"Cortezian","Temperate Northern Pacific"
4834,"RLS","Punta Pescador West","Mexico",28.94,-113.39,"Gulf of California xeric scrub","Cortezian","Temperate Northern Pacific"
4835,"RLS","Chileno Bay South","Mexico",22.94,-109.81,"San Lucan xeric scrub","Cortezian","Temperate Northern Pacific"
4836,"RLS","Chileno Bay North","Mexico",22.95,-109.8,"San Lucan xeric scrub","Cortezian","Temperate Northern Pacific"
4837,"RLS","Balleno Head","Mexico",22.9,-109.84,"San Lucan xeric scrub","Cortezian","Temperate Northern Pacific"
4838,"RLS","La Unica North","Mexico",28.93,-113.38,NA,"Cortezian","Temperate Northern Pacific"
4839,"RLS","La Unica South","Mexico",28.92,-113.38,NA,"Cortezian","Temperate Northern Pacific"
4840,"RLS","Little Smith Island Bay","Mexico",29.1,-113.53,NA,"Cortezian","Temperate Northern Pacific"
4841,"RLS","Little Smith Island","Mexico",29.1,-113.53,NA,"Cortezian","Temperate Northern Pacific"
4842,"RLS","Isla Smith Point","Mexico",29.08,-113.5,"Gulf of California xeric scrub","Cortezian","Temperate Northern Pacific"
4843,"RLS","Isla Smith","Mexico",29.08,-113.51,"Gulf of California xeric scrub","Cortezian","Temperate Northern Pacific"
4844,"RLS","Los Morros","Mexico",23.46,-109.41,"San Lucan xeric scrub","Cortezian","Temperate Northern Pacific"
4845,"RLS","Vista Blue","Netherlands Antilles",12.03,-68.26,"Amazon-Orinoco-Southern Caribbean mangroves","Southern Caribbean","Tropical Atlantic"
4846,"RLS","Angel City South","Netherlands Antilles",12.1,-68.29,NA,"Southern Caribbean","Tropical Atlantic"
4847,"RLS","Invisibles North","Netherlands Antilles",12.07,-68.28,NA,"Southern Caribbean","Tropical Atlantic"
4848,"RLS","Red Slave","Netherlands Antilles",12.03,-68.25,"Amazon-Orinoco-Southern Caribbean mangroves","Southern Caribbean","Tropical Atlantic"
4849,"RLS","Atlantis","Netherlands Antilles",12.03,-68.26,"Amazon-Orinoco-Southern Caribbean mangroves","Southern Caribbean","Tropical Atlantic"
4850,"RLS","1000 Steps","Netherlands Antilles",12.21,-68.32,"Caribbean shrublands","Southern Caribbean","Tropical Atlantic"
4851,"RLS","Pink Beach","Netherlands Antilles",12.06,-68.28,NA,"Southern Caribbean","Tropical Atlantic"
4852,"RLS","Jeff Davis","Netherlands Antilles",12.2,-68.31,"Caribbean shrublands","Southern Caribbean","Tropical Atlantic"
4853,"RLS","Tolo","Netherlands Antilles",12.21,-68.33,"Caribbean shrublands","Southern Caribbean","Tropical Atlantic"
4854,"RLS","Weber's Joy","Netherlands Antilles",12.21,-68.32,"Caribbean shrublands","Southern Caribbean","Tropical Atlantic"
4855,"RLS","Karpata","Netherlands Antilles",12.22,-68.35,"Caribbean shrublands","Southern Caribbean","Tropical Atlantic"
4856,"RLS","Windsock","Netherlands Antilles",12.13,-68.29,NA,"Southern Caribbean","Tropical Atlantic"
4857,"RLS","The Lake","Netherlands Antilles",12.11,-68.29,"Amazon-Orinoco-Southern Caribbean mangroves","Southern Caribbean","Tropical Atlantic"
4858,"RLS","Oil Slick","Netherlands Antilles",12.2,-68.31,"Caribbean shrublands","Southern Caribbean","Tropical Atlantic"
4859,"RLS","Punta Clavo","Nicaragua",11.11,-85.78,"Central American dry forests","Chiapas-Nicaragua","Tropical Eastern Pacific"
4860,"RLS","Peï¿½ï¿½a Rota Norte","Nicaragua",11.23,-85.87,"Central American dry forests","Chiapas-Nicaragua","Tropical Eastern Pacific"
4861,"RLS","El Ancla","Nicaragua",11.26,-85.89,"Central American dry forests","Chiapas-Nicaragua","Tropical Eastern Pacific"
4862,"RLS","Nacas Colo","Nicaragua",11.27,-85.9,"Central American dry forests","Chiapas-Nicaragua","Tropical Eastern Pacific"
4863,"RLS","Marsella","Nicaragua",11.28,-85.91,NA,"Chiapas-Nicaragua","Tropical Eastern Pacific"
4864,"RLS","Majahual","Nicaragua",11.3,-85.92,"Central American dry forests","Chiapas-Nicaragua","Tropical Eastern Pacific"
4865,"RLS","El Toro","Nicaragua",11.12,-85.8,NA,"Chiapas-Nicaragua","Tropical Eastern Pacific"
4866,"RLS","La Chanchera","Nicaragua",11.13,-85.8,"Central American dry forests","Chiapas-Nicaragua","Tropical Eastern Pacific"
4867,"RLS","El Canal de la Paloma Sur","Nicaragua",11.19,-85.84,NA,"Chiapas-Nicaragua","Tropical Eastern Pacific"
4868,"RLS","El Bajo de la Paloma Sur","Nicaragua",11.19,-85.84,NA,"Chiapas-Nicaragua","Tropical Eastern Pacific"
4869,"RLS","La Paloma Oeste","Nicaragua",11.19,-85.84,NA,"Chiapas-Nicaragua","Tropical Eastern Pacific"
4870,"RLS","La Cocinera","Nicaragua",11.11,-85.77,"Central American dry forests","Chiapas-Nicaragua","Tropical Eastern Pacific"
4871,"RLS","El Fraile","Nicaragua",11.2,-85.85,NA,"Chiapas-Nicaragua","Tropical Eastern Pacific"
4872,"RLS","El Fraile(2)","Nicaragua",11.2,-85.85,NA,"Chiapas-Nicaragua","Tropical Eastern Pacific"
4873,"RLS","El Fraile(3)","Nicaragua",11.2,-85.85,NA,"Chiapas-Nicaragua","Tropical Eastern Pacific"
4874,"RLS","La Anciana","Nicaragua",11.35,-86,"Central American dry forests","Chiapas-Nicaragua","Tropical Eastern Pacific"
4875,"RLS","Bajo de la Anciana","Nicaragua",11.36,-86,"Central American dry forests","Chiapas-Nicaragua","Tropical Eastern Pacific"
4876,"RLS","Piedra Cagada1","Nicaragua",11.35,-86,"Central American dry forests","Chiapas-Nicaragua","Tropical Eastern Pacific"
4877,"RLS","Piedra cagada2","Nicaragua",11.35,-86,"Central American dry forests","Chiapas-Nicaragua","Tropical Eastern Pacific"
4878,"RLS","Manzanillo","Nicaragua",11.36,-86.01,"Central American dry forests","Chiapas-Nicaragua","Tropical Eastern Pacific"
4879,"RLS","Gigante","Nicaragua",11.39,-86.04,"Central American dry forests","Chiapas-Nicaragua","Tropical Eastern Pacific"
4880,"RLS","Punta Gigante Norte","Nicaragua",11.39,-86.04,"Central American dry forests","Chiapas-Nicaragua","Tropical Eastern Pacific"
4881,"RLS","El Chinflonazo","Nicaragua",11.11,-85.79,"Central American dry forests","Chiapas-Nicaragua","Tropical Eastern Pacific"
4882,"RLS","Punta Gigante","Nicaragua",11.38,-86.04,NA,"Chiapas-Nicaragua","Tropical Eastern Pacific"
4883,"RLS","la Anciana SE","Nicaragua",11.35,-86,"Central American dry forests","Chiapas-Nicaragua","Tropical Eastern Pacific"
4884,"RLS","Bahia Rendonda","Nicaragua",11.38,-86.03,"Central American dry forests","Chiapas-Nicaragua","Tropical Eastern Pacific"
4885,"RLS","El Flor","Nicaragua",11.35,-85.99,"Central American dry forests","Chiapas-Nicaragua","Tropical Eastern Pacific"
4886,"RLS","CONEJO","Nicaragua",11.48,-86.16,"Central American dry forests","Chiapas-Nicaragua","Tropical Eastern Pacific"
4887,"RLS","BAJOS DE CHACOCENTE","Nicaragua",11.53,-86.2,NA,"Chiapas-Nicaragua","Tropical Eastern Pacific"
4888,"RLS","EL PEï¿½ï¿½ONCITO","Nicaragua",11.54,-86.2,"Central American dry forests","Chiapas-Nicaragua","Tropical Eastern Pacific"
4889,"RLS","Bajo del Tigre","Nicaragua",11.12,-85.8,NA,"Chiapas-Nicaragua","Tropical Eastern Pacific"
4890,"RLS","Chicarias Abajo","Nicaragua",11.13,-85.81,NA,"Chiapas-Nicaragua","Tropical Eastern Pacific"
4891,"RLS","Paloma Sur","Nicaragua",11.19,-85.84,NA,"Chiapas-Nicaragua","Tropical Eastern Pacific"
4892,"RLS","Peï¿½ï¿½a Rota Sur","Nicaragua",11.22,-85.85,"Central American dry forests","Chiapas-Nicaragua","Tropical Eastern Pacific"
4893,"RLS","Popa","Panama",9.23,-82.11,NA,"Southwestern Caribbean","Tropical Atlantic"
4894,"RLS","Crawl Cay","Panama",9.27,-82.12,NA,"Southwestern Caribbean","Tropical Atlantic"
4895,"RLS","Almirante-Pondsak","Panama",9.29,-82.35,NA,"Southwestern Caribbean","Tropical Atlantic"
4896,"RLS","Punta Caracal Reef","Panama",9.38,-82.3,"Isthmian-Atlantic moist forests","Southwestern Caribbean","Tropical Atlantic"
4897,"RLS","Casa Blanca","Panama",9.36,-82.27,"Isthmian-Atlantic moist forests","Southwestern Caribbean","Tropical Atlantic"
4898,"RLS","Solarte","Panama",9.34,-82.23,NA,"Southwestern Caribbean","Tropical Atlantic"
4899,"RLS","Almirante","Panama",9.29,-82.34,NA,"Southwestern Caribbean","Tropical Atlantic"
4900,"RLS","Pastores SE","Panama",9.24,-82.33,NA,"Southwestern Caribbean","Tropical Atlantic"
4901,"RLS","Pastores","Panama",9.24,-82.34,NA,"Southwestern Caribbean","Tropical Atlantic"
4902,"RLS","Coco Pt","Panama",9.3,-82.28,NA,"Southwestern Caribbean","Tropical Atlantic"
4903,"RLS","Long Point","Panama",9.3,-82.29,NA,"Southwestern Caribbean","Tropical Atlantic"
4904,"RLS","Hospital Point","Panama",9.33,-82.22,"Isthmian-Atlantic moist forests","Southwestern Caribbean","Tropical Atlantic"
4905,"RLS","STRI Point","Panama",9.35,-82.26,"Isthmian-Atlantic moist forests","Southwestern Caribbean","Tropical Atlantic"
4906,"RLS","Salt Creek","Panama",9.28,-82.1,NA,"Southwestern Caribbean","Tropical Atlantic"
4907,"RLS","Porvenir1","Panama",9.56,-78.95,NA,"Southwestern Caribbean","Tropical Atlantic"
4908,"RLS","Porvenir2","Panama",9.56,-78.95,NA,"Southwestern Caribbean","Tropical Atlantic"
4909,"RLS","Porvenir3","Panama",9.56,-78.95,NA,"Southwestern Caribbean","Tropical Atlantic"
4910,"RLS","Chichime SW","Panama",9.59,-78.89,NA,"Southwestern Caribbean","Tropical Atlantic"
4911,"RLS","Chichime SE","Panama",9.58,-78.88,NA,"Southwestern Caribbean","Tropical Atlantic"
4912,"RLS","Chichime NE","Panama",9.58,-78.87,NA,"Southwestern Caribbean","Tropical Atlantic"
4913,"RLS","Isla Urava SE","Panama",8.77,-79.53,NA,"Panama Bight","Tropical Eastern Pacific"
4914,"RLS","El Hotel","Panama",8.23,-79.11,"Chocó-Darién moist forests","Panama Bight","Tropical Eastern Pacific"
4915,"RLS","El Arco","Panama",8.31,-79.1,"Chocó-Darién moist forests","Panama Bight","Tropical Eastern Pacific"
4916,"RLS","Punta Santa Cruz","Panama",8.26,-79.07,"Chocó-Darién moist forests","Panama Bight","Tropical Eastern Pacific"
4917,"RLS","La Cascada","Panama",8.26,-79.07,"Chocó-Darién moist forests","Panama Bight","Tropical Eastern Pacific"
4918,"RLS","San Jose NE","Panama",8.32,-79.1,NA,"Panama Bight","Tropical Eastern Pacific"
4919,"RLS","Boulder Field","Panama",8.31,-79.12,NA,"Panama Bight","Tropical Eastern Pacific"
4920,"RLS","Isla Senora","Panama",8.45,-79.11,NA,"Panama Bight","Tropical Eastern Pacific"
4921,"RLS","Bahï¿½ï¿½a San Telmo Sth","Panama",8.23,-78.9,NA,"Panama Bight","Tropical Eastern Pacific"
4922,"RLS","Isla de Monte","Panama",8.33,-78.81,NA,"Panama Bight","Tropical Eastern Pacific"
4923,"RLS","Isla de Cana 1","Panama",8.39,-78.82,NA,"Panama Bight","Tropical Eastern Pacific"
4924,"RLS","Isla de Cana 2","Panama",8.39,-78.82,NA,"Panama Bight","Tropical Eastern Pacific"
4925,"RLS","Canal Afuerita","Panama",7.71,-81.64,NA,"Nicoya","Tropical Eastern Pacific"
4926,"RLS","El Elephante","Panama",8.41,-78.8,NA,"Panama Bight","Tropical Eastern Pacific"
4927,"RLS","Isla del Espiritu Santo","Panama",8.43,-78.85,NA,"Panama Bight","Tropical Eastern Pacific"
4928,"RLS","Pablo","Panama",8.45,-78.85,NA,"Panama Bight","Tropical Eastern Pacific"
4929,"RLS","El Cangreion","Panama",8.48,-78.92,NA,"Panama Bight","Tropical Eastern Pacific"
4930,"RLS","Punta Galera","Panama",8.64,-79.03,NA,"Panama Bight","Tropical Eastern Pacific"
4931,"RLS","Canal Afuera","Panama",7.69,-81.61,NA,"Nicoya","Tropical Eastern Pacific"
4932,"RLS","Isla Pargo Panama","Panama",7.96,-82.06,NA,"Nicoya","Tropical Eastern Pacific"
4933,"RLS","SW Isla Pargo  Panama","Panama",7.95,-82.06,NA,"Nicoya","Tropical Eastern Pacific"
4934,"RLS","Isla Brincano  Panama","Panama",7.87,-81.79,NA,"Nicoya","Tropical Eastern Pacific"
4935,"RLS","Uva NE","Panama",7.83,-81.76,NA,"Nicoya","Tropical Eastern Pacific"
4936,"RLS","Bahï¿½ï¿½a Damas Sur","Panama",7.4,-81.66,NA,"Nicoya","Tropical Eastern Pacific"
4937,"RLS","Bajo Montuosa Oeste","Panama",7.47,-82.27,NA,"Nicoya","Tropical Eastern Pacific"
4938,"RLS","Bajo Telesto","Panama",7.52,-81.9,NA,"Nicoya","Tropical Eastern Pacific"
4939,"RLS","Barco Quebrado","Panama",7.32,-81.67,NA,"Nicoya","Tropical Eastern Pacific"
4940,"RLS","Brincanco SO","Panama",7.85,-81.8,NA,"Nicoya","Tropical Eastern Pacific"
4941,"RLS","Canal Afuera SE","Panama",7.69,-81.61,NA,"Nicoya","Tropical Eastern Pacific"
4942,"RLS","Canal Afuera SO","Panama",7.69,-81.64,NA,"Nicoya","Tropical Eastern Pacific"
4943,"RLS","Hill Rocks","Panama",7.29,-81.67,NA,"Nicoya","Tropical Eastern Pacific"
4944,"RLS","Islote Coco Norte","Panama",7.62,-81.71,NA,"Nicoya","Tropical Eastern Pacific"
4945,"RLS","Jicaron Oeste","Panama",7.26,-81.82,"Isthmian-Pacific moist forests","Nicoya","Tropical Eastern Pacific"
4946,"RLS","Montuosa Norte","Panama",7.48,-82.24,NA,"Nicoya","Tropical Eastern Pacific"
4947,"RLS","Montuosa Sureste","Panama",7.46,-82.23,NA,"Nicoya","Tropical Eastern Pacific"
4948,"RLS","Pasage Rock","Panama",7.32,-81.71,NA,"Nicoya","Tropical Eastern Pacific"
4949,"RLS","TabogaSW","Panama",8.78,-79.54,NA,"Panama Bight","Tropical Eastern Pacific"
4950,"RLS","Punta Adelarda","Panama",7.49,-81.89,NA,"Nicoya","Tropical Eastern Pacific"
4951,"RLS","Punta Damas","Panama",7.52,-81.67,NA,"Nicoya","Tropical Eastern Pacific"
4952,"RLS","Punta Felipa","Panama",7.42,-81.7,NA,"Nicoya","Tropical Eastern Pacific"
4953,"RLS","Punta Hermosa Norte","Panama",7.54,-81.86,NA,"Nicoya","Tropical Eastern Pacific"
4954,"RLS","Punta Piedra Hueca","Panama",7.41,-81.82,"Isthmian-Pacific moist forests","Nicoya","Tropical Eastern Pacific"
4955,"RLS","Secas E","Panama",7.95,-82.02,NA,"Nicoya","Tropical Eastern Pacific"
4956,"RLS","Secas SE","Panama",7.95,-82.04,NA,"Nicoya","Tropical Eastern Pacific"
4957,"RLS","Uvita Abajo","Panama",7.8,-81.75,NA,"Nicoya","Tropical Eastern Pacific"
4958,"RLS","Urava Islote","Panama",8.77,-79.54,NA,"Panama Bight","Tropical Eastern Pacific"
4959,"RLS","Pachequilla","Panama",8.67,-79.07,NA,"Panama Bight","Tropical Eastern Pacific"
4960,"RLS","Pachequilla Este","Panama",8.67,-79.06,NA,"Panama Bight","Tropical Eastern Pacific"
4961,"RLS","Ladrones NW","Panama",7.87,-82.44,NA,"Nicoya","Tropical Eastern Pacific"
4962,"RLS","Isla Ladrones NE","Panama",7.87,-82.44,NA,"Nicoya","Tropical Eastern Pacific"
4963,"RLS","Isla Tintorera","Panama",8.12,-82.3,NA,"Nicoya","Tropical Eastern Pacific"
4964,"RLS","Chapera","Panama",8.58,-79.02,NA,"Panama Bight","Tropical Eastern Pacific"
4965,"RLS","Punta Lanza","Panama",8.12,-82.32,NA,"Nicoya","Tropical Eastern Pacific"
4966,"RLS","Isla Berraco","Panama",8.09,-82.26,NA,"Nicoya","Tropical Eastern Pacific"
4967,"RLS","Bolaï¿½ï¿½os Isla","Panama",8.09,-82.26,NA,"Nicoya","Tropical Eastern Pacific"
4968,"RLS","Seca North","Panama",7.96,-82.06,NA,"Nicoya","Tropical Eastern Pacific"
4969,"RLS","Secas","Panama",7.99,-82.07,NA,"Nicoya","Tropical Eastern Pacific"
4970,"RLS","Islote Cavada NE","Panama",8,-82.03,NA,"Nicoya","Tropical Eastern Pacific"
4971,"RLS","Secas O","Panama",7.98,-82.02,NA,"Nicoya","Tropical Eastern Pacific"
4972,"RLS","Seca Este","Panama",7.95,-82.02,NA,"Nicoya","Tropical Eastern Pacific"
4973,"RLS","Roca Bruja","Panama",7.99,-81.98,NA,"Nicoya","Tropical Eastern Pacific"
4974,"RLS","Bajo Urraca","Panama",7.84,-81.8,NA,"Nicoya","Tropical Eastern Pacific"
4975,"RLS","Membrillo","Panama",8.52,-79.01,NA,"Panama Bight","Tropical Eastern Pacific"
4976,"RLS","Brincanco","Panama",7.85,-81.79,NA,"Nicoya","Tropical Eastern Pacific"
4977,"RLS","Isla Pajaros","Panama",7.87,-81.78,NA,"Nicoya","Tropical Eastern Pacific"
4978,"RLS","Brincanco N","Panama",7.87,-81.79,NA,"Nicoya","Tropical Eastern Pacific"
4979,"RLS","Bajo El Sueno del Pescador","Panama",7.89,-81.81,NA,"Nicoya","Tropical Eastern Pacific"
4980,"RLS","Sin Nombre NE","Panama",7.84,-81.75,NA,"Nicoya","Tropical Eastern Pacific"
4981,"RLS","Urita Arriba","Panama",7.82,-81.74,NA,"Nicoya","Tropical Eastern Pacific"
4982,"RLS","Almohada N","Panama",7.82,-81.77,NA,"Nicoya","Tropical Eastern Pacific"
4983,"RLS","Uva Sur","Panama",7.8,-81.76,NA,"Nicoya","Tropical Eastern Pacific"
4984,"RLS","Roca Prosper","Panama",7.78,-81.76,NA,"Nicoya","Tropical Eastern Pacific"
4985,"RLS","Roca  Corbita","Panama",7.66,-81.73,NA,"Nicoya","Tropical Eastern Pacific"
4986,"RLS","Isla Casayeta","Panama",8.53,-79.01,NA,"Panama Bight","Tropical Eastern Pacific"
4987,"RLS","Frijol","Panama",7.65,-81.72,NA,"Nicoya","Tropical Eastern Pacific"
4988,"RLS","Islote derecha Racheria","Panama",7.63,-81.71,NA,"Nicoya","Tropical Eastern Pacific"
4989,"RLS","Punta Iglesia","Panama",7.63,-81.69,NA,"Nicoya","Tropical Eastern Pacific"
4990,"RLS","Granito de Oro","Panama",7.59,-81.71,NA,"Nicoya","Tropical Eastern Pacific"
4991,"RLS","Punta Baltazar Oeste","Panama",7.65,-81.76,NA,"Nicoya","Tropical Eastern Pacific"
4992,"RLS","Coiba coral reef NE","Panama",7.63,-81.73,NA,"Nicoya","Tropical Eastern Pacific"
4993,"RLS","Islote Santa Cruz","Panama",7.63,-81.78,NA,"Nicoya","Tropical Eastern Pacific"
4994,"RLS","Bajo Twin Peaks","Panama",7.59,-81.84,NA,"Nicoya","Tropical Eastern Pacific"
4995,"RLS","Piedra Hacha","Panama",7.43,-81.86,NA,"Nicoya","Tropical Eastern Pacific"
4996,"RLS","Jicarï¿½ï¿½n Noroeste","Panama",7.3,-81.82,NA,"Nicoya","Tropical Eastern Pacific"
4997,"RLS","Don Bernado","Panama",8.4,-79.08,NA,"Panama Bight","Tropical Eastern Pacific"
4998,"RLS","Jicaron Este","Panama",7.27,-81.78,NA,"Nicoya","Tropical Eastern Pacific"
4999,"RLS","Jicarita E","Panama",7.21,-81.8,NA,"Nicoya","Tropical Eastern Pacific"
5000,"RLS","La Cathedral  Jicarita","Panama",7.23,-81.83,NA,"Nicoya","Tropical Eastern Pacific"
5001,"RLS","Jicarita Sur","Panama",7.2,-81.8,NA,"Nicoya","Tropical Eastern Pacific"
5002,"RLS","Logan Rock","Panama",7.33,-81.72,NA,"Nicoya","Tropical Eastern Pacific"
5003,"RLS","Bajo Punta Anegada","Panama",7.35,-81.59,NA,"Nicoya","Tropical Eastern Pacific"
5004,"RLS","Frailes del Sur","Panama",7.34,-80.14,NA,"Panama Bight","Tropical Eastern Pacific"
5005,"RLS","Bajo del diabolo","Panama",8.42,-79.13,NA,"Panama Bight","Tropical Eastern Pacific"
5006,"RLS","Don Bernard W","Panama",8.4,-79.08,NA,"Panama Bight","Tropical Eastern Pacific"
5007,"RLS","La Vivienda","Panama",8.32,-79.1,NA,"Panama Bight","Tropical Eastern Pacific"
5008,"RLS","Cathedral","Turks and Caicos Islands",21.82,-72.18,NA,"Bahamian","Tropical Atlantic"
5009,"RLS","Piranha Cove","Turks and Caicos Islands",21.82,-72.19,NA,"Bahamian","Tropical Atlantic"
5010,"RLS","G-Spot","Turks and Caicos Islands",21.49,-72.22,NA,"Bahamian","Tropical Atlantic"
5011,"RLS","Rock'n'Roll","Turks and Caicos Islands",21.49,-72.22,NA,"Bahamian","Tropical Atlantic"
5012,"RLS","Long Key SE","United States of America",24.62,-82.86,NA,"Floridian","Tropical Atlantic"
5013,"RLS","Garden Key SE","United States of America",24.61,-82.87,NA,"Floridian","Tropical Atlantic"
5014,"RLS","Windjammer wreck","United States of America",24.62,-82.94,NA,"Floridian","Tropical Atlantic"
5015,"RLS","Coffins Patch E FL","United States of America",24.69,-80.96,NA,"Floridian","Tropical Atlantic"
5016,"RLS","Coffins Patch W FL","United States of America",24.69,-80.96,NA,"Floridian","Tropical Atlantic"
5017,"RLS","Looe Reef Deep FL","United States of America",24.54,-81.42,NA,"Floridian","Tropical Atlantic"
5018,"RLS","Looe Reef West FL","United States of America",24.55,-81.41,NA,"Floridian","Tropical Atlantic"
5019,"RLS","Looe Reef Marker Post FL","United States of America",24.55,-81.41,NA,"Floridian","Tropical Atlantic"
5020,"RLS","Pillar Patch FL","United States of America",24.68,-80.97,NA,"Floridian","Tropical Atlantic"
5021,"RLS","Vaca Key Bight East FL","United States of America",24.69,-81.03,NA,"Floridian","Tropical Atlantic"
5022,"RLS","Delta Shoal Marathon FL","United States of America",24.63,-81.09,NA,"Floridian","Tropical Atlantic"
5023,"RLS","Sunkist, FL","United States of America",26.25,-80.07,NA,"Floridian","Tropical Atlantic"
5024,"RLS","Sunrise Blvd, FL","United States of America",26.14,-80.1,NA,"Floridian","Tropical Atlantic"
5025,"RLS","Dania Beach","United States of America",26.05,-80.11,NA,"Floridian","Tropical Atlantic"
5026,"RLS","John U. Lloyd Beach State Park","United States of America",26.08,-80.1,NA,"Floridian","Tropical Atlantic"
5027,"RLS","Vista Park","United States of America",26.16,-80.09,NA,"Floridian","Tropical Atlantic"
5028,"RLS","Sombrero Light W FL","United States of America",24.63,-81.11,NA,"Floridian","Tropical Atlantic"
5029,"RLS","Sombrero Light E FL","United States of America",24.63,-81.11,NA,"Floridian","Tropical Atlantic"
5030,"RLS","Sombrero Light FL","United States of America",24.63,-81.11,NA,"Floridian","Tropical Atlantic"
5031,"RLS","Sombrero Light Deep FL","United States of America",24.62,-81.11,NA,"Floridian","Tropical Atlantic"
5032,"RLS","Vaca Key Bight FL","United States of America",24.69,-81.06,NA,"Floridian","Tropical Atlantic"
5033,"RLS","Vaca Key Bight S FL","United States of America",24.71,-81.05,NA,"Floridian","Tropical Atlantic"
5034,"TEAM","Volcán Barva","Costa Rica",10.33451,-84.05156,"Isthmian-Atlantic moist forests","Southwestern Caribbean","Tropical Atlantic"
5035,"TEAM","Barro Colorado Island","Panama",9.16267,-79.80448,"Isthmian-Atlantic moist forests","Southwestern Caribbean","Tropical Atlantic"
5036,"TEAM","Central Suriname Nature Reserve","Suriname",4.77906,-56.16857,"Guianan moist forests","Guianan","Tropical Atlantic"
5037,"TEAM","Caxiuanã National Forest","Brazil",-1.7759,-51.50067,"Xingu-Tocantins-Araguaia moist forests","Amazonia","Tropical Atlantic"
5038,"TEAM","Manaus","Brazil",-2.50997,-60.00503,"Uatuma-Trombetas moist forests",NA,NA
5039,"TEAM","Yasuní National Park","Ecuador",-0.67594,-79.80258,"Western Ecuador moist forests","Guayaquil","Tropical Eastern Pacific"
5040,"TEAM","Cocha Cashu","Peru",-11.91929,-71.35269,"Southwest Amazon moist forests",NA,NA
