"Network.ID","Author.Name","Author.ORCID","Author.Institution","Author.Institution.Full.Address","Author.Institution.ZIPCode","Author.Institution.Country"
"BDCTamar","Erik Allan Pinheiro dos Santos","0000-0002-3932-3355","Instituto Chico Mendes de Conservação da Biodiversidade","Avenida Nossa Senhora dos Navegantes, 451, Ed. PetroTower, sala 1601, Enseada do Suá - Vitória/ES","29.050-335","Brazil"
"BDCTamar","Cecilia Baptistotte","0000-0001-8785-7119","Instituto Chico Mendes de Conservação da Biodiversidade","Avenida Nossa Senhora dos Navegantes, 451, Ed. PetroTower, sala 1601, Enseada do Suá - Vitória/ES","29.050-335","Brazil"
"Bio.LEP","Tatiana Cornelissen","0000-0002-2721-7010","Universidade Federal de Minas Gerais (UFMG)","Universidade Federal de Minas Gerais, Departamento de Genética, Ecologia e Evolução, Programa de Pós Graduação em Ecologia, Conservação e Manejo da Vida Silvestre, ICB, Avenida Preseidente Antônio Carlos, 6625, Belo Horizonte, Minas Gerais","31270-910","Brazil"
"Bio.LEP","Giselle Martins Lourenço","0000-0003-1452-641X","Universidade Federal de Minas Gerais (UFMG)","Universidade Federal de Minas Gerais, Departamento de Genética, Ecologia e Evolução, Programa de Pós Graduação em Ecologia, Conservação e Manejo da Vida Silvestre, ICB, Avenida Preseidente Antônio Carlos, 6625, Belo Horizonte, Minas Gerais","31270-910","Brazil"
"Bio.LEP","Thaís Pignataro","0000-0003-0333-1078","Universidade Federal de Minas Gerais (UFMG)","Universidade Federal de Minas Gerais, Departamento de Genética, Ecologia e Evolução, Programa de Pós Graduação em Ecologia, Conservação e Manejo da Vida Silvestre, ICB, Avenida Preseidente Antônio Carlos, 6625, Belo Horizonte, Minas Gerais","31270-910","Brazil"
"Bio.LEP","Nathália Ribeiro Henriques","0000-0002-3858-8423","Universidade Federal de Minas Gerais (UFMG)","Universidade Federal de Minas Gerais, Departamento de Genética, Ecologia e Evolução, Programa de Pós Graduação em Ecologia, Conservação e Manejo da Vida Silvestre, ICB, Avenida Preseidente Antônio Carlos, 6625, Belo Horizonte, Minas Gerais","31270-910","Brazil"
"Bio.LEP","Ello Brasil","0000-0002-6384-7853","Universidade Federal de Ouro Preto (UFOP)","Universidade Federal de Ouro Preto, Instituto de Ciências Exatas e Biológicas, Departamento de Biodiversidade, Evolução e Meio Ambiente. Campus Morro do Cruzeiro, Laboratório de Ecologia Evolutiva de Insetos de Dossel e Sucessão Natural","35.4000-000","Brazil"
"Bio.LEP","Andrêsa Garcia Andrade","0000-0002-7514-2324 ","Universidade Federal de São João del-Rei (UFSJ)","Universidade Federal de São João del-Rei, Departamento de Ciências Naturais, DCNAT, Praça Dom Helvécio, 74, Dom Bosco","36301-160","Brazil"
"DipteraAp","Bruna Letícia Barreto Façanha","0000-0001-6108-3477","Universidade Federal do Pará","Rua Augusto Corrêa, 01 - Guamá. Belém, Pará – Brazil","CEP 66075-110","Brazil"
"EcoEvol-group","Maribet Gamboa","0000-0003-3744-1339","Universidad Católica de la Santísima Concepción (UCSC)","Universidad Católica de la Santísima Concepción, Departamento de Ecologia, Alonso de Ribera 2850 - Concepción – Chile","2850","Chile"
"EFMAsmallmammals","Rosana Gentile","0000-0001-9160-1204","Instituto Oswaldo Cruz, Fundação Oswaldo Cruz","Laboratório de Biologia e Parasitologia de Mamíferos Silvestres Reservatórios. Instituto Oswaldo Cruz, Fundação Oswaldo Cruz. Av. Brasil 4365, Manguinhos, Rio de Janeiro, RJ.","21040-360","Brazil"
"EFMAsmallmammals","Sócrates Fraga da Costa-Neto","0000-0003-2813-525X","Campus Fiocruz Mata Atlântica, Fundação Oswaldo Cruz","Fiocruz Mata Atlântica, Fundação Oswaldo Cruz, Jacarepaguá, Rio de Janeiro, RJ.","22713‑560","Brazil"
"EFMAsmallmammals","Thiago dos Santos Cardoso","0000-0003-2724-6038","Instituto Oswaldo Cruz, Fundação Oswaldo Cruz","Laboratório de Biologia e Parasitologia de Mamíferos Silvestres Reservatórios. Instituto Oswaldo Cruz, Fundação Oswaldo Cruz. Av. Brasil 4365, Manguinhos, Rio de Janeiro, RJ.","21040-360","Brazil"
"EFMAsmallmammals","Raquel Gonzalez Boullosa","0000-0002-7560-4277","Instituto Oswaldo Cruz, Fundação Oswaldo Cruz","Laboratório de Virologia Comparada e Ambiental. Instituto Oswaldo Cruz, Fundação Oswaldo Cruz. Av. Brasil 4365, Manguinhos, Rio de Janeiro, RJ.","21040-360","Brazil"
"EFMAsmallmammals","Jonatas Amorim Tavares","0000-0002-5364-5908","Campus Fiocruz Mata Atlântica, Fundação Oswaldo Cruz","Fiocruz Mata Atlântica, Fundação Oswaldo Cruz, Jacarepaguá, Rio de Janeiro, RJ.","22713‑560","Brazil"
"FERN.ECU","Laura Salazar","0000-0001-7179-5822","Centro de Investigación de la Biodiversidad y Cambio Climático (BioCamb) e Ingeniería en Biodiversidad y
Recursos Genéticos, Facultad de Ciencias de Medio Ambiente, Universidad Tecnológica Indoamérica, Quito, Ecuador","Quito, Sabanilla sn y Machala","170103","Ecuador"
"FERN.ECU","Paola Peña","0000-0001-7744-6738","Centro de Investigación de la Biodiversidad y Cambio Climático (BioCamb) y Facultad de Ciencias de Medio Ambiente, Universidad Tecnológica Indoamérica, Quito, Ecuador","Quito, Sabanilla sn y Machala","170103","Ecuador"
"FundAmazonia","Richard E Bodmer","0000-0001-8777-2967","FundAmazonia","Malecon Tarapaca 332, Iquitos, Peru","Loreto 2000","Peru"
"Gradiente.Funcional","Carlos Alfredo Joly","0000-0002-7945-2805","Universidade Estadual de Campinas","Universidade Estadual de Campinas, Instituto de Biologia, Departamento de Biologia Vegetal, Rua Monteiro Lobato 255, Campinas, SP","13083-862","Brazil"
"Gradiente.Funcional","Luciana F. Alves","0000-0002-8944-1851","University of California, Los Angeles","Institute of the Environment and Sustainability, 619 Charles E. Young Dr. East, La Kretz Hall, Suite 300, Los Angeles, CA","90095","United States"
"Gradiente.Funcional","Simone Aparecida Vieira","0000-0002-0129-4181","Universidade Estadual de Campinas","Rua dos Flamboyants, 155 - Cidade Universitária","13083-867","Brazil"
"Gradiente.Funcional","Flavio Antonio Maës dos Santos","0000-0002-4329-6214","Universidade Estadual de Campinas","Universidade Estadual de Campinas, Instituto de Biologia, Departamento de Biologia Vegetal, Rua Monteiro Lobato 255, Campinas, SP","13083-862","Brazil"
"Gradiente.Funcional","Valéria Forni Martins","0000-0002-0092-5674","Federal University of São Carlos","Department of Natural Sciences, Maths, and Education, Centre for Agrarian Sciences, Federal University of São Carlos (UFSCar), Rodovia Anhanguera - SP 330, km 174, Araras, SP","13600-970","Brazil"
"Gradiente.Funcional","Debora Pignatari Drucker","0000-0003-4177-1322","Embrapa Informática Agropecuária","Av. André Tosello, nº 209 - Campus da Unicamp, Barão Geraldo - Campinas - SP","13083-886","Brazil"
"LEB.CS","Marcos Callisto","0000-0003-2341-4700","Laboratório de Ecologia de Bentos, Departamento de Genética, Ecologia e Evolução, Instituto de Ciências Biológicas, Universidade Federal de Minas Gerais, Belo Horizonte,","Avenida Antonio Carlos, 6627","31.270-901","Brazil"
"LEB.CS","Diego R. Macedo","0000-0002-1178-4969","Laboratório de Geomorfologia e Recursos Hídricos, Departamento de Geografia, Instituto de Geociências, Universidade Federal de Minas Gerais, Belo Horizonte, Brazil","Avenida Antonio Carlos, 6627","31.270-901","Brazil"
"LEB.GD","Marcos Callisto","0000-0003-2341-4700","Laboratório de Ecologia de Bentos, Departamento de Genética, Ecologia e Evolução, Instituto de Ciências Biológicas, Universidade Federal de Minas Gerais, Belo Horizonte,","Avenida Antonio Carlos, 6627","31.270-901","Brazil"
"LEB.GD","Diego R. Macedo","0000-0002-1178-4969","Laboratório de Geomorfologia e Recursos Hídricos, Departamento de Geografia, Instituto de Geociências, Universidade Federal de Minas Gerais, Belo Horizonte, Brazil","Avenida Antonio Carlos, 6627","31.270-901","Brazil"
"LEB.NP","Marcos Callisto","0000-0003-2341-4700","Laboratório de Ecologia de Bentos, Departamento de Genética, Ecologia e Evolução, Instituto de Ciências Biológicas, Universidade Federal de Minas Gerais, Belo Horizonte,","Avenida Antonio Carlos, 6627","31.270-901","Brazil"
"LEB.NP","Diego R. Macedo","0000-0002-1178-4969","Laboratório de Geomorfologia e Recursos Hídricos, Departamento de Geografia, Instituto de Geociências, Universidade Federal de Minas Gerais, Belo Horizonte, Brazil","Avenida Antonio Carlos, 6627","31.270-901","Brazil"
"LERSAF","Sandra Cristina Müller","0000-0002-6316-2897","Universidade Federal do Rio Grande do Sul (UFRGS)","Universidade Federal do Rio Grande do Sul (UFRGS), Departamento de Ecologia, Avenida Bento Gonçalves 9500, Porto Alegre, RS, Brasil","91501-970","Brazil"
"LERSAF","Rodrigo Scarton Bergamin","0000-0002-2405-9977","Universidade Federal do Rio Grande do Sul (UFRGS)","Universidade Federal do Rio Grande do Sul (UFRGS), Departamento de Ecologia, Avenida Bento Gonçalves 9500, Porto Alegre, RS, Brasil","91501-970","Brazil"
"LERSAF","Kauane Maiara Bordin","0000-0003-3871-6293","Universidade Federal do Rio Grande do Sul (UFRGS)","Universidade Federal do Rio Grande do Sul (UFRGS), Departamento de Ecologia, Avenida Bento Gonçalves 9500, Porto Alegre, RS, Brasil","91501-970","Brazil"
"LERSAF","Joice Klipel","0000-0003-3936-9692","Universidade Federal do Rio Grande do Sul (UFRGS)","Universidade Federal do Rio Grande do Sul (UFRGS), Departamento de Ecologia, Avenida Bento Gonçalves 9500, Porto Alegre, RS, Brasil","91501-970","Brazil"
"LERSAF","Rayana Caroline Picolotto","0000-0002-4365-9062","Universidade Federal do Rio Grande do Sul (UFRGS)","Universidade Federal do Rio Grande do Sul (UFRGS), Departamento de Ecologia, Avenida Bento Gonçalves 9500, Porto Alegre, RS, Brasil","91501-970","Brazil"
"LEV_Com_PalmFixed","Rita Portela","0000-0002-8702-7665","Universidade Federal do Rio de Janeiro","Universidade Federal do Rio de Janeiro, Instituto de Biologia, Departamento de Ecologia, Laboratório de Ecologia Vegetal, Ilha do Fundão, CEP: 21941-970, Rio de Janeiro, RJ, Brazil","21941-970","Brazil"
"LEV_Com_PalmFixed","Eduardo Arcoverde","0000-0002-9635-5150","Universidade Federal do Rio de Janeiro","Universidade Federal do Rio de Janeiro, Instituto de Biologia, Departamento de Ecologia, Laboratório de Ecologia Vegetal, Ilha do Fundão, CEP: 21941-970, Rio de Janeiro, RJ, Brazil","21941-970","Brazil"
"LEV_Com_PalmFixed","Eduardo Mendes","0000-0003-3110-3988","Universidade Federal do Rio de Janeiro","Universidade Federal do Rio de Janeiro, Instituto de Biologia, Departamento de Ecologia, Laboratório de Ecologia Vegetal, Ilha do Fundão, CEP: 21941-970, Rio de Janeiro, RJ, Brazil","21941-970","Brazil"
"Lev_ComPalmVar","Rita Portela","0000-0002-8702-7665","Universidade Federal do Rio de Janeiro","Universidade Federal do Rio de Janeiro, Instituto de Biologia, Departamento de Ecologia, Laboratório de Ecologia Vegetal, Ilha do Fundão, CEP: 21941-970, Rio de Janeiro, RJ, Brazil","21941-970","Brazil"
"Lev_ComPalmVar","Eduardo Arcoverde","0000-0002-9635-5150","Universidade Federal do Rio de Janeiro","Universidade Federal do Rio de Janeiro, Instituto de Biologia, Departamento de Ecologia, Laboratório de Ecologia Vegetal, Ilha do Fundão, CEP: 21941-970, Rio de Janeiro, RJ, Brazil","21941-970","Brazil"
"Lev_ComPalmVar","Eduardo Mendes","0000-0003-3110-3988","Universidade Federal do Rio de Janeiro","Universidade Federal do Rio de Janeiro, Instituto de Biologia, Departamento de Ecologia, Laboratório de Ecologia Vegetal, Ilha do Fundão, CEP: 21941-970, Rio de Janeiro, RJ, Brazil","21941-970","Brazil"
"LEV_DinPalm","Rita Portela","0000-0002-8702-7665","Universidade Federal do Rio de Janeiro","Universidade Federal do Rio de Janeiro, Instituto de Biologia, Departamento de Ecologia, Laboratório de Ecologia Vegetal, Ilha do Fundão, CEP: 21941-970, Rio de Janeiro, RJ, Brazil","21941-970","Brazil"
"LEV_DinPalm","Eduardo Arcoverde","0000-0002-9635-5150","Universidade Federal do Rio de Janeiro","Universidade Federal do Rio de Janeiro, Instituto de Biologia, Departamento de Ecologia, Laboratório de Ecologia Vegetal, Ilha do Fundão, CEP: 21941-970, Rio de Janeiro, RJ, Brazil","21941-970","Brazil"
"LEV_DinPalm","Eduardo Mendes","0000-0003-3110-3988","Universidade Federal do Rio de Janeiro","Universidade Federal do Rio de Janeiro, Instituto de Biologia, Departamento de Ecologia, Laboratório de Ecologia Vegetal, Ilha do Fundão, CEP: 21941-970, Rio de Janeiro, RJ, Brazil","21941-970","Brazil"
"Limnol.UFRRJ","Jayme M. Santangelo","0000-0002-4153-6894","Universidade Federal Rural do Rio de Janeiro","Departamento de Ciências Ambientais, Universidade Federal Rural do Rio de Janeiro, Rodovia BR 465, km 07, Seropédica, RJ, Brasil","23890-000","Brazil"
"LTSER-CHILE","Alejandra J. Troncoso","0000-0003-3185-2858","Universidad de La Serena | Instituto de Ecología y Biodiversidad","Universidad de La Serena, Departamento de Biología, Raul Bitran 1305, La Serena, Region de Coquimbo, Chile | Instituto de Ecología y Biodiversidad, Las Palmeras 3425, Ñuñoa, Región Metropolitana, Chile","1720170","Chile"
"MarineGEO","Leah Harper","0000-0002-0159-6059","Smithsonian Environmental Research Center","647 Contees Wharf Rd, Edgewater, MD 21037","21037","United States"
"MarineGEO","Michael Lonneman","na","Smithsonian Environmental Research Center","647 Contees Wharf Rd, Edgewater, MD 21037","21037","United States"
"MonANPeru","Timothy R. Baker's ","0000-0002-3251-1679","University of Leeds","na","na","United Kingdom"
"Manu","John W. Terborgh","0000-0002-8238-4583","University of Floirda","Gainesville, Florida ","32611","United States"
"Monitora.FLO","Cecilia Cronemberger ","0000-0002-0704-0262","Instituto Chico Mendes de Conservação da Biodiversidade (ICMBio) ","na","na","Brazil"
"NEMA.Brasil","Mário Luiz Gomes Soares","0000-0002-3312-7257","Universidade do Estado do Rio de Janeiro (UERJ)","Universidade do Estado do Rio de Janeiro, Faculdade de Oceanografia, Rua São Francisco Xavier, 524, sala 4023-E","20550-019","Brazil"
"NEMA.Brasil","Filipe de Oliveira Chaves","0000-0001-7114-7585","Universidade do Estado do Rio de Janeiro (UERJ)","Universidade do Estado do Rio de Janeiro, Faculdade de Oceanografia, Rua São Francisco Xavier, 524, sala 4023-E","20550-019","Brazil"
"OPWALL-DOM-T","Charlotte Palmer","na","Operation Wallacea","Operation Wallacea, Wallace House, Old Bolingbroke, Lincolnshire, PE234EX, UK","PE23 4EX","United Kingdom"
"OPWALL-GUY-T","Andrew Snyder","https://orcid.org/0000-0001-5588-9319","Re:wild"," Re:wild. Austin, TX 78767, USA.","78767","United States"
"OPWALL-GUY-T","Brian O'Shea","https://orcid.org/0000-0003-1439-6870","North Carolina Museum of Natural Sciences","11 West Jones Street, Raleigh, NC 27601","27601","United States"
"OPWALL-HON-M-T","Dan Exton","https://orcid.org/0000-0001-8885-5828","Operation Wallacea","Operation Wallacea, Wallace House, Old Bolingbroke, Lincolnshire, PE234EX, UK","PE23 4EX","United Kingdom"
"OPWALL-HON-M-U","Dan Exton","https://orcid.org/0000-0001-8885-5828","Operation Wallacea","Operation Wallacea, Wallace House, Old Bolingbroke, Lincolnshire, PE234EX, UK","PE23 4EX","United Kingdom"
"OPWALL-HON-T","Tom Martin","https://orcid.org/0000-0003-2347-982X","Operation Wallacea","Operation Wallacea, Wallace House, Old Bolingbroke, Lincolnshire, PE234EX, UK","PE23 4EX","United Kingdom"
"OPWALL-HON-T","Merlijn Jocque","https://orcid.org/0000-0002-7196-7476","BINCO","Aquatic and Terrestrial Ecology (ATECO), Royal Belgian Institute of Natural Sciences (RBINS), Vautierstraat 29, 1000 Brussels, Belgium,","1000 Brussels","Belgium"
" PBPaAg","Luciano Martins Verdade","0000-0002-1326-0886","Centro de Energia Nuclear na Agricultura|Universidade de São Paulo","Av. Pádua Dias, 11 - Agronomia, Piracicaba - SP","13418-900","Brazil"
" PBPaAg","Rafaela Prado Graciano","0000-0002-2141-3491","Universidade de São Paulo","Av. Pádua Dias, 11 - Agronomia, Piracicaba - SP","13418-900","Brazil"
"PEBANPA","Guillermo Martínez Pastur","0000-0003-2614-5403","Centro Austral de Investigaciones Científicas (CADIC-CONICET)","Av. Houssay 200, Ushuaia, Tierra del Fuego","9410","Argentina"
"PEBANPA","María Vanessa Lencinas","0000-0002-2123-3976","Centro Austral de Investigaciones Científicas (CADIC-CONICET)","Av. Houssay 200, Ushuaia, Tierra del Fuego","9410","Argentina"
"PEBANPA","Pablo Luis Peri","0000-0002-5398-4408","Instituto Nacional de Tecnología Agropecuaria (INTA)-Universidad Nacional de la Patagonia Asutral (UNPA)-CONICET","Casill de correo 332","9400","Argentina"
"PEBANPA","Juan Manuel Cellini","0000-0002-7870-5751","Facultad de Ciencias Agrarias y Forestales, Universidad Nacional de La Plata","Av. 60 y Diag. 113, La Plata, Buenos Aires","1900","Argentina"
"PELD - IAFA","Flávia R C Costa","0000-0002-9600-4625","Instituto Nacional de Pesquisas da Amazônia","Av Andre Araujo, 2936, Manaus","69067-375","Brazil"
"PELD - IAFA","Gabriel Borba","0000-0002-3159-2120","Virginia Tech","Virginia Polytechnic Institute and State University, Department of Fish and Wildlife Conservation, West Campus Drive, 310","24060","United States"
"PELD - IAFA","Jansen Zuanon","0000-0001-8354-2750","Instituto Nacional de Pesquisas da Amazônia","Av Andre Araujo, 2936, Manaus","69067-375","Brazil"
"PELD - IAFA","Fabricio Beggiato Baccaro","0000-0003-4747-1857","Universidade Federal do Amazonas","Av. Gen. Rodrigo Octávio 6200, Coroado I","69080-900","Brazil"
"PELD - IAFA","Jorge Luis Pereira de Souza","0000-0003-4574-8111","Instituto Nacional  da Mata Atlântica","Av. José Ruschi, Nº 4 - Centro, Santa Teresa - ES","29650-000","Brazil"
"PELD-BISC","Bruna Nunes Krobel","0000-0003-0862-6916","Universidade Federal de Santa Catarina","Department of Ecology and Zoology, Biological Sciences Center, Universidade Federal de Santa Catarina (UFSC), Florianópolis - Santa Catarina
Florianópolis, SC - BRASIL"," 88040-970","Brazil"
"PELD-BISC","Juliano André Bogoni","0000-0002-8541-0556","Universidade de São Paulo","Department of Forest Sciences, Laboratory of Ecology, Management and Conservation of Wild Fauna (LEMaC), Piracicaba - São Paulo","13418-900","Brazil"
"PELD-BISC","Maurício Eduardo Graipel","0000-0001-5059-1919","Universidade Federal de Santa Catarina","Department of Ecology and Zoology, Biological Sciences Center, Universidade Federal de Santa Catarina (UFSC), Florianópolis - Santa Catarina
Florianópolis, SC - BRASIL"," 88040-970","Brazil"
"PELD-BISC","José Salatiel Rodrigues ","0000-0002-7416-939X","Universidade Federal de Santa Catarina","Department of Ecology and Zoology, Biological Sciences Center, Universidade Federal de Santa Catarina (UFSC), Florianópolis - Santa Catarina
Florianópolis, SC - BRASIL"," 88040-970","Brazil"
"PELD-BISC","Nivaldo Peroni ","0000-0002-6770-5377","Universidade Federal de Santa Catarina","Department of Ecology and Zoology, Biological Sciences Center, Universidade Federal de Santa Catarina (UFSC), Florianópolis - Santa Catarina
Florianópolis, SC - BRASIL"," 88040-970","Brazil"
"PELD.RioDoce.sub.II","Sérvio Pontes Ribeiro","0000-0002-0191-8759","Universidade Federal de Ouro Preto (UFOP)","Universidade Federal de Ouro Preto, Departamento de Biodiversidade, Evolução e Meio Ambiente, Instituto de Ciências Biológicas e Exatas, Morro do Cruzeiro , Ouro Preto, Minas Gerais , Brazil","35400-000","Brazil"
"PELD.RioDoce.sub.II","Giselle Martins Lourenço","0000-0003-1452-641X","Universidade Federal de Minas Gerais (UFMG)","Universidade Federal de Minas Gerais, Departamento de Genética, Ecologia e Evolução, Programa de Pós Graduação em Ecologia, Conservação e Manejo da Vida Silvestre, ICB, Avenida Preseidente Antônio Carlos, 6625, Belo Horizonte, Minas Gerais","31270-910","Brazil"
"PELD.RioDoce.sub.II","Raquel Luiza de Carvalho","0000-0003-3734-0271","Embrapa Amazônia Oriental","Embrapa Amazônia Oriental, Tv. Dr. Eneas Pinheiro, s/n - Marco, Belém - PA,","66095-903","Brazil"
"PELD.RioDoce.sub.II","Maria Fernanda Brito","0000-0002-5633-3504","Universidade Federal de Ouro Preto (UFOP)","Universidade Federal de Ouro Preto, Departamento de Biodiversidade, Evolução e Meio Ambiente, Instituto de Ciências Biológicas e Exatas, Morro do Cruzeiro , Ouro Preto, Minas Gerais , Brazil","35400-000","Brazil"
"PELD.RioDoce.sub.II","Renata Bernardes Faria Campos","0000-0002-2046-3235","Universidade do Vale do Rio Doce (UNIVALE)","Universidade do Vale do Rio Doce, Programa em Manejo integrado de TerritórioProgram in Integrated, Governador Valadares, MG , Brazil","36570-000","Brazil"
"PELD.RioDoce.sub.II","Glória Ramos Soares","0000-0001-6524-8654","Universidade Federal de Ouro Preto (UFOP)","Universidade Federal de Ouro Preto, Departamento de Biodiversidade, Evolução e Meio Ambiente, Instituto de Ciências Biológicas e Exatas, Morro do Cruzeiro , Ouro Preto, Minas Gerais , Brazil","35400-000","Brazil"
"PELD.RioDoce.sub.II","Isabella Lopes","0000-0002-1105-1220","Universidade Federal de Ouro Preto (UFOP)","Universidade Federal de Ouro Preto, Departamento de Biodiversidade, Evolução e Meio Ambiente, Instituto de Ciências Biológicas e Exatas, Morro do Cruzeiro , Ouro Preto, Minas Gerais , Brazil","35400-000","Brazil"
"PELDFORR","Thiago Orsi Laranjeiras","0000-0002-6997-3113","Instituto Chico Mendes de Conservação da Biodiversidade, Núclo de Gestão Integrada ICMBio Roraima","Rua Alfredo Cruz, 283, Centro, Boa Vista, RR, Brasil","69301-140","Brazil"
"PELDFORR","Ramiro Melinski","0000-0032-4375-5764","Instituto Nacional de Pesquisas da Amazônia ","Rua Solema, 29, Apto. 09 - Conjunto Villar Câmara, Bairro Aleixo, Manaus - AM","69083-360","Brazil"
"PELDFORR","Gabriel Augusto Leite","0000-0003-3229-9185","Rainforest Connection","Av Cosme Ferreira, 2214, Coroado, Manaus, AM","69082 230","Brazil"
"PELDFORR","Bruna Mirely da Costa","0000-0002-5111-6033","Universidade Federal de Pernambuco","Rua Coronel Manoel de Aquino nº814, Bairro: José Fernandes de Salsa, Limoeiro-PE","55700-000","Brazil"
"PELDFORR","Alexandre Curcino","na","Universidade Estadual de Roraima","R. Sete de Setembro, 231 - Canarinho, Boa Vista - RR, 69306-530","69306-530","Brazil"
"PELDFORR","Patricia da Costa","0000-0002-5192-6685","Embrapa Meio Ambiente","Rodovia SP-340, Km 127,5, Tanquinho Velho, Jaguariúna, SP","13918-110","Brazil"
"PELDFORR","Luciano N. Naka","0000-0002-7716-3401","Universidade Federal de Pernambuco","Av. Moraes Rego, 1235, Cidade Universitária, Recife, Pernambuco","50670-901","Brazil"
"PELDFORR","Elildo Carvalho Jr. ","na","Centro Nacional de Pesquisa e Conservação de Mamíferos Carnivoros (CENAP-ICMBio)","Estrada Municipal Hisaichi Takebayashi, 8600 - Bairro da Usina Atibaia - SP ","12.952-011","Brazil"
"PELDFORR","Reinaldo Imbrozio Barbosa","0000-0002-7482-346X","Instituto Nacional de Pesquisas da Amazônia - Núcleo de Roraima","Rua Coronel Pinto 315 - Centro, Boa Vista - Roraima","69301-150","Brazil"
"PELDFORR","Ricardo de Oliveira Perdiz","0000-0002-2333-6549","Luz da Floresta","Rua Xiriana, 311, Aparecida, Boa Vista, Roraima","69306-320","Brazil"
"PELDFORR","Carolina Volkmer de Castilho","0000-0002-1064-2758","Embrapa Roraima","BR 174, km 8, Boa Vista-RR","69301-970","Brazil"
"PELDFORR","Tânia Pena Pimentel","0000-0002-0103-9658","Instituto Nacional de Pesquisas da Amazônia ","Av. André Araújo, 2936 - Petrópolis, Manaus - AM","69067-375","Brazil"
"PELDFORR","Whaldener Endo","0000-0002-7305-4398","Universidade Federal de Roraima","Av. Cap. Ene Garcês, n° 2413 - Aeroporto, Boa Vista - RR, 69310-000","69310-000","Brazil"
"PELDFORR","Marcos José Salgado Vital","na","Universidade Federal de Roraima","Av. Cap. Ene Garcês, n° 2413 - Aeroporto, Boa Vista - RR, 69310-000","69310-000","Brazil"
"PELDFORR","Bruno de Campos Souza","na","Instituto Chico Mendes de Conservação da Biodiversidade, Núclo de Gestão Integrada ICMBio Roraima","Rua Alfredo Cruz, 283, Centro, Boa Vista, RR, Brasil","69301-140","Brazil"
"BISC","Juliano André Bogoni","0000-0002-8541-0556","Universidade Estadual do Mato Grosso","Faculdade de Ciências Agrárias e Biológicas - UNEMAT. Cáceres - Mato Grosso - BRASIL","78.690-000","Brazil"
"BISC ","Nivaldo Peroni","0000-0002-6770-5377","Universidade Federal de Santa Catarina","Department of Ecology and Zoology, Biological Sciences Center, Universidade Federal de Santa Catarina (UFSC), Florianópolis - Santa Catarina - BRASIL","88040-970","Brazil"
"PPBioMA","Helena Godoy Bergallo","0000-0001-9771-965X","Universidade do Estado do Rio de Janeiro (UERJ)","Universidade do Estado do Rio de Janeiro, Departamento de Ecologia, IBRAG, Rua São Francisco Xavier 524 PHLC 220","20550-019","Brazil"
"PMBioSA","Diego Francis Passos Viana","0000-0002-8341-8941","Instituto Homem Pantaneiro","Ladeira José Bonifácio, 171 - Centro - Corumbá / MS","79331-150","Brazil"
"PMBioSA","Angélica Guerra","0000-0001-6399-8507","Instituto Homem Pantaneiro","Ladeira José Bonifácio, 171 - Centro - Corumbá / MS","79331-151","Brazil"
"PMBioSA","Grasiela Porfirio","0000-0003-0837-7489","Instituto Homem Pantaneiro","Ladeira José Bonifácio, 171 - Centro - Corumbá / MS","79331-152","Brazil"
"PMBioSA","Sergio Eduardo Barreto de Aguiar","na","Instituto Homem Pantaneiro","Ladeira José Bonifácio, 171 - Centro - Corumbá / MS","79331-153","Brazil"
"PMBioSA","Josiel de Oliveira Coelho","na","Instituto Homem Pantaneiro","Ladeira José Bonifácio, 171 - Centro - Corumbá / MS","79331-154","Brazil"
"PMP.BCES","Alessandro Trazzi Pinto","0000-0002-2754-613X","CTA Serviços em Meio Ambiente LTDA","Avenida Saturnino Rangel Mauro, 283, Pontal de Camburi, Vitória/ES","29.062-030","Brazil"
"PMP.BCES","Ana Luiza O. S. Meira","0000-0002-2186-695X,","CTA Serviços em Meio Ambiente LTDA","Avenida Saturnino Rangel Mauro, 283, Pontal de Camburi, Vitória/ES","29.062-030","Brazil"
"PMP.BCES","Milena Maria Vitali","0000-0003-2774-8177","CTA Serviços em Meio Ambiente LTDA","Avenida Saturnino Rangel Mauro, 283, Pontal de Camburi, Vitória/ES","29.062-030","Brazil"
"PMP.BS.RJ","Alexandre Pasolini ","0000-0003-1423-2892","Econservation Estudos e Projetos Ambientais LTDA","Jose Alexandre Buaiz, 300 (Sala 1113 A 1117), ENSEADA DO SUA, VITORIA - ES","29050-545","Brazil"
"PMP.BS.RJ","Paulo Roberto de Jesus Filho","0000-0003-2666-8618","Econservation Estudos e Projetos Ambientais LTDA","Jose Alexandre Buaiz, 300 (Sala 1113 A 1117), ENSEADA DO SUA, VITORIA - ES","29050-545","Brazil"
"PMP.BS.SCPR","André Silva Barreto","0000-0002-6606-0028","Universidade do Vale do Itajaí","EMCT/UNIVALI, R. Uruguai, 458, Itajaí/SC","88302-901","Brazil"
"PMP.BS.SCPR","Camila Domit","0000-0001-6158-6963","Universidade Federal do Paraná (UFPR)","Centro de Estudos do Mar, Av Beira Mar s/n - Pontal do Sul/SC","83255-000","Brazil"
"PMP.BS.SCPR","Cristiane Kiyomi Miyaji Kolesnikovas","0000-0002-8048-6551","Associação R3 Animal","Rodovia João Gualberto Soares, 11.000. Florianópolis/SC","88060-000","Brazil"
"PMP.BS.SCPR","Jeferson Luis Dick","0000-0002-6236-8439","Universidade do Vale do Itajaí","EMCT/UNIVALI/Penha, R. Maria Emi,lia da Costa, 90, Penha/SC","88385-000","Brazil"
"PMP.BS.SCPR","Jenyffer Vierheller Vieira","0000-0001-7785-5670","Universidade da Região de Joinville (UNIVILLE) - Unidade São Francisco do Sul","Rodovia Duque de Caxias, no 6365, Iperoba, São Francisco do Sul/SC","89240-000","Brazil"
"PMP.BS.SCPR","Karina Rejane Groch","0000-0002-2034-3444","Instituto Australis","Av. Atlantica, sn, Praia de Itapirubá Norte, Imbituba/SC","88780-000","Brazil"
"PMP.BS.SCPR","Marta Jussara Cremer","0000-0003-3521-1409","Universidade da Região de Joinville (UNIVILLE) - Unidade São Francisco do Sul","Rodovia Duque de Caxias, no 6365, Iperoba, São Francisco do Sul/SC","89240-000","Brazil"
"PMP.BS.SCPR","Pedro Volkmer de Castilho","0000-0002-9939-7807","Universidade do Estado de Santa Catarina (UDESC)","Universidade do Estado de Santa Catarina, Departamento de Engenharia de Pesca e Ciências Biológicas, Av. Colombo Machado Salles, 1873 Praia do Gi - Laguna/SC","88790-000","Brazil"
"PMP.BS.SP","Andrea Maranho","0000-0003-1735-0886","Instituto Gremar - Pesquisa, Educação e Gestão de Fauna","Estrada Alexandre Migues Rodrigues, 916 - Praia do Tombo, Guarujá/SP","11420-125","Brazil"
"PMP.BS.SP","Carla Beatriz Barbosa","0000-0002-5044-0974","Instituto Argonauta para Conservação Costeira e Marinha","Avenida Governador Abreu Sodré, 1067 Pereque-açu Ubatuba/SP","11680-000","Brazil"
"PMP.BS.SP","Carolina Pacheco Bertozzi","0000-0002-7175-1755","Universidade Estadual Paulista (UNESP)","Universidade Estadual Paulista, Instituto de Biociências, Praça Infante D. Henrique, s/n, São Vicente, São Paulo","11330-900","Brazil"
"PMP.BS.SP","Henrique Chupil","0000-0002-9903-1952","Instituto de Pesquisas Cananéia","Avenida Luiz Rangel, 1167. Carijo, Cananéia/SP","11990-000","Brazil"
"PMP.BS.SP","Rodrigo del Rio do Valle","0000-0001-6570-4138","Instituto Biopesca","Instituto Biopesca, Rua Carlos Eduardo Conte de Castro, n. 93, Praia Grande, São Paulo","11700-570","Brazil"
"PMP.BS.SP","Juliana Plácido Guimarães","na","Instituto Biopesca","Instituto Biopesca, Rua Carlos Eduardo Conte de Castro, n. 93, Praia Grande, São Paulo","11700-570","Brazil"
"PMP.BS.SP","Alexandre Martinelli","na","Mineral Engenharia e Meio Ambiente","Mineral Engenharia e Meio Ambiente, Avenida Vital Brasil, n.177, Cj.804, São Paulo","05503-001","Brazil"
"PMP.RNCE","Aline da Costa Bomfim","0000-0003-4678-7534","Universidade do Estado do Rio Grande do Norte - Projeto Cetáceos da Costa Branca (PCCB-UERN)","BR  110 - KM 46- Rua:  Prof. Antonio Campos S/N - Bairro: Costa e Silva.
Mossoró-RN 
","59625-620","Brazil"
"PMP.RNCE","Cristine Pereira Negrão Silva","0000-0002-3254-936X","Aquasis - Associação de Pesquisa e Preservação de Ecossistemas Aquáticos","Avenida José Alencar, s/n. SESC Iparana. Praia de Iparana, Caucaia/CE. ","61627-250","Brazil"
"PMP.RNCE","Daniel Solon Dias de Farias","0000-0002-5923-8625","Universidade do Estado do Rio Grande do Norte - Projeto Cetáceos da Costa Branca (PCCB-UERN)","BR  110 - KM 46- Rua:  Prof. Antonio Campos S/N - Bairro: Costa e Silva.
Mossoró-RN 
","59625-620","Brazil"
"PMP.RNCE","Flávio José de Lima Silva","0000-0002-6521-9367","Universidade do Estado do Rio Grande do Norte - Projeto Cetáceos da Costa Branca (PCCB-UERN)","BR  110 - KM 46- Rua:  Prof. Antonio Campos S/N - Bairro: Costa e Silva.
Mossoró-RN 
","59625-620","Brazil"
"PMP.RNCE","Mariana Almeida Lima","0000-0002-8893-0872","Universidade do Estado do Rio Grande do Norte - Projeto Cetáceos da Costa Branca (PCCB-UERN)","BR  110 - KM 46- Rua:  Prof. Antonio Campos S/N - Bairro: Costa e Silva.
Mossoró-RN 
","59625-620","Brazil"
"PMP.RNCE","Simone Almeida Gavilan","0000-0003-1163-9822","Universidade Federal do Rio Grande do Norte - Laboratório de Morfofisiologia de Vertebrados.","Campus Universitário Lagoa Nova. Natal/RN.
","59078-970","Brazil"
"PMP.SEAL","Jonathas dos Santos","0000-0002-4217-7088","Visão Ambiental Consultoria LTDA","Rodovia Ayrton Senna, 10, Zona de Expansão. Aracaju/SE.","49008-722","Brazil"
"POPA APAF","Susan Aragón","0000-0002-7364-6094","Universidade Federal do Oeste do Pará","Universidade Federal do Oeste do Pará - Ufopa, Rua Vera Paz, s/n, Salé - Campus Tapajós, Santarém, Pará","68040-255","Brazil"
"POPA APAF","Quêzia Guerreiro","0000-0002-4382-1250 ","Universidade Federal do Oeste do Pará","Universidade Federal do Oeste do Pará - Ufopa, Rua Vera Paz, s/n, Salé - Campus Tapajós, Santarém, Pará","68040-255","Brazil"
"POPA APAF","Leandro Giacomin","0000-0001-8862-4042","Universidade Federal do Oeste do Pará","Universidade Federal do Oeste do Pará - Ufopa, Rua Vera Paz, s/n, Salé - Campus Tapajós, Santarém, Pará","68040-255","Brazil"
"POPA APAS and POPA FNT","Rodrigo Fadini","0000-0002-6873-1438","Universidade Federal do Oeste do Pará","Programa de Pós-Graduação em Biodiversidade, Universidade Federal do Oeste do Pará - Ufopa, Rua Vera Paz, s/n, Salé - Campus Tapajós, Santarém, Pará","68040-255","Brazil"
"POPA APAS","Vanessa Gomes de Sousa","0000-0002-3038-0038","Universidade Federal do Oeste do Pará","Programa de Pós-Graduação em Biodiversidade, Universidade Federal do Oeste do Pará - Ufopa, Rua Vera Paz, s/n, Salé - Campus Tapajós, Santarém, Pará","68040-255","Brazil"
"POPA APAS","Viviane Vasconcelos Corrêa Dourado","0000-0002-3894-4504","Universidade Federal do Oeste do Pará","Programa de Pós-Graduação em Recursos Naturais da Amazônia, Universidade Federal do Oeste do Pará - Ufopa, Rua Vera Paz, s/n, Salé - Campus Tapajós, Santarém, Pará","68040-255","Brazil"
"POPA APAS and POPA FNT","Arlison Bezerra Castro","0000-0003-3888-3331","Universidade Federal do Oeste do Pará","Universidade Federal do Oeste do Pará - Ufopa, Rua Vera Paz, s/n, Salé - Campus Tapajós, Santarém, Pará","68040-255","Brazil"
"POPA ervas","Thaís Elias Almeida","0000-0002-1611-1333","Universidade Federal do Oeste do Pará","Universidade Federal do Oeste do Pará - Ufopa, Instituto de Ciências da Educação - CED,Avenida Marechal Rondon, s/n, Caranazal - Campus Rondon, Santarém, Pará","68.040-070","Brazil"
"POPA ervas","Amanda Frederico Mortati","0000-0001-9150-990X","Universidade Federal do Oeste do Pará","Universidade Federal do Oeste do Pará - Ufopa, Instituto de Biodiversidade e Florestas - IBEF, Rua Vera Paz, s/n, Salé - Campus Tapajós, Santarém, Pará","68035-110","Brazil"
"POPA ervas","Thiago André","0000-0003-4148-3662","Universidade Federal do Oeste do Pará","Universidade Federal do Oeste do Pará - Ufopa, Instituto de Biodiversidade e Florestas - IBEF, Rua Vera Paz, s/n, Salé - Campus Tapajós, Santarém, Pará","68035-110","Brazil"
"POPA FNT","Leandro Giacomin","0000-0001-8862-4042","Universidade Federal do Oeste do Pará","Universidade Federal do Oeste do Pará - Ufopa, Rua Vera Paz, s/n, Salé - Campus Tapajós, Santarém, Pará","68040-255","Brazil"
"POPA FNT","Maria Soliane Sousa Costa","0000-0003-1722-5604 ","Universidade Federal do Oeste do Pará","Programa de Pós-Graduação em Biodiversidade, Universidade Federal do Oeste do Pará - Ufopa, Rua Vera Paz, s/n, Salé - Campus Tapajós, Santarém, Pará","68040-255","Brazil"
"POPA FNT","Quêzia Guerreiro","0000-0002-4382-1250 ","Universidade Federal do Oeste do Pará","Universidade Federal do Oeste do Pará - Ufopa, Rua Vera Paz, s/n, Salé - Campus Tapajós, Santarém, Pará","68040-255","Brazil"
"POPA FNT","Albertina Pimentel Lima","0000-0003-4586-5633","Instituto Nacional de Pesquisas da Amazônia","Instituto Nacional de Pesquisas da Amazônia, Av. André Araújo, 2.936 - Petrópolis - CEP 69067-375 - Manaus, AM, Brazil ","69067-375","Brazil"
"POPA FNT","Clarissa Rosa","0000-0001-7462-1991","Instituto Nacional de Pesquisas da Amazônia","Instituto Nacional de Pesquisas da Amazônia, Av. André Araújo, 2.936 - Petrópolis - CEP 69067-375 - Manaus, AM, Brazil ","69067-375","Brazil"
"POPA FNT","Amanda Frederico Mortati","0000-0001-9150-990X","Universidade Federal do Oeste do Pará","Universidade Federal do Oeste do Pará - Ufopa, Instituto de Biodiversidade e Florestas - IBEF, Rua Vera Paz, s/n, Salé - Campus Tapajós, Santarém, Pará","68035-110","Brazil"
"POPA FNT","Carlos Rodrigo Brocardo","0000-0003-3142-5688","Universidade Federal do Oeste do Pará","Programa de Pós-Graduação em Biodiversidade, Universidade Federal do Oeste do Pará - Ufopa, Rua Vera Paz, s/n, Salé - Campus Tapajós, Santarém, Pará","68040-255","Brazil"
"POPA FNT","Dian Carlos Pinheiro Rosa","0000-0001-8107-7154","Universidade Federal do Oeste do Pará","Programa de Pós-Graduação em Biodiversidade, Universidade Federal do Oeste do Pará - Ufopa, Rua Vera Paz, s/n, Salé - Campus Tapajós, Santarém, Pará","68040-255","Brazil"
"PPBioCS","Gerhard Ernst Overbeck","0000-0002-8716-5136","Universidade Federal do Rio Grande do Sul","Av. Bento Gonçalves, 9500, Porto Alegre, Rio Grande do Sul.","91501-970","Brazil"
"PPBioCS","Luciana da Silva Menezes","0000-0002-2961-0190","Universidade Federal do Rio Grande do Sul","Av. Bento Gonçalves, 9500, Porto Alegre, Rio Grande do Sul.","91501-970","Brazil"
"PPBioCS","Carla Suertegaray Fontana","0000-0001-9423-0752","Pontifícia Universidade Católica do Rio Grande do Sul","Av. Ipiranga, 6681, Porto Alegre, Rio Grande do Sul","90619-900","Brazil"
"PPBioCS","Eduardo Chiarani","0000-0002-4673-6473","Pontifícia Universidade Católica do Rio Grande do Sul","Av. Ipiranga, 6681, Porto Alegre, Rio Grande do Sul","90619-900","Brazil"
"PPBioCS","Christian Borges Andretti","na","Pontifícia Universidade Católica do Rio Grande do Sul","Av. Ipiranga, 6681, Porto Alegre, Rio Grande do Sul","90619-900","Brazil"
"PPBioCS","Sonia Zanini Cechin","0000-0003-2632-1681 ","Universidade Federal de Santa Maria","Av. Roraima, 1000, Santa Maria, Rio Grande do Sul","97105-900","Brazil"
"PPBioCS","Tiago Gomes dos Santos","0000-0003-4298-5656","Universidade Federal do Pampa","Rua Aluízio Barros Macedo s/n, BR 290 (km 423), Bairro Piraí, São Gabriel, Rio Grande do Sul.","97300-970","Brazil"
"PPBioCS","Marcia Regina Spies","0000-0002-3712-4731","Universidade Federal do Pampa","Rua Aluízio Barros Macedo, BR 290, km 423 Bairro Piraí, São Gabriel/ RS","97307-020","Brazil"
"PPBioCS","Fernando Gertum Becker","0000-0002-8295-2691","Universidade Federal do Rio Grande do Sul","Av. Bento Gonçalves, 9500, Porto Alegre, Rio Grande do Sul.","91501-970","Brazil"
"PPBioCS","Renato Bolson Dala-Corte","0000-0001-7492-3447","Universidade Federal do Rio Grande do Sul","Av. Bento Gonçalves, 9500, Porto Alegre, Rio Grande do Sul.","91501-970","Brazil"
"PPBioCS","Mateus Camana","0000-0002-3738-3637","Universidade Federal do Rio Grande do Sul","Av. Bento Gonçalves, 9500, Porto Alegre, Rio Grande do Sul.","91501-970","Brazil"
"PPBioCS","Taís de Fátima Ramos Guimarães","0000-0003-3969-935X","Universidade Federal do Rio Grande do Sul","Av. Bento Gonçalves, 9500, Porto Alegre, Rio Grande do Sul.","91501-970","Brazil"
"PPBioCS","Luiz Roberto Malabarba","0000-0002-9607-3735","Universidade Federal do Rio Grande do Sul","Av. Bento Gonçalves, 9500, Porto Alegre, Rio Grande do Sul.","91501-970","Brazil"
"PPBioCS","Juliano Ferrer","0000-0001-6198-6289","Universidade Federal do Rio Grande do Sul","Av. Bento Gonçalves, 9500, Porto Alegre, Rio Grande do Sul.","91501-970","Brazil"
"PPBioCS","Juliana M. Wingert","0000-0001-9975-9970","Universidade Federal do Rio Grande do Sul","Av. Bento Gonçalves, 9500, Porto Alegre, Rio Grande do Sul.","91501-970","Brazil"
"PPBioCS","Luciana Regina Podgaiski","0000-0001-8020-2312","Universidade Federal do Rio Grande do Sul","Av. Bento Gonçalves, 9500, Porto Alegre, Rio Grande do Sul.","91501-970","Brazil"
"PPBioCS","William Dröse","0000-0002-4509-777X","Universidade Federal do Rio Grande do Sul","Av. Bento Gonçalves, 9500, Porto Alegre, Rio Grande do Sul.","91501-970","Brazil"
"PPBioCS","Valério DePatta Pillar","0000-0001-6408-2891","Universidade Federal do Rio Grande do Sul","Av. Bento Gonçalves, 9500, Porto Alegre, Rio Grande do Sul.","91501-970","Brazil"
"PPBioCS","Eduardo Vélez-Martin","0000-0001-8028-8953","Universidade Federal do Rio Grande do Sul","Av. Bento Gonçalves, 9500, Porto Alegre, Rio Grande do Sul.","91501-970","Brazil"
"PPBioMA","Elisandro Ricardo Drechsler-Santos","0000-0002-3702-8715","Universidade Federal de Santa Catarina","Programa de pós-graduação em Biologia de Fungos, Algas e Plantas, Departamento Botânica, Universidade Federal de Santa Catarina, Campus Trindade, 88040-900, Florianópolis, SC, Brazil","88040-900","Brazil"
"PPBioMA","Diogo Henrique Costa-Rezende","0000-0002-7381-6954","Universidade Estadual Feira de Santa","Programa de pós-graduação em Botânica, Departamento de Biologia, Universidade Estadual de Feira de Santana, Campus Universitário, 44031-460, Feira de Santana, BA, Brazil","44031-460","Brazil"
"PPBioMA","Genivaldo Alves-Silva","0000-0002-8142-6665","Universidade Federal de Santa Catarina","Programa de pós-graduação em Biologia de Fungos, Algas e Plantas, Departamento Botânica, Universidade Federal de Santa Catarina, Campus Trindade, 88040-900, Florianópolis, SC, Brazil","88040-900","Brazil"
"PPBioMA","Luís Adriano Funez","0000-0002-0008-1061","Universidade Federal de Santa Catarina","Programa de pós-graduação em Biologia de Fungos, Algas e Plantas, Departamento Botânica, Universidade Federal de Santa Catarina, Campus Trindade, 88040-900, Florianópolis, SC, Brazil","88040-900","Brazil"
"PPBioMA","Felipe Bittencourt","0000-0003-4285-6213","Universidade Federal de Santa Catarina","Programa de pós-graduação em Biologia de Fungos, Algas e Plantas, Departamento Botânica, Universidade Federal de Santa Catarina, Campus Trindade, 88040-900, Florianópolis, SC, Brazil","88040-900","Brazil"
"PPBioMA","Kelmer Martins da Cunha","0000-0002-0545-5966","Universidade Federal de Santa Catarina","Programa de pós-graduação em Biologia de Fungos, Algas e Plantas, Departamento Botânica, Universidade Federal de Santa Catarina, Campus Trindade, 88040-900, Florianópolis, SC, Brazil","88040-900","Brazil"
"PPBioMA","Thiago Kossmann","0000-0003-2858-7838","Universidade Federal de Santa Catarina","Programa de pós-graduação em Biologia de Fungos, Algas e Plantas, Departamento Botânica, Universidade Federal de Santa Catarina, Campus Trindade, 88040-900, Florianópolis, SC, Brazil","88040-900","Brazil"
"PPBioMA","Mahatma Titton","0000-0001-7139-5116","Universidade Federal de Santa Catarina","Programa de pós-graduação em Biologia de Fungos, Algas e Plantas, Departamento Botânica, Universidade Federal de Santa Catarina, Campus Trindade, 88040-900, Florianópolis, SC, Brazil","88040-900","Brazil"
"PPBioMA","Marcela Monteiro","0000-0003-3944-9924","Universidade Federal de Santa Catarina","Programa de pós-graduação em Biologia de Fungos, Algas e Plantas, Departamento Botânica, Universidade Federal de Santa Catarina, Campus Trindade, 88040-900, Florianópolis, SC, Brazil","88040-900","Brazil"
"Rede Ripária","Amanda Frederico Mortati","0000-0001-9150-990X","Universidade Federal do Oeste do Pará","Universidade Federal do Oeste do Pará - Ufopa, Instituto de Biodiversidade e Florestas - IBEF, Rua Vera Paz, s/n, Salé - Campus Tapajós, Santarém, Pará","68035-110","Brazil"
"Rede Ripária","Thiago André","0000-0003-4148-3662","Universidade Federal do Oeste do Pará","Universidade Federal do Oeste do Pará - Ufopa, Instituto de Biodiversidade e Florestas - IBEF, Rua Vera Paz, s/n, Salé - Campus Tapajós, Santarém, Pará","68035-110","Brazil"
"Rede Ripária","Maria Teresa Fernandes Piedade","0000-0002-7320-0498","Instituto Nacional de Pesquisas da Amazônia","Instituto Nacional de Pesquisas da Amazônia, Av. André Araújo, 2.936 - Petrópolis - CEP 69067-375 - Manaus, AM, Brazil","69067-375","Brazil"
"Rede Ripária","Leidiane Leão de Oliveira","0000-0002-5995-9107","Universidade Federal do Oeste do Pará","Universidade Federal do Oeste do Pará - Ufopa, Instituto de Ciências e Tecnologias da Águas - ICTA, Rua Vera Paz, s/n, Salé - Campus Tapajós, Santarém, Pará","68035-110","Brazil"
"Rede Ripária","Thaís Elias Almeida","0000-0002-1611-1333","Universidade Federal do Oeste do Pará","Universidade Federal do Oeste do Pará - Ufopa, Instituto de Ciências da Educação - CED,Avenida Marechal Rondon, s/n, Caranazal - Campus Rondon, Santarém, Pará","68.040-070","Brazil"
"ReefCheck","Jan Freiwald","0000-0002-7131-4117","Reef Check Foundation","5760 Lindero Canyon Rd. #1116, Westlake Village, CA 91362 USA","91362","United States"
"Univ.Andes","Emilio Vilanova","https://orcid.org/
0000-0001-6289-5127","Wildlife Conservation Society","2300 Southern Boulevard. Bronx, New York 10460","10460","United States"
"Univ.Andes","Hirma Ramirez-Angulo","https://orcid.org/
0000-0001-6007-9978","Universidad de Los Andes","Instituto de Investigaciones para el Desarrollo Forestal, via Los Chorros, Merida","5101","Venezuela"
"Univ.Andes","Armando Torres-Lezama","na","Universidad de Los Andes","Instituto de Investigaciones para el Desarrollo Forestal, via Los Chorros, Merida","5101","Venezuela"
"Univ.Andes","Julio Serrano","na","Universidad de Los Andes","Instituto de Investigaciones para el Desarrollo Forestal, via Los Chorros, Merida","5101","Venezuela"
"Univ.Andes","Pedro Salcedo","na","Universidad de Los Andes","Instituto de Investigaciones para el Desarrollo Forestal, via Los Chorros, Merida","5101","Venezuela"
"Univ.Andes","Oliver Phillips","https://orcid.org/
0000-0002-8993-6168","University of Leeds","10.28 Garstang, School of Geography","LS2 9JT","United Kingdom"
"Univ.Andes","Geertje van der Heijden","https://orcid.org/
0000-0002-2110-5173","University of Nottingham","Room B19 Sir Clive Granger Building, University Park, Nottingham, NG7 2RD, UK","NG7 2RD","United Kingdom"
"OPWALL-ECU","Oliver Thomas","na","Operation Wallacea","Operation Wallacea, Wallace House, Old Bolingbroke, Lincolnshire, PE234EX, UK","PE23 4EX","United Kingdom"
"DinamicPlant","Moisés Méndez-Toribio","0000-0002-8568-8072","Red de Diversidad Biología del Occidente Mexicano, Instituto de Ecología, A.C.-Centro Regional del Bajío.","Calle Prolongación Lázaro Cárdenas 253, Centro, Pátzcuaro, Michoacán","61600","México"
"DinamicPlant","Alexis Arriaga Ramírez","0000-0001-9704-3880","Instituto de Investigaciones sobre los Recursos Naturales, Universidad Michoacana de San Nicolás de Hidalgo, Morelia, Michoacá","Avenida Juanito Itzicuaro SN, 58330 Morelia, Mich.","58087","México"
"DinamicPlant","Leonel López-Toledo","0000-0003-3424-5746","Instituto de Investigaciones sobre los Recursos Naturales, Universidad Michoacana de San Nicolás de Hidalgo, Morelia, Michoacá","Avenida Juanito Itzicuaro SN, 58330 Morelia, Mich.","58087","México"
"GLORIA-Andes","Luis Daniel Llambi","0000-0002-2031-810X","Instituto de Ciencias Ambientales y Ecológicas, Universidad de Los Andes, Núcleo La Hechicera, Mérida, Venezuela","Facultad de Ciencias, Universidad de Los Andes, La Hechicera, Mérida","5101","Venezuela"
"GLORIA-Andes","Jorge Jacome","na","Pontificia Universidad Javeriana","na","na","Colombia"
"GLORIA-Andes","David Suárez-Duque","na","na","na","na","Ecuador"
"GLORIA-Andes","Carolina Tovar","0000-0002-8256-9174","Royal Botanic Gardens Kew, Surrey, UK","na","na","United Kingdom"
"GLORIA-Andes","Francisco Cuesta","0000-0002-5150-073X ","Grupo de Investigación en Biodiversidad Medio Ambiente y Salud -BIOMAS –Universidad de las Américas, Quito, Ecuador","Universidad de Las Américas Ecuador, Campus UDLAPark Este, Vía a Nayón s/n","170503","Ecuador"
"GLORIA-Andes","Priscilla Muriel","0000-0002-7874-8057","Laboratorio de Ecofisiología, Escuela de Ciencias Biológicas, Pontificia Universidad Católica del Ecuador, Quito, Ecuador","Av. 12 de Octubre, entre Patria y Veintimilla. Quito, Ecuador","170255","Ecuador"
"GLORIA-Andes","Sisimac Duchicela","0000-0002-8035-0603","Grupo de Investigación en Biodiversidad Medio Ambiente y Salud -BIOMAS –Universidad de las Américas, Quito, Ecuador","Universidad de Las Américas Ecuador, Campus UDLAPark Este, Vía a Nayón s/n","170503","Ecuador"
"GLORIA-Andes","Ricardo Jaramillo","0000-0003-3083-1254","Instituto Biosfera. Universidad San Francisco de Quito, Quito, Ecuador","Diego de Robles s/n y Pampite, Quito. Ecuador","170904","Ecuador"
"GLORIA-Andes","Nikolay Aguirre","0000-0002-3473-2977","Universidad Nacional de Loja. Centro de Investigaciones Tropicales del Ambiente y Biodiversidad (CITIAB) ","Ciudad Universitaria  Guillermo Falconí - Loja - Ecuador","110111","Ecuador"
"GLORIA-Andes","Paúl Eguiguren","0000-0001-8973-0664","Universidad Nacional de Loja. Centro de Investigaciones Tropicales del Ambiente y Biodiversidad (CITIAB) ","Ciudad Universitaria  Guillermo Falconí - Loja - Ecuador","110111","Ecuador"
"GLORIA-Andes","Paul Viñas","na","Naturaleza y Cultura Internacional (NCI)","na","na","Peru"
"GLORIA-Andes","Karina Yager","0000-0003-4938-5012","School of Marine and Atmospheric Sciences, Stony Brook University. ","Endeavour 145, Stony Brook, NY, 11794 USA.","na","Ecuador"
"GLORIA-Andes","Stephan Beck ","0000-0001-8226-3741","Herbario Nacional de Bolivia (LPB), Instituto de Ecología (IE), Universidad Mayor de San Andrés (UMSA).","Campus Universitario UMSA, Cota Cota, Calle 26, Casilla 10077, Correo Central, La Paz, Bolivia.","na","Bolivia"
"GLORIA-Andes","Rosa Isela Meneses","0000-0001-8779-2757","Universidad Católica del Norte (UCN) y Herbario Nacional de Bolivia","Calle Gustavo Le Paige 380, San Pedro de Atacama y Campus Universitario UMSA, Cota Cota, Calle 26, Casilla 10077, Correo Central, La Paz, Bolivia.","na","Chile"
"GLORIA-Andes","Stephan Halloy","0000-0003-1678-4682","Ministry for Primary Industries, Wellington, New Zealand","na","na","New Zealand"
"GLORIA-Andes","Mariana Musicante","na","New Zealand BioSecure Entomology Laboratory – Southern Monitoring Services","na","na","New Zealand"
"GLORIA-Andes","Julieta Carilla","0000-0002-7034-4154","Instituto de Ecología Regional (IER, Universidad Nacional de Tucumán - CONICET)","Edificio Las Cúpulas, Horco Molle","4107","Argentina"
"GLORIA-Andes","Alfredo Grau","0000-0001-7479-231X","Instituto de Ecología Regional (IER, Universidad Nacional de Tucumán - CONICET)","Edificio Las Cúpulas, Horco Molle","4107","Argentina"
"GLORIA-Andes","Soledad Cuello","0000-0003-3284-8594","Instituto de Biosprospeccion y Fisiología Vegetal (INBIOFIV)","na","4000","Argentina"
"GLORIA-Andes","Pablo Peri","0000-0002-5398-4408","Instituto Nacional de Tecnología Agropecuaria (INTA)-Universidad Nacional de la Patagonia Asutral (UNPA)-CONICET","Casilla de correo 332","9400","Argentina"
"GLORIA-Andes","María Vanessa Lencinas","0000-0002-2123-3976","Centro Austral de Investigaciones Científicas (CADIC-CONICET)","Av. Houssay 200, Ushuaia, Tierra del Fuego","9410","Argentina"
"GLORIA-Andes","Guillermo Martínez Pastur","0000-0003-2614-5403","Centro Austral de Investigaciones Científicas (CADIC-CONICET)","Av. Houssay 200, Ushuaia, Tierra del Fuego","9410","Argentina"
"GLORIA-Andes","Juan Manuel Cellini","0000-0002-7870-5751","Facultad de Ciencias Agrarias y Forestales, Universidad Nacional de La Plata","Av. 60 y Diag. 113, La Plata, Buenos Aires","1900","Argentina"
"GLORIA-Andes","Rosina Soler","0000-0002-5799-1672","Centro Austral de Investigaciones Científicas (CADIC-CONICET)","Av. Houssay 200, Ushuaia, Tierra del Fuego","9410","Argentina"
"GLORIA-Andes","Petra Wallem","na","Ministerio del Medio Ambiente, División de RRNN y BD","San Martín 73, Piso 7, Santiago de Chile","8320000","Chile"
"GLORIA-Andes","Luis E. Gamez","na","Universidad de Los Andes","Facultad de Ciencias Forestales y Ambientales, Universidad de Los Andes, Mérida 5101, Venezuela","5101","Venezuela"
"GLORIA-Andes","Lirey Ramirez","na","Instituto de Ciencias Ambientales y Ecológicas, Universidad de Los Andes, Núcleo La Hechicera, Mérida, Venezuela","Facultad de Ciencias, Universidad de Los Andes, La Hechicera, Mérida","5101","Venezuela"
"SINCHI","Nicolas Castaño","na","Institito Amazonico de Investigaciones Cientificas SINCHI","na","SINCHI","Colombia"
"BAMGES","Daniel Henrique Homem","0000-0002-7318-7617","Casa da Floresta Ambiental","Av. Joaninha Morganti, 289, Monte Alegre, Piracicaba, São Paulo","13415-030","Brazil"
"BAMGES","Vagner de Araujo Gabriel","0000-0002-6736-7283","Casa da Floresta Ambiental","Av. Joaninha Morganti, 289, Monte Alegre, Piracicaba, São Paulo","13415-030","Brazil"
"BAMGES","Matheus Carvalho vergne","0000-0002-7318-7617","Casa da Floresta Ambiental","Av. Joaninha Morganti, 289, Monte Alegre, Piracicaba, São Paulo","13415-030","Brazil"
"BAMGES","Thainá Cassola Carrero","0000-0003-1560-204X","Casa da Floresta Ambiental","Av. Joaninha Morganti, 289, Monte Alegre, Piracicaba, São Paulo","13415-030","Brazil"
"BAMGES","Paulo Efrain Antonio","0000-0003-4054-2368","Casa da Floresta Ambiental","Av. Joaninha Morganti, 289, Monte Alegre, Piracicaba, São Paulo","13415-030","Brazil"
"BAMGES","João Carlos Zecchini Gebin","0000-0002-7653-3933","Casa da Floresta Ambiental","Av. Joaninha Morganti, 289, Monte Alegre, Piracicaba, São Paulo","13415-030","Brazil"
"BAMGES","Elson Fernandes Lima","0000-0003-0540-7320","Casa da Floresta Ambiental","Av. Joaninha Morganti, 289, Monte Alegre, Piracicaba, São Paulo","13415-030","Brazil"
"BAMGES","Tathiane Santi Sarcinelli","0000-0002-7473-5881","Suzano","Rodovia Aracruz-Barra do Riacho, s/n, km 25, fábrica da Suzano, Aracruz, Espírito Santo","29197-900","Brazil"
"BAMGES","Virgínia Londe de Camargos","0000-0002-9039-8408","Veracel Celulose","Caixa Postal 21, Eunápolis, Bahia","45820-970","Brazil"
"Bio.M.A.","Renatha Cardoso da Silva ","0000-0002-2811-6190","Universidade Federal do Rio de Janeiro (UFRJ)","Universidade Federal do Rio de Janeiro, Instituto de Biologia, Departamento de Ecologia, Programa de Pós-Graduação em Ecologia, Av. Carlos Chagas Filho, 373, Cidade Universitária, Rio de Janeiro, RJ.","21941-971","Brazil"
"Bio.M.A.","Mariana Silva Ferreira ","0000-0003-0016-4235","Universidade Veiga de Almeida","Universidade Veiga de Almeida, Departamento de Biologia, Rua Ibituruna 108 bloco B 2° andar Maracanã Rio de Janeiro","20271-020","Brazil"
"Bio.M.A.","Rui Cerqueira ","0000-0002-0196-3808","Universidade Federal do Rio de Janeiro (UFRJ)","Universidade Federal do Rio de Janeiro, Instituto de Biologia, Departamento de Ecologia, Programa de Pós-Graduação em Ecologia, Av. Carlos Chagas Filho, 373, Cidade Universitária, Rio de Janeiro, RJ.","21941-971","Brazil"
"Bio.M.A.","Marcus Vinícius Vieira","0000-0002-4472-5447","Universidade Federal do Rio de Janeiro (UFRJ)","Universidade Federal do Rio de Janeiro, Instituto de Biologia, Departamento de Ecologia, Programa de Pós-Graduação em Ecologia, Av. Carlos Chagas Filho, 373, Cidade Universitária, Rio de Janeiro, RJ.","21941-971","Brazil"
"Bio.M.A.","Gabriel Cupolillo de Azeredo","0000-0003-0243-4665","Universidade Federal do Rio de Janiero (UFRJ)","Universidade Federal do Rio de Janeiro, Instituto de Biologia, Departamento de Ecologia, Programa de Pós-Graduação em Ecologia, Av. Carlos Chagas Filho, 373, Cidade Universitária, Rio de Janeiro, RJ.","21941-971","Brazil"
"Bio.M.A.","Diogo Loretto","0000-0002-9464-6712 ","Bicho do Mato Meio Ambiente Ltda, Gestão Técnica I. ","Bicho do Mato Meio Ambiente Ltda, Gestão Técnica I., Rua Perdigão Malheiros - de 121/122 ao fim
Coração de Jesus, 30380234 - Belo Horizonte, MG – Brasil","30380-234","Brazil"
"DryFlor_Brazil","Caroline Pessanha da Silva","0000-0002-1351-2553","Universidade Estadual do Norte Fluminense (UENF), Centro de Biociências e Biotecnologia (CBB), Laboratório de Ciências Ambientais (LCA)","Av. Alberto Lamego 2000, Campos dos Goytacazes, RJ.","28013-602","Brazil"
"DryFlor_Brazil","Dora Vilella","0000-0002-3507-0186","Universidade Estadual do Norte Fluminense (UENF), Centro de Biociências e Biotecnologia (CBB), Laboratório de Ciências Ambientais (LCA)","Av. Alberto Lamego 2000, Campos dos Goytacazes, RJ.","28013-602","Brazil"
"DryFlor_Brazil","Igor Broggio","0000-0002-9045-9135","Universidade Estadual do Norte Fluminense (UENF), Centro de Biociências e Biotecnologia (CBB), Laboratório de Ciências Ambientais (LCA)","Av. Alberto Lamego 2000, Campos dos Goytacazes, RJ.","28013-602","Brazil"
"DryFlor_Brazil","Karla Maria Pedra de Abreu","0000-0002-2747-9758","Instituto Federal de Educação, Ciência e Tecnologia do Espírito Santo (Ifes), Campus de Alegre,","Rod. 482, km 47, 29520-000, Alegre, ES, Brasil","29520-000","Brazil"
"DryFlor_Brazil","Marcelo Trindade Nascimento","0000-0003-4492-3344","Universidade Estadual do Norte Fluminense (UENF), Centro de Biociências e Biotecnologia (CBB), Laboratório de Ciências Ambientais (LCA)","Av. Alberto Lamego 2000, Campos dos Goytacazes, RJ.","28013-602","Brazil"
"DryFlor_Brazil","Vinicius Duncan da Silva","0000-0001-7102-3582","Universidade Estadual do Norte Fluminense (UENF), Centro de Biociências e Biotecnologia (CBB), Laboratório de Ciências Ambientais (LCA)","Av. Alberto Lamego 2000, Campos dos Goytacazes, RJ.","28013-602","Brazil"
"DryFlor_Brazil","Vitor Melo Erse Cyrino","0000-0002-2973-8768","Universidade Estadual do Norte Fluminense (UENF), Centro de Biociências e Biotecnologia (CBB), Laboratório de Ciências Ambientais (LCA)","Av. Alberto Lamego 2000, Campos dos Goytacazes, RJ.","28013-602","Brazil"
"e-Phenology/LTER-CRSC","Leonor Patrícia C. Morellato","000-0001-5265-8988","Universidade Estadual Paulista ","Universidade Estadual Paulista UNESP, Inntituto de Biociências, Departamento de Biodiversidade, Laboratório de Fenologia, Avenida 24 A, 1515","13506900","Brazil"
"e-Phenology/LTER-CRSC","Bruna Alberton","0000-0003-4835-8389","Universidade Estadual Paulista ","Universidade Estadual Paulista UNESP, Inntituto de Biociências, Departamento de Biodiversidade, Laboratório de Fenologia, Avenida 24 A, 1515","13506900","Brazil"
"PELD-BSFU","Monique Medeiros Gabriel","0000-0002-7312-4798","Fiocruz Mata Atlântica","Av. Sampaio Corrêa, s/n, Pavilhão Olympio da Fonseca, Jacarepaguá, Rio de Janeiro, RJ","22713-560","Brazil"
"PELD-BSFU","Jailton Paes Costa","0000-0001-9687-7349","Fiocruz Mata Atlântica","Av. Sampaio Corrêa, s/n, Pavilhão Olympio da Fonseca, Jacarepaguá, Rio de Janeiro, RJ","22713-560","Brazil"
"PELD-BSFU","Iuri Veríssimo","0000-0002-7857-8916","Fiocruz Mata Atlântica","Av. Sampaio Corrêa, s/n, Pavilhão Olympio da Fonseca, Jacarepaguá, Rio de Janeiro, RJ","22713-560","Brazil"
"PELD-BSFU","Andrea Vanini","0000-0001-6532-6691","Fiocruz Mata Atlântica","Av. Sampaio Corrêa, s/n, Pavilhão Olympio da Fonseca, Jacarepaguá, Rio de Janeiro, RJ","22713-560","Brazil"
"PELD-BSFU","Ricardo Moratelli","0000-0003-0942-6633","Fiocruz Mata Atlântica","Av. Sampaio Corrêa, s/n, Pavilhão Olympio da Fonseca, Jacarepaguá, Rio de Janeiro, RJ","22713-560","Brazil"
"PELD-BSFU","Sócrates Costa Fraga-Neto","0000-0003-2813-525X","Fiocruz Mata Atlântica","Av. Sampaio Corrêa, s/n, Pavilhão Olympio da Fonseca, Jacarepaguá, Rio de Janeiro, RJ","22713-560","Brazil"
"PELD-BSFU","Marina Furtado","0000-0002-6574-7282","Fiocruz Mata Atlântica","Av. Sampaio Corrêa, s/n, Pavilhão Olympio da Fonseca, Jacarepaguá, Rio de Janeiro, RJ","22713-560","Brazil"
"PELD-BSFU","Helena Medrado","0000-0003-0659-8421","Fiocruz Mata Atlântica","Av. Sampaio Corrêa, s/n, Pavilhão Olympio da Fonseca, Jacarepaguá, Rio de Janeiro, RJ","22713-560","Brazil"
"PELD-BSFU","Roberto Leonan Novaes","0000-0003-1657-2807","Fiocruz Mata Atlântica","Av. Sampaio Corrêa, s/n, Pavilhão Olympio da Fonseca, Jacarepaguá, Rio de Janeiro, RJ","22713-560","Brazil"
"PELD-BSFU","Renata Moyses Carrione","0000-0003-3334-3598","Fiocruz Mata Atlântica","Av. Sampaio Corrêa, s/n, Pavilhão Olympio da Fonseca, Jacarepaguá, Rio de Janeiro, RJ","22713-560","Brazil"
"PELD-BSFU","Mayra Cabral","0000-0003-0104-071X","Fiocruz Mata Atlântica","Av. Sampaio Corrêa, s/n, Pavilhão Olympio da Fonseca, Jacarepaguá, Rio de Janeiro, RJ","22713-560","Brazil"
"PELD-BSFU","Sheila Assis","0000-0001-7600-5551","Fiocruz Mata Atlântica","Av. Sampaio Corrêa, s/n, Pavilhão Olympio da Fonseca, Jacarepaguá, Rio de Janeiro, RJ","22713-560","Brazil"
"PELD-BSFU","Maria Affonso Penna","0000-0002-6233-9662","Fiocruz Mata Atlântica","Av. Sampaio Corrêa, s/n, Pavilhão Olympio da Fonseca, Jacarepaguá, Rio de Janeiro, RJ","22713-560","Brazil"
"PELD-BSFU","Kamila Mynessen","0000-0002-4174-3359","Fiocruz Mata Atlântica","Av. Sampaio Corrêa, s/n, Pavilhão Olympio da Fonseca, Jacarepaguá, Rio de Janeiro, RJ","22713-560","Brazil"
"PELD-BSFU","Amarildo Miranda","0000-0001-7311-4904","Fiocruz Mata Atlântica","Av. Sampaio Corrêa, s/n, Pavilhão Olympio da Fonseca, Jacarepaguá, Rio de Janeiro, RJ","22713-560","Brazil"
"PELD-BSFU","Brunna Almeida","0000-0003-1225-0683","Fiocruz Mata Atlântica","Av. Sampaio Corrêa, s/n, Pavilhão Olympio da Fonseca, Jacarepaguá, Rio de Janeiro, RJ","22713-561","Brazil"
"PELD-BSFU","Natasha Bertocchi","0000-0002-8880-5967","Fiocruz Mata Atlântica","Av. Sampaio Corrêa, s/n, Pavilhão Olympio da Fonseca, Jacarepaguá, Rio de Janeiro, RJ","22713-562","Brazil"
"PELD-BSFU","Ademar Couto","0009-0002-3027-3707","Fiocruz Mata Atlântica","Av. Sampaio Corrêa, s/n, Pavilhão Olympio da Fonseca, Jacarepaguá, Rio de Janeiro, RJ","22713-563","Brazil"
"PELD-BSFU","Gabriela Akomi Oda","0000-0003-3763-5539","Fiocruz Mata Atlântica","Av. Sampaio Corrêa, s/n, Pavilhão Olympio da Fonseca, Jacarepaguá, Rio de Janeiro, RJ","22713-565","Brazil"
"PELD-BSFU","Gabriel Cupolillo de Azeredo","0000-0003-0243-4665","Fiocruz Mata Atlântica","Av. Sampaio Corrêa, s/n, Pavilhão Olympio da Fonseca, Jacarepaguá, Rio de Janeiro, RJ","22713-566","Brazil"
"PELD-BSFU","Ellen Schmidt","0000-0003-2084-190X","Fiocruz Mata Atlântica","Av. Sampaio Corrêa, s/n, Pavilhão Olympio da Fonseca, Jacarepaguá, Rio de Janeiro, RJ","22713-567","Brazil"
"PELD-BSFU","Marcelo da Costa Souza","0000-0003-2949-0173","Fiocruz Mata Atlântica","Av. Sampaio Corrêa, s/n, Pavilhão Olympio da Fonseca, Jacarepaguá, Rio de Janeiro, RJ","22713-567","Brazil"
"Garrafão","Renatha Cardoso da Silva","0000-0002-2811-6190","Universidade Federal do Rio de Janeiro (UFRJ)","Universidade Federal do Rio de Janeiro, Instituto de Biologia, Departamento de Ecologia, Programa de Pós-Graduação em Ecologia, Av. Carlos Chagas Filho, 373, Cidade Universitária, Rio de Janeiro, RJ.","21941-971","Brazil"
"Garrafão","Mariana Silva Ferreira","0000-0003-0016-4235","Universidade Veiga de Almeida","Universidade Veiga de Almeida, Departamento de Biologia, Rua Ibituruna 108 bloco B 2° andar Maracanã Rio de Janeiro","20271-020","Brazil"
"Garrafão","Rui Cerqueira","0000-0002-0196-3808","Universidade Federal do Rio de Janeiro (UFRJ)","Universidade Federal do Rio de Janeiro, Instituto de Biologia, Departamento de Ecologia, Programa de Pós-Graduação em Ecologia, Av. Carlos Chagas Filho, 373, Cidade Universitária, Rio de Janeiro, RJ.","21941-971","Brazil"
"Garrafão","Marcus Vinícius Vieira","0000-0002-4472-5447","Universidade Federal do Rio de Janeiro (UFRJ)","Universidade Federal do Rio de Janeiro, Instituto de Biologia, Departamento de Ecologia, Programa de Pós-Graduação em Ecologia, Av. Carlos Chagas Filho, 373, Cidade Universitária, Rio de Janeiro, RJ.","21941-971","Brazil"
"GMSM","Roberto Fusco-Costa","0000-0002-9026-0679","Instituto de Pesquisas Cananéia | Instituto Manacá","Rua Nina, 523, Retiro das Caravelas, CEP: 1990-000, Cananéia, SP | Rodovia SP139, km 80, São Miguel Arcanjo, São Paulo","11990-000 | 18230-000","Brazil"
"GMSM","Bianca Ingberman","0000-0001-5378-7132","Instituto de Pesquisas Cananéia | Instituto Manacá","Rua Nina, 523, Retiro das Caravelas, CEP: 1990-000, Cananéia, SP | Rodovia SP139, km 80, São Miguel Arcanjo, São Paulo","11990-000 | 18230-001","Brazil"
"GMSM","Mariana Landis","0000-0002-7265-552X","Instituto Manacá","Rodovia SP139, km 80, São Miguel Arcanjo, São Paulo","18230-000","Brazil"
"IFFSC","Alexander Christian Vibrans","0000-0002-8789-5833","Universidade Regional de Blumenau","Rua São Paulo, 3250","89030-000","Brazil"
"IFFSC","André Luis de Gasper","0000-0002-1940-9581","Universidade Regional de Blumenau","Rua Antonio da Veiga, 140","89030-903","Brazil"
"Igarapes","Jansen Zuanon","0000-0001-8354-2750","Instituto Nacional de Pesquisas da Amazônia","Intituto Nacional de Pesquisas da Amazônia, Av. André Araújo, 2936 - Bairro Petrópolis, CEP 69067-375, Manaus, AM, Brasil","69067-375","Brazil"
"Igarapes","Renata Guimarães Frederico","0000-0002-8858-6426","Universidade Federal de Minas Gerais","Universidade Federal de Minas Gerais, ICB, Departamento de Genética, Ecologia e Evolução, Laboratório de Ecologia de Peixes, bloco I3, sala 245, Pampulha, CEP 31270-901, Belo Horizonte, MG, Brasil","31270-901","Brazil"
"Igarapes","Raul de Paula da Silva Fróis","0000-0002-1069-1584","Universidade Federal do Oeste do Pará","Universidade Federal do Oeste do Pará - Ufopa, Programa de Pós-graduação em Biodiversidade, Rua Vera Paz, s/n, Salé - Campus Tapajós, Santarém, Pará","68035-110","Brazil"
"Igarapes","Rafael Pereira Leitão","0000-0001-7990-0068","Universidade Federal de Minas Gerais","Universidade Federal de Minas Gerais, ICB, Departamento de Genética, Ecologia e Evolução, Laboratório de Ecologia de Peixes, bloco I3, sala 245, Pampulha, CEP 31270-901, Belo Horizonte, MG, Brasil","31270-901","Brazil"
"Igarapes","Helder Mateus Viana Espirito Santo","0000-0001-7256-1868","Instituto Juruá","Instituto Juruá. Rua das Papoulas, 97, Aleixo, CEP 69083-300, Manaus, AM, Brasil
Telefone: (92) 981515455","69083-300","Brazil"
"Igarapes","Gabriel Costa Borba","0000-0002-3159-2120","Instituto Nacional de Pesquisas da Amazônia","Intituto Nacional de Pesquisas da Amazônia, Av. André Araújo, 2936 - Bairro Petrópolis, CEP 69067-375, Manaus, AM, Brasil","69067-375","Brazil"
"Igarapes","Fernando Pereira Mendonça","0000-0002-9583-3392","Instituto Federal de Educação, Ciência e Tecnologia do Amazonas","Instituto Federal de Educação, Ciência e Tecnologia do Amazonas, Campus de Presidente Figueiredo. Avenida Onça Pintada, S/N, Galo da Serra, CEP 69735-000, Presidente Figueiredo, AM, Brasil","69735-000","Brazil"
"Igarapes","Amanda Frederico Mortati","0000-0001-9150-990X","Universidade Federal do Oeste do Pará","Universidade Federal do Oeste do Pará - Ufopa, Instituto de Biodiversidade e Florestas - IBEF, Rua Vera Paz, s/n, Salé - Campus Tapajós, Santarém, Pará","68035-110","Brazil"
"LTER-CRSC_insects","Frederico Siqueira Neves","0000-0002-2691-3743","Universidade Federal de Minas Gerais (UFMG)","Universidade Federal de Minas Gerais, Departamento de Genética, Ecologia e Evolução da Biodiversidade, Av. Pres. Antônio Carlos, 6627","31270901","Brazil"
"LTER-CRSC_insects","Samuel Novais ","0000-0003-3863-0860","Universidade Federal de Minas Gerais (UFMG)","Universidade Federal de Minas Gerais, Departamento de Genética, Ecologia e Evolução da Biodiversidade, Av. Pres. Antônio Carlos, 6628","31270901","Brazil"
"LTER-CRSC_insects","Flávio Camarota","0000-0003-4452-7755","Universidade Federal de Minas Gerais (UFMG)","Universidade Federal de Minas Gerais, Departamento de Genética, Ecologia e Evolução da Biodiversidade, Av. Pres. Antônio Carlos, 6629","31270901","Brazil"
"Mam.P8","Lucas Gonçalves da Silva","0000-0002-7993-9015","Instituto Nacional da Mata Altântica","Av. José Ruschi, Nº 4, Santa Teresa - ES ","29650-000","Brazil"
"MBS","Leticia da Silva Cabral","0000-0002-6664-2992","Suzano S/A","Rodovia General Euryale de Jesus Zerbini, KM 84 - SP 66 - São Silvestre - Jacareí / SP","12340-010","Brazil"
"MBS","Jessica Priscila Tosato","0000-0002-4549-4425","Suzano S/A","Rodovia General Euryale de Jesus Zerbini, KM 84 - SP 66 - São Silvestre - Jacareí / SP","12340-010","Brazil"
"MBS","Maria Sebastian Rangel Gregório","0000-0002-1074-8448","Suzano S/A","Rodovia General Euryale de Jesus Zerbini, KM 84 - SP 66 - São Silvestre - Jacareí / SP","12340-010","Brazil"
"MBS","Gabriela Marangon Stanciola","0000-0001-9400-3197","Suzano S/A","Rodovia Aracruz-Barra do Riacho, s/n, km 25, fábrica da Suzano, Aracruz, Espírito Santo","29197-900","Brazil"
"MBS","Clara Luz B. Sant'Anna","0000-0003-3191-5417","Suzano S/A","Rodovia Br 158 Km 298 Acesso A Esquerda No Km 08, Nº S/N - Fazenda Barra Do Moeda no bairro Zona Rural em Três Lagoas","79601-970","Brazil"
"MBS","DENYS SERRAO PEREIRA","0000-0003-4054-0397","Suzano S/A","Av. NEWTON BELLO, N° SN - SANTA RITA, Imperatriz / MA","65.900-010","Brazil"
"MBS","Tathiane Santi Sarcinelli","0000-0002-7473-5881","Suzano S/A","Rodovia Aracruz-Barra do Riacho, s/n, km 25, fábrica da Suzano, Aracruz, Espírito Santo","29197-900","Brazil"
"MBS","Letícia Moreira ","0000-0002-6698-1943","Suzano S/A","Rodovia Br 158 Km 298 Acesso A Esquerda No Km 08, Nº S/N - Fazenda Barra Do Moeda no bairro Zona Rural em Três Lagoas","79601-970","Brazil"
"MBS","Fernanda Cravo","0000-0002-2441-8263","Suzano S/A","Av. NEWTON BELLO, N° SN - SANTA RITA, Imperatriz / MA","65.900-010","Brazil"
"MBS","Daniel Henrique Homem","0000-0002-7318-7617","Casa da Floresta Ambiental","Av. Joaninha Morganti, 289, Monte Alegre, Piracicaba, São Paulo","13415-030","Brazil"
"MBS","Vagner de Araujo Gabriel","0000-0002-6736-7283","Casa da Floresta Ambiental","Av. Joaninha Morganti, 289, Monte Alegre, Piracicaba, São Paulo","13415-030","Brazil"
"MBS","Matheus Carvalho vergne","0000-0002-7318-7617","Casa da Floresta Ambiental","Av. Joaninha Morganti, 289, Monte Alegre, Piracicaba, São Paulo","13415-030","Brazil"
"MBS","Thainá Cassola Carrero","0000-0003-1560-204X","Casa da Floresta Ambiental","Av. Joaninha Morganti, 289, Monte Alegre, Piracicaba, São Paulo","13415-030","Brazil"
"MBS","João Carlos Zecchini Gebin","0000-0002-7653-3933","Casa da Floresta Ambiental","Av. Joaninha Morganti, 289, Monte Alegre, Piracicaba, São Paulo","13415-030","Brazil"
"MBS","Elson Fernandes Lima","0000-0003-0540-7320","Casa da Floresta Ambiental","Av. Joaninha Morganti, 289, Monte Alegre, Piracicaba, São Paulo","13415-030","Brazil"
"MBS","Paulo de Tarso Zuquim Antas","0000-0002-8295-6297","Funatura ","SCLN 107 Bloco B Sala 201 e 203 - Asa Norte - Brasília - DF","70.743-520","Brazil"
"MBS","Guilherme Henrique Machado Faganello","0000-0002-3240-243X","Embira","Rua João Bassora, nº945, Jardim Bela Vista, Nova Odessa – SP","13.385-026","Brazil"
"MBS","Guilherme Sperandio Madalosso","0000-0003-1364-1109 ","Embira","Rua João Bassora, nº945, Jardim Bela Vista, Nova Odessa – SP","13.385-026","Brazil"
"Mon.CEP","Lucas Gonçalves da Silva","0000-0002-7993-9015","Instituto Nacional da Mata Altântica","Av. José Ruschi, Nº 4, Santa Teresa - ES ","29650-000","Brazil"
"Mon.PETurvo","Lucas Gonçalves da Silva","0000-0002-7993-9015","Instituto Nacional da Mata Altântica","Av. José Ruschi, Nº 4, Santa Teresa - ES ","29650-000","Brazil"
"Mon.RBSG","Lucas Gonçalves da Silva","0000-0002-7993-9015","Instituto Nacional da Mata Altântica","Av. José Ruschi, Nº 4, Santa Teresa - ES ","29650-000","Brazil"
"Monit.Flittoralis","Flávia Guimarães Chaves","0000-0001-7093-9011","Universidade do Estado do Rio de Janeiro (UERJ) | Instituto Nacional da Mata Atlântica (INMA)","Programa de Pós-Graduação em Ecologia e Evolução, Pavilhao Reitor Haroldo Lisboa da Cunha, Universidade do Estado do Rio de Janeiro (UERJ), Rua São Fracisco Xavier, 524, Maracana, Rio de Janeiro | Avenida José Ruschi, 4, Centro - Santa Teresa - Espírito Santo","29650-000","Brazil"
"Monit.Flittoralis","Maria Alice dos Santos Alves","0000-0002-0622-270X","Universidade do Estado do Rio de Janeiro (UERJ)","Department of Ecology, Pavilhao Reitor Haroldo Lisboa da Cunha, Universidade do Estado do Rio de Janeiro (UERJ), Rua São Fracisco Xavier, 524, Maracana, Rio de Janeiro","20550-019","Brazil"
"Monit.Flittoralis","Maurício Brandão Vecchi","0000-0003-3153-0963","Universidade do Estado do Rio de Janeiro (UERJ)","Department of Ecology, Pavilhao Reitor Haroldo Lisboa da Cunha, Universidade do Estado do Rio de Janeiro (UERJ), Rua São Fracisco Xavier, 524, Maracana, Rio de Janeiro","20550-019","Brazil"
"Monitora.FLO","Cecilia Cronemberger ","0000-0002-0704-0262","Instituto Chico Mendes de Conservação da Biodiversidade (ICMBio) ","na","na","Brazil"
"Monitora.Mar","Caio Ishibashi Minei","0000-0003-0973-6498","Centro Nacional de Pesquisa e Conservação de Tartarugas Marinhas e da Biodiversidade Marinha do Leste - Centro TAMAR/ICMBio","Avenida Nossa Senhora dos Navegantes, 451, Petrotower, Sala 1601, Enseada do Suá, Vitória-ES","29050338","Brazil"
"Monitora.Mar","João Carlos Alciati Thomé","0000-0003-0054-3817","Centro Nacional de Pesquisa e Conservação de Tartarugas Marinhas e da Biodiversidade Marinha do Leste - Centro TAMAR/ICMBio","Avenida Nossa Senhora dos Navegantes, 451, Petrotower, Sala 1601, Enseada do Suá, Vitória-ES","29050336","Brazil"
"Monitora.Mar","Letícia Origi Fischer","0000-0002-8610-4606","Centro Nacional de Pesquisa e Conservação de Tartarugas Marinhas e da Biodiversidade Marinha do Leste - Centro TAMAR/ICMBio","Avenida Nossa Senhora dos Navegantes, 451, Petrotower, Sala 1601, Enseada do Suá, Vitória-ES","29050337","Brazil"
"Monitora.Mar","Nilamon de Oliveira Leite Júnior","0000-0002-9742-0823","Centro Nacional de Pesquisa e Conservação de Tartarugas Marinhas e da Biodiversidade Marinha do Leste - Centro TAMAR/ICMBio","Avenida Nossa Senhora dos Navegantes, 451, Petrotower, Sala 1601, Enseada do Suá, Vitória-ES","29050335","Brazil"
"Monitora.Mar","Poliana Salve Guizardi","0000-0003-4099-6765","Centro Nacional de Pesquisa e Conservação de Tartarugas Marinhas e da Biodiversidade Marinha do Leste - Centro TAMAR/ICMBio","Avenida Nossa Senhora dos Navegantes, 451, Petrotower, Sala 1601, Enseada do Suá, Vitória-ES","29050335","Brazil"
"Monitoramento_Barcarena","Leandro Juen","0000-0002-6188-4386","Universidade Federal do Pará (UFPA)","Universidade Federal do Pará, Instituto de Ciências Biológicas, rua Antônio Côrrea, Nº1, Guamá, Belém, Para","66750-110","Brazil"
"Monitoramento_Barcarena","Thaísa Sala Michelan","0000-0001-9416-0758","Universidade Federal do Pará (UFPA)","Universidade Federal do Pará, Instituto de Ciências Biológicas, rua Antônio Côrrea, Nº1, Guamá, Belém, Para","66750-110","Brazil"
"Monitoramento_Barcarena","Luciano Fogaça de Assis Montag","0000-0003-4226-2431","Universidade Federal do Pará (UFPA)","Universidade Federal do Pará, Instituto de Ciências Biológicas, rua Antônio Côrrea, Nº1, Guamá, Belém, Para","66750-110","Brazil"
"Monitoramento_Barcarena","Bárbara Dunck Oliveira","0000-0002-1266-7211","Universidade Federal Rural da Amzônia","Universidade Federal Rural da Amazônia, Instituto Socioambiental e dos Recursos Hídricos, Avenida Perimetral - de 1501/1502 a 5004/5005, Terra Firme, Belém, PA","66077-830","Brazil"
"Monitoramento_Barcarena","Juan Mateo Rivera Pérez","0000-0003-3515-7297","Universidade Federal do Pará (UFPA)","Universidade Federal do Pará, Instituto de Ciências Biológicas, rua Antônio Côrrea, Nº1, Guamá, Belém, Para","66750-110","Brazil"
"PAAMA","Maria Inês Zanoli Sato","0000-0001-7107-7927","Companhia Ambiental do estado de São Paulo | CETESB","av. prof Frederico Herman Jr, 345 | Alto de Pinheiros | São Paulo | SP","05459-903","Brazil"
"PAAMA","Mônica Luisa Kuhlmann","0000-0003-0384-2310","Companhia Ambiental do estado de São Paulo | CETESB","av. prof Frederico Herman Jr, 345 | Alto de Pinheiros | São Paulo | SP","05459-901","Brazil"
"PAAMA","Hélio Rubens Victorino Imbimbo","0000-0002-6074-0233","Companhia Ambiental do estado de São Paulo | CETESB","av. prof Frederico Herman Jr, 345 | Alto de Pinheiros | São Paulo | SP","05459-902","Brazil"
"PCMCV","José Luiz Andrade Franco","0000-0001-6772-6234","Universidade de Brasília","Campus Universitário Darcy Ribeiro, Brasília-DF ","70910-900","Brazil"
"PELDFORR","Thiago Orsi Laranjeiras","0000-0002-6997-3113","Instituto Chico Mendes de Conservação da Biodiversidade, Núclo de Gestão Integrada ICMBio Roraima","Rua Alfredo Cruz, 283, Centro, Boa Vista, RR, Brasil","69301-140","Brazil"
"PELDFORR","Ramiro Melinski","0000-0032-4375-5764","Instituto Nacional de Pesquisas da Amazônia","Rua Solema, 29, Apto. 09 - Conjunto Villar Câmara, Bairro Aleixo, Manaus - AM","69083-360","Brazil"
"PELDFORR","Gabriel Augusto Leite","0000-0003-3229-9185","Rainforest Connection","Av Cosme Ferreira, 2214, Coroado, Manaus, AM","69082 230","Brazil"
"PELDFORR","Bruna Mirely da Costa","0000-0002-5111-6033","Universidade Federal de Pernambuco","Rua Coronel Manoel de Aquino nº814, Bairro: José Fernandes de Salsa, Limoeiro-PE","55700-000","Brazil"
"PELDFORR","Alexandre Curcino","na","Universidade Estadual de Roraima","R. Sete de Setembro, 231 - Canarinho, Boa Vista - RR, 69306-530","69306-530","Brazil"
"PELDFORR","Patricia da Costa","0000-0002-5192-6685","Embrapa Meio Ambiente","Rodovia SP-340, Km 127,5, Tanquinho Velho, Jaguariúna, SP","13918-110","Brazil"
"PELDFORR","Luciano N. Naka","0000-0002-7716-3401","Universidade Federal de Pernambuco","Av. Moraes Rego, 1235, Cidade Universitária, Recife, Pernambuco","50670-901","Brazil"
"PELDFORR","Elildo Carvalho Jr.","na","Centro Nacional de Pesquisa e Conservação de Mamíferos Carnivoros (CENAP-ICMBio)","Estrada Municipal Hisaichi Takebayashi, 8600 - Bairro da Usina Atibaia - SP","12.952-011","Brazil"
"PELDFORR","Reinaldo Imbrozio Barbosa","0000-0002-7482-346X","Instituto Nacional de Pesquisas da Amazônia - Núcleo de Roraima","Rua Coronel Pinto 315 - Centro, Boa Vista - Roraima","69301-150","Brazil"
"PELDFORR","Ricardo de Oliveira Perdiz","0000-0002-2333-6549","Luz da Floresta","Rua Xiriana, 311, Aparecida, Boa Vista, Roraima","69306-320","Brazil"
"PELDFORR","Carolina Volkmer de Castilho","0000-0002-1064-2758","Embrapa Roraima","BR 174, km 8, Boa Vista-RR","69301-970","Brazil"
"PELDFORR","Tânia Pena Pimentel","0000-0002-0103-9658","Instituto Nacional de Pesquisas da Amazônia","Av. André Araújo, 2936 - Petrópolis, Manaus - AM","69067-375","Brazil"
"PELDFORR","Whaldener Endo","0000-0002-7305-4398","Universidade Federal de Roraima","Av. Cap. Ene Garcês, n° 2413 - Aeroporto, Boa Vista - RR, 69310-000","69310-000","Brazil"
"PELDFORR","Marcos José Salgado Vital","na","Universidade Federal de Roraima","Av. Cap. Ene Garcês, n° 2413 - Aeroporto, Boa Vista - RR, 69310-000","69310-000","Brazil"
"PELDFORR","Bruno de Campos Souza","na","Instituto Chico Mendes de Conservação da Biodiversidade, Núclo de Gestão Integrada ICMBio Roraima","Rua Alfredo Cruz, 283, Centro, Boa Vista, RR, Brasil","69301-140","Brazil"
"PELD - IAFA","Flávia R C Costa","0000-0002-9600-4625","Instituto Nacional de Pesquisas da Amazônia","Av Andre Araujo, 2936, Manaus","69067-375","Brazil"
"PELD - IAFA","Gabriel Borba","0000-0002-3159-2120","Virginia Tech","Virginia Polytechnic Institute and State University, Department of Fish and Wildlife Conservation, West Campus Drive, 310","24060","United States"
"PELD - IAFA","Jansen Zuanon","0000-0001-8354-2750","Instituto Nacional de Pesquisas da Amazônia","Av Andre Araujo, 2936, Manaus","69067-375","Brazil"
"PELD - IAFA","Fabricio Beggiato Baccaro","0000-0003-4747-1857","Universidade Federal do Amazonas","Av. Gen. Rodrigo Octávio 6200, Coroado I","69080-900","Brazil"
"PELD - IAFA","Jorge Luis Pereira de Souza","0000-0003-4574-8111","Instituto Nacional  da Mata Atlântica","Av. José Ruschi, Nº 4 - Centro, Santa Teresa - ES","29650-000","Brazil"
"Pirarucu.AM","Cristina Isis Buck Silva","000-0001-9151-9606","Instituto Brasileiro do Meio Ambiente e Recursos Naturais Renováveis (IBAMA)","SCEN Trecho 2 - Edifício Sede - L4 Norte - Brasília/DF","70818-900","Brazil"
"Pirizal","Izaias Médice Fernandes","0000-0003-0402-2891","Universidade Federal de Rondônia (UNIR)","Av. Norte Sul, 7300, Bairro: Nova Morada, Rolim de Moura - RO","76940-000","Brazil"
"Pirizal","Jerry Penha","0000-0003-4437-092X","Universidade Federal de Mato Grosso (UFMT)","Av. Fernando Correa da Costa, 2.367 – Bairro: Boa Esperança.  Cuiabá - MTNQTP_x0001__x0000_ĳ_x0000_	_x0000_	","78060-900","Brazil"
"Plant","Yule Roberta Ferreira Nunes","0000-0003-3328-7506","Universidade Estadual de Montes Claros ","Universidade Estadual  de Montes Claros - UNIMONTES, Departamento de Biologia Geral, Laboratório de Ecologia Vegetal, Campus Universitário Darcy Ribeiro, Vila Mauricéia, montes Claros - MG","39401089","Brazil"
"PPBio Am Oc","Marcos Silveira","0000-0003-0485-7872","Universidade Federal do Acre","Universidade Federal do Acre BR 264, km 4 - Distrito Industrial - Rio Branco-AC","na","Brazil"
"POPA APAF","Susan Aragón","0000-0002-7364-6094","Universidade Federal do Oeste do Pará","Universidade Federal do Oeste do Pará - Ufopa, Rua Vera Paz, s/n, Salé - Campus Tapajós, Santarém, Pará","68040-255","Brazil"
"POPA APAF","Quêzia Guerreiro","0000-0002-4382-1250","Universidade Federal do Oeste do Pará","Universidade Federal do Oeste do Pará - Ufopa, Rua Vera Paz, s/n, Salé - Campus Tapajós, Santarém, Pará","68040-255","Brazil"
"POPA APAF","Leandro Giacomin","0000-0001-8862-4042","Universidade Federal do Oeste do Pará","Universidade Federal do Oeste do Pará - Ufopa, Rua Vera Paz, s/n, Salé - Campus Tapajós, Santarém, Pará","68040-255","Brazil"
"POPA FNT","Leandro Giacomin","0000-0001-8862-4042","Universidade Federal do Oeste do Pará","Universidade Federal do Oeste do Pará - Ufopa, Rua Vera Paz, s/n, Salé - Campus Tapajós, Santarém, Pará","68040-255","Brazil"
"POPA FNT","Maria Soliane Sousa Costa","0000-0003-1722-5604","Universidade Federal do Oeste do Pará","Programa de Pós-Graduação em Biodiversidade, Universidade Federal do Oeste do Pará - Ufopa, Rua Vera Paz, s/n, Salé - Campus Tapajós, Santarém, Pará","68040-255","Brazil"
"POPA FNT","Quêzia Guerreiro","0000-0002-4382-1250","Universidade Federal do Oeste do Pará","Universidade Federal do Oeste do Pará - Ufopa, Rua Vera Paz, s/n, Salé - Campus Tapajós, Santarém, Pará","68040-255","Brazil"
"POPA FNT","Albertina Pimentel Lima","0000-0003-4586-5633","Instituto Nacional de Pesquisas da Amazônia","Instituto Nacional de Pesquisas da Amazônia, Av. André Araújo, 2.936 - Petrópolis - CEP 69067-375 - Manaus, AM, Brazil","69067-375","Brazil"
"POPA FNT","Clarissa Rosa","0000-0001-7462-1991","Instituto Nacional de Pesquisas da Amazônia","Instituto Nacional de Pesquisas da Amazônia, Av. André Araújo, 2.936 - Petrópolis - CEP 69067-375 - Manaus, AM, Brazil","69067-375","Brazil"
"POPA FNT","Amanda Frederico Mortati","0000-0001-9150-990X","Universidade Federal do Oeste do Pará","Universidade Federal do Oeste do Pará - Ufopa, Instituto de Biodiversidade e Florestas - IBEF, Rua Vera Paz, s/n, Salé - Campus Tapajós, Santarém, Pará","68035-110","Brazil"
"POPA FNT","Carlos Rodrigo Brocardo","0000-0003-3142-5688","Universidade Federal do Oeste do Pará","Programa de Pós-Graduação em Biodiversidade, Universidade Federal do Oeste do Pará - Ufopa, Rua Vera Paz, s/n, Salé - Campus Tapajós, Santarém, Pará","68040-255","Brazil"
"POPA FNT","Dian Carlos Pinheiro Rosa","0000-0001-8107-7154","Universidade Federal do Oeste do Pará","Programa de Pós-Graduação em Biodiversidade, Universidade Federal do Oeste do Pará - Ufopa, Rua Vera Paz, s/n, Salé - Campus Tapajós, Santarém, Pará","68040-255","Brazil"
"POPA APAS and POPA FNT","Rodrigo Fadini","0000-0002-6873-1438","Universidade Federal do Oeste do Pará","Programa de Pós-Graduação em Biodiversidade, Universidade Federal do Oeste do Pará - Ufopa, Rua Vera Paz, s/n, Salé - Campus Tapajós, Santarém, Pará","68040-255","Brazil"
"POPA APAS","Vanessa Gomes de Sousa","0000-0002-3038-0038","Universidade Federal do Oeste do Pará","Programa de Pós-Graduação em Biodiversidade, Universidade Federal do Oeste do Pará - Ufopa, Rua Vera Paz, s/n, Salé - Campus Tapajós, Santarém, Pará","68040-255","Brazil"
"POPA APAS","Viviane Vasconcelos Corrêa Dourado","0000-0002-3894-4504","Universidade Federal do Oeste do Pará","Programa de Pós-Graduação em Recursos Naturais da Amazônia, Universidade Federal do Oeste do Pará - Ufopa, Rua Vera Paz, s/n, Salé - Campus Tapajós, Santarém, Pará","68040-255","Brazil"
"POPA APAS and POPA FNT","Arlison Bezerra Castro","0000-0003-3888-3331","Universidade Federal do Oeste do Pará","Universidade Federal do Oeste do Pará - Ufopa, Rua Vera Paz, s/n, Salé - Campus Tapajós, Santarém, Pará","68040-255","Brazil"
"POPA ervas","Thaís Elias Almeida","0000-0002-1611-1333","Universidade Federal do Oeste do Pará","Universidade Federal do Oeste do Pará - Ufopa, Instituto de Ciências da Educação - CED,Avenida Marechal Rondon, s/n, Caranazal - Campus Rondon, Santarém, Pará","68.040-070","Brazil"
"POPA ervas","Amanda Frederico Mortati","0000-0001-9150-990X","Universidade Federal do Oeste do Pará","Universidade Federal do Oeste do Pará - Ufopa, Instituto de Biodiversidade e Florestas - IBEF, Rua Vera Paz, s/n, Salé - Campus Tapajós, Santarém, Pará","68035-110","Brazil"
"POPA ervas","Thiago André","0000-0003-4148-3662","Universidade Federal do Oeste do Pará","Universidade Federal do Oeste do Pará - Ufopa, Instituto de Biodiversidade e Florestas - IBEF, Rua Vera Paz, s/n, Salé - Campus Tapajós, Santarém, Pará","68035-110","Brazil"
"PPBioSinop","Domingos de Jesus Rodrigues","0000-0002-8360-2036","Universidade Federal de Mato Grosso","Universidade Federal de Mato Grosso, Instituto de Ciências Naturais, Humanas e Sociais, Av. Alexandre Ferronato, 1200 - Res. Cidade Jardim, Sinop, MT","78.550-728","Brazil"
"PPBioAM","Marcelo Rodrigues dos Anjos","0000-0002-0013-2236","Universidade Federal do Amazonas","Universidade Federal do Amazonas, Instituto de Educação, Agricultura e Ambiente, Rua Vinte e Nove de Agosto, 786, Humaitá - AM","69800-000","Brazil"
"PPBioAm-NRR","Reinaldo Imbrozio Barbosa","0000-0002-7482-346X","Instituto Nacional de Pesquisas da Amazônia (INPA)","INPA - Núcleo de Roraima, Rua Coronel Pinto 315 - Centro","69301-150","Brazil"
"PPBioMA","Helena Godoy Bergallo","0000-0001-9771-965X","Universidade do Estado do Rio de Janeiro (UERJ)","na","20550-019","Brazil"
"PPBioMA","Ana Angélica Monteiro de Barros","0000-0002-2320-6146","Universidade do Estado do Rio de Janeiro (UERJ) -","Universidade do Estado do Rio de Janeiro,  Faculdade de Formação de Professores, Departamento de Ciências, Rua Francisco Portela, 1470, Patronato, São Gonçalo","24435-000","Brazil"
"PPBioMA","Bruno Coutinho Kurtz","0000-0003-0306-4969","Instituto de Pesquisas Jardim Botânico do Rio de Janeiro","Rua Pacheco Leão 915, sala 115, Rio de Janeiro, RJ","22460-030","Brazil"
"PPBioMA","Mariella Camardelli Uzeda","0000-0002-8675-3104","Embrapa Agrobiologia (CNPAB)","Rodovia BR-465, Km, 7,Seropédica/ RJ","23897-970","Brazil"
"PPBioMA","Luciana de Moraes Costa","0000-0001-8080-4954","Universidade do Estado do Rio de Janeiro (UERJ)","Programa de pós-graduação em Ecologia e Evolução","20550-019","Brazil"
"PPBioMA","Elizabete Captivo Lourenço","0000-0002-6136-708X","Universidade do Estado do Rio de Janeiro (UERJ)","Programa de pós-graduação em Ecologia e Evolução","20550-019","Brazil"
"PPBioMA","Elisandro Ricardo Drechsler-Santos","0000-0002-3702-8715","Universidade Federal de Santa Catarina","Programa de pós-graduação em Biologia de Fungos, Algas e Plantas, Departamento Botânica, Universidade Federal de Santa Catarina, Campus Trindade, 88040-900, Florianópolis, SC, Brazil","88040-900","Brazil"
"PPBioMA","Diogo Henrique Costa-Rezende","0000-0002-7381-6954","Universidade Estadual Feira de Santa","Programa de pós-graduação em Botânica, Departamento de Biologia, Universidade Estadual de Feira de Santana, Campus Universitário, 44031-460, Feira de Santana, BA, Brazil","44031-460","Brazil"
"PPBioMA","Genivaldo Alves-Silva","0000-0002-8142-6665","Universidade Federal de Santa Catarina","Programa de pós-graduação em Biologia de Fungos, Algas e Plantas, Departamento Botânica, Universidade Federal de Santa Catarina, Campus Trindade, 88040-900, Florianópolis, SC, Brazil","88040-900","Brazil"
"PPBioMA","Luís Adriano Funez","0000-0002-0008-1061","Universidade Federal de Santa Catarina","Programa de pós-graduação em Biologia de Fungos, Algas e Plantas, Departamento Botânica, Universidade Federal de Santa Catarina, Campus Trindade, 88040-900, Florianópolis, SC, Brazil","88040-900","Brazil"
"PPBioMA","Felipe Bittencourt","0000-0003-4285-6213","Universidade Federal de Santa Catarina","Programa de pós-graduação em Biologia de Fungos, Algas e Plantas, Departamento Botânica, Universidade Federal de Santa Catarina, Campus Trindade, 88040-900, Florianópolis, SC, Brazil","88040-900","Brazil"
"PPBioMA","Kelmer Martins da Cunha","0000-0002-0545-5966","Universidade Federal de Santa Catarina","Programa de pós-graduação em Biologia de Fungos, Algas e Plantas, Departamento Botânica, Universidade Federal de Santa Catarina, Campus Trindade, 88040-900, Florianópolis, SC, Brazil","88040-900","Brazil"
"PPBioMA","Thiago Kossmann","0000-0003-2858-7838","Universidade Federal de Santa Catarina","Programa de pós-graduação em Biologia de Fungos, Algas e Plantas, Departamento Botânica, Universidade Federal de Santa Catarina, Campus Trindade, 88040-900, Florianópolis, SC, Brazil","88040-900","Brazil"
"PPBioMA","Mahatma Titton","0000-0001-7139-5116","Universidade Federal de Santa Catarina","Programa de pós-graduação em Biologia de Fungos, Algas e Plantas, Departamento Botânica, Universidade Federal de Santa Catarina, Campus Trindade, 88040-900, Florianópolis, SC, Brazil","88040-900","Brazil"
"PPBioMA","Bruna Nunes Krobel","0000-0003-0862-6916","Universidade Federal de Santa Catarina","Department of Ecology and Zoology, Biological Sciences Center, Universidade Federal de Santa Catarina (UFSC), Florianópolis - Santa Catarina
Florianópolis, SC - BRASIL"," 88040-970","Brazil"
"PPBioMA","Juliano André Bogoni","0000-0002-8541-0556","Universidade de São Paulo","Department of Forest Sciences, Laboratory of Ecology, Management and Conservation of Wild Fauna (LEMaC), Piracicaba - São Paulo","13418-900","Brazil"
"PPBioMA","Maurício Eduardo Graipel","0000-0001-5059-1919","Universidade Federal de Santa Catarina","Department of Ecology and Zoology, Biological Sciences Center, Universidade Federal de Santa Catarina (UFSC), Florianópolis - Santa Catarina
Florianópolis, SC - BRASIL"," 88040-970","Brazil"
"PPBioMA","José Salatiel Rodrigues ","0000-0002-7416-939X","Universidade Federal de Santa Catarina","Department of Ecology and Zoology, Biological Sciences Center, Universidade Federal de Santa Catarina (UFSC), Florianópolis - Santa Catarina
Florianópolis, SC - BRASIL"," 88040-970","Brazil"
"PPBioMA","Nivaldo Peroni ","0000-0002-6770-5377","Universidade Federal de Santa Catarina","Department of Ecology and Zoology, Biological Sciences Center, Universidade Federal de Santa Catarina (UFSC), Florianópolis - Santa Catarina
Florianópolis, SC - BRASIL"," 88040-970","Brazil"
"PPBioMA","Selvino Neckel de Oliveira","0000-0003-3218-5452","Universidade Federal de Santa Catarina","Department of Ecology and Zoology, Biological Sciences Center, Universidade Federal de Santa Catarina (UFSC), Florianópolis - Santa Catarina
Florianópolis, SC - BRASIL"," 88040-970","Brazil"
"PPBioMA","Maria Alice dos Santos Alves","0000-0002-0622-270X","Universidade do Estado do Rio de Janeiro (UERJ)","Department of Ecology, Pavilhao Reitor Haroldo Lisboa da Cunha, Universidade do Estado do Rio de Janeiro (UERJ), Rua São Fracisco Xavier, 524, Maracana, Rio de Janeiro","20550-019","Brazil"
"PPBioMA","Maurício Brandão Vecchi","0000-0003-3153-0963","Universidade do Estado do Rio de Janeiro (UERJ)","Department of Ecology, Pavilhao Reitor Haroldo Lisboa da Cunha, Universidade do Estado do Rio de Janeiro (UERJ), Rua São Fracisco Xavier, 524, Maracana, Rio de Janeiro","20550-019","Brazil"
"PPBioMA","Rafael de Sant Ana Saint Clair","0000-0001-5846-4500","Universidade do Estado do Rio de Janeiro (UERJ)","Department of Ecology, Pavilhao Reitor Haroldo Lisboa da Cunha, Universidade do Estado do Rio de Janeiro (UERJ), Rua São Fracisco Xavier, 524, Maracana, Rio de Janeiro","20550-019","Brazil"
"PPBioMA","Jimi Martins da Silva","0000-0003-1217-9063","Universidade do Estado do Rio de Janeiro (UERJ)","Programa de Pós-Graduação em Ecologia e Evolução, Pavilhao Reitor Haroldo Lisboa da Cunha, Universidade do Estado do Rio de Janeiro (UERJ), Rua São Fracisco Xavier, 524, Maracana, Rio de Janeiro","20550-019","Brazil"
"PPBioMA","Caio César Corrêa Missagia","0000-0003-3150-2559","Universidade do Estado do Rio de Janeiro (UERJ)","Programa de Pós-Graduação em Ecologia e Evolução, Pavilhao Reitor Haroldo Lisboa da Cunha, Universidade do Estado do Rio de Janeiro (UERJ), Rua São Fracisco Xavier, 524, Maracana, Rio de Janeiro","20550-019","Brazil"
"PPBioMA_RES_GUA","Márcia C. M. Marques","0000-0002-1003-9596","UFPR - Universidade Federal do Paraná ","Av. Cel. Francisco H. dos Santos, 100, 81531-980, Curitiba, Paraná, Brazil","81531-980","Brazil"
"PPBioMA_RES_GUA","Renato Marques","0000-0003-3011-6672","UFPR - Universidade Federal do Paraná ","Departamento de Solos e Engenharia Agrícola.
Rua dos Funcionarios, 1540, 80035-050 Curitiba, PR","80035-050","Brazil"
"PPBioMA","Helena Godoy Bergallo","0000-0001-9771-965X","Universidade do Estado do Rio de Janeiro (UERJ)","Universidade do Estado do Rio de Janeiro, Departamento de Ecologia, Rua São Francisco Xavier, 524, PHLC sala 220. Maracanã, 20550-013. Rio de Janeiro, RJ, Brazil. Phone: 55(21)2334094","20550-013","Brazil"
"PPBioMA","Ana Angélica Monteiro de Barros","0000-0002-2320-6146","Universidade do Estado do Rio de Janeiro (UERJ) -","Universidade do Estado do Rio de Janeiro,  Faculdade de Formação de Professores, Departamento de Ciências, Rua Francisco Portela, 1470, Patronato, São Gonçalo","24435-000","Brazil"
"PPBioMA","Bruno Coutinho Kurtz","0000-0003-0306-4969","Instituto de Pesquisas Jardim Botânico do Rio de Janeiro","Rua Pacheco Leão 915, sala 115, Rio de Janeiro, RJ","22460-030","Brazil"
"PPBioMA","Mariella Camardelli Uzeda","0000-0002-8675-3104","Embrapa Agrobiologia (CNPAB)","Rodovia BR-465, Km, 7,Seropédica/ RJ","23897-970","Brazil"
"PPBioMA","Luciana de Moraes Costa","0000-0001-8080-4954","Universidade do Estado do Rio de Janeiro (UERJ)","Programa de pós-graduação em Ecologia e Evolução","20550-019","Brazil"
"PPBioMA","Elizabete Captivo Lourenço","0000-0002-6136-708X","Universidade do Estado do Rio de Janeiro (UERJ)","Programa de pós-graduação em Ecologia e Evolução","20550-019","Brazil"
"PPBioMA","Elisandro Ricardo Drechsler-Santos","0000-0002-3702-8715","Universidade Federal de Santa Catarina","Programa de pós-graduação em Biologia de Fungos, Algas e Plantas, Departamento Botânica, Universidade Federal de Santa Catarina, Campus Trindade, 88040-900, Florianópolis, SC, Brazil","88040-900","Brazil"
"PPBioMA","Diogo Henrique Costa-Rezende","0000-0002-7381-6954","Universidade Estadual Feira de Santa","Programa de pós-graduação em Botânica, Departamento de Biologia, Universidade Estadual de Feira de Santana, Campus Universitário, 44031-460, Feira de Santana, BA, Brazil","44031-460","Brazil"
"PPBioMA","Genivaldo Alves-Silva","0000-0002-8142-6665","Universidade Federal de Santa Catarina","Programa de pós-graduação em Biologia de Fungos, Algas e Plantas, Departamento Botânica, Universidade Federal de Santa Catarina, Campus Trindade, 88040-900, Florianópolis, SC, Brazil","88040-900","Brazil"
"PPBioMA","Luís Adriano Funez","0000-0002-0008-1061","Universidade Federal de Santa Catarina","Programa de pós-graduação em Biologia de Fungos, Algas e Plantas, Departamento Botânica, Universidade Federal de Santa Catarina, Campus Trindade, 88040-900, Florianópolis, SC, Brazil","88040-900","Brazil"
"PPBioMA","Felipe Bittencourt","0000-0003-4285-6213","Universidade Federal de Santa Catarina","Programa de pós-graduação em Biologia de Fungos, Algas e Plantas, Departamento Botânica, Universidade Federal de Santa Catarina, Campus Trindade, 88040-900, Florianópolis, SC, Brazil","88040-900","Brazil"
"PPBioMA","Kelmer Martins da Cunha","0000-0002-0545-5966","Universidade Federal de Santa Catarina","Programa de pós-graduação em Biologia de Fungos, Algas e Plantas, Departamento Botânica, Universidade Federal de Santa Catarina, Campus Trindade, 88040-900, Florianópolis, SC, Brazil","88040-900","Brazil"
"PPBioMA","Thiago Kossmann","0000-0003-2858-7838","Universidade Federal de Santa Catarina","Programa de pós-graduação em Biologia de Fungos, Algas e Plantas, Departamento Botânica, Universidade Federal de Santa Catarina, Campus Trindade, 88040-900, Florianópolis, SC, Brazil","88040-900","Brazil"
"PPBioMA","Mahatma Titton","0000-0001-7139-5116","Universidade Federal de Santa Catarina","Programa de pós-graduação em Biologia de Fungos, Algas e Plantas, Departamento Botânica, Universidade Federal de Santa Catarina, Campus Trindade, 88040-900, Florianópolis, SC, Brazil","88040-900","Brazil"
"PPBioMA","Bruna Nunes Krobel","0000-0003-0862-6916","Universidade Federal de Santa Catarina","Department of Ecology and Zoology, Biological Sciences Center, Universidade Federal de Santa Catarina (UFSC), Florianópolis - Santa Catarina
Florianópolis, SC - BRASIL"," 88040-970","Brazil"
"PPBioMA","Juliano André Bogoni","0000-0002-8541-0556","Universidade de São Paulo","Department of Forest Sciences, Laboratory of Ecology, Management and Conservation of Wild Fauna (LEMaC), Piracicaba - São Paulo","13418-900","Brazil"
"PPBioMA","Maurício Eduardo Graipel","0000-0001-5059-1919","Universidade Federal de Santa Catarina","Department of Ecology and Zoology, Biological Sciences Center, Universidade Federal de Santa Catarina (UFSC), Florianópolis - Santa Catarina
Florianópolis, SC - BRASIL"," 88040-970","Brazil"
"PPBioMA","José Salatiel Rodrigues ","0000-0002-7416-939X","Universidade Federal de Santa Catarina","Department of Ecology and Zoology, Biological Sciences Center, Universidade Federal de Santa Catarina (UFSC), Florianópolis - Santa Catarina
Florianópolis, SC - BRASIL"," 88040-970","Brazil"
"PPBioMA","Nivaldo Peroni ","0000-0002-6770-5377","Universidade Federal de Santa Catarina","Department of Ecology and Zoology, Biological Sciences Center, Universidade Federal de Santa Catarina (UFSC), Florianópolis - Santa Catarina
Florianópolis, SC - BRASIL"," 88040-970","Brazil"
"PPBioMA","Selvino Neckel de Oliveira","0000-0003-3218-5452","Universidade Federal de Santa Catarina","Department of Ecology and Zoology, Biological Sciences Center, Universidade Federal de Santa Catarina (UFSC), Florianópolis - Santa Catarina
Florianópolis, SC - BRASIL"," 88040-970","Brazil"
"PPBioMA","Atilla Colombo Ferreguetti","0000-0002-5139-8835","Universidade do Estado do Rio de Janeiro (UERJ)","Department of Ecology, Rio de Janeiro State University, Rua São Francisco Xavier, 524, PHLC sala 220. Maracanã, 20550-013. Rio de Janeiro, RJ, Brazil. Phone: 55(21)2334094","20550-013","Brazil"
"PPBioMA","Juliane Pereira-Ribeiro","0000-0002-0762-337X","Universidade do Estado do Rio de Janeiro (UERJ)","Department of Ecology, Rio de Janeiro State University, Rua São Francisco Xavier, 524, PHLC sala 220. Maracanã, 20550-013. Rio de Janeiro, RJ, Brazil. Phone: 55(21)2334094","20550-013","Brazil"
"PPBioMA","Carlos Frederico Duarte Rocha","0000-0003-3000-1242","Universidade do Estado do Rio de Janeiro (UERJ)","Department of Ecology, Rio de Janeiro State University, Rua São Francisco Xavier, 524, PHLC sala 220. Maracanã, 20550-013. Rio de Janeiro, RJ, Brazil. Phone: 55(21)2334094","20550-013","Brazil"
"PPBioMA","Rayanne Gamma-Matos","0000-0002-9753-912X","Faculdades Integradas São Pedro (FAESA)","Department of Biology, Centro Universitário Espírito-Santense/FAESA, Rua Anselmo Serrat 199, Ilha de Monte Belo, 29053-250, Vitória, ES, Brazil, Phone: 55(27)33221158","29053-250","Brazil"
"PPBioMA","Fabiana Cassar","0000-0002-9547-297X","Universidade do Estado do Rio de Janeiro (UERJ)","Department of Ecology, Rio de Janeiro State University, Rua São Francisco Xavier, 524, PHLC sala 220. Maracanã, 20550-013. Rio de Janeiro, RJ, Brazil. Phone: 55(21)2334094","20550-013","Brazil"
"PPBioMA","Gabrielle Tavares de Bortolo","0000-0001-7512-7864","Faculdades Integradas São Pedro (FAESA)","Department of Biology, Centro Universitário Espírito-Santense/FAESA, Rua Anselmo Serrat 199, Ilha de Monte Belo, 29053-250, Vitória, ES, Brazil, Phone: 55(27)33221158","29053-250","Brazil"
"PPBioMA","Walfrido Moraes Tomas","0000-0001-9395-7415","Embrapa Pantanal ","Wildlife Laboratory, Embrapa Pantanal, Nossa Senhora de Fátima, Corumbá, Mato Grosso do Sul, Brazil.","79320-900","Brazil"
"PPBioMA","Jayme Augusto Prevedello","0000-0003-1184-2337","Universidade do Estado do Rio de Janeiro (UERJ)","Department of Ecology, Rio de Janeiro State University, Rua São Francisco Xavier, 524, PHLC sala 220. Maracanã, 20550-013. Rio de Janeiro, RJ, Brazil. Phone: 55(21)2334094","20550-013","Brazil"
"PPBioMA","Sonia Barbosa dos Santos","0000-0001-5495-2208","Universidade do Estado do Rio de Janeiro (UERJ)","Deparatmento de Zoologia","20550-900","Brazil"
"PPBioMA","Jaqueline Lopes de Oliveira","0000-0001-7501-4683","Universidade do Estado do Rio de Janeiro (UERJ)","Departamento de Zoologia","20550-900","Brazil"
"PPBioMA","Pablo José Francisco Pena Rodrigues","0000-0001-8054-3643","Instituto de Pesquisa Jardim Botânico do Rio de Janeiro","Rua Pacheco Leão, 915, Rio de Janeiro-RJ ","22460030","Brazil"
"PPBioMA","Claudia Franca Barros","0000-0003-4300-1006","Instituto de Pesquisa Jardim Botânico do Rio de Janeiro","Rua Pacheco Leão, 915, Rio de Janeiro-RJ ","22460030","Brazil"
"PPBioMA","Haroldo Cavalcante de Lima","0000-0003-2154-670X","Instituto de Pesquisa Jardim Botânico do Rio de Janeiro","Rua Pacheco Leão, 915, Rio de Janeiro-RJ ","22460030","Brazil"
"PPBioMA","Mariana de Andrade Iguatemy","0000-0003-3820-9339","Instituto Internacional para Sustentabilidade","Estrada Dona Castorina, 124, Horto, Rio de Janeiro - RJ","22460-320","Brazil"
"PPBioMA","Warlen Silva da Costa","0000-0002-0523-651X","Universidade do Estado do Rio de Janeiro, Instituto de Biologia Roberto Alcantara Gomes, Laboratório de Biologia Vegetal","Rua São Francisco Xavier, 524, Maracanã, Rio de Janeiro, RJ","20550-900","Brazil"
"PPBioMA","Leonardo Bona do Nascimento","0000-0001-5142-8363","Instituto de Pesquisa Jardim Botânico do Rio de Janeiro","Rua Pacheco Leão, 915, Rio de Janeiro-RJ ","22460030","Brazil"
"PPBioMA","Arno Fritz das Neves Brandes","0000-0002-7876-1892","Universidade Federal Fluminense","Rua Professor Marcos Waldemar de Freitas Reis, s/n, Campus do Gragoatá, Bloco M, Sala 108, São Domingos, Niterói/RJ","24210-201","Brazil"
"PPBioMA","Rafael Pepétuo Albuquerque","0000-0003-1601-5285","Instituto de Pesquisa Jardim Botânico do Rio de Janeiro","Rua Pacheco Leão, 915, Rio de Janeiro-RJ ","22460030","Brazil"
"PPBioMA","Beatriz França Borja","0000-0003-1844-7786","Instituto de Pesquisa Jardim Botânico do Rio de Janeiro","Rua Pacheco Leão, 915, Rio de Janeiro-RJ ","22460030","Brazil"
"PPBioMA","Tahysa Mota Macedo","0000-0003-0496-9591","Instituto de Pesquisa Jardim Botânico do Rio de Janeiro","Rua Pacheco Leão, 915, Rio de Janeiro-RJ ","22460030","Brazil"
"PPBioMA","Fernanda Felipe de Negreiros Almeida","0000-0002-2756-5146","Instituto de Pesquisa Jardim Botânico do Rio de Janeiro","Rua Pacheco Leão, 915, Rio de Janeiro-RJ ","22460030","Brazil"
"PPBioMA","Déborah Hottz","na","na","na","na","Brazil"
"PPBioMA","Maysa Salles da Costa Lima","na","na","na","na","na"
"PPBioMA","Mariela Figueredo Simões de Jesus","na","Instituto Internacional para Sustentabilidade","Estrada Dona Castorina, 124, Horto, Rio de Janeiro - RJ","22460-320","Brazil"
"PPBioMA","Alexandre Quinet","0000-0001-9749-9554","Instituto de Pesquisa Jardim Botânico do Rio de Janeiro","Rua Pacheco Leão, 915, Rio de Janeiro-RJ ","22460030","Brazil"
"PPBioMA","João Marcelo Alvarenga Braga","0000-0002-6124-1970","Instituto de Pesquisa Jardim Botânico do Rio de Janeiro","Rua Pacheco Leão, 915, Rio de Janeiro-RJ ","22460030","Brazil"
"PPBioMA","Sebastião Silva-Neto","0000-0001-6587-7995","Instituto de Pesquisa Jardim Botânico do Rio de Janeiro","Rua Pacheco Leão, 915, Rio de Janeiro-RJ ","22460030","Brazil"
"PPBioMA","Solange de Vasconselos Albuquerque Pessoa","0000-0003-4596-2302","Instituto de Pesquisa Jardim Botânico do Rio de Janeiro","Rua Pacheco Leão, 915, Rio de Janeiro-RJ ","22460030","Brazil"
"PPBioMA","Andrea Costa","0000-0002-9200-4222","Museu Nacional /UFRJ Departamento de Botânica","Quinta da Boa Vista, São Cristóvão, Rio de Janeiro, RJ","20940-040","Brazil"
"PPBioMA","Massimo Bovini","0000-0002-4082-7817","Instituto de Pesquisa Jardim Botânico do Rio de Janeiro","Rua Pacheco Leão, 915, Rio de Janeiro-RJ ","22460030","Brazil"
"PPBioMA","Jeronimo Boelsums Barreto Sansevero","0000-0002-3389-2581","Universidade Federal Rural do Rio de Janeiro - UFRRJ Instituto de Florestas - IF / Departamento de Ciências Ambientais - DCA ","Rod. BR 465, Km 07 Seropédica - RJ","23890-000","Brazil"
"PPBioMA","Rodolfo César Real de Abreu","0000-0002-8797-4654","Universidade Federal Rural do Rio de Janeiro - UFRRJ Instituto de Florestas - IF / Departamento de Ciências Ambientais - DCA ","Rod. BR 465, Km 07 Seropédica - RJ","23890-000","Brazil"
"PPBioMA","Pablo Viany Prieto","0000-0001-8265-4283","Instituto Internacional para Sustentabilidade","Estrada Dona Castorina, 124, Horto, Rio de Janeiro - RJ","22460-320","Brazil"
"PPBioMA","Eliana Ramos","0000-0002-8071-8199"," Instituto Nacional da Mata Atlântica (INMA)","Av. José Ruschi, 4 - Centro, Santa Teresa - ES, 29650-000","29650-000","Brazil"
"PPBioMA","Adriana Lobão","0000-0003-4036-2367","Universidade Federal Fluminense","Rua Professor Marcos Waldemar de Freitas Reis, s/n, Campus do Gragoatá, Bloco M, Sala 108, São Domingos, Niterói/RJ","24210-201","Brazil"
"PPBioMA","Bruno Kurtz","0000-0003-0306-4969","Instituto de Pesquisa Jardim Botânico do Rio de Janeiro","Rua Pacheco Leão, 915, Rio de Janeiro-RJ ","22460030","Brazil"
"PPBioMA","Helena Godoy Bergallo","0000-0001-9771-965X","Universidade do Estado do Rio de Janeiro (UERJ)","Universidade do Estado do Rio de Janeiro, Departamento de Ecologia, IBRAG, Rua São Francisco Xavier 524 PHLC 220","20550-019","Brazil"
"PPBioMA","Pablo José Francisco Pena Rodrigues","0000-0001-8054-3643","Instituto de Pesquisa Jardim Botânico do Rio de Janeiro","Rua Pacheco Leão, 915, Rio de Janeiro-RJ ","22460030","Brazil"
"PPBioMA","Claudia Franca Barros","0000-0003-4300-1006","Instituto de Pesquisa Jardim Botânico do Rio de Janeiro","Rua Pacheco Leão, 915, Rio de Janeiro-RJ ","22460030","Brazil"
"PPBioMA","Haroldo Cavalcante de Lima","0000-0003-2154-670X","Instituto de Pesquisa Jardim Botânico do Rio de Janeiro","Rua Pacheco Leão, 915, Rio de Janeiro-RJ ","22460030","Brazil"
"PPBioMA","Mariana de Andrade Iguatemy","0000-0003-3820-9339","Instituto Internacional para Sustentabilidade","Estrada Dona Castorina, 124, Horto, Rio de Janeiro - RJ","22460-320","Brazil"
"PPBioMA","Warlen Silva da Costa","0000-0002-0523-651X","Universidade do Estado do Rio de Janeiro, Instituto de Biologia Roberto Alcantara Gomes, Laboratório de Biologia Vegetal","Rua São Francisco Xavier, 524, Maracanã, Rio de Janeiro, RJ","20550-900","Brazil"
"PPBioMA","Leonardo Bona do Nascimento","0000-0001-5142-8363","Instituto de Pesquisa Jardim Botânico do Rio de Janeiro","Rua Pacheco Leão, 915, Rio de Janeiro-RJ ","22460030","Brazil"
"PPBioMA","Arno Fritz das Neves Brandes","0000-0002-7876-1892","Universidade Federal Fluminense","Rua Professor Marcos Waldemar de Freitas Reis, s/n, Campus do Gragoatá, Bloco M, Sala 108, São Domingos, Niterói/RJ","24210-201","Brazil"
"PPBioMA","Rafael Pepétuo Albuquerque","0000-0003-1601-5285","Instituto de Pesquisa Jardim Botânico do Rio de Janeiro","Rua Pacheco Leão, 915, Rio de Janeiro-RJ ","22460030","Brazil"
"PPBioMA","Beatriz França Borja","0000-0003-1844-7786","Instituto de Pesquisa Jardim Botânico do Rio de Janeiro","Rua Pacheco Leão, 915, Rio de Janeiro-RJ ","22460030","Brazil"
"PPBioMA","Tahysa Mota Macedo","0000-0003-0496-9591","Instituto de Pesquisa Jardim Botânico do Rio de Janeiro","Rua Pacheco Leão, 915, Rio de Janeiro-RJ ","22460030","Brazil"
"PPBioMA","Fernanda Felipe de Negreiros Almeida","0000-0002-2756-5146","Instituto de Pesquisa Jardim Botânico do Rio de Janeiro","Rua Pacheco Leão, 915, Rio de Janeiro-RJ ","22460030","Brazil"
"PPBioMA","Déborah Hottz","na","na","na","na","Brazil"
"PPBioMA","Maysa Salles da Costa Lima","na","na","na","na","na"
"PPBioMA","Mariela Figueredo Simões de Jesus","na","Instituto Internacional para Sustentabilidade","Estrada Dona Castorina, 124, Horto, Rio de Janeiro - RJ","22460-320","Brazil"
"PPBioMA","Alexandre Quinet","0000-0001-9749-9554","Instituto de Pesquisa Jardim Botânico do Rio de Janeiro","Rua Pacheco Leão, 915, Rio de Janeiro-RJ ","22460030","Brazil"
"PPBioMA","João Marcelo Alvarenga Braga","0000-0002-6124-1970","Instituto de Pesquisa Jardim Botânico do Rio de Janeiro","Rua Pacheco Leão, 915, Rio de Janeiro-RJ ","22460030","Brazil"
"PPBioMA","Sebastião Silva-Neto","0000-0001-6587-7995","Instituto de Pesquisa Jardim Botânico do Rio de Janeiro","Rua Pacheco Leão, 915, Rio de Janeiro-RJ ","22460030","Brazil"
"PPBioMA","Solange de Vasconselos Albuquerque Pessoa","0000-0003-4596-2302","Instituto de Pesquisa Jardim Botânico do Rio de Janeiro","Rua Pacheco Leão, 915, Rio de Janeiro-RJ ","22460030","Brazil"
"PPBioMA","Andrea Costa","0000-0002-9200-4222","Museu Nacional /UFRJ Departamento de Botânica","Quinta da Boa Vista, São Cristóvão, Rio de Janeiro, RJ","20940-040","Brazil"
"PPBioMA","Massimo Bovini","0000-0002-4082-7817","Instituto de Pesquisa Jardim Botânico do Rio de Janeiro","Rua Pacheco Leão, 915, Rio de Janeiro-RJ ","22460030","Brazil"
"PPBioMA","Jeronimo Boelsums Barreto Sansevero","0000-0002-3389-2581","Universidade Federal Rural do Rio de Janeiro - UFRRJ Instituto de Florestas - IF / Departamento de Ciências Ambientais - DCA ","Rod. BR 465, Km 07 Seropédica - RJ","23890-000","Brazil"
"PPBioMA","Rodolfo César Real de Abreu","0000-0002-8797-4654","Universidade Federal Rural do Rio de Janeiro - UFRRJ Instituto de Florestas - IF / Departamento de Ciências Ambientais - DCA ","Rod. BR 465, Km 07 Seropédica - RJ","23890-000","Brazil"
"PPBioMA","Pablo Viany Prieto","0000-0001-8265-4283","Instituto Internacional para Sustentabilidade","Estrada Dona Castorina, 124, Horto, Rio de Janeiro - RJ","22460-320","Brazil"
"PPBioMA","Eliana Ramos","0000-0002-8071-8199"," Instituto Nacional da Mata Atlântica (INMA)","Santa Teresa, ES","29650-000","Brazil"
"PPBioMA","Adriana Lobão","0000-0003-4036-2367","Universidade Federal Fluminense","Rua Professor Marcos Waldemar de Freitas Reis, s/n, Campus do Gragoatá, Bloco M, Sala 108, São Domingos, Niterói/RJ","24210-201","Brazil"
"PPBioMA","Bruno Kurtz","0000-0003-0306-4969","Instituto de Pesquisa Jardim Botânico do Rio de Janeiro","Rua Pacheco Leão, 915, Rio de Janeiro-RJ ","22460030","Brazil"
"PPBioMA","Helena Godoy Bergallo","0000-0001-9771-965X","Universidade do Estado do Rio de Janeiro (UERJ)","na","20550-019","Brazil"
"PPBioMA","Ana Angélica Monteiro de Barros","0000-0002-2320-6146","Universidade do Estado do Rio de Janeiro (UERJ) -","Universidade do Estado do Rio de Janeiro,  Faculdade de Formação de Professores, Departamento de Ciências, Rua Francisco Portela, 1470, Patronato, São Gonçalo","24435-000","Brazil"
"PPBioMA","Bruno Coutinho Kurtz","0000-0003-0306-4969","Instituto de Pesquisas Jardim Botânico do Rio de Janeiro","Rua Pacheco Leão 915, sala 115, Rio de Janeiro, RJ","22460-030","Brazil"
"PPBioMA","Mariella Camardelli Uzeda","0000-0002-8675-3104","Embrapa Agrobiologia (CNPAB)","Rodovia BR-465, Km, 7,Seropédica/ RJ","23897-970","Brazil"
"PPBioMA","Luciana de Moraes Costa","0000-0001-8080-4954","Universidade do Estado do Rio de Janeiro (UERJ)","Programa de pós-graduação em Ecologia e Evolução","20550-019","Brazil"
"PPBioMA","Elizabete Captivo Lourenço","0000-0002-6136-708X","Universidade do Estado do Rio de Janeiro (UERJ)","Programa de pós-graduação em Ecologia e Evolução","20550-019","Brazil"
"PPBioMA","Elisandro Ricardo Drechsler-Santos","0000-0002-3702-8715","Universidade Federal de Santa Catarina","Programa de pós-graduação em Biologia de Fungos, Algas e Plantas, Departamento Botânica, Universidade Federal de Santa Catarina, Campus Trindade, 88040-900, Florianópolis, SC, Brazil","88040-900","Brazil"
"PPBioMA","Diogo Henrique Costa-Rezende","0000-0002-7381-6954","Universidade Estadual Feira de Santa","Programa de pós-graduação em Botânica, Departamento de Biologia, Universidade Estadual de Feira de Santana, Campus Universitário, 44031-460, Feira de Santana, BA, Brazil","44031-460","Brazil"
"PPBioMA","Genivaldo Alves-Silva","0000-0002-8142-6665","Universidade Federal de Santa Catarina","Programa de pós-graduação em Biologia de Fungos, Algas e Plantas, Departamento Botânica, Universidade Federal de Santa Catarina, Campus Trindade, 88040-900, Florianópolis, SC, Brazil","88040-900","Brazil"
"PPBioMA","Luís Adriano Funez","0000-0002-0008-1061","Universidade Federal de Santa Catarina","Programa de pós-graduação em Biologia de Fungos, Algas e Plantas, Departamento Botânica, Universidade Federal de Santa Catarina, Campus Trindade, 88040-900, Florianópolis, SC, Brazil","88040-900","Brazil"
"PPBioMA","Felipe Bittencourt","0000-0003-4285-6213","Universidade Federal de Santa Catarina","Programa de pós-graduação em Biologia de Fungos, Algas e Plantas, Departamento Botânica, Universidade Federal de Santa Catarina, Campus Trindade, 88040-900, Florianópolis, SC, Brazil","88040-900","Brazil"
"PPBioMA","Kelmer Martins da Cunha","0000-0002-0545-5966","Universidade Federal de Santa Catarina","Programa de pós-graduação em Biologia de Fungos, Algas e Plantas, Departamento Botânica, Universidade Federal de Santa Catarina, Campus Trindade, 88040-900, Florianópolis, SC, Brazil","88040-900","Brazil"
"PPBioMA","Thiago Kossmann","0000-0003-2858-7838","Universidade Federal de Santa Catarina","Programa de pós-graduação em Biologia de Fungos, Algas e Plantas, Departamento Botânica, Universidade Federal de Santa Catarina, Campus Trindade, 88040-900, Florianópolis, SC, Brazil","88040-900","Brazil"
"PPBioMA","Mahatma Titton","0000-0001-7139-5116","Universidade Federal de Santa Catarina","Programa de pós-graduação em Biologia de Fungos, Algas e Plantas, Departamento Botânica, Universidade Federal de Santa Catarina, Campus Trindade, 88040-900, Florianópolis, SC, Brazil","88040-900","Brazil"
"PPBioMA","Bruna Nunes Krobel","0000-0003-0862-6916","Universidade Federal de Santa Catarina","Department of Ecology and Zoology, Biological Sciences Center, Universidade Federal de Santa Catarina (UFSC), Florianópolis - Santa Catarina
Florianópolis, SC - BRASIL"," 88040-970","Brazil"
"PPBioMA","Juliano André Bogoni","0000-0002-8541-0556","Universidade de São Paulo","Department of Forest Sciences, Laboratory of Ecology, Management and Conservation of Wild Fauna (LEMaC), Piracicaba - São Paulo","13418-900","Brazil"
"PPBioMA","Maurício Eduardo Graipel","0000-0001-5059-1919","Universidade Federal de Santa Catarina","Department of Ecology and Zoology, Biological Sciences Center, Universidade Federal de Santa Catarina (UFSC), Florianópolis - Santa Catarina
Florianópolis, SC - BRASIL"," 88040-970","Brazil"
"PPBioMA","José Salatiel Rodrigues ","0000-0002-7416-939X","Universidade Federal de Santa Catarina","Department of Ecology and Zoology, Biological Sciences Center, Universidade Federal de Santa Catarina (UFSC), Florianópolis - Santa Catarina
Florianópolis, SC - BRASIL"," 88040-970","Brazil"
"PPBioMA","Nivaldo Peroni ","0000-0002-6770-5377","Universidade Federal de Santa Catarina","Department of Ecology and Zoology, Biological Sciences Center, Universidade Federal de Santa Catarina (UFSC), Florianópolis - Santa Catarina
Florianópolis, SC - BRASIL"," 88040-970","Brazil"
"PPBioMA","Selvino Neckel de Oliveira","0000-0003-3218-5452","Universidade Federal de Santa Catarina","Department of Ecology and Zoology, Biological Sciences Center, Universidade Federal de Santa Catarina (UFSC), Florianópolis - Santa Catarina
Florianópolis, SC - BRASIL"," 88040-970","Brazil"
"PPBioMA","Sonia Barbosa dos Santos","0000-0001-5495-2208","Universidade do Estado do Rio de Janeiro (UERJ)","Deparatmento de Zoologia","20550-900","Brazil"
"PPBioMA","Jaqueline Lopes de Oliveira","0000-0001-7501-4683","Universidade do Estado do Rio de Janeiro (UERJ)","Departamento de Zoologia","20550-900","Brazil"
"PPBioMA-PPEEEG","Mariana Alves Faitanin","0000-0002-5948-0892","Universidade Estadual do Norte Fluminense (UENF), Centro de Biociências e Biotecnologia (CBB), Laboratório de Ciências Ambientais (LCA)","Av. Alberto Lamego 2000, Campos dos Goytacazes, RJ.","28013-602","Brazil"
"PPBioMA-PPEEEG","Marcelita França Marques","na","Universidade Estadual do Norte Fluminense (UENF), Centro de Biociências e Biotecnologia (CBB), Laboratório de Ciências Ambientais (LCA)","Av. Alberto Lamego 2000, Campos dos Goytacazes, RJ.","28013-602","Brazil"
"PPBioMA-PPEEEG","Herick Barreto Monteiro Viana","na","Universidade Estadual do Norte Fluminense (UENF), Centro de Biociências e Biotecnologia (CBB), Laboratório de Ciências Ambientais (LCA)","Av. Alberto Lamego 2000, Campos dos Goytacazes, RJ.","28013-602","Brazil"
"PPBioRO","Angelo Gilberto Manzatto","0000-0002-6414-8966","Universidade Federal de Rondônia (Unir)","Universidade Federal de Rondônia, Departamento de Biologia (NCET), Rodovia Br 364 s/n - Km 9,5 (Sentido Acre),Porto Velho (RO).","76801-059","Brazil"
"PPBioRO","Adeilza Felipe Sampaio","0000-0002-9907-4741","Universidade Federal de Rondônia (Unir)","Universidade Federal de Rondônia, Departamento de Biologia (NCET), Rodovia Br 364 s/n - Km 9,5 (Sentido Acre),Porto Velho (RO).","76801-059","Brazil"
"PPBioRO","Susamar Pansini","0000-0001-7859-9306","Universidade Federal de Rondônia (Unir)","Universidade Federal de Rondônia, Departamento de Biologia (NCET), Rodovia Br 364 s/n - Km 9,5 (Sentido Acre),Porto Velho (RO).","76801-059","Brazil"
"PPBioRO","Ricardo Teixeira Gregorio de Andrade","0000-0002-7509-6356","Universidade Federal de Rondônia (Unir)","Universidade Federal de Rondônia, Departamento de Biologia (NCET), Rodovia Br 364 s/n - Km 9,5 (Sentido Acre),Porto Velho (RO).","76801-059","Brazil"
"PPBioRO","Alex Eugenio de Oliveira ","0000-0002-7382-6538","Universidade Federal de Rondônia (Unir)","Universidade Federal de Rondônia, Departamento de Biologia (NCET), Rodovia Br 364 s/n - Km 9,5 (Sentido Acre),Porto Velho (RO).","76801-059","Brazil"
"PPBioRO","Tatiana Lemos da Silva Machado","0000-0001-5059-1775","Universidade Federal de Rondônia (Unir)","Universidade Federal de Rondônia, Departamento de Biologia (NCET), Rodovia Br 364 s/n - Km 9,5 (Sentido Acre),Porto Velho (RO).","76801-059","Brazil"
"PPBioRO","Sheliane Santos do Nascimento","0000-0001-5702-2452","Universidade Federal de Rondônia (Unir)","Universidade Federal de Rondônia, Departamento de Biologia (NCET), Rodovia Br 364 s/n - Km 9,5 (Sentido Acre),Porto Velho (RO).","76801-059","Brazil"
"PPBioRO","Gabriela de Paula Souza Zuquim","0000-0003-0932-2308","University of Turku","University of Turku, Department of Biology ,Finlandia ","FIN‐40014","Finlandia"
"PPBioRO","Flávia Regina Campello Costa ","0000-0002-9600-4625","Instituto Nacional de Pesquisas da Amazonia (INPA)","Instituto Nacional de Pesquisas da Amazonia (INPA), Av. André Araújo, 2.936 - Petrópolis - CEP 69067-375 - Manaus -AM","69067-375","Brazil"
"PPBioRO","Maria Aurea Pinheiro de Almeida Silveira","0000-0001-9858-8794","Universidade Federal de Rondônia (Unir)","Universidade Federal de Rondônia, Departamento de Biologia (NCET), Rodovia Br 364 s/n - Km 9,5 (Sentido Acre),Porto Velho (RO).","76801-059","Brazil"
"PPBioRO","Débora Cristina Castro de Sousa","0000-0003-2745-7118","Universidade Federal de Rondônia (Unir)","Universidade Federal de Rondônia, Departamento de Biologia (NCET), Rodovia Br 364 s/n - Km 9,5 (Sentido Acre),Porto Velho (RO).","76801-059","Brazil"
"PPBioRO","Aline Andriolo","0000-0002-2569-4075","Universidade Federal de Rondônia (Unir)","Universidade Federal de Rondônia, Departamento de Biologia (NCET), Rodovia Br 364 s/n - Km 9,5 (Sentido Acre),Porto Velho (RO).","76801-059","Brazil"
"PPBioRO","Alexandre de Almeida e Silva","0000-0002-6500-0402","Universidade Federal de Rondônia (Unir)","Universidade Federal de Rondônia, Departamento de Biologia (NCET), Rodovia Br 364 s/n - Km 9,5 (Sentido Acre),Porto Velho (RO).","76801-059","Brazil"
"PPBioRO","Sian de Souza Gadelha","0000-0002-6612-6672","Universidade Federal de Rondônia (Unir)","Universidade Federal de Rondônia, Departamento de Biologia (NCET), Rodovia Br 364 s/n - Km 9,5 (Sentido Acre),Porto Velho (RO).","76801-059","Brazil"
"PPBioRO","Glaucilene da Silva Costa","0000-0002-4096-9436","Universidade Federal de Rondônia (Unir)","Universidade Federal de Rondônia, Departamento de Biologia (NCET), Rodovia Br 364 s/n - Km 9,5 (Sentido Acre),Porto Velho (RO).","76801-059","Brazil"
"PPBioRO","Camila Moura Lemke","0000-0002-2535-0897","Universidade Federal de Rondônia (Unir)","Universidade Federal de Rondônia, Departamento de Biologia (NCET), Rodovia Br 364 s/n - Km 9,5 (Sentido Acre),Porto Velho (RO).","76801-059","Brazil"
"PPBioRO","Carolina Machado Brum","0000-0002-3124-0918","Universidade Federal de Rondônia (Unir)","Universidade Federal de Rondônia, Departamento de Biologia (NCET), Rodovia Br 364 s/n - Km 9,5 (Sentido Acre),Porto Velho (RO).","76801-059","Brazil"
"PPBioRO","Iuri Aparecida da Silva Oliveira","0000-0002-0481-3864","Universidade Federal de Rondônia (Unir)","Universidade Federal de Rondônia, Departamento de Biologia (NCET), Rodovia Br 364 s/n - Km 9,5 (Sentido Acre),Porto Velho (RO).","76801-059","Brazil"
"PPBioRO","Victor Mousinho Spinellli","0000-0003-0465-9630","Universidade Federal de Rondônia (Unir)","Universidade Federal de Rondônia, Departamento de Biologia (NCET), Rodovia Br 364 s/n - Km 9,5 (Sentido Acre),Porto Velho (RO).","76801-059","Brazil"
"PPBioRO","Ryan Guilherme de Souza Lemos","0000-0003-0465-9630","Universidade Federal de Rondônia (Unir)","Universidade Federal de Rondônia, Departamento de Biologia (NCET), Rodovia Br 364 s/n - Km 9,5 (Sentido Acre),Porto Velho (RO).","76801-059","Brazil"
"PPBioRO","Evelin Samuelsson ","0000-0002-0508-2709","Universidade Federal de Rondônia (Unir)","Universidade Federal de Rondônia, Departamento de Biologia (NCET), Rodovia Br 364 s/n - Km 9,5 (Sentido Acre),Porto Velho (RO).","76801-059","Brazil"
"PPBioRO","Uecson Suendel Costa de Oliveira","0000-0002-8784-5350","Universidade Federal de Rondônia (Unir)","Universidade Federal de Rondônia, Departamento de Biologia (NCET), Rodovia Br 364 s/n - Km 9,5 (Sentido Acre),Porto Velho (RO).","76801-059","Brazil"
"PPBioRO","Rafael Pereira dos Santos","0000-0002-1849-1296","Universidade Federal de Rondônia (Unir)","Universidade Federal de Rondônia, Departamento de Biologia (NCET), Rodovia Br 364 s/n - Km 9,5 (Sentido Acre),Porto Velho (RO).","76801-059","Brazil"
"PPBioRO","Carolina Rodrigues da Costa Doria","0000-0003-1638-0063","Universidade Federal de Rondônia (Unir)","Universidade Federal de Rondônia, Departamento de Biologia (NCET), Rodovia Br 364 s/n - Km 9,5 (Sentido Acre),Porto Velho (RO).","76801-059","Brazil"
"PPBioRO","Fabiola Gomes Vieira","0000-0001-6069-0275","Universidade Federal de Rondônia (Unir)","Universidade Federal de Rondônia, Departamento de Biologia (NCET), Rodovia Br 364 s/n - Km 9,5 (Sentido Acre),Porto Velho (RO).","76801-059","Brazil"
"PPBioRO","Mariluce Rezende Messias ","0000-0002-8322-3327","Universidade Federal de Rondônia (Unir)","Universidade Federal de Rondônia, Departamento de Biologia (NCET), Rodovia Br 364 s/n - Km 9,5 (Sentido Acre),Porto Velho (RO).","76801-059","Brazil"
"PPBioRO","Ravena Fernanda Braga de Mendonça","0000-0001-5681-8790","Universidade Federal de Rondônia (Unir)","Universidade Federal de Rondônia, Departamento de Biologia (NCET), Rodovia Br 364 s/n - Km 9,5 (Sentido Acre),Porto Velho (RO).","76801-059","Brazil"
"PPBioRO","Diego Meneghelli ","0000-0003-0281-2566","Universidade Federal de Rondônia - UNIR","Universidade Federal de Rondônia, Departamento de Biologia (NCET), Rodovia Br 364 s/n - Km 9,5 (Sentido Acre),Porto Velho (RO).","76801-059","Brazil"
"PPBioTermites","Cristian de Sales Dambros","0000-0002-5781-7471","Universidade Federal de Santa Maria (UFSM)","Universidade Federal de Santa Maria, Departamento de Ecologia e Evolução, Roraima nº 1000, Santa Maria - RS, Brasil","97105-900","Brazil"
"PPBioTermites","José Wellington de Moraes","0000-0003-3801-7054","Instituto Nacional de Pesquisas da Amazônia (INPA)","Instituto Nacional de Pesquisas da Amazônia – INPA, Coordenação em Biodiversidade – COBIO, Manaus, Brasil","69067-375","Brazil"
"PPBioTermites","Elizabeth Franklin","0000-0001-8485-6743","Instituto Nacional de Pesquisas da Amazônia (INPA)","Instituto Nacional de Pesquisas da Amazônia – INPA, Coordenação em Biodiversidade – COBIO, Manaus, Brasil","69067-375","Brazil"
"PPBioTermites","João Rafael Alves-Oliveira","0000-0002-2300-8780","Instituto Nacional de Pesquisas da Amazônia (INPA)","Instituto Nacional de Pesquisas da Amazônia – INPA, Coordenação em Biodiversidade – COBIO, Manaus, Brasil","69067-375","Brazil"
"PPBioTermites","Renato Almeida de Azevedo","0000-0001-6495-8603","Instituto Nacional de Pesquisas da Amazônia (INPA)","Instituto Nacional de Pesquisas da Amazônia – INPA, Coordenação em Biodiversidade – COBIO, Manaus, Brasil","69067-375","Brazil"
"PPEEEG","Dora Vilella","0000-0002-3507-0186","Universidade Estadual do Norte Fluminense (UENF), Centro de Biociências e Biotecnologia (CBB), Laboratório de Ciências Ambientais (LCA)","Av. Alberto Lamego 2000, Campos dos Goytacazes, RJ.","28013-602","Brazil"
"PPEEEG","Marcelo Trindade Nascimento","0000-0003-4492-3344","Universidade Estadual do Norte Fluminense (UENF), Centro de Biociências e Biotecnologia (CBB), Laboratório de Ciências Ambientais (LCA)","Av. Alberto Lamego 2000, Campos dos Goytacazes, RJ.","28013-602","Brazil"
"PPEEEG","Caroline Pessanha da Silva","0000-0002-1351-2553","Universidade Estadual do Norte Fluminense (UENF), Centro de Biociências e Biotecnologia (CBB), Laboratório de Ciências Ambientais (LCA)","Av. Alberto Lamego 2000, Campos dos Goytacazes, RJ.","28013-602","Brazil"
"PPEEEG","Vitor Melo Erse Cyrino","0000-0002-2973-8768","Universidade Estadual do Norte Fluminense (UENF), Centro de Biociências e Biotecnologia (CBB), Laboratório de Ciências Ambientais (LCA)","Av. Alberto Lamego 2000, Campos dos Goytacazes, RJ.","28013-602","Brazil"
"PPEEEG","Igor Broggio","0000-0002-9045-9135","Universidade Estadual do Norte Fluminense (UENF), Centro de Biociências e Biotecnologia (CBB), Laboratório de Ciências Ambientais (LCA)","Av. Alberto Lamego 2000, Campos dos Goytacazes, RJ.","28013-602","Brazil"
"PPEEEG","Karla Maria Pedra de Abreu "," 0000-0002-2747-9758","Instituto Federal de Educação, Ciência e Tecnologia do Espírito Santo (Ifes), Campus de Alegre, ","Rod. 482, km 47, 29520-000, Alegre, ES, Brasil","na","Brazil"
"PPEEEG","Vinicius Duncan da Silva","0000-0001-7102-3582","Universidade Estadual do Norte Fluminense (UENF), Centro de Biociências e Biotecnologia (CBB), Laboratório de Ciências Ambientais (LCA)","Av. Alberto Lamego 2000, Campos dos Goytacazes, RJ.","28013-602","Brazil"
"PPFunil","Dora Vilella","0000-0002-3507-0186","Universidade Estadual do Norte Fluminense (UENF), Centro de Biociências e Biotecnologia (CBB), Laboratório de Ciências Ambientais (LCA)","Av. Alberto Lamego 2000, Campos dos Goytacazes, RJ.","28013-602","Brazil"
"PPFunil","Marcelo Trindade Nascimento","0000-0003-4492-3344","Universidade Estadual do Norte Fluminense (UENF), Centro de Biociências e Biotecnologia (CBB), Laboratório de Ciências Ambientais (LCA)","Av. Alberto Lamego 2000, Campos dos Goytacazes, RJ.","28013-602","Brazil"
"PPFunil","Caroline Pessanha da Silva","0000-0002-1351-2553","Universidade Estadual do Norte Fluminense (UENF), Centro de Biociências e Biotecnologia (CBB), Laboratório de Ciências Ambientais (LCA)","Av. Alberto Lamego 2000, Campos dos Goytacazes, RJ.","28013-602","Brazil"
"PPFunil","Igor Broggio","0000-0002-9045-9135","Universidade Estadual do Norte Fluminense (UENF), Centro de Biociências e Biotecnologia (CBB), Laboratório de Ciências Ambientais (LCA)","Av. Alberto Lamego 2000, Campos dos Goytacazes, RJ.","28013-602","Brazil"
"PPFunil","Karla Maria Pedra de Abreu "," 0000-0002-2747-9758","Instituto Federal de Educação, Ciência e Tecnologia do Espírito Santo (Ifes), Campus de Alegre, ","Rod. 482, km 47, 29520-000, Alegre, ES, Brasil","na","Brazil"
"PPFunil","Vinicius Duncan da Silva","0000-0001-7102-3582","Universidade Estadual do Norte Fluminense (UENF), Centro de Biociências e Biotecnologia (CBB), Laboratório de Ciências Ambientais (LCA)","Av. Alberto Lamego 2000, Campos dos Goytacazes, RJ.","28013-602","Brazil"
"PPImburi","Dora Vilella","0000-0002-3507-0186","Universidade Estadual do Norte Fluminense (UENF), Centro de Biociências e Biotecnologia (CBB), Laboratório de Ciências Ambientais (LCA)","Av. Alberto Lamego 2000, Campos dos Goytacazes, RJ.","28013-602","Brazil"
"PPImburi","Marcelo Trindade Nascimento","0000-0003-4492-3344","Universidade Estadual do Norte Fluminense (UENF), Centro de Biociências e Biotecnologia (CBB), Laboratório de Ciências Ambientais (LCA)","Av. Alberto Lamego 2000, Campos dos Goytacazes, RJ.","28013-602","Brazil"
"PPImburi","Caroline Pessanha da Silva","0000-0002-1351-2553","Universidade Estadual do Norte Fluminense (UENF), Centro de Biociências e Biotecnologia (CBB), Laboratório de Ciências Ambientais (LCA)","Av. Alberto Lamego 2000, Campos dos Goytacazes, RJ.","28013-602","Brazil"
"PPImburi","Vitor Melo Erse Cyrino","0000-0002-2973-8768","Universidade Estadual do Norte Fluminense (UENF), Centro de Biociências e Biotecnologia (CBB), Laboratório de Ciências Ambientais (LCA)","Av. Alberto Lamego 2000, Campos dos Goytacazes, RJ.","28013-602","Brazil"
"PPImburi","Igor Broggio","0000-0002-9045-9135","Universidade Estadual do Norte Fluminense (UENF), Centro de Biociências e Biotecnologia (CBB), Laboratório de Ciências Ambientais (LCA)","Av. Alberto Lamego 2000, Campos dos Goytacazes, RJ.","28013-602","Brazil"
"PPImburi","Karla Maria Pedra de Abreu "," 0000-0002-2747-9758","Instituto Federal de Educação, Ciência e Tecnologia do Espírito Santo (Ifes), Campus de Alegre, ","Rod. 482, km 47, 29520-000, Alegre, ES, Brasil","na","Brazil"
"PPImburi","Vinicius Duncan da Silva","0000-0001-7102-3582","Universidade Estadual do Norte Fluminense (UENF), Centro de Biociências e Biotecnologia (CBB), Laboratório de Ciências Ambientais (LCA)","Av. Alberto Lamego 2000, Campos dos Goytacazes, RJ.","28013-602","Brazil"
"PPInMaP/2019","Luan Gabriel Araujo Goebel","0000-0002-1320-2184","Universidade do Estado de Mato Grosso (UNEMAT)","Centro de Pesquisa em Limnologia, Biodiversidade e Etnobiologia do Pantanal, Universidade do Estado de Mato Grosso, Cáceres, Mato Grosso, Brazil","78200-000","Brazil"
"PPInMaP/2020","Luan Gabriel Araujo Goebel","0000-0002-1320-2184","Universidade do Estado de Mato Grosso (UNEMAT)","Centro de Pesquisa em Limnologia, Biodiversidade e Etnobiologia do Pantanal, Universidade do Estado de Mato Grosso, Cáceres, Mato Grosso, Brazil","78200-000","Brazil"
"PPPalmeiras","Dora Vilella","0000-0002-3507-0186","Universidade Estadual do Norte Fluminense (UENF), Centro de Biociências e Biotecnologia (CBB), Laboratório de Ciências Ambientais (LCA)","Av. Alberto Lamego 2000, Campos dos Goytacazes, RJ.","28013-602","Brazil"
"PPPalmeiras","Marcelo Trindade Nascimento","0000-0003-4492-3344","Universidade Estadual do Norte Fluminense (UENF), Centro de Biociências e Biotecnologia (CBB), Laboratório de Ciências Ambientais (LCA)","Av. Alberto Lamego 2000, Campos dos Goytacazes, RJ.","28013-602","Brazil"
"PPPalmeiras","Caroline Pessanha da Silva","0000-0002-1351-2553","Universidade Estadual do Norte Fluminense (UENF), Centro de Biociências e Biotecnologia (CBB), Laboratório de Ciências Ambientais (LCA)","Av. Alberto Lamego 2000, Campos dos Goytacazes, RJ.","28013-602","Brazil"
"PPPalmeiras","Vitor Melo Erse Cyrino","0000-0002-2973-8768","Universidade Estadual do Norte Fluminense (UENF), Centro de Biociências e Biotecnologia (CBB), Laboratório de Ciências Ambientais (LCA)","Av. Alberto Lamego 2000, Campos dos Goytacazes, RJ.","28013-602","Brazil"
"PPPalmeiras","Igor Broggio","0000-0002-9045-9135","Universidade Estadual do Norte Fluminense (UENF), Centro de Biociências e Biotecnologia (CBB), Laboratório de Ciências Ambientais (LCA)","Av. Alberto Lamego 2000, Campos dos Goytacazes, RJ.","28013-602","Brazil"
"PPPalmeiras","Karla Maria Pedra de Abreu "," 0000-0002-2747-9758","Instituto Federal de Educação, Ciência e Tecnologia do Espírito Santo (Ifes), Campus de Alegre, ","Rod. 482, km 47, 29520-000, Alegre, ES, Brasil","na","Brazil"
"PPPalmeiras","Vinicius Duncan da Silva","0000-0001-7102-3582","Universidade Estadual do Norte Fluminense (UENF), Centro de Biociências e Biotecnologia (CBB), Laboratório de Ciências Ambientais (LCA)","Av. Alberto Lamego 2000, Campos dos Goytacazes, RJ.","28013-602","Brazil"
"PPRebioUnião","Bianca Nunes dos Reis","0000-0002-49733606","Universidade Estadual do Norte Fluminense (UENF), Centro de Biociências e Biotecnologia (CBB), Laboratório de Ciências Ambientais (LCA)","Av. Alberto Lamego 2000, Campos dos Goytacazes, RJ.","28013-602","Brazil"
"PPRebioUnião","Caroline Pessanha da Silva","0000-0002-1351-2553","Universidade Estadual do Norte Fluminense (UENF), Centro de Biociências e Biotecnologia (CBB), Laboratório de Ciências Ambientais (LCA)","Av. Alberto Lamego 2000, Campos dos Goytacazes, RJ.","28013-602","Brazil"
"PPRebioUnião","Dora Vilella","0000-0002-3507-0186","Universidade Estadual do Norte Fluminense (UENF), Centro de Biociências e Biotecnologia (CBB), Laboratório de Ciências Ambientais (LCA)","Av. Alberto Lamego 2000, Campos dos Goytacazes, RJ.","28013-602","Brazil"
"PPRebioUnião","Haroldo Cavalcante de Lima","0000-0003-2154-670X","Instituto de Pesquisa Jardim Botânico do Rio de Janeiro","Rua Pacheco Leão, 915, Rio de Janeiro-RJ","22460030","Brazil"
"PPRebioUnião","Jeronimo Boelsums Barreto Sansevero","0000-0002-3389-2581","Universidade Federal Rural do Rio de Janeiro - UFRRJ Instituto de Florestas - IF / Departamento de Ciências Ambientais - DCA","Rod. BR 465, Km 07 Seropédica - RJ","23890-000","Brazil"
"PPRebioUnião","João Marcelo Alvarenga Braga","0000-0002-6124-1970","Instituto de Pesquisa Jardim Botânico do Rio de Janeiro","Rua Pacheco Leão, 915, Rio de Janeiro-RJ","22460030","Brazil"
"PPRebioUnião","Marcelo Trindade Nascimento","0000-0003-4492-3344","Universidade Estadual do Norte Fluminense (UENF), Centro de Biociências e Biotecnologia (CBB), Laboratório de Ciências Ambientais (LCA)","Av. Alberto Lamego 2000, Campos dos Goytacazes, RJ.","28013-602","Brazil"
"PPRebioUnião","Mariana Alves Faitanin","0000-0002-5948-0892","Universidade Estadual do Norte Fluminense (UENF), Centro de Biociências e Biotecnologia (CBB), Laboratório de Ciências Ambientais (LCA)","Av. Alberto Lamego 2000, Campos dos Goytacazes, RJ.","28013-602","Brazil"
"PPRebioUnião","Mariana de Andrade Iguatemy","0000-0003-3820-9339","Instituto Internacional para Sustentabilidade","Estrada Dona Castorina, 124, Horto, Rio de Janeiro - RJ","22460-320","Brazil"
"PPRebioUnião","Pablo José Francisco Pena Rodrigues","0000-0001-8054-3643","Instituto de Pesquisa Jardim Botânico do Rio de Janeiro","Rua Pacheco Leão, 915, Rio de Janeiro-RJ","22460030","Brazil"
"PPRebioUnião","Pablo Viany Prieto","0000-0001-8265-4283","Instituto Internacional para Sustentabilidade","Estrada Dona Castorina, 124, Horto, Rio de Janeiro - RJ","22460-320","Brazil"
"PPRebioUnião","Rodolfo César Real de Abreu","0000-0002-8797-4654","Universidade Federal Rural do Rio de Janeiro - UFRRJ Instituto de Florestas - IF / Departamento de Ciências Ambientais - DCA","Rod. BR 465, Km 07 Seropédica - RJ","23890-000","Brazil"
"PPRebioUnião","Vitor Melo Erse Cyrino","0000-0002-2973-8768","Universidade Estadual do Norte Fluminense (UENF), Centro de Biociências e Biotecnologia (CBB), Laboratório de Ciências Ambientais (LCA)","Av. Alberto Lamego 2000, Campos dos Goytacazes, RJ.","28013-602","Brazil"
"PPRio Branco","Izaias Médice Fernandes","0000-0003-0402-2891","Universidade Federal de Rondônia (UNIR)","Av. Norte Sul, 7300, Bairro: Nova Morada, Rolim de Moura - RO","76940-000","Brazil"
"PPRio Branco","Hugmar Pains da Silva","0000-0003-3540-2889","Universidade Estadual de Mato Grosso (UNEMAT)","MT-358, Km 7 , Jardim Aeroporto, Tangará da Serra - MT.","78300-000","Brazil"
"PPRio Branco","Luzia da Silva Lourenço","0000-0002-5012-7099","Faculdade Estácio São Paulo de Rondônia","Av. 25 de Agosto, 6961, Bairro: São Cristovão, Rolim de Moura - RO","76940-000","Brazil"
"PPSantana","Dora Vilella","0000-0002-3507-0186","Universidade Estadual do Norte Fluminense (UENF), Centro de Biociências e Biotecnologia (CBB), Laboratório de Ciências Ambientais (LCA)","Av. Alberto Lamego 2000, Campos dos Goytacazes, RJ.","28013-602","Brazil"
"PPSantana","Marcelo Trindade Nascimento","0000-0003-4492-3344","Universidade Estadual do Norte Fluminense (UENF), Centro de Biociências e Biotecnologia (CBB), Laboratório de Ciências Ambientais (LCA)","Av. Alberto Lamego 2000, Campos dos Goytacazes, RJ.","28013-602","Brazil"
"PPSantana","Caroline Pessanha da Silva","0000-0002-1351-2553","Universidade Estadual do Norte Fluminense (UENF), Centro de Biociências e Biotecnologia (CBB), Laboratório de Ciências Ambientais (LCA)","Av. Alberto Lamego 2000, Campos dos Goytacazes, RJ.","28013-602","Brazil"
"PPSantana","Vitor Melo Erse Cyrino","0000-0002-2973-8768","Universidade Estadual do Norte Fluminense (UENF), Centro de Biociências e Biotecnologia (CBB), Laboratório de Ciências Ambientais (LCA)","Av. Alberto Lamego 2000, Campos dos Goytacazes, RJ.","28013-602","Brazil"
"PPSantana","Igor Broggio","0000-0002-9045-9135","Universidade Estadual do Norte Fluminense (UENF), Centro de Biociências e Biotecnologia (CBB), Laboratório de Ciências Ambientais (LCA)","Av. Alberto Lamego 2000, Campos dos Goytacazes, RJ.","28013-602","Brazil"
"PPSantana","Karla Maria Pedra de Abreu "," 0000-0002-2747-9758","Instituto Federal de Educação, Ciência e Tecnologia do Espírito Santo (Ifes), Campus de Alegre, ","Rod. 482, km 47, 29520-000, Alegre, ES, Brasil","na","Brazil"
"PPSantana","Vinicius Duncan da Silva","0000-0001-7102-3582","Universidade Estadual do Norte Fluminense (UENF), Centro de Biociências e Biotecnologia (CBB), Laboratório de Ciências Ambientais (LCA)","Av. Alberto Lamego 2000, Campos dos Goytacazes, RJ.","28013-602","Brazil"
"PPSAntonio","Dora Vilella","0000-0002-3507-0186","Universidade Estadual do Norte Fluminense (UENF), Centro de Biociências e Biotecnologia (CBB), Laboratório de Ciências Ambientais (LCA)","Av. Alberto Lamego 2000, Campos dos Goytacazes, RJ.","28013-602","Brazil"
"PPSAntonio","Marcelo Trindade Nascimento","0000-0003-4492-3344","Universidade Estadual do Norte Fluminense (UENF), Centro de Biociências e Biotecnologia (CBB), Laboratório de Ciências Ambientais (LCA)","Av. Alberto Lamego 2000, Campos dos Goytacazes, RJ.","28013-602","Brazil"
"PPSAntonio","Caroline Pessanha da Silva","0000-0002-1351-2553","Universidade Estadual do Norte Fluminense (UENF), Centro de Biociências e Biotecnologia (CBB), Laboratório de Ciências Ambientais (LCA)","Av. Alberto Lamego 2000, Campos dos Goytacazes, RJ.","28013-602","Brazil"
"PPSAntonio","Vitor Melo Erse Cyrino","0000-0002-2973-8768","Universidade Estadual do Norte Fluminense (UENF), Centro de Biociências e Biotecnologia (CBB), Laboratório de Ciências Ambientais (LCA)","Av. Alberto Lamego 2000, Campos dos Goytacazes, RJ.","28013-602","Brazil"
"PPSAntonio","Igor Broggio","0000-0002-9045-9135","Universidade Estadual do Norte Fluminense (UENF), Centro de Biociências e Biotecnologia (CBB), Laboratório de Ciências Ambientais (LCA)","Av. Alberto Lamego 2000, Campos dos Goytacazes, RJ.","28013-602","Brazil"
"PPSAntonio","Karla Maria Pedra de Abreu "," 0000-0002-2747-9758","Instituto Federal de Educação, Ciência e Tecnologia do Espírito Santo (Ifes), Campus de Alegre, ","Rod. 482, km 47, 29520-000, Alegre, ES, Brasil","na","Brazil"
"PPSAntonio","Vinicius Duncan da Silva","0000-0001-7102-3582","Universidade Estadual do Norte Fluminense (UENF), Centro de Biociências e Biotecnologia (CBB), Laboratório de Ciências Ambientais (LCA)","Av. Alberto Lamego 2000, Campos dos Goytacazes, RJ.","28013-602","Brazil"
"ProjGuaragua","Andre Andrian Padial","0000-0002-8766-5974","Universidade Federal do Paraná","Laboratório de Análise e Síntese em Biodiversidade, Departamento de Botânica, Setor de Ciências Biológicas, Universidade Federal do Paraná, Av. Cel. Francisco H. dos Santos, 100, 81531-980, Curitiba, Paraná, Brazil","81531-980","Brazil"
"QAISP-M","Beatriz Durazzo Ruiz","na","Companhia Ambiental do estado de São Paulo | CETESB","av. prof Frederico Herman Jr, 345 | Alto de Pinheiros | São Paulo | SP","05459-900","Brazil"
"QAISP-M","Mônica Luisa Kuhlmann","0000-0003-0384-2310","Companhia Ambiental do estado de São Paulo | CETESB","av. prof Frederico Herman Jr, 345 | Alto de Pinheiros | São Paulo | SP","05459-901","Brazil"
"QAISP-M","Hélio Rubens Victorino Imbimbo","0000-0002-6074-0233","Companhia Ambiental do estado de São Paulo | CETESB","av. prof Frederico Herman Jr, 345 | Alto de Pinheiros | São Paulo | SP","05459-902","Brazil"
"Rancho Frio","Gabriel Cupolillo de Azeredo","0000-0003-0243-4665","Universidade Federal do Rio de Janiero (UFRJ)","Universidade Federal do Rio de Janeiro, Instituto de Biologia, Departamento de Ecologia, Programa de Pós-Graduação em Ecologia, Av. Carlos Chagas Filho, 373, Cidade Universitária, Rio de Janeiro, RJ.","21941-971","Brazil"
"Rancho Frio","Mariana Silva Ferreira","0000-0003-0016-4235","Universidade Veiga de Almeida","Universidade Veiga de Almeida, Departamento de Biologia, Rua Ibituruna 108 bloco B 2° andar Maracanã Rio de Janeiro","20271-020","Brazil"
"Rancho Frio","Rui Cerqueira","0000-0002-0196-3808","Universidade Federal do Rio de Janeiro (UFRJ)","Universidade Federal do Rio de Janeiro, Instituto de Biologia, Departamento de Ecologia, Programa de Pós-Graduação em Ecologia, Av. Carlos Chagas Filho, 373, Cidade Universitária, Rio de Janeiro, RJ.","21941-971","Brazil"
"Rancho Frio","Marcus Vinícius Vieira","0000-0002-4472-5447","Universidade Federal do Rio de Janeiro (UFRJ)","Universidade Federal do Rio de Janeiro, Instituto de Biologia, Departamento de Ecologia, Programa de Pós-Graduação em Ecologia, Av. Carlos Chagas Filho, 373, Cidade Universitária, Rio de Janeiro, RJ.","21941-971","Brazil"
"REDE.AVA","José Luiz Andrade Franco","0000-0001-6772-6234","Universidade de Brasília","Campus Universitário Darcy Ribeiro, Brasília-DF ","70910-900","Brazil"
"Rede.Biomar-Coral.Vivo","Carlos Henrique Figueiredo Lacerda","na","Coral Vivo","Ecoparque - Estr. de Trancoso, km 4,5 - Arraial d'Ajuda, Porto Seguro - BA","45816-000","Brazil"
"Rede.Biomar-Coral.Vivo","Miguel Mies","0000-0001-8925-7037","USP | Coral Vivo","Ecoparque - Estr. de Trancoso, km 4,5 - Arraial d'Ajuda, Porto Seguro - BA","45816-001","Brazil"
"Rede.Biomar-Coral.Vivo","Adalto Bianchini","0000-0002-7627-7650","FURG | Coral Vivo","Ecoparque - Estr. de Trancoso, km 4,5 - Arraial d'Ajuda, Porto Seguro - BA","45816-002","Brazil"
"REMAR","Anders Jensen Schmidt","0000-0002-8751-9926","Universidade Federal do Sul da Bahia","na","na","Brazil"
"REMAR","Karen Diele","0000-0002-4352-5195","Edinburgh Napier University","Universidade do Estado do Rio de Janeiro, Departamento de Ecologia, IBRAG, Rua São Francisco Xavier 524 PHLC 220","20550-019","Brazil"
"RAS","Filipe Machado França","0000-0003-3827-1917","University of Bristol","School of Biological Sciences, University of Bristol, Beacon House, Queens Road, Bristol, UK","BS8 1QU","United Kingdom"
"RAS","Jos Barlow","0000-0003-4992-2594","Lancaster University","Lancaster Environment Centre, Lancaster University, Lancaster, UK","LA1 4YQ","United Kingdom"
"RAS","Joice Ferreira","0000-0002-4008-2341","Embrapa Amazônia Oriental","Embrapa Amazônia Oriental, Tv. Dr. Enéas Pinheiro, s/n, CP 48, Belém, PA, Brasil","66095-100","Brazil"
"RAS","Erika Berenguer","0000-0001-8157-8792","University of Oxford","Environmental Change Institute, Oxford University Centre for the Environment, South Parks Road, Oxford","OX1 3QY","United Kingdom"
"RAS","Victor Hugo F. Oliveira","0000-0002-0553-0268","Universidade Federal de Lavras","Universidade Federal de Lavras, Departamento de Ecologia, Laboratório de Ecologia e Conservação de Invertebrados, Campus Universitário, Lavras, MG, Brasil","37200-000","Brazil"
"RAS","Laís Ferreira Maia","000-0001-6391-3518","University of Canterbury","University of Canterbury, Bio-Protection Research Centre, School of Biological Sciences, Christchurch, New Zealand","8041","New Zealand"
"RAS","Maria Eduarda Maldaner","0000-0002-8307-4595","Universidade Federal do Mato Grosso","Universidade Federal do Mato Grosso, Departamento de Biologia e Zoologia, Laboratório de Scarabaeoidologia, Av. Edgar Vieira, s/nº, Boa Esperança, Cuiabá, MT, Brasil","78060-900","Brazil"
"RAS","Edrielly Carvalho","0000-0002-4477-9824","Universidade Federal do Mato Grosso","Universidade Federal do Mato Grosso, Departamento de Biologia e Zoologia, Laboratório de Scarabaeoidologia, Av. Edgar Vieira, s/nº, Boa Esperança, Cuiabá, MT, Brasil","78060-900","Brazil"
"RAS","Fernando Z. Vaz-de-Mello","0000-0001-9697-320X","Universidade Federal do Mato Grosso","Universidade Federal do Mato Grosso, Departamento de Biologia e Zoologia, Laboratório de Scarabaeoidologia, Av. Edgar Vieira, s/nº, Boa Esperança, Cuiabá, MT, Brasil","78060-900","Brazil"
"RAS","Julio Louzada","0000-0002-1481-3112","Universidade Federal de Lavras","Universidade Federal de Lavras, Departamento de Ecologia, Laboratório de Ecologia e Conservação de Invertebrados, Campus Universitário, Lavras, MG, Brasil","37200-000","Brazil"
"RAS","Rodrigo F. Braga","0000-0001-5082-3070","Universidade Federal de Lavras","Universidade Federal de Lavras, Departamento de Ecologia, Laboratório de Ecologia e Conservação de Invertebrados, Campus Universitário, Lavras, MG, Brasil","37200-000","Brazil"
"RAS","Alexander Lees","0000-0001-7603-9081","Manchester Metropolitan University","Manchester Metropolitan University, Department of Natural Sciences, Manchester, UK","M1 5GD","United Kingdom"
"RAS","Nárgila G. Moura","na","Museu Paraense Emílio Goeldi","Museu Paraense Emílio Goeldi, Avenida Perimetral, 1901, Belém, PA, Brasil","66077-830","Brazil"
"RAS","Oliver Charles Metcalf ","na","Manchester Metropolitan University","Manchester Metropolitan University, Department of Natural Sciences, Manchester, UK","M1 5GD","United Kingdom"
"RAS","Fernando Elias","0000-0001-9190-1733","Embrapa Amazônia Oriental","Embrapa Amazônia Oriental, Tv. Dr. Enéas Pinheiro, s/n, CP 48, Belém, PA, Brasil","66095-100","Brazil"
"RAS","Liana Rossi","na","Universidade Estadual Paulista ""Júlio de Mesquita Filho"" - Unesp","R. Dr. Cyro Bueno, 40 - Jardim Cinquentenario, Pres. Prudente - SP","19060-560","Brazil"
"RAS","Marina Seixas","na","Embrapa Amazônia Oriental","Embrapa Amazônia Oriental, Tv. Dr. Enéas Pinheiro, s/n, CP 48, Belém, PA, Brasil","66095-100","Brazil"
"RAS","Yan Ramos","na","Embrapa Amazônia Oriental","Embrapa Amazônia Oriental, Tv. Dr. Enéas Pinheiro, s/n, CP 48, Belém, PA, Brasil","66095-100","Brazil"
"TEAM","Chia Hsieh","0000-0002-3715-4113","Rice University","6100 Main St, Houston, TX 77005, USA","77005","United States"
"TEAM","Daniel Gorczynski","0000-0003-0395-0434","Rice University","6100 Main St, Houston, TX 77005, USA","77005","United States"
"TEAM","Lydia Beaudrot","0000-0001-8135-7519","Rice University","6100 Main St, Houston, TX 77005, USA","77005","United States"
"TEAM","Jorge Ahumada","0000-0003-0953-9101","Conservation International","2011 Crystal Drive Suite 500 Arlington, VA22202 USA","22202","United States"
"TEAM","Eric Fegraus","0000-0003-3964-3946","Conservation International","2011 Crystal Drive Suite 500 Arlington, VA22202 USA","22202","United States"
