linha_planilha,Network.ID,Site.Country,Site.Habitat,classe,regra
2,ATDN,Suriname,na,terrestrial,projeto (so variaveis terrestres)
3,ATDN,Suriname,na,terrestrial,projeto (so variaveis terrestres)
4,ATDN,Suriname,na,terrestrial,projeto (so variaveis terrestres)
5,ATDN,Suriname,na,terrestrial,projeto (so variaveis terrestres)
6,ATDN,Suriname,na,terrestrial,projeto (so variaveis terrestres)
7,ATDN,Suriname,na,terrestrial,projeto (so variaveis terrestres)
8,ATDN,Suriname,na,terrestrial,projeto (so variaveis terrestres)
9,ATDN,Suriname,na,terrestrial,projeto (so variaveis terrestres)
10,ATDN,Suriname,na,terrestrial,projeto (so variaveis terrestres)
11,ATDN,Suriname,na,terrestrial,projeto (so variaveis terrestres)
12,ATDN,Suriname,na,terrestrial,projeto (so variaveis terrestres)
13,ATDN,Suriname,na,terrestrial,projeto (so variaveis terrestres)
14,ATDN,Suriname,na,terrestrial,projeto (so variaveis terrestres)
15,ATDN,Suriname,na,terrestrial,projeto (so variaveis terrestres)
16,ATDN,Suriname,na,terrestrial,projeto (so variaveis terrestres)
17,ATDN,Suriname,na,terrestrial,projeto (so variaveis terrestres)
18,ATDN,Suriname,na,terrestrial,projeto (so variaveis terrestres)
19,ATDN,Suriname,na,terrestrial,projeto (so variaveis terrestres)
20,ATDN,Suriname,na,terrestrial,projeto (so variaveis terrestres)
21,ATDN,Suriname,na,terrestrial,projeto (so variaveis terrestres)
22,ATDN,Suriname,na,terrestrial,projeto (so variaveis terrestres)
23,ATDN,Suriname,na,terrestrial,projeto (so variaveis terrestres)
24,ATDN,Suriname,na,terrestrial,projeto (so variaveis terrestres)
25,BDCTamar,Brazil,"12.2 Sandy Shoreline and/or Beaches, Sand Bars, Spits, etc.",marine,habitat (IUCN 9-13 / palavra-chave)
26,BDCTamar,Brazil,"12.2 Sandy Shoreline and/or Beaches, Sand Bars, Spits, etc.",marine,habitat (IUCN 9-13 / palavra-chave)
27,BDCTamar,Brazil,"12.2 Sandy Shoreline and/or Beaches, Sand Bars, Spits, etc.",marine,habitat (IUCN 9-13 / palavra-chave)
28,BDCTamar,Brazil,"12.2 Sandy Shoreline and/or Beaches, Sand Bars, Spits, etc.",marine,habitat (IUCN 9-13 / palavra-chave)
29,BDCTamar,Brazil,"12.2 Sandy Shoreline and/or Beaches, Sand Bars, Spits, etc.",marine,habitat (IUCN 9-13 / palavra-chave)
30,BDCTamar,Brazil,"12.2 Sandy Shoreline and/or Beaches, Sand Bars, Spits, etc.",marine,habitat (IUCN 9-13 / palavra-chave)
31,BDCTamar,Brazil,"12.2 Sandy Shoreline and/or Beaches, Sand Bars, Spits, etc.",marine,habitat (IUCN 9-13 / palavra-chave)
32,BDCTamar,Brazil,"12.2 Sandy Shoreline and/or Beaches, Sand Bars, Spits, etc.",marine,habitat (IUCN 9-13 / palavra-chave)
33,BDCTamar,Brazil,"12.2 Sandy Shoreline and/or Beaches, Sand Bars, Spits, etc.",marine,habitat (IUCN 9-13 / palavra-chave)
34,BDCTamar,Brazil,"12.2 Sandy Shoreline and/or Beaches, Sand Bars, Spits, etc.",marine,habitat (IUCN 9-13 / palavra-chave)
35,BDCTamar,Brazil,"12.2 Sandy Shoreline and/or Beaches, Sand Bars, Spits, etc.",marine,habitat (IUCN 9-13 / palavra-chave)
36,BDCTamar,Brazil,10.1. Marine Oceanic - Epipelagic (0-200m),marine,habitat (IUCN 9-13 / palavra-chave)
37,BDCTamar,Brazil,"12.2 Sandy Shoreline and/or Beaches, Sand Bars, Spits, etc.",marine,habitat (IUCN 9-13 / palavra-chave)
38,BDCTamar,Brazil,"12.2 Sandy Shoreline and/or Beaches, Sand Bars, Spits, etc.",marine,habitat (IUCN 9-13 / palavra-chave)
39,BDCTamar,Brazil,"12.2 Sandy Shoreline and/or Beaches, Sand Bars, Spits, etc.",marine,habitat (IUCN 9-13 / palavra-chave)
40,BDCTamar,Brazil,"12.2 Sandy Shoreline and/or Beaches, Sand Bars, Spits, etc.",marine,habitat (IUCN 9-13 / palavra-chave)
41,BDCTamar,Brazil,"12.2 Sandy Shoreline and/or Beaches, Sand Bars, Spits, etc.",marine,habitat (IUCN 9-13 / palavra-chave)
42,BDCTamar,Brazil,"12.2 Sandy Shoreline and/or Beaches, Sand Bars, Spits, etc.",marine,habitat (IUCN 9-13 / palavra-chave)
43,BDCTamar,Brazil,"12.2 Sandy Shoreline and/or Beaches, Sand Bars, Spits, etc.",marine,habitat (IUCN 9-13 / palavra-chave)
44,BDCTamar,Brazil,"12.2 Sandy Shoreline and/or Beaches, Sand Bars, Spits, etc.",marine,habitat (IUCN 9-13 / palavra-chave)
45,BDCTamar,Brazil,"12.2 Sandy Shoreline and/or Beaches, Sand Bars, Spits, etc.",marine,habitat (IUCN 9-13 / palavra-chave)
46,BDCTamar,Brazil,"12.2 Sandy Shoreline and/or Beaches, Sand Bars, Spits, etc.",marine,habitat (IUCN 9-13 / palavra-chave)
47,BDCTamar,Brazil,"12.2 Sandy Shoreline and/or Beaches, Sand Bars, Spits, etc.",marine,habitat (IUCN 9-13 / palavra-chave)
48,BDCTamar,Brazil,"12.2 Sandy Shoreline and/or Beaches, Sand Bars, Spits, etc.",marine,habitat (IUCN 9-13 / palavra-chave)
49,BDCTamar,Brazil,"12.2 Sandy Shoreline and/or Beaches, Sand Bars, Spits, etc.",marine,habitat (IUCN 9-13 / palavra-chave)
50,BDCTamar,Brazil,"12.2 Sandy Shoreline and/or Beaches, Sand Bars, Spits, etc.",marine,habitat (IUCN 9-13 / palavra-chave)
51,BDCTamar,Brazil,"12.2 Sandy Shoreline and/or Beaches, Sand Bars, Spits, etc.",marine,habitat (IUCN 9-13 / palavra-chave)
52,BDCTamar,Brazil,"12.2 Sandy Shoreline and/or Beaches, Sand Bars, Spits, etc.",marine,habitat (IUCN 9-13 / palavra-chave)
53,BDCTamar,Brazil,"12.2 Sandy Shoreline and/or Beaches, Sand Bars, Spits, etc.",marine,habitat (IUCN 9-13 / palavra-chave)
54,BDCTamar,Brazil,"12.2 Sandy Shoreline and/or Beaches, Sand Bars, Spits, etc.",marine,habitat (IUCN 9-13 / palavra-chave)
55,BDCTamar,Brazil,"12.2 Sandy Shoreline and/or Beaches, Sand Bars, Spits, etc.",marine,habitat (IUCN 9-13 / palavra-chave)
56,BDCTamar,Brazil,"12.2 Sandy Shoreline and/or Beaches, Sand Bars, Spits, etc.",marine,habitat (IUCN 9-13 / palavra-chave)
57,BDCTamar,Brazil,"12.2 Sandy Shoreline and/or Beaches, Sand Bars, Spits, etc.",marine,habitat (IUCN 9-13 / palavra-chave)
58,BDCTamar,Brazil,"12.2 Sandy Shoreline and/or Beaches, Sand Bars, Spits, etc.",marine,habitat (IUCN 9-13 / palavra-chave)
59,BDCTamar,Brazil,"12.2 Sandy Shoreline and/or Beaches, Sand Bars, Spits, etc.",marine,habitat (IUCN 9-13 / palavra-chave)
60,BDCTamar,Brazil,"12.2 Sandy Shoreline and/or Beaches, Sand Bars, Spits, etc.",marine,habitat (IUCN 9-13 / palavra-chave)
61,BDCTamar,Brazil,"12.2 Sandy Shoreline and/or Beaches, Sand Bars, Spits, etc.",marine,habitat (IUCN 9-13 / palavra-chave)
62,BDCTamar,Brazil,"12.2 Sandy Shoreline and/or Beaches, Sand Bars, Spits, etc.",marine,habitat (IUCN 9-13 / palavra-chave)
63,BDCTamar,Brazil,"12.2 Sandy Shoreline and/or Beaches, Sand Bars, Spits, etc.",marine,habitat (IUCN 9-13 / palavra-chave)
64,BDCTamar,Brazil,"12.2 Sandy Shoreline and/or Beaches, Sand Bars, Spits, etc.",marine,habitat (IUCN 9-13 / palavra-chave)
65,BDCTamar,Brazil,"12.2 Sandy Shoreline and/or Beaches, Sand Bars, Spits, etc.",marine,habitat (IUCN 9-13 / palavra-chave)
66,BDCTamar,Brazil,"12.2 Sandy Shoreline and/or Beaches, Sand Bars, Spits, etc.",marine,habitat (IUCN 9-13 / palavra-chave)
67,BDCTamar,Brazil,"12.2 Sandy Shoreline and/or Beaches, Sand Bars, Spits, etc.",marine,habitat (IUCN 9-13 / palavra-chave)
68,BDCTamar,Brazil,"12.2 Sandy Shoreline and/or Beaches, Sand Bars, Spits, etc.",marine,habitat (IUCN 9-13 / palavra-chave)
69,BDCTamar,Brazil,"12.2 Sandy Shoreline and/or Beaches, Sand Bars, Spits, etc.",marine,habitat (IUCN 9-13 / palavra-chave)
70,BDCTamar,Brazil,"12.2 Sandy Shoreline and/or Beaches, Sand Bars, Spits, etc.",marine,habitat (IUCN 9-13 / palavra-chave)
71,BDCTamar,Brazil,"12.2 Sandy Shoreline and/or Beaches, Sand Bars, Spits, etc.",marine,habitat (IUCN 9-13 / palavra-chave)
72,BDCTamar,Brazil,"12.2 Sandy Shoreline and/or Beaches, Sand Bars, Spits, etc.",marine,habitat (IUCN 9-13 / palavra-chave)
73,BDCTamar,Brazil,"12.2 Sandy Shoreline and/or Beaches, Sand Bars, Spits, etc.",marine,habitat (IUCN 9-13 / palavra-chave)
74,BDCTamar,Brazil,10.1. Marine Oceanic - Epipelagic (0-200m),marine,habitat (IUCN 9-13 / palavra-chave)
75,BDCTamar,Brazil,"12.2 Cove, Sandy Shoreline and/or Beaches, Sand Bars, Spits, etc.",marine,habitat (IUCN 9-13 / palavra-chave)
76,BDCTamar,Brazil,"12.2 Sandy Shoreline and/or Beaches, Sand Bars, Spits, etc.",marine,habitat (IUCN 9-13 / palavra-chave)
77,BDCTamar,Brazil,"12.2 Sandy Shoreline and/or Beaches, Sand Bars, Spits, etc.",marine,habitat (IUCN 9-13 / palavra-chave)
78,BDCTamar,Brazil,"12.2 Sandy Shoreline and/or Beaches, Sand Bars, Spits, etc.",marine,habitat (IUCN 9-13 / palavra-chave)
79,Bio.LEP,Brazil,1.9. Forest – Subtropical/tropical moist montane,terrestrial,habitat (outros codigos)
80,Bio.LEP,Brazil,4.7. Grassland - Subtropical/tropical high altitude,terrestrial,habitat (outros codigos)
81,Bio.LEP,Brazil,1.6. Forest – Subtropical/tropical moist lowland,terrestrial,habitat (outros codigos)
82,Bio.LEP,Brazil,1.6. Forest – Subtropical/tropical moist lowland,terrestrial,habitat (outros codigos)
83,Bio.LEP,Brazil,1.6. Forest – Subtropical/tropical moist lowland / 1.9. Forest – Subtropical/tropical moist montane,terrestrial,habitat (outros codigos)
84,Bio.LEP,Brazil,14.2 Pastureland; 14.3 Plantations; 14.4 Rural Gardens,terrestrial,habitat (outros codigos)
85,Bio.LEP,Brazil,14.5 Urban Areas,terrestrial,habitat (outros codigos)
86,Bio.LEP,Brazil,1.6. Forest – Subtropical/tropical moist lowland / 1.9. Forest – Subtropical/tropical moist montane,terrestrial,habitat (outros codigos)
87,Bio.LEP,Brazil,14.2 Pastureland; 14.3 Plantations; 14.4 Rural Gardens,terrestrial,habitat (outros codigos)
88,Bio.LEP,Brazil,14.5 Urban Areas,terrestrial,habitat (outros codigos)
89,Bio.LEP,Brazil,1.6. Forest – Subtropical/tropical moist lowland / 1.9. Forest – Subtropical/tropical moist montane,terrestrial,habitat (outros codigos)
90,Bio.LEP,Brazil,14.2 Pastureland; 14.3 Plantations; 14.4 Rural Gardens,terrestrial,habitat (outros codigos)
91,Bio.LEP,Brazil,14.5 Urban Areas,terrestrial,habitat (outros codigos)
92,Bio.LEP,Brazil,1.6. Forest – Subtropical/tropical moist lowland,terrestrial,habitat (outros codigos)
93,BST-Col,Colombia,na,terrestrial,projeto (so variaveis terrestres)
94,BST-Col,Colombia,na,terrestrial,projeto (so variaveis terrestres)
95,BST-Col,Colombia,na,terrestrial,projeto (so variaveis terrestres)
96,BST-Col,Colombia,na,terrestrial,projeto (so variaveis terrestres)
97,BST-Col,Colombia,na,terrestrial,projeto (so variaveis terrestres)
98,BST-Col,Colombia,na,terrestrial,projeto (so variaveis terrestres)
99,BST-Col,Colombia,na,terrestrial,projeto (so variaveis terrestres)
100,BST-Col,Colombia,na,terrestrial,projeto (so variaveis terrestres)
101,BST-Col,Colombia,na,terrestrial,projeto (so variaveis terrestres)
102,Col-Tree,Colombia,na,terrestrial,projeto (so variaveis terrestres)
103,Col-Tree,Colombia,na,terrestrial,projeto (so variaveis terrestres)
104,Col-Tree,Colombia,na,terrestrial,projeto (so variaveis terrestres)
105,Col-Tree,Colombia,na,terrestrial,projeto (so variaveis terrestres)
106,Col-Tree,Colombia,na,terrestrial,projeto (so variaveis terrestres)
107,Col-Tree,Colombia,na,terrestrial,projeto (so variaveis terrestres)
108,Col-Tree,Colombia,na,terrestrial,projeto (so variaveis terrestres)
109,Col-Tree,Colombia,na,terrestrial,projeto (so variaveis terrestres)
110,Col-Tree,Colombia,na,terrestrial,projeto (so variaveis terrestres)
111,Col-Tree,Colombia,na,terrestrial,projeto (so variaveis terrestres)
112,Col-Tree,Colombia,na,terrestrial,projeto (so variaveis terrestres)
113,Col-Tree,Colombia,na,terrestrial,projeto (so variaveis terrestres)
114,Col-Tree,Colombia,na,terrestrial,projeto (so variaveis terrestres)
115,Col-Tree,Colombia,na,terrestrial,projeto (so variaveis terrestres)
116,Col-Tree,Colombia,na,terrestrial,projeto (so variaveis terrestres)
117,Col-Tree,Colombia,na,terrestrial,projeto (so variaveis terrestres)
118,Col-Tree,Colombia,na,terrestrial,projeto (so variaveis terrestres)
119,Col-Tree,Colombia,na,terrestrial,projeto (so variaveis terrestres)
120,Col-Tree,Colombia,na,terrestrial,projeto (so variaveis terrestres)
121,Col-Tree,Colombia,na,terrestrial,projeto (so variaveis terrestres)
122,Col-Tree,Colombia,na,terrestrial,projeto (so variaveis terrestres)
123,Col-Tree,Colombia,na,terrestrial,projeto (so variaveis terrestres)
124,Col-Tree,Colombia,na,terrestrial,projeto (so variaveis terrestres)
125,Col-Tree,Colombia,na,terrestrial,projeto (so variaveis terrestres)
126,Col-Tree,Colombia,na,terrestrial,projeto (so variaveis terrestres)
127,Col-Tree,Colombia,na,terrestrial,projeto (so variaveis terrestres)
128,Col-Tree,Colombia,na,terrestrial,projeto (so variaveis terrestres)
129,Col-Tree,Colombia,na,terrestrial,projeto (so variaveis terrestres)
130,Col-Tree,Colombia,na,terrestrial,projeto (so variaveis terrestres)
131,Col-Tree,Colombia,na,terrestrial,projeto (so variaveis terrestres)
132,Col-Tree,Colombia,na,terrestrial,projeto (so variaveis terrestres)
133,Col-Tree,Colombia,na,terrestrial,projeto (so variaveis terrestres)
134,Col-Tree,Colombia,na,terrestrial,projeto (so variaveis terrestres)
135,Col-Tree,Colombia,na,terrestrial,projeto (so variaveis terrestres)
136,Col-Tree,Colombia,na,terrestrial,projeto (so variaveis terrestres)
137,Col-Tree,Colombia,na,terrestrial,projeto (so variaveis terrestres)
138,Col-Tree,Colombia,na,terrestrial,projeto (so variaveis terrestres)
139,Col-Tree,Colombia,na,terrestrial,projeto (so variaveis terrestres)
140,Col-Tree,Colombia,na,terrestrial,projeto (so variaveis terrestres)
141,Col-Tree,Colombia,na,terrestrial,projeto (so variaveis terrestres)
142,Col-Tree,Colombia,na,terrestrial,projeto (so variaveis terrestres)
143,Col-Tree,Colombia,na,terrestrial,projeto (so variaveis terrestres)
144,Col-Tree,Colombia,na,terrestrial,projeto (so variaveis terrestres)
145,Col-Tree,Colombia,na,terrestrial,projeto (so variaveis terrestres)
146,Col-Tree,Colombia,na,terrestrial,projeto (so variaveis terrestres)
147,Col-Tree,Colombia,na,terrestrial,projeto (so variaveis terrestres)
148,Col-Tree,Colombia,na,terrestrial,projeto (so variaveis terrestres)
149,Col-Tree,Colombia,na,terrestrial,projeto (so variaveis terrestres)
150,Col-Tree,Colombia,na,terrestrial,projeto (so variaveis terrestres)
151,Col-Tree,Colombia,na,terrestrial,projeto (so variaveis terrestres)
152,Col-Tree,Colombia,na,terrestrial,projeto (so variaveis terrestres)
153,Col-Tree,Colombia,na,terrestrial,projeto (so variaveis terrestres)
154,Col-Tree,Colombia,na,terrestrial,projeto (so variaveis terrestres)
155,Col-Tree,Colombia,na,terrestrial,projeto (so variaveis terrestres)
156,Col-Tree,Colombia,na,terrestrial,projeto (so variaveis terrestres)
157,Col-Tree,Colombia,na,terrestrial,projeto (so variaveis terrestres)
158,Col-Tree,Colombia,na,terrestrial,projeto (so variaveis terrestres)
159,Col-Tree,Colombia,na,terrestrial,projeto (so variaveis terrestres)
160,Col-Tree,Colombia,na,terrestrial,projeto (so variaveis terrestres)
161,DipteraAp,Brazil,1.5. Forest – Subtropical/tropical dry / 5.2. Wetlands (inland) – Seasonal/intermittent/irregular rivers/streams/creeks,freshwater,habitat (outros codigos)
162,DipteraAp,Brazil,1.5. Forest – Subtropical/tropical dry,terrestrial,habitat (outros codigos)
163,DipteraAp,Brazil,1.5. Forest – Subtropical/tropical dry / 5.2. Wetlands (inland) – Seasonal/intermittent/irregular rivers/streams/creeks,freshwater,habitat (outros codigos)
164,DipteraAp,Brazil,1.5. Forest – Subtropical/tropical dry / 5.2. Wetlands (inland) – Seasonal/intermittent/irregular rivers/streams/creeks,freshwater,habitat (outros codigos)
165,EcoEvol-group,Venezuela,1.6. Forest – Subtropical/tropical moist lowland,terrestrial,habitat (outros codigos)
166,EcoEvol-group,Venezuela,1.6. Forest – Subtropical/tropical moist lowland,terrestrial,habitat (outros codigos)
167,EcoEvol-group,Venezuela,1.6. Forest – Subtropical/tropical moist lowland,terrestrial,habitat (outros codigos)
168,EcoEvol-group,Venezuela,1.6. Forest – Subtropical/tropical moist lowland,terrestrial,habitat (outros codigos)
169,EcoEvol-group,Venezuela,1.6. Forest – Subtropical/tropical moist lowland,terrestrial,habitat (outros codigos)
170,EcoEvol-group,Venezuela,1.6. Forest – Subtropical/tropical moist lowland,terrestrial,habitat (outros codigos)
171,EcoEvol-group,Venezuela,1.6. Forest – Subtropical/tropical moist lowland,terrestrial,habitat (outros codigos)
172,EcoEvol-group,Venezuela,1.6. Forest – Subtropical/tropical moist lowland,terrestrial,habitat (outros codigos)
173,EcoEvol-group,Chile,3.4.Shrubland –Temperate,terrestrial,habitat (outros codigos)
174,EcoEvol-group,Chile,3.4.Shrubland –Temperate,terrestrial,habitat (outros codigos)
175,EcoEvol-group,Chile,3.4.Shrubland –Temperate,terrestrial,habitat (outros codigos)
176,EFMAsmallmammals,Brazil,1.6. Forest – Subtropical/tropical moist lowland,terrestrial,habitat (outros codigos)
177,EFMAsmallmammals,Brazil,1.6. Forest – Subtropical/tropical moist lowland,terrestrial,habitat (outros codigos)
178,EFMAsmallmammals,Brazil,1.6. Forest – Subtropical/tropical moist lowland,terrestrial,habitat (outros codigos)
179,EFMAsmallmammals,Brazil,1.6. Forest – Subtropical/tropical moist lowland,terrestrial,habitat (outros codigos)
180,FERN.ECU,Ecuador,1.6. Forest – Subtropical/tropical moist lowland,terrestrial,habitat (outros codigos)
181,FERN.ECU,Ecuador,1.6. Forest – Subtropical/tropical moist lowland,terrestrial,habitat (outros codigos)
182,FERN.ECU,Ecuador,1.9. Forest – Subtropical/tropical moist montane,terrestrial,habitat (outros codigos)
183,FERN.ECU,Ecuador,1.9. Forest – Subtropical/tropical moist montane,terrestrial,habitat (outros codigos)
184,FERN.ECU,Ecuador,1.9. Forest – Subtropical/tropical moist montane,terrestrial,habitat (outros codigos)
185,FERN.ECU,Ecuador,1.9. Forest – Subtropical/tropical moist montane,terrestrial,habitat (outros codigos)
186,FERN.ECU,Ecuador,3.7. Shrubland – Subtropical/tropical high altitude,terrestrial,habitat (outros codigos)
187,FERN.ECU,Ecuador,3.7. Shrubland – Subtropical/tropical high altitude,terrestrial,habitat (outros codigos)
188,FERN.ECU,Ecuador,1.6. Forest – Subtropical/tropical moist lowland,terrestrial,habitat (outros codigos)
189,FERN.ECU,Ecuador,1.6. Forest – Subtropical/tropical moist lowland,terrestrial,habitat (outros codigos)
190,FERN.ECU,Ecuador,1.6. Forest – Subtropical/tropical moist lowland,terrestrial,habitat (outros codigos)
191,FERN.ECU,Ecuador,1.6. Forest – Subtropical/tropical moist lowland,terrestrial,habitat (outros codigos)
192,FERN.ECU,Ecuador,1.9. Forest – Subtropical/tropical moist montane,terrestrial,habitat (outros codigos)
193,FERN.ECU,Ecuador,1.9. Forest – Subtropical/tropical moist montane,terrestrial,habitat (outros codigos)
194,FERN.ECU,Ecuador,1.9. Forest – Subtropical/tropical moist montane,terrestrial,habitat (outros codigos)
195,FERN.ECU,Ecuador,1.9. Forest – Subtropical/tropical moist montane,terrestrial,habitat (outros codigos)
196,FERN.ECU,Ecuador,3.7. Shrubland – Subtropical/tropical high altitude,terrestrial,habitat (outros codigos)
197,FERN.ECU,Ecuador,1.9. Forest – Subtropical/tropical moist montane,terrestrial,habitat (outros codigos)
198,ForestGEO,Brazil,3.5. Shrubland – Subtropical/tropical dry,terrestrial,habitat (outros codigos)
199,ForestGEO,Brazil,1.6. Forest – Subtropical/tropical moist lowland,terrestrial,habitat (outros codigos)
200,ForestGEO,Colombia,1.6. Forest – Subtropical/tropical moist lowland,terrestrial,habitat (outros codigos)
201,ForestGEO,Colombia,1.9. Forest – Subtropical/tropical moist montane,terrestrial,habitat (outros codigos)
202,ForestGEO,Costa Rica,1.5. Forest – Subtropical/tropical dry,terrestrial,habitat (outros codigos)
203,ForestGEO,Ecuador,1.6. Forest – Subtropical/tropical moist lowland,terrestrial,habitat (outros codigos)
204,ForestGEO,Panama,1.6. Forest – Subtropical/tropical moist lowland,terrestrial,habitat (outros codigos)
205,ForestGEO,Panama,1.6. Forest – Subtropical/tropical moist lowland,terrestrial,habitat (outros codigos)
206,ForestGEO,Panama,1.6. Forest – Subtropical/tropical moist lowland,terrestrial,habitat (outros codigos)
207,ForestGEO,"Puerto Rico, USA",1.6. Forest – Subtropical/tropical moist lowland,terrestrial,habitat (outros codigos)
208,FundAmazonia,Peru,1.6 Forest - Tropical Moist Lowland,terrestrial,habitat (outros codigos)
209,FundAmazonia,Peru,1.6 Forest - Tropical Moist Lowland,terrestrial,habitat (outros codigos)
210,GEM,Brazil,na,terrestrial,projeto (so variaveis terrestres)
211,GEM,Brazil,na,terrestrial,projeto (so variaveis terrestres)
212,GEM,Bolivia,na,terrestrial,projeto (so variaveis terrestres)
213,GEM,Bolivia,na,terrestrial,projeto (so variaveis terrestres)
214,Gradiente.Funcional,Brazil,17 Other,terrestrial,habitat (outros codigos)
215,Gradiente.Funcional,Brazil,1.6 Forest – Subtropical/tropical moist lowland,terrestrial,habitat (outros codigos)
216,Gradiente.Funcional,Brazil,1.6 Forest – Subtropical/tropical moist lowland,terrestrial,habitat (outros codigos)
217,Gradiente.Funcional,Brazil,1.6 Forest – Subtropical/tropical moist lowland,terrestrial,habitat (outros codigos)
218,Gradiente.Funcional,Brazil,1.6 Forest – Subtropical/tropical moist lowland,terrestrial,habitat (outros codigos)
219,Gradiente.Funcional,Brazil,1.6 Forest – Subtropical/tropical moist lowland,terrestrial,habitat (outros codigos)
220,Gradiente.Funcional,Brazil,1.6 Forest – Subtropical/tropical moist lowland,terrestrial,habitat (outros codigos)
221,Gradiente.Funcional,Brazil,1.6 Forest – Subtropical/tropical moist lowland,terrestrial,habitat (outros codigos)
222,Gradiente.Funcional,Brazil,1.9 Forest – Subtropical/tropical moist montane,terrestrial,habitat (outros codigos)
223,Gradiente.Funcional,Brazil,1.9 Forest – Subtropical/tropical moist montane,terrestrial,habitat (outros codigos)
224,Gradiente.Funcional,Brazil,1.9 Forest – Subtropical/tropical moist montane,terrestrial,habitat (outros codigos)
225,Gradiente.Funcional,Brazil,1.9 Forest – Subtropical/tropical moist montane,terrestrial,habitat (outros codigos)
226,Gradiente.Funcional,Brazil,1.9 Forest – Subtropical/tropical moist montane,terrestrial,habitat (outros codigos)
227,Gradiente.Funcional,Brazil,1.9 Forest – Subtropical/tropical moist montane,terrestrial,habitat (outros codigos)
228,LEB.CS,Brazil,14.5 Urban Areas,terrestrial,habitat (outros codigos)
229,LEB.CS,Brazil,14.5 Urban Areas,terrestrial,habitat (outros codigos)
230,LEB.CS,Brazil,1.6. Forest – Subtropical/tropical moist lowland,terrestrial,habitat (outros codigos)
231,LEB.CS,Brazil,14.5 Urban Areas,terrestrial,habitat (outros codigos)
232,LEB.CS,Brazil,14.5 Urban Areas,terrestrial,habitat (outros codigos)
233,LEB.CS,Brazil,14.5 Urban Areas,terrestrial,habitat (outros codigos)
234,LEB.CS,Brazil,14.5 Urban Areas,terrestrial,habitat (outros codigos)
235,LEB.CS,Brazil,14.5 Urban Areas,terrestrial,habitat (outros codigos)
236,LEB.CS,Brazil,14.2 Pastureland,terrestrial,habitat (outros codigos)
237,LEB.CS,Brazil,14.5 Urban Areas,terrestrial,habitat (outros codigos)
238,LEB.CS,Brazil,14.5 Urban Areas,terrestrial,habitat (outros codigos)
239,LEB.CS,Brazil,14.2 Pastureland | 1.6. Forest – Subtropical/tropical moist lowland,terrestrial,habitat (outros codigos)
240,LEB.CS,Brazil,14.5 Urban Areas,terrestrial,habitat (outros codigos)
241,LEB.CS,Brazil,14.5 Urban Areas,terrestrial,habitat (outros codigos)
242,LEB.CS,Brazil,14.5 Urban Areas,terrestrial,habitat (outros codigos)
243,LEB.CS,Brazil,14.5 Urban Areas,terrestrial,habitat (outros codigos)
244,LEB.CS,Brazil,14.5 Urban Areas,terrestrial,habitat (outros codigos)
245,LEB.CS,Brazil,14.2 Pastureland | 1.6. Forest – Subtropical/tropical moist lowland,terrestrial,habitat (outros codigos)
246,LEB.CS,Brazil,14.5 Urban Areas,terrestrial,habitat (outros codigos)
247,LEB.CS,Brazil,14.5 Urban Areas,terrestrial,habitat (outros codigos)
248,LEB.CS,Brazil,14.2 Pastureland | 14.5 Urban Areas,terrestrial,habitat (outros codigos)
249,LEB.CS,Brazil,14.2 Pastureland | 1.6. Forest – Subtropical/tropical moist lowland,terrestrial,habitat (outros codigos)
250,LEB.CS,Brazil,1.6. Forest – Subtropical/tropical moist lowland,terrestrial,habitat (outros codigos)
251,LEB.CS,Brazil,14.2 Pastureland,terrestrial,habitat (outros codigos)
252,LEB.CS,Brazil,14.2 Pastureland,terrestrial,habitat (outros codigos)
253,LEB.CS,Brazil,14.5 Urban Areas,terrestrial,habitat (outros codigos)
254,LEB.CS,Brazil,14.2 Pastureland | 14.5 Urban Areas,terrestrial,habitat (outros codigos)
255,LEB.CS,Brazil,14.5 Urban Areas | 1.6. Forest – Subtropical/tropical moist lowland,terrestrial,habitat (outros codigos)
256,LEB.CS,Brazil,14.2 Pastureland | 14.5 Urban Areas,terrestrial,habitat (outros codigos)
257,LEB.CS,Brazil,14.5 Urban Areas | 1.6. Forest – Subtropical/tropical moist lowland,terrestrial,habitat (outros codigos)
258,LEB.CS,Brazil,14.5 Urban Areas,terrestrial,habitat (outros codigos)
259,LEB.CS,Brazil,14.2 Pastureland,terrestrial,habitat (outros codigos)
260,LEB.CS,Brazil,14.5 Urban Areas,terrestrial,habitat (outros codigos)
261,LEB.CS,Brazil,14.5 Urban Areas | 1.6. Forest – Subtropical/tropical moist lowland,terrestrial,habitat (outros codigos)
262,LEB.CS,Brazil,14.5 Urban Areas | 1.6. Forest – Subtropical/tropical moist lowland,terrestrial,habitat (outros codigos)
263,LEB.CS,Brazil,14.5 Urban Areas,terrestrial,habitat (outros codigos)
264,LEB.CS,Brazil,14.2 Pastureland,terrestrial,habitat (outros codigos)
265,LEB.CS,Brazil,14.5 Urban Areas,terrestrial,habitat (outros codigos)
266,LEB.CS,Brazil,14.5 Urban Areas,terrestrial,habitat (outros codigos)
267,LEB.CS,Brazil,14.2 Pastureland | 14.5 Urban Areas,terrestrial,habitat (outros codigos)
268,LEB.CS,Brazil,14.5 Urban Areas,terrestrial,habitat (outros codigos)
269,LEB.CS,Brazil,14.2 Pastureland,terrestrial,habitat (outros codigos)
270,LEB.CS,Brazil,1.6. Forest – Subtropical/tropical moist lowland,terrestrial,habitat (outros codigos)
271,LEB.CS,Brazil,14.5 Urban Areas,terrestrial,habitat (outros codigos)
272,LEB.CS,Brazil,14.5 Urban Areas,terrestrial,habitat (outros codigos)
273,LEB.CS,Brazil,14.5 Urban Areas,terrestrial,habitat (outros codigos)
274,LEB.GD,Brazil,1.9. Forest – Subtropical/tropical moist montane,terrestrial,habitat (outros codigos)
275,LEB.GD,Brazil,1.9. Forest – Subtropical/tropical moist montane,terrestrial,habitat (outros codigos)
276,LEB.GD,Brazil,1.9. Forest – Subtropical/tropical moist montane,terrestrial,habitat (outros codigos)
277,LEB.GD,Brazil,1.9. Forest – Subtropical/tropical moist montane,terrestrial,habitat (outros codigos)
278,LEB.NP,Brazil,14.2 Pastureland | 14.1 Arable Land,terrestrial,habitat (outros codigos)
279,LEB.NP,Brazil,4.7. Grassland – Subtropical/tropical high altitude,terrestrial,habitat (outros codigos)
280,LEB.NP,Brazil,4.7. Grassland – Subtropical/tropical high altitude,terrestrial,habitat (outros codigos)
281,LEB.NP,Brazil,14.2 Pastureland | 14.1 Arable Land,terrestrial,habitat (outros codigos)
282,LEB.NP,Brazil,14.2 Pastureland,terrestrial,habitat (outros codigos)
283,LEB.NP,Brazil,14.2 Pastureland | 14.1 Arable Land,terrestrial,habitat (outros codigos)
284,LEB.NP,Brazil,4.7. Grassland – Subtropical/tropical high altitude,terrestrial,habitat (outros codigos)
285,LEB.NP,Brazil,14.2 Pastureland,terrestrial,habitat (outros codigos)
286,LEB.NP,Brazil,4.7. Grassland – Subtropical/tropical high altitude,terrestrial,habitat (outros codigos)
287,LEB.NP,Brazil,14.2 Pastureland,terrestrial,habitat (outros codigos)
288,LEB.NP,Brazil,14.1 Arable Land,terrestrial,habitat (outros codigos)
289,LEB.NP,Brazil,14.2 Pastureland | 14.1 Arable Land,terrestrial,habitat (outros codigos)
290,LEB.NP,Brazil,1.6. Forest – Subtropical/tropical moist lowland,terrestrial,habitat (outros codigos)
291,LEB.NP,Brazil,4.7. Grassland – Subtropical/tropical high altitude,terrestrial,habitat (outros codigos)
292,LEB.NP,Brazil,14.1 Arable Land,terrestrial,habitat (outros codigos)
293,LEB.NP,Brazil,14.1 Arable Land,terrestrial,habitat (outros codigos)
294,LEB.NP,Brazil,14.2 Pastureland | 14.1 Arable Land,terrestrial,habitat (outros codigos)
295,LEB.NP,Brazil,14.2 Pastureland | 14.1 Arable Land,terrestrial,habitat (outros codigos)
296,LEB.NP,Brazil,14.2 Pastureland | 14.1 Arable Land,terrestrial,habitat (outros codigos)
297,LEB.NP,Brazil,14.1 Arable Land,terrestrial,habitat (outros codigos)
298,LEB.NP,Brazil,14.2 Pastureland,terrestrial,habitat (outros codigos)
299,LEB.NP,Brazil,14.2 Pastureland | 14.1 Arable Land,terrestrial,habitat (outros codigos)
300,LEB.NP,Brazil,14.1 Arable Land,terrestrial,habitat (outros codigos)
301,LEB.NP,Brazil,1.6. Forest – Subtropical/tropical moist lowland | 14.2 Pastureland,terrestrial,habitat (outros codigos)
302,LEB.NP,Brazil,14.2 Pastureland,terrestrial,habitat (outros codigos)
303,LEB.NP,Brazil,14.2 Pastureland,terrestrial,habitat (outros codigos)
304,LEB.NP,Brazil,14.2 Pastureland | 14.1 Arable Land,terrestrial,habitat (outros codigos)
305,LEB.NP,Brazil,14.2 Pastureland | 14.1 Arable Land,terrestrial,habitat (outros codigos)
306,LEB.NP,Brazil,14.1 Arable Land,terrestrial,habitat (outros codigos)
307,LEB.NP,Brazil,1.6. Forest – Subtropical/tropical moist lowland | 14.2 Pastureland,terrestrial,habitat (outros codigos)
308,LEB.NP,Brazil,1.6. Forest – Subtropical/tropical moist lowland | 14.2 Pastureland,terrestrial,habitat (outros codigos)
309,LEB.NP,Brazil,14.2 Pastureland,terrestrial,habitat (outros codigos)
310,LEB.NP,Brazil,14.1 Arable Land,terrestrial,habitat (outros codigos)
311,LEB.NP,Brazil,14.2 Pastureland,terrestrial,habitat (outros codigos)
312,LEB.NP,Brazil,14.1 Arable Land,terrestrial,habitat (outros codigos)
313,LEB.NP,Brazil,1.6. Forest – Subtropical/tropical moist lowland,terrestrial,habitat (outros codigos)
314,LEB.NP,Brazil,14.1 Arable Land,terrestrial,habitat (outros codigos)
315,LEB.NP,Brazil,14.2 Pastureland,terrestrial,habitat (outros codigos)
316,LEB.NP,Brazil,14.2 Pastureland,terrestrial,habitat (outros codigos)
317,LEB.NP,Brazil,14.1 Arable Land,terrestrial,habitat (outros codigos)
318,LEB.NP,Brazil,4.7. Grassland – Subtropical/tropical high altitude,terrestrial,habitat (outros codigos)
319,LEB.NP,Brazil,1.6. Forest – Subtropical/tropical moist lowland | 4.7. Grassland – Subtropical/tropical high altitude,terrestrial,habitat (outros codigos)
320,LEB.NP,Brazil,4.7. Grassland – Subtropical/tropical high altitude,terrestrial,habitat (outros codigos)
321,LEB.NP,Brazil,4.7. Grassland – Subtropical/tropical high altitude,terrestrial,habitat (outros codigos)
322,LEB.NP,Brazil,4.7. Grassland – Subtropical/tropical high altitude,terrestrial,habitat (outros codigos)
323,LEB.NP,Brazil,4.7. Grassland – Subtropical/tropical high altitude | 14.2 Pastureland,terrestrial,habitat (outros codigos)
324,LEB.NP,Brazil,4.7. Grassland – Subtropical/tropical high altitude | 14.2 Pastureland,terrestrial,habitat (outros codigos)
325,LEB.NP,Brazil,14.2 Pastureland,terrestrial,habitat (outros codigos)
326,LEB.NP,Brazil,4.7. Grassland – Subtropical/tropical high altitude,terrestrial,habitat (outros codigos)
327,LEB.NP,Brazil,4.7. Grassland – Subtropical/tropical high altitude,terrestrial,habitat (outros codigos)
328,LEB.NP,Brazil,4.7. Grassland – Subtropical/tropical high altitude,terrestrial,habitat (outros codigos)
329,LEB.NP,Brazil,4.7. Grassland – Subtropical/tropical high altitude,terrestrial,habitat (outros codigos)
330,LEB.NP,Brazil,4.7. Grassland – Subtropical/tropical high altitude,terrestrial,habitat (outros codigos)
331,LEB.NP,Brazil,4.7. Grassland – Subtropical/tropical high altitude,terrestrial,habitat (outros codigos)
332,LEB.NP,Brazil,4.7. Grassland – Subtropical/tropical high altitude,terrestrial,habitat (outros codigos)
333,LEB.NP,Brazil,4.7. Grassland – Subtropical/tropical high altitude,terrestrial,habitat (outros codigos)
334,LEB.NP,Brazil,14.2 Pastureland,terrestrial,habitat (outros codigos)
335,LEB.NP,Brazil,4.7. Grassland – Subtropical/tropical high altitude,terrestrial,habitat (outros codigos)
336,LEB.NP,Brazil,14.2 Pastureland,terrestrial,habitat (outros codigos)
337,LEB.NP,Brazil,4.7. Grassland – Subtropical/tropical high altitude | 14.2 Pastureland,terrestrial,habitat (outros codigos)
338,LEB.NP,Brazil,4.7. Grassland – Subtropical/tropical high altitude,terrestrial,habitat (outros codigos)
339,LEB.NP,Brazil,4.7. Grassland – Subtropical/tropical high altitude | 14.2 Pastureland,terrestrial,habitat (outros codigos)
340,LEB.NP,Brazil,4.7. Grassland – Subtropical/tropical high altitude,terrestrial,habitat (outros codigos)
341,LEB.NP,Brazil,4.7. Grassland – Subtropical/tropical high altitude | 14.2 Pastureland,terrestrial,habitat (outros codigos)
342,LERSAF,Brazil,1.6. Forest – Subtropical/tropical moist lowland,terrestrial,habitat (outros codigos)
343,LERSAF,Brazil,1.6. Forest – Subtropical/tropical moist lowland,terrestrial,habitat (outros codigos)
344,LERSAF,Brazil,1.6. Forest – Subtropical/tropical moist lowland,terrestrial,habitat (outros codigos)
345,LERSAF,Brazil,1.6. Forest – Subtropical/tropical moist lowland,terrestrial,habitat (outros codigos)
346,LERSAF,Brazil,1.9. Forest – Subtropical/tropical moist montane / 1.6. Forest – Subtropical/tropical moist lowland,terrestrial,habitat (outros codigos)
347,LERSAF,Brazil,1.9. Forest – Subtropical/tropical moist montane / 1.6. Forest – Subtropical/tropical moist lowland,terrestrial,habitat (outros codigos)
348,LERSAF,Brazil,1.9. Forest – Subtropical/tropical moist montane / 1.6. Forest – Subtropical/tropical moist lowland,terrestrial,habitat (outros codigos)
349,LERSAF,Brazil,1.9. Forest – Subtropical/tropical moist montane / 1.6. Forest – Subtropical/tropical moist lowland,terrestrial,habitat (outros codigos)
350,LERSAF,Brazil,1.9. Forest – Subtropical/tropical moist montane / 1.6. Forest – Subtropical/tropical moist lowland,terrestrial,habitat (outros codigos)
351,LERSAF,Brazil,1.9. Forest – Subtropical/tropical moist montane / 1.6. Forest – Subtropical/tropical moist lowland,terrestrial,habitat (outros codigos)
352,LERSAF,Brazil,1.9. Forest – Subtropical/tropical moist montane / 1.6. Forest – Subtropical/tropical moist lowland,terrestrial,habitat (outros codigos)
353,LERSAF,Brazil,1.9. Forest – Subtropical/tropical moist montane / 1.6. Forest – Subtropical/tropical moist lowland,terrestrial,habitat (outros codigos)
354,LERSAF,Brazil,1.9. Forest – Subtropical/tropical moist montane / 1.6. Forest – Subtropical/tropical moist lowland,terrestrial,habitat (outros codigos)
355,LEV_ComPalmFixed,Brazil,1.6. Forest – Subtropical/tropical moist lowland,terrestrial,habitat (outros codigos)
356,LEV_ComPalmFixed,Brazil,1.9. Forest – Subtropical/tropical moist montane,terrestrial,habitat (outros codigos)
357,LEV_ComPalmFixed,Brazil,1.9. Forest – Subtropical/tropical moist montane,terrestrial,habitat (outros codigos)
358,LEV_ComPalmVar,Brazil,1.6. Forest – Subtropical/tropical moist lowland,terrestrial,habitat (outros codigos)
359,LEV_ComPalmVar,Brazil,1.9. Forest – Subtropical/tropical moist montane,terrestrial,habitat (outros codigos)
360,LEV_ComPalmVar,Brazil,1.9. Forest – Subtropical/tropical moist montane,terrestrial,habitat (outros codigos)
361,LEV_DinPalm,Brazil,1.6. Forest – Subtropical/tropical moist lowland,terrestrial,habitat (outros codigos)
362,LEV_DinPalm,Brazil,1.6. Forest – Subtropical/tropical moist lowland,terrestrial,habitat (outros codigos)
363,LEV_DinPalm,Brazil,1.6. Forest – Subtropical/tropical moist lowland,terrestrial,habitat (outros codigos)
364,LEV_DinPalm,Brazil,1.6. Forest – Subtropical/tropical moist lowland,terrestrial,habitat (outros codigos)
365,LEV_DinPalm,Brazil,1.6. Forest – Subtropical/tropical moist lowland,terrestrial,habitat (outros codigos)
366,LEV_DinPalm,Brazil,1.6. Forest – Subtropical/tropical moist lowland,terrestrial,habitat (outros codigos)
367,LEV_DinPalm,Brazil,1.6. Forest – Subtropical/tropical moist lowland,terrestrial,habitat (outros codigos)
368,LEV_DinPalm,Brazil,1.6. Forest – Subtropical/tropical moist lowland,terrestrial,habitat (outros codigos)
369,Limnol.UFRRJ,Brazil,15.2 Ponds [below 8 ha],freshwater,habitat (outros codigos)
370,Limnol.UFRRJ,Brazil,15.2 Ponds [below 8 ha],freshwater,habitat (outros codigos)
371,Limnol.UFRRJ,Brazil,15.2 Ponds [below 8 ha],freshwater,habitat (outros codigos)
372,Limnol.UFRRJ,Brazil,15.2 Ponds [below 8 ha],freshwater,habitat (outros codigos)
373,Limnol.UFRRJ,Brazil,15.2 Ponds [below 8 ha],freshwater,habitat (outros codigos)
374,Limnol.UFRRJ,Brazil,15.2 Ponds [below 8 ha],freshwater,habitat (outros codigos)
375,LTSER-CHILE,Chile,8.1. Desert - Hot,terrestrial,habitat (outros codigos)
376,LTSER-CHILE,Chile,"8.1. Desert - Hot
1.4 Forest - Temperate",terrestrial,habitat (outros codigos)
377,LTSER-CHILE,Chile,"12.1 Rocky Shoreline
10.1 Epipelagic",marine,habitat (IUCN 9-13 / palavra-chave)
378,LTSER-CHILE,Chile,1.4 Forest - Temperate,terrestrial,habitat (outros codigos)
379,LTSER-CHILE,Chile,"1.4 Forest - Temperate
14.2 Pastureland",terrestrial,habitat (outros codigos)
380,LTSER-CHILE,Chile,"1.4 Forest - Temperate
14.2 Pastureland",terrestrial,habitat (outros codigos)
381,LTSER-CHILE,Chile,"1.4 Forest - Temperate
12.1 Rocky Shoreline
10.1 Epipelagic",marine,habitat (IUCN 9-13 / palavra-chave)
382,LTSER-CHILE,Chile,"1.4 Forest - Temperate
12.1 Rocky Shoreline
10.1 Epipelagic",marine,habitat (IUCN 9-13 / palavra-chave)
383,LTSER-CHILE,Chile,"1.3 Forest - Subantartic
5.5 Wetlands (inland) - Permanent freshwater lakes (over 8ha)",freshwater,habitat (outros codigos)
384,MarineGEO,Panama,15.11 Marine Anthropogenic Structures,marine,habitat (IUCN 9-13 / palavra-chave)
385,MarineGEO,Panama,9.8.4 Marine Neritic - Coral Reef Lagoon,marine,habitat (IUCN 9-13 / palavra-chave)
386,MarineGEO,Panama,9.8.3 Marine Neritic - Coral Reef Foreslope,marine,habitat (IUCN 9-13 / palavra-chave)
387,MarineGEO,Panama,9.8.4 Marine Neritic - Coral Reef Lagoon,marine,habitat (IUCN 9-13 / palavra-chave)
388,MarineGEO,Panama,9.8.4 Marine Neritic - Coral Reef Lagoon,marine,habitat (IUCN 9-13 / palavra-chave)
389,MarineGEO,Panama,9.9 Seagrass (Submerged),marine,habitat (IUCN 9-13 / palavra-chave)
390,MarineGEO,Panama,9.9 Seagrass (Submerged),marine,habitat (IUCN 9-13 / palavra-chave)
391,MarineGEO,Panama,9.9 Seagrass (Submerged),marine,habitat (IUCN 9-13 / palavra-chave)
392,MarineGEO,Belize,9.9 Seagrass (Submerged),marine,habitat (IUCN 9-13 / palavra-chave)
393,MarineGEO,Belize,9.9 Seagrass (Submerged),marine,habitat (IUCN 9-13 / palavra-chave)
394,MarineGEO,Belize,9.9 Seagrass (Submerged),marine,habitat (IUCN 9-13 / palavra-chave)
395,MarineGEO,Belize,9.8.4 Marine Neritic - Coral Reef Lagoon,marine,habitat (IUCN 9-13 / palavra-chave)
396,MarineGEO,Belize,9.8.3 Marine Neritic - Coral Reef Foreslope,marine,habitat (IUCN 9-13 / palavra-chave)
397,MarineGEO,Belize,9.4 Marine Neritic - Subtidal Sandy,marine,habitat (IUCN 9-13 / palavra-chave)
398,MarineGEO,Belize,9.8.4 Marine Neritic - Coral Reef Lagoon,marine,habitat (IUCN 9-13 / palavra-chave)
399,MarineGEO,Belize,9.4 Marine Neritic - Subtidal Sandy,marine,habitat (IUCN 9-13 / palavra-chave)
400,MarineGEO,Belize,9.8.4 Marine Neritic - Coral Reef Lagoon,marine,habitat (IUCN 9-13 / palavra-chave)
401,MarineGEO,Belize,9.8.3 Marine Neritic - Coral Reef Foreslope,marine,habitat (IUCN 9-13 / palavra-chave)
402,MarineGEO,Belize,9.8.3 Marine Neritic - Coral Reef Foreslope,marine,habitat (IUCN 9-13 / palavra-chave)
403,MarineGEO,Belize,9.4 Marine Neritic - Subtidal Sandy,marine,habitat (IUCN 9-13 / palavra-chave)
404,MarineGEO,Belize,12.7 Mangrove Submerged Roots,marine,habitat (IUCN 9-13 / palavra-chave)
405,MarineGEO,Belize,12.7 Mangrove Submerged Roots,marine,habitat (IUCN 9-13 / palavra-chave)
406,MarineGEO,Belize,12.7 Mangrove Submerged Roots,marine,habitat (IUCN 9-13 / palavra-chave)
407,MonANPeru,Peru,na,terrestrial,projeto (so variaveis terrestres)
408,MonANPeru,Peru,na,terrestrial,projeto (so variaveis terrestres)
409,MonANPeru,Peru,na,terrestrial,projeto (so variaveis terrestres)
410,MonANPeru,Peru,na,terrestrial,projeto (so variaveis terrestres)
411,MonANPeru,Peru,na,terrestrial,projeto (so variaveis terrestres)
412,MonANPeru,Peru,na,terrestrial,projeto (so variaveis terrestres)
413,MonANPeru,Peru,na,terrestrial,projeto (so variaveis terrestres)
414,MonANPeru,Peru,na,terrestrial,projeto (so variaveis terrestres)
415,MonANPeru,Peru,na,terrestrial,projeto (so variaveis terrestres)
416,MonANPeru,Peru,na,terrestrial,projeto (so variaveis terrestres)
417,MonANPeru,Peru,na,terrestrial,projeto (so variaveis terrestres)
418,MonANPeru,Peru,na,terrestrial,projeto (so variaveis terrestres)
419,MonANPeru,Peru,na,terrestrial,projeto (so variaveis terrestres)
420,MonANPeru,Peru,na,terrestrial,projeto (so variaveis terrestres)
421,MonANPeru,Peru,na,terrestrial,projeto (so variaveis terrestres)
422,MonANPeru,Peru,na,terrestrial,projeto (so variaveis terrestres)
423,MonANPeru,Peru,na,terrestrial,projeto (so variaveis terrestres)
424,MonANPeru,Peru,na,terrestrial,projeto (so variaveis terrestres)
425,MonANPeru,Peru,na,terrestrial,projeto (so variaveis terrestres)
426,MonANPeru,Peru,na,terrestrial,projeto (so variaveis terrestres)
427,MonANPeru,Peru,na,terrestrial,projeto (so variaveis terrestres)
428,MonANPeru,Peru,na,terrestrial,projeto (so variaveis terrestres)
429,MonANPeru,Peru,na,terrestrial,projeto (so variaveis terrestres)
430,MonANPeru,Peru,na,terrestrial,projeto (so variaveis terrestres)
431,MonANPeru,Peru,na,terrestrial,projeto (so variaveis terrestres)
432,MonANPeru,Peru,na,terrestrial,projeto (so variaveis terrestres)
433,MonANPeru,Peru,na,terrestrial,projeto (so variaveis terrestres)
434,MonANPeru,Peru,na,terrestrial,projeto (so variaveis terrestres)
435,MonANPeru,Peru,na,terrestrial,projeto (so variaveis terrestres)
436,MonANPeru,Peru,na,terrestrial,projeto (so variaveis terrestres)
437,MonANPeru,Peru,na,terrestrial,projeto (so variaveis terrestres)
438,MonANPeru,Peru,na,terrestrial,projeto (so variaveis terrestres)
439,MonANPeru,Peru,na,terrestrial,projeto (so variaveis terrestres)
440,MonANPeru,Peru,na,terrestrial,projeto (so variaveis terrestres)
441,MonANPeru,Peru,na,terrestrial,projeto (so variaveis terrestres)
442,MonANPeru,Peru,na,terrestrial,projeto (so variaveis terrestres)
443,MonANPeru,Peru,na,terrestrial,projeto (so variaveis terrestres)
444,MonANPeru,Peru,na,terrestrial,projeto (so variaveis terrestres)
445,MonANPeru,Peru,na,terrestrial,projeto (so variaveis terrestres)
446,MonANPeru,Peru,na,terrestrial,projeto (so variaveis terrestres)
447,MonANPeru,Peru,na,terrestrial,projeto (so variaveis terrestres)
448,MonANPeru,Peru,na,terrestrial,projeto (so variaveis terrestres)
449,MonANPeru,Peru,na,terrestrial,projeto (so variaveis terrestres)
450,MonANPeru,Peru,na,terrestrial,projeto (so variaveis terrestres)
451,MonANPeru,Peru,na,terrestrial,projeto (so variaveis terrestres)
452,MonANPeru,Peru,na,terrestrial,projeto (so variaveis terrestres)
453,MonANPeru,Peru,na,terrestrial,projeto (so variaveis terrestres)
454,MonANPeru,Peru,na,terrestrial,projeto (so variaveis terrestres)
455,MonANPeru,Peru,na,terrestrial,projeto (so variaveis terrestres)
456,MonANPeru,Peru,na,terrestrial,projeto (so variaveis terrestres)
457,MonANPeru,Peru,na,terrestrial,projeto (so variaveis terrestres)
458,MonANPeru,Peru,na,terrestrial,projeto (so variaveis terrestres)
459,MonANPeru,Peru,na,terrestrial,projeto (so variaveis terrestres)
460,MonANPeru,Peru,na,terrestrial,projeto (so variaveis terrestres)
461,MonANPeru,Peru,na,terrestrial,projeto (so variaveis terrestres)
462,MonANPeru,Peru,na,terrestrial,projeto (so variaveis terrestres)
463,MonANPeru,Peru,na,terrestrial,projeto (so variaveis terrestres)
464,MonANPeru,Peru,na,terrestrial,projeto (so variaveis terrestres)
465,MonANPeru,Peru,na,terrestrial,projeto (so variaveis terrestres)
466,MonANPeru,Peru,na,terrestrial,projeto (so variaveis terrestres)
467,MonANPeru,Peru,na,terrestrial,projeto (so variaveis terrestres)
468,MonANPeru,Peru,na,terrestrial,projeto (so variaveis terrestres)
469,MonANPeru,Peru,na,terrestrial,projeto (so variaveis terrestres)
470,MonANPeru,Peru,na,terrestrial,projeto (so variaveis terrestres)
471,MonANPeru,Peru,na,terrestrial,projeto (so variaveis terrestres)
472,MonANPeru,Peru,na,terrestrial,projeto (so variaveis terrestres)
473,MonANPeru,Peru,na,terrestrial,projeto (so variaveis terrestres)
474,MonANPeru,Peru,na,terrestrial,projeto (so variaveis terrestres)
475,MonANPeru,Peru,na,terrestrial,projeto (so variaveis terrestres)
476,MonANPeru,Peru,na,terrestrial,projeto (so variaveis terrestres)
477,MonANPeru,Peru,na,terrestrial,projeto (so variaveis terrestres)
478,MonANPeru,Peru,na,terrestrial,projeto (so variaveis terrestres)
479,MonANPeru,Peru,na,terrestrial,projeto (so variaveis terrestres)
480,MonANPeru,Peru,na,terrestrial,projeto (so variaveis terrestres)
481,MonANPeru,Peru,na,terrestrial,projeto (so variaveis terrestres)
482,MonANPeru,Peru,na,terrestrial,projeto (so variaveis terrestres)
483,MonANPeru,Peru,na,terrestrial,projeto (so variaveis terrestres)
484,MonANPeru,Peru,na,terrestrial,projeto (so variaveis terrestres)
485,MonANPeru,Peru,na,terrestrial,projeto (so variaveis terrestres)
486,MonANPeru,Peru,na,terrestrial,projeto (so variaveis terrestres)
487,MonANPeru,Peru,na,terrestrial,projeto (so variaveis terrestres)
488,MonANPeru,Peru,na,terrestrial,projeto (so variaveis terrestres)
489,MonANPeru,Peru,na,terrestrial,projeto (so variaveis terrestres)
490,MonANPeru,Peru,na,terrestrial,projeto (so variaveis terrestres)
491,MonANPeru,Peru,na,terrestrial,projeto (so variaveis terrestres)
492,MonANPeru,Peru,na,terrestrial,projeto (so variaveis terrestres)
493,MonANPeru,Peru,na,terrestrial,projeto (so variaveis terrestres)
494,MonANPeru,Peru,na,terrestrial,projeto (so variaveis terrestres)
495,MonANPeru,Peru,na,terrestrial,projeto (so variaveis terrestres)
496,MonANPeru,Peru,na,terrestrial,projeto (so variaveis terrestres)
497,MonANPeru,Peru,na,terrestrial,projeto (so variaveis terrestres)
498,MonANPeru,Peru,na,terrestrial,projeto (so variaveis terrestres)
499,MonANPeru,Peru,na,terrestrial,projeto (so variaveis terrestres)
500,MonANPeru,Peru,na,terrestrial,projeto (so variaveis terrestres)
501,MonANPeru,Peru,na,terrestrial,projeto (so variaveis terrestres)
502,MonANPeru,Peru,na,terrestrial,projeto (so variaveis terrestres)
503,MonANPeru,Peru,na,terrestrial,projeto (so variaveis terrestres)
504,NEMA.Brasil,Brazil,1.7. Forest – Subtropical/tropical mangrove vegetation above high tide level,terrestrial,habitat (outros codigos)
505,NEMA.Brasil,Brazil,1.7. Forest – Subtropical/tropical mangrove vegetation above high tide level,terrestrial,habitat (outros codigos)
506,NEMA.Brasil,Brazil,1.7. Forest – Subtropical/tropical mangrove vegetation above high tide level,terrestrial,habitat (outros codigos)
507,NEMA.Brasil,Brazil,1.7. Forest – Subtropical/tropical mangrove vegetation above high tide level,terrestrial,habitat (outros codigos)
508,NEMA.Brasil,Brazil,1.7. Forest – Subtropical/tropical mangrove vegetation above high tide level,terrestrial,habitat (outros codigos)
509,NEMA.Brasil,Brazil,1.7. Forest – Subtropical/tropical mangrove vegetation above high tide level,terrestrial,habitat (outros codigos)
510,NEMA.Brasil,Brazil,1.7. Forest – Subtropical/tropical mangrove vegetation above high tide level,terrestrial,habitat (outros codigos)
511,NEMA.Brasil,Brazil,1.7. Forest – Subtropical/tropical mangrove vegetation above high tide level,terrestrial,habitat (outros codigos)
512,NEMA.Brasil,Brazil,1.7. Forest – Subtropical/tropical mangrove vegetation above high tide level,terrestrial,habitat (outros codigos)
513,OPWALL-DOM-T,Dominican Republic,1.9. Forest – Subtropical/tropical moist montane,terrestrial,habitat (outros codigos)
514,OPWALL-DOM-T,Dominican Republic,1.9. Forest – Subtropical/tropical moist montane,terrestrial,habitat (outros codigos)
515,OPWALL-DOM-T,Dominican Republic,1.9. Forest – Subtropical/tropical moist montane,terrestrial,habitat (outros codigos)
516,OPWALL-DOM-T,Dominican Republic,1.9. Forest – Subtropical/tropical moist montane,terrestrial,habitat (outros codigos)
517,OPWALL-DOM-T,Dominican Republic,1.9. Forest – Subtropical/tropical moist montane,terrestrial,habitat (outros codigos)
518,OPWALL-DOM-T,Dominican Republic,1.9. Forest – Subtropical/tropical moist montane,terrestrial,habitat (outros codigos)
519,OPWALL-DOM-T,Dominican Republic,1.9. Forest – Subtropical/tropical moist montane,terrestrial,habitat (outros codigos)
520,OPWALL-DOM-T,Dominican Republic,1.9. Forest – Subtropical/tropical moist montane,terrestrial,habitat (outros codigos)
521,OPWALL-DOM-T,Dominican Republic,1.9. Forest – Subtropical/tropical moist montane,terrestrial,habitat (outros codigos)
522,OPWALL-DOM-T,Dominican Republic,1.9. Forest – Subtropical/tropical moist montane,terrestrial,habitat (outros codigos)
523,OPWALL-GUY-T,Guyana,1.9. Forest – Subtropical/tropical moist montane,terrestrial,habitat (outros codigos)
524,OPWALL-GUY-T,Guyana,1.9. Forest – Subtropical/tropical moist montane,terrestrial,habitat (outros codigos)
525,OPWALL-GUY-T,Guyana,1.9. Forest – Subtropical/tropical moist montane,terrestrial,habitat (outros codigos)
526,OPWALL-GUY-T,Guyana,1.9. Forest – Subtropical/tropical moist montane,terrestrial,habitat (outros codigos)
527,OPWALL-GUY-T,Guyana,1.9. Forest – Subtropical/tropical moist montane,terrestrial,habitat (outros codigos)
528,OPWALL-GUY-T,Guyana,1.9. Forest – Subtropical/tropical moist montane,terrestrial,habitat (outros codigos)
529,OPWALL-GUY-T,Guyana,1.9. Forest – Subtropical/tropical moist montane,terrestrial,habitat (outros codigos)
530,OPWALL-GUY-T,Guyana,1.9. Forest – Subtropical/tropical moist montane,terrestrial,habitat (outros codigos)
531,OPWALL-GUY-T,Guyana,1.9. Forest – Subtropical/tropical moist montane,terrestrial,habitat (outros codigos)
532,OPWALL-GUY-T,Guyana,1.9. Forest – Subtropical/tropical moist montane,terrestrial,habitat (outros codigos)
533,OPWALL-GUY-T,Guyana,1.9. Forest – Subtropical/tropical moist montane,terrestrial,habitat (outros codigos)
534,OPWALL-GUY-T,Guyana,1.9. Forest – Subtropical/tropical moist montane,terrestrial,habitat (outros codigos)
535,OPWALL-GUY-T,Guyana,1.9. Forest – Subtropical/tropical moist montane,terrestrial,habitat (outros codigos)
536,OPWALL-GUY-T,Guyana,1.9. Forest – Subtropical/tropical moist montane,terrestrial,habitat (outros codigos)
537,OPWALL-GUY-T,Guyana,1.9. Forest – Subtropical/tropical moist montane,terrestrial,habitat (outros codigos)
538,OPWALL-GUY-T,Guyana,1.9. Forest – Subtropical/tropical moist montane,terrestrial,habitat (outros codigos)
539,OPWALL-GUY-T,Guyana,1.9. Forest – Subtropical/tropical moist montane,terrestrial,habitat (outros codigos)
540,OPWALL-GUY-T,Guyana,5.1. Wetlands (inland) – Permanent rivers/streams/creeks (includes waterfalls),freshwater,habitat (outros codigos)
541,OPWALL-GUY-T,Guyana,1.9. Forest – Subtropical/tropical moist montane,terrestrial,habitat (outros codigos)
542,OPWALL-GUY-T,Guyana,1.9. Forest – Subtropical/tropical moist montane,terrestrial,habitat (outros codigos)
543,OPWALL-HON-M-T,Honduras,Coral reef,marine,habitat (IUCN 9-13 / palavra-chave)
544,OPWALL-HON-M-T,Honduras,Coral reef,marine,habitat (IUCN 9-13 / palavra-chave)
545,OPWALL-HON-M-T,Honduras,Coral reef,marine,habitat (IUCN 9-13 / palavra-chave)
546,OPWALL-HON-M-T,Honduras,Coral reef,marine,habitat (IUCN 9-13 / palavra-chave)
547,OPWALL-HON-M-T,Honduras,Coral reef,marine,habitat (IUCN 9-13 / palavra-chave)
548,OPWALL-HON-M-T,Honduras,Coral reef,marine,habitat (IUCN 9-13 / palavra-chave)
549,OPWALL-HON-M-U,Honduras,Coral reef,marine,habitat (IUCN 9-13 / palavra-chave)
550,OPWALL-HON-M-U,Honduras,Coral reef,marine,habitat (IUCN 9-13 / palavra-chave)
551,OPWALL-HON-M-U,Honduras,Coral reef,marine,habitat (IUCN 9-13 / palavra-chave)
552,OPWALL-HON-M-U,Honduras,Coral reef,marine,habitat (IUCN 9-13 / palavra-chave)
553,OPWALL-HON-M-U,Honduras,Coral reef,marine,habitat (IUCN 9-13 / palavra-chave)
554,OPWALL-HON-M-U,Honduras,Coral reef,marine,habitat (IUCN 9-13 / palavra-chave)
555,OPWALL-HON-T,Honduras,1.9. Forest – Subtropical/tropical moist montane,terrestrial,habitat (outros codigos)
556,OPWALL-HON-T,Honduras,1.9. Forest – Subtropical/tropical moist montane,terrestrial,habitat (outros codigos)
557,OPWALL-HON-T,Honduras,1.9. Forest – Subtropical/tropical moist montane,terrestrial,habitat (outros codigos)
558,OPWALL-HON-T,Honduras,1.9. Forest – Subtropical/tropical moist montane,terrestrial,habitat (outros codigos)
559,OPWALL-HON-T,Honduras,1.9. Forest – Subtropical/tropical moist montane,terrestrial,habitat (outros codigos)
560,OPWALL-HON-T,Honduras,1.9. Forest – Subtropical/tropical moist montane,terrestrial,habitat (outros codigos)
561,OPWALL-HON-T,Honduras,1.9. Forest – Subtropical/tropical moist montane,terrestrial,habitat (outros codigos)
562,OPWALL-HON-T,Honduras,1.9. Forest – Subtropical/tropical moist montane,terrestrial,habitat (outros codigos)
563,OPWALL-HON-T,Honduras,1.9. Forest – Subtropical/tropical moist montane,terrestrial,habitat (outros codigos)
564,OPWALL-HON-T,Honduras,1.9. Forest – Subtropical/tropical moist montane,terrestrial,habitat (outros codigos)
565,OPWALL-HON-T,Honduras,1.9. Forest – Subtropical/tropical moist montane,terrestrial,habitat (outros codigos)
566,OPWALL-HON-T,Honduras,1.9. Forest – Subtropical/tropical moist montane,terrestrial,habitat (outros codigos)
567,OPWALL-HON-T,Honduras,1.9. Forest – Subtropical/tropical moist montane,terrestrial,habitat (outros codigos)
568,OPWALL-HON-T,Honduras,1.9. Forest – Subtropical/tropical moist montane,terrestrial,habitat (outros codigos)
569,OPWALL-HON-T,Honduras,1.9. Forest – Subtropical/tropical moist montane,terrestrial,habitat (outros codigos)
570,OPWALL-HON-T,Honduras,1.9. Forest – Subtropical/tropical moist montane,terrestrial,habitat (outros codigos)
571,OPWALL-HON-T,Honduras,1.9. Forest – Subtropical/tropical moist montane,terrestrial,habitat (outros codigos)
572,OPWALL-HON-T,Honduras,1.9. Forest – Subtropical/tropical moist montane,terrestrial,habitat (outros codigos)
573,OPWALL-HON-T,Honduras,1.9. Forest – Subtropical/tropical moist montane,terrestrial,habitat (outros codigos)
574,OPWALL-HON-T,Honduras,1.9. Forest – Subtropical/tropical moist montane,terrestrial,habitat (outros codigos)
575,OPWALL-HON-T,Honduras,1.9. Forest – Subtropical/tropical moist montane,terrestrial,habitat (outros codigos)
576,OPWALL-HON-T,Honduras,1.9. Forest – Subtropical/tropical moist montane,terrestrial,habitat (outros codigos)
577,OPWALL-HON-T,Honduras,1.9. Forest – Subtropical/tropical moist montane,terrestrial,habitat (outros codigos)
578,OPWALL-HON-T,Honduras,1.9. Forest – Subtropical/tropical moist montane,terrestrial,habitat (outros codigos)
579,OPWALL-HON-T,Honduras,1.9. Forest – Subtropical/tropical moist montane,terrestrial,habitat (outros codigos)
580,OPWALL-HON-T,Honduras,1.9. Forest – Subtropical/tropical moist montane,terrestrial,habitat (outros codigos)
581,OPWALL-HON-T,Honduras,1.9. Forest – Subtropical/tropical moist montane,terrestrial,habitat (outros codigos)
582,OPWALL-HON-T,Honduras,1.9. Forest – Subtropical/tropical moist montane,terrestrial,habitat (outros codigos)
583,OPWALL-HON-T,Honduras,1.9. Forest – Subtropical/tropical moist montane,terrestrial,habitat (outros codigos)
584,OPWALL-HON-T,Honduras,1.9. Forest – Subtropical/tropical moist montane,terrestrial,habitat (outros codigos)
585,OPWALL-HON-T,Honduras,1.9. Forest – Subtropical/tropical moist montane,terrestrial,habitat (outros codigos)
586,OPWALL-HON-T,Honduras,1.9. Forest – Subtropical/tropical moist montane,terrestrial,habitat (outros codigos)
587,OPWALL-HON-T,Honduras,1.9. Forest – Subtropical/tropical moist montane,terrestrial,habitat (outros codigos)
588,OPWALL-HON-T,Honduras,1.9. Forest – Subtropical/tropical moist montane,terrestrial,habitat (outros codigos)
589,OPWALL-HON-T,Honduras,1.9. Forest – Subtropical/tropical moist montane,terrestrial,habitat (outros codigos)
590,OPWALL-HON-T,Honduras,1.9. Forest – Subtropical/tropical moist montane,terrestrial,habitat (outros codigos)
591,OPWALL-HON-T,Honduras,1.9. Forest – Subtropical/tropical moist montane,terrestrial,habitat (outros codigos)
592,OPWALL-HON-T,Honduras,1.9. Forest – Subtropical/tropical moist montane,terrestrial,habitat (outros codigos)
593,OPWALL-HON-T,Honduras,1.9. Forest – Subtropical/tropical moist montane,terrestrial,habitat (outros codigos)
594,OPWALL-HON-T,Honduras,1.9. Forest – Subtropical/tropical moist montane,terrestrial,habitat (outros codigos)
595,OPWALL-HON-T,Honduras,1.9. Forest – Subtropical/tropical moist montane,terrestrial,habitat (outros codigos)
596,OPWALL-HON-T,Honduras,1.9. Forest – Subtropical/tropical moist montane,terrestrial,habitat (outros codigos)
597,OPWALL-HON-T,Honduras,1.9. Forest – Subtropical/tropical moist montane,terrestrial,habitat (outros codigos)
598,OPWALL-HON-T,Honduras,1.9. Forest – Subtropical/tropical moist montane,terrestrial,habitat (outros codigos)
599,OPWALL-HON-T,Honduras,1.9. Forest – Subtropical/tropical moist montane,terrestrial,habitat (outros codigos)
600,OPWALL-HON-T,Honduras,1.9. Forest – Subtropical/tropical moist montane,terrestrial,habitat (outros codigos)
601,OPWALL-HON-T,Honduras,1.9. Forest – Subtropical/tropical moist montane,terrestrial,habitat (outros codigos)
602,OPWALL-HON-T,Honduras,1.9. Forest – Subtropical/tropical moist montane,terrestrial,habitat (outros codigos)
603,OPWALL-HON-T,Honduras,1.9. Forest – Subtropical/tropical moist montane,terrestrial,habitat (outros codigos)
604,OPWALL-HON-T,Honduras,1.9. Forest – Subtropical/tropical moist montane,terrestrial,habitat (outros codigos)
605,OPWALL-HON-T,Honduras,1.9. Forest – Subtropical/tropical moist montane,terrestrial,habitat (outros codigos)
606,OPWALL-HON-T,Honduras,1.9. Forest – Subtropical/tropical moist montane,terrestrial,habitat (outros codigos)
607,OPWALL-HON-T,Honduras,1.9. Forest – Subtropical/tropical moist montane,terrestrial,habitat (outros codigos)
608,OPWALL-HON-T,Honduras,1.9. Forest – Subtropical/tropical moist montane,terrestrial,habitat (outros codigos)
609,OPWALL-HON-T,Honduras,1.9. Forest – Subtropical/tropical moist montane,terrestrial,habitat (outros codigos)
610,OPWALL-HON-T,Honduras,1.9. Forest – Subtropical/tropical moist montane,terrestrial,habitat (outros codigos)
611,OPWALL-HON-T,Honduras,1.9. Forest – Subtropical/tropical moist montane,terrestrial,habitat (outros codigos)
612,OPWALL-HON-T,Honduras,1.9. Forest – Subtropical/tropical moist montane,terrestrial,habitat (outros codigos)
613,OPWALL-HON-T,Honduras,1.9. Forest – Subtropical/tropical moist montane,terrestrial,habitat (outros codigos)
614,OPWALL-HON-T,Honduras,1.9. Forest – Subtropical/tropical moist montane,terrestrial,habitat (outros codigos)
615,OPWALL-HON-T,Honduras,1.9. Forest – Subtropical/tropical moist montane,terrestrial,habitat (outros codigos)
616,OPWALL-HON-T,Honduras,1.9. Forest – Subtropical/tropical moist montane,terrestrial,habitat (outros codigos)
617,OPWALL-HON-T,Honduras,1.9. Forest – Subtropical/tropical moist montane,terrestrial,habitat (outros codigos)
618,OPWALL-HON-T,Honduras,1.9. Forest – Subtropical/tropical moist montane,terrestrial,habitat (outros codigos)
619,OPWALL-HON-T,Honduras,1.9. Forest – Subtropical/tropical moist montane,terrestrial,habitat (outros codigos)
620,OPWALL-HON-T,Honduras,1.9. Forest – Subtropical/tropical moist montane,terrestrial,habitat (outros codigos)
621,OPWALL-HON-T,Honduras,1.9. Forest – Subtropical/tropical moist montane,terrestrial,habitat (outros codigos)
622,OPWALL-HON-T,Honduras,1.9. Forest – Subtropical/tropical moist montane,terrestrial,habitat (outros codigos)
623,OPWALL-HON-T,Honduras,1.9. Forest – Subtropical/tropical moist montane,terrestrial,habitat (outros codigos)
624,OPWALL-HON-T,Honduras,1.9. Forest – Subtropical/tropical moist montane,terrestrial,habitat (outros codigos)
625,OPWALL-HON-T,Honduras,1.9. Forest – Subtropical/tropical moist montane,terrestrial,habitat (outros codigos)
626,OPWALL-HON-T,Honduras,1.9. Forest – Subtropical/tropical moist montane,terrestrial,habitat (outros codigos)
627,OPWALL-HON-T,Honduras,1.9. Forest – Subtropical/tropical moist montane,terrestrial,habitat (outros codigos)
628,OPWALL-HON-T,Honduras,1.9. Forest – Subtropical/tropical moist montane,terrestrial,habitat (outros codigos)
629,OPWALL-HON-T,Honduras,1.9. Forest – Subtropical/tropical moist montane,terrestrial,habitat (outros codigos)
630,OPWALL-HON-T,Honduras,1.9. Forest – Subtropical/tropical moist montane,terrestrial,habitat (outros codigos)
631,OPWALL-HON-T,Honduras,1.9. Forest – Subtropical/tropical moist montane,terrestrial,habitat (outros codigos)
632,OPWALL-HON-T,Honduras,1.9. Forest – Subtropical/tropical moist montane,terrestrial,habitat (outros codigos)
633,OPWALL-HON-T,Honduras,1.9. Forest – Subtropical/tropical moist montane,terrestrial,habitat (outros codigos)
634,OPWALL-HON-T,Honduras,1.9. Forest – Subtropical/tropical moist montane,terrestrial,habitat (outros codigos)
635,OPWALL-HON-T,Honduras,1.9. Forest – Subtropical/tropical moist montane,terrestrial,habitat (outros codigos)
636,OPWALL-HON-T,Honduras,1.9. Forest – Subtropical/tropical moist montane,terrestrial,habitat (outros codigos)
637,OPWALL-HON-T,Honduras,1.9. Forest – Subtropical/tropical moist montane,terrestrial,habitat (outros codigos)
638,OPWALL-HON-T,Honduras,1.9. Forest – Subtropical/tropical moist montane,terrestrial,habitat (outros codigos)
639,OPWALL-HON-T,Honduras,1.9. Forest – Subtropical/tropical moist montane,terrestrial,habitat (outros codigos)
640,OPWALL-HON-T,Honduras,1.9. Forest – Subtropical/tropical moist montane,terrestrial,habitat (outros codigos)
641,OPWALL-HON-T,Honduras,1.9. Forest – Subtropical/tropical moist montane,terrestrial,habitat (outros codigos)
642,OPWALL-HON-T,Honduras,1.9. Forest – Subtropical/tropical moist montane,terrestrial,habitat (outros codigos)
643,OPWALL-HON-T,Honduras,1.9. Forest – Subtropical/tropical moist montane,terrestrial,habitat (outros codigos)
644,OPWALL-HON-T,Honduras,1.9. Forest – Subtropical/tropical moist montane,terrestrial,habitat (outros codigos)
645,OPWALL-HON-T,Honduras,1.9. Forest – Subtropical/tropical moist montane,terrestrial,habitat (outros codigos)
646,OPWALL-HON-T,Honduras,1.9. Forest – Subtropical/tropical moist montane,terrestrial,habitat (outros codigos)
647,OPWALL-HON-T,Honduras,1.9. Forest – Subtropical/tropical moist montane,terrestrial,habitat (outros codigos)
648,OPWALL-HON-T,Honduras,1.9. Forest – Subtropical/tropical moist montane,terrestrial,habitat (outros codigos)
649,OPWALL-HON-T,Honduras,1.9. Forest – Subtropical/tropical moist montane,terrestrial,habitat (outros codigos)
650,OPWALL-HON-T,Honduras,1.9. Forest – Subtropical/tropical moist montane,terrestrial,habitat (outros codigos)
651,OPWALL-HON-T,Honduras,1.9. Forest – Subtropical/tropical moist montane,terrestrial,habitat (outros codigos)
652,OPWALL-HON-T,Honduras,1.9. Forest – Subtropical/tropical moist montane,terrestrial,habitat (outros codigos)
653,OPWALL-HON-T,Honduras,1.9. Forest – Subtropical/tropical moist montane,terrestrial,habitat (outros codigos)
654,OPWALL-HON-T,Honduras,1.9. Forest – Subtropical/tropical moist montane,terrestrial,habitat (outros codigos)
655,OPWALL-HON-T,Honduras,1.9. Forest – Subtropical/tropical moist montane,terrestrial,habitat (outros codigos)
656,OPWALL-HON-T,Honduras,1.9. Forest – Subtropical/tropical moist montane,terrestrial,habitat (outros codigos)
657,OPWALL-HON-T,Honduras,1.9. Forest – Subtropical/tropical moist montane,terrestrial,habitat (outros codigos)
658,OPWALL-HON-T,Honduras,1.9. Forest – Subtropical/tropical moist montane,terrestrial,habitat (outros codigos)
659,OPWALL-HON-T,Honduras,1.9. Forest – Subtropical/tropical moist montane,terrestrial,habitat (outros codigos)
660,OPWALL-HON-T,Honduras,1.9. Forest – Subtropical/tropical moist montane,terrestrial,habitat (outros codigos)
661,OPWALL-HON-T,Honduras,1.9. Forest – Subtropical/tropical moist montane,terrestrial,habitat (outros codigos)
662,OPWALL-HON-T,Honduras,1.9. Forest – Subtropical/tropical moist montane,terrestrial,habitat (outros codigos)
663,OPWALL-HON-T,Honduras,1.9. Forest – Subtropical/tropical moist montane,terrestrial,habitat (outros codigos)
664,OPWALL-HON-T,Honduras,1.9. Forest – Subtropical/tropical moist montane,terrestrial,habitat (outros codigos)
665,OPWALL-HON-T,Honduras,1.9. Forest – Subtropical/tropical moist montane,terrestrial,habitat (outros codigos)
666,OPWALL-HON-T,Honduras,1.9. Forest – Subtropical/tropical moist montane,terrestrial,habitat (outros codigos)
667,OPWALL-HON-T,Honduras,1.9. Forest – Subtropical/tropical moist montane,terrestrial,habitat (outros codigos)
668,OPWALL-HON-T,Honduras,1.9. Forest – Subtropical/tropical moist montane,terrestrial,habitat (outros codigos)
669,OPWALL-HON-T,Honduras,1.9. Forest – Subtropical/tropical moist montane,terrestrial,habitat (outros codigos)
670,OPWALL-HON-T,Honduras,1.9. Forest – Subtropical/tropical moist montane,terrestrial,habitat (outros codigos)
671,OPWALL-HON-T,Honduras,1.9. Forest – Subtropical/tropical moist montane,terrestrial,habitat (outros codigos)
672,OPWALL-HON-T,Honduras,1.9. Forest – Subtropical/tropical moist montane,terrestrial,habitat (outros codigos)
673,OPWALL-HON-T,Honduras,1.9. Forest – Subtropical/tropical moist montane,terrestrial,habitat (outros codigos)
674,OPWALL-HON-T,Honduras,1.9. Forest – Subtropical/tropical moist montane,terrestrial,habitat (outros codigos)
675,OPWALL-HON-T,Honduras,1.9. Forest – Subtropical/tropical moist montane,terrestrial,habitat (outros codigos)
676,OPWALL-HON-T,Honduras,1.9. Forest – Subtropical/tropical moist montane,terrestrial,habitat (outros codigos)
677,OPWALL-HON-T,Honduras,1.9. Forest – Subtropical/tropical moist montane,terrestrial,habitat (outros codigos)
678,OPWALL-HON-T,Honduras,1.9. Forest – Subtropical/tropical moist montane,terrestrial,habitat (outros codigos)
679,OPWALL-HON-T,Honduras,1.9. Forest – Subtropical/tropical moist montane,terrestrial,habitat (outros codigos)
680,OPWALL-HON-T,Honduras,1.9. Forest – Subtropical/tropical moist montane,terrestrial,habitat (outros codigos)
681,OPWALL-HON-T,Honduras,1.9. Forest – Subtropical/tropical moist montane,terrestrial,habitat (outros codigos)
682,OPWALL-HON-T,Honduras,1.9. Forest – Subtropical/tropical moist montane,terrestrial,habitat (outros codigos)
683,OPWALL-HON-T,Honduras,1.9. Forest – Subtropical/tropical moist montane,terrestrial,habitat (outros codigos)
684,OPWALL-HON-T,Honduras,1.9. Forest – Subtropical/tropical moist montane,terrestrial,habitat (outros codigos)
685,OPWALL-HON-T,Honduras,1.9. Forest – Subtropical/tropical moist montane,terrestrial,habitat (outros codigos)
686,OPWALL-HON-T,Honduras,1.9. Forest – Subtropical/tropical moist montane,terrestrial,habitat (outros codigos)
687,OPWALL-HON-T,Honduras,1.9. Forest – Subtropical/tropical moist montane,terrestrial,habitat (outros codigos)
688,OPWALL-HON-T,Honduras,1.9. Forest – Subtropical/tropical moist montane,terrestrial,habitat (outros codigos)
689,OPWALL-HON-T,Honduras,1.9. Forest – Subtropical/tropical moist montane,terrestrial,habitat (outros codigos)
690,OPWALL-HON-T,Honduras,1.9. Forest – Subtropical/tropical moist montane,terrestrial,habitat (outros codigos)
691,OPWALL-HON-T,Honduras,1.9. Forest – Subtropical/tropical moist montane,terrestrial,habitat (outros codigos)
692,OPWALL-HON-T,Honduras,1.9. Forest – Subtropical/tropical moist montane,terrestrial,habitat (outros codigos)
693,OPWALL-HON-T,Honduras,1.9. Forest – Subtropical/tropical moist montane,terrestrial,habitat (outros codigos)
694,OPWALL-HON-T,Honduras,1.9. Forest – Subtropical/tropical moist montane,terrestrial,habitat (outros codigos)
695,OPWALL-HON-T,Honduras,1.9. Forest – Subtropical/tropical moist montane,terrestrial,habitat (outros codigos)
696,OPWALL-HON-T,Honduras,1.9. Forest – Subtropical/tropical moist montane,terrestrial,habitat (outros codigos)
697,OPWALL-HON-T,Honduras,1.9. Forest – Subtropical/tropical moist montane,terrestrial,habitat (outros codigos)
698,OPWALL-HON-T,Honduras,1.9. Forest – Subtropical/tropical moist montane,terrestrial,habitat (outros codigos)
699,OPWALL-HON-T,Honduras,1.9. Forest – Subtropical/tropical moist montane,terrestrial,habitat (outros codigos)
700,OPWALL-HON-T,Honduras,1.9. Forest – Subtropical/tropical moist montane,terrestrial,habitat (outros codigos)
701,OPWALL-HON-T,Honduras,1.9. Forest – Subtropical/tropical moist montane,terrestrial,habitat (outros codigos)
702,OPWALL-HON-T,Honduras,1.9. Forest – Subtropical/tropical moist montane,terrestrial,habitat (outros codigos)
703,OPWALL-HON-T,Honduras,1.9. Forest – Subtropical/tropical moist montane,terrestrial,habitat (outros codigos)
704,OPWALL-HON-T,Honduras,1.9. Forest – Subtropical/tropical moist montane,terrestrial,habitat (outros codigos)
705,OPWALL-HON-T,Honduras,1.9. Forest – Subtropical/tropical moist montane,terrestrial,habitat (outros codigos)
706,OPWALL-HON-T,Honduras,1.9. Forest – Subtropical/tropical moist montane,terrestrial,habitat (outros codigos)
707,OPWALL-HON-T,Honduras,1.9. Forest – Subtropical/tropical moist montane,terrestrial,habitat (outros codigos)
708,OPWALL-HON-T,Honduras,1.9. Forest – Subtropical/tropical moist montane,terrestrial,habitat (outros codigos)
709,OPWALL-HON-T,Honduras,1.9. Forest – Subtropical/tropical moist montane,terrestrial,habitat (outros codigos)
710,OPWALL-HON-T,Honduras,1.9. Forest – Subtropical/tropical moist montane,terrestrial,habitat (outros codigos)
711,OPWALL-HON-T,Honduras,1.9. Forest – Subtropical/tropical moist montane,terrestrial,habitat (outros codigos)
712,OPWALL-HON-T,Honduras,1.9. Forest – Subtropical/tropical moist montane,terrestrial,habitat (outros codigos)
713,OPWALL-HON-T,Honduras,1.9. Forest – Subtropical/tropical moist montane,terrestrial,habitat (outros codigos)
714,OPWALL-HON-T,Honduras,1.9. Forest – Subtropical/tropical moist montane,terrestrial,habitat (outros codigos)
715,OPWALL-HON-T,Honduras,1.9. Forest – Subtropical/tropical moist montane,terrestrial,habitat (outros codigos)
716,OPWALL-HON-T,Honduras,1.9. Forest – Subtropical/tropical moist montane,terrestrial,habitat (outros codigos)
717,PBDFF,na,na,terrestrial,geometria (habitat na; projeto misto)
718,PBDFF,na,na,terrestrial,geometria (habitat na; projeto misto)
719,PBDFF,na,na,terrestrial,geometria (habitat na; projeto misto)
720,PBDFF,na,na,terrestrial,geometria (habitat na; projeto misto)
721,PBDFF,na,na,terrestrial,geometria (habitat na; projeto misto)
722,PBDFF,na,na,terrestrial,geometria (habitat na; projeto misto)
723,PBDFF,na,na,terrestrial,geometria (habitat na; projeto misto)
724,PBDFF,na,na,terrestrial,geometria (habitat na; projeto misto)
725,PBDFF,na,na,terrestrial,geometria (habitat na; projeto misto)
726,PBDFF,na,na,terrestrial,geometria (habitat na; projeto misto)
727,PBDFF,na,na,terrestrial,geometria (habitat na; projeto misto)
728,PBDFF,na,na,terrestrial,geometria (habitat na; projeto misto)
729,PBDFF,na,na,terrestrial,geometria (habitat na; projeto misto)
730, PBPaAg,Brazil,1.5. Forest – Subtropical/tropical dry | 2. Savanna| 14.3 Plantations| 3.5. Shrubland – Subtropical/tropical dry,terrestrial,habitat (outros codigos)
731, PBPaAg,Brazil,1.5. Forest – Subtropical/tropical dry | 2. Savanna| 14.3 Plantations,terrestrial,habitat (outros codigos)
732,PEBANPA,Argentina,1.3. Forest - Subantarctic / 4.4. Grassland - Temperate,terrestrial,habitat (outros codigos)
733,PEBANPA,Argentina,1.3. Forest - Subantarctic / 4.4. Grassland - Temperate,terrestrial,habitat (outros codigos)
734,PEBANPA,Argentina,1.4. Forest - Temperate / 4.4. Grassland - Temperate,terrestrial,habitat (outros codigos)
735,PEBANPA,Argentina,1.4. Forest - Temperate / 4.4. Grassland - Temperate,terrestrial,habitat (outros codigos)
736,PELD - IAFA,Brazil,1.6. Forest – Subtropical/tropical moist lowland,terrestrial,habitat (outros codigos)
737,PELD - IAFA,Brazil,1.6. Forest – Subtropical/tropical moist lowland,terrestrial,habitat (outros codigos)
738,PELD - IAFA,Brazil,1.6. Forest – Subtropical/tropical moist lowland,terrestrial,habitat (outros codigos)
739,PELD-BISC,Brazil,1.6. Forest – Subtropical/tropical moist lowland | 1.9. Forest – Subtropical/tropical moist montane,terrestrial,habitat (outros codigos)
740,PELD-BISC,Brazil,1.6. Forest – Subtropical/tropical moist lowland | 1.9. Forest – Subtropical/tropical moist montane,terrestrial,habitat (outros codigos)
741,PELD-BISC,Brazil,1.6. Forest – Subtropical/tropical moist lowland | 1.9. Forest – Subtropical/tropical moist montane,terrestrial,habitat (outros codigos)
742,PELD.RioDoce.sub.II,Brazil,1.9. Forest – Subtropical/tropical moist montane,terrestrial,habitat (outros codigos)
743,PELD.RioDoce.sub.II,Brazil,1.9. Forest – Subtropical/tropical moist montane,terrestrial,habitat (outros codigos)
744,PELD.RioDoce.sub.II,Brazil,1.9. Forest – Subtropical/tropical moist montane,terrestrial,habitat (outros codigos)
745,PELD.RioDoce.sub.II,Brazil,1.9. Forest – Subtropical/tropical moist montane,terrestrial,habitat (outros codigos)
746,PELD.RioDoce.sub.II,Brazil,1.9. Forest – Subtropical/tropical moist montane,terrestrial,habitat (outros codigos)
747,PELD.RioDoce.sub.II,Brazil,1.9. Forest – Subtropical/tropical moist montane,terrestrial,habitat (outros codigos)
748,PELD.RioDoce.sub.II,Brazil,1.9. Forest – Subtropical/tropical moist montane,terrestrial,habitat (outros codigos)
749,PELD.RioDoce.sub.II,Brazil,1.9. Forest – Subtropical/tropical moist montane,terrestrial,habitat (outros codigos)
750,PELD.RioDoce.sub.II,Brazil,1.9. Forest – Subtropical/tropical moist montane,terrestrial,habitat (outros codigos)
751,PELD.RioDoce.sub.II,Brazil,1.9. Forest – Subtropical/tropical moist montane,terrestrial,habitat (outros codigos)
752,PELD.RioDoce.sub.II,Brazil,1.9. Forest – Subtropical/tropical moist montane,terrestrial,habitat (outros codigos)
753,PELD.RioDoce.sub.II,Brazil,1.9. Forest – Subtropical/tropical moist montane,terrestrial,habitat (outros codigos)
754,PELD.RioDoce.sub.II,Brazil,1.9. Forest – Subtropical/tropical moist montane,terrestrial,habitat (outros codigos)
755,PELD.RioDoce.sub.II,Brazil,1.9. Forest – Subtropical/tropical moist montane,terrestrial,habitat (outros codigos)
756,PELD.RioDoce.sub.II,Brazil,1.9. Forest – Subtropical/tropical moist montane,terrestrial,habitat (outros codigos)
757,PELD.RioDoce.sub.II,Brazil,1.9. Forest – Subtropical/tropical moist montane,terrestrial,habitat (outros codigos)
758,PELD.RioDoce.sub.II,Brazil,1.9. Forest – Subtropical/tropical moist montane,terrestrial,habitat (outros codigos)
759,PELD.RioDoce.sub.II,Brazil,1.9. Forest – Subtropical/tropical moist montane,terrestrial,habitat (outros codigos)
760,PELD.RioDoce.sub.II,Brazil,1.9. Forest – Subtropical/tropical moist montane,terrestrial,habitat (outros codigos)
761,PELD.RioDoce.sub.II,Brazil,1.9. Forest – Subtropical/tropical moist montane,terrestrial,habitat (outros codigos)
762,PELD.RioDoce.sub.II,Brazil,1.9. Forest – Subtropical/tropical moist montane,terrestrial,habitat (outros codigos)
763,PELD.RioDoce.sub.II,Brazil,1.9. Forest – Subtropical/tropical moist montane,terrestrial,habitat (outros codigos)
764,PELD.RioDoce.sub.II,Brazil,1.9. Forest – Subtropical/tropical moist montane,terrestrial,habitat (outros codigos)
765,PELD.RioDoce.sub.II,Brazil,1.9. Forest – Subtropical/tropical moist montane,terrestrial,habitat (outros codigos)
766,PELD.RioDoce.sub.II,Brazil,1.9. Forest – Subtropical/tropical moist montane,terrestrial,habitat (outros codigos)
767,PELD.RioDoce.sub.II,Brazil,1.9. Forest – Subtropical/tropical moist montane,terrestrial,habitat (outros codigos)
768,PELDFORR,Brazil,1.6. Forest – Subtropical/tropical moist lowland | 5.3. Wetlands (inland) – Shrub dominated wetlands,freshwater,habitat (outros codigos)
769,PELDFORR,Brazil,1.6. Forest – Subtropical/tropical moist lowland | 2.1. Savanna - Dry,terrestrial,habitat (outros codigos)
770,PELDFORR,Brazil,1.6. Forest – Subtropical/tropical moist lowland,terrestrial,habitat (outros codigos)
771,PELDFORR,Brazil,1.6. Forest – Subtropical/tropical moist lowland,terrestrial,habitat (outros codigos)
772,PELDFORR,Brazil,1.6. Forest – Subtropical/tropical moist lowland,terrestrial,habitat (outros codigos)
773,PELDFORR,Brazil,1.6. Forest – Subtropical/tropical moist lowland,terrestrial,habitat (outros codigos)
774,PELDFORR,Brazil,1.6. Forest – Subtropical/tropical moist lowland,terrestrial,habitat (outros codigos)
775,BISC,Brazil,1.6. Forest – Subtropical/tropical moist lowland,terrestrial,habitat (outros codigos)
776,BISC,Brazil,1.6. Forest – Subtropical/tropical moist lowland,terrestrial,habitat (outros codigos)
777,BISC,Brazil,1.6. Forest – Subtropical/tropical moist lowland,terrestrial,habitat (outros codigos)
778,PMBioSA,Brazil,"2.1. Savanna - 
2.2. Savanna - Moist Dry .5. Forest – Subtropical/tropical dry",terrestrial,habitat (outros codigos)
779,PMBioSA,Brazil,"2.1. Savanna - 
2.2. Savanna - Moist Dry .5. Forest – Subtropical/tropical dry",terrestrial,habitat (outros codigos)
780,PMBioSA,Brazil,"2.1. Savanna - 
2.2. Savanna - Moist Dry .5. Forest – Subtropical/tropical dry",terrestrial,habitat (outros codigos)
781,PMBioSA,Brazil,"2.1. Savanna - 
2.2. Savanna - Moist Dry .5. Forest – Subtropical/tropical dry",terrestrial,habitat (outros codigos)
782,PMBioSA,Brazil,"2.1. Savanna - 
2.2. Savanna - Moist Dry .5. Forest – Subtropical/tropical dry",terrestrial,habitat (outros codigos)
783,PMCC,Panama,na,terrestrial,projeto (so variaveis terrestres)
784,PMCC,Panama,na,terrestrial,projeto (so variaveis terrestres)
785,PMCC,Panama,na,terrestrial,projeto (so variaveis terrestres)
786,PMCC,Panama,na,terrestrial,projeto (so variaveis terrestres)
787,PMCC,Panama,na,terrestrial,projeto (so variaveis terrestres)
788,PMCC,Panama,na,terrestrial,projeto (so variaveis terrestres)
789,PMCC,Panama,na,terrestrial,projeto (so variaveis terrestres)
790,PMCC,Panama,na,terrestrial,projeto (so variaveis terrestres)
791,PMCC,Panama,na,terrestrial,projeto (so variaveis terrestres)
792,PMCC,Panama,na,terrestrial,projeto (so variaveis terrestres)
793,PMCC,Panama,na,terrestrial,projeto (so variaveis terrestres)
794,PMCC,Panama,na,terrestrial,projeto (so variaveis terrestres)
795,PMCC,Panama,na,terrestrial,projeto (so variaveis terrestres)
796,PMCC,Panama,na,terrestrial,projeto (so variaveis terrestres)
797,PMCC,Panama,na,terrestrial,projeto (so variaveis terrestres)
798,PMCC,Panama,na,terrestrial,projeto (so variaveis terrestres)
799,PMCC,Panama,na,terrestrial,projeto (so variaveis terrestres)
800,PMCC,Panama,na,terrestrial,projeto (so variaveis terrestres)
801,PMCC,Panama,na,terrestrial,projeto (so variaveis terrestres)
802,PMCC,Panama,na,terrestrial,projeto (so variaveis terrestres)
803,PMCC,Panama,na,terrestrial,projeto (so variaveis terrestres)
804,PMCC,Panama,na,terrestrial,projeto (so variaveis terrestres)
805,PMCC,Panama,na,terrestrial,projeto (so variaveis terrestres)
806,PMCC,Panama,na,terrestrial,projeto (so variaveis terrestres)
807,PMCC,Panama,na,terrestrial,projeto (so variaveis terrestres)
808,PMCC,Panama,na,terrestrial,projeto (so variaveis terrestres)
809,PMCC,Panama,na,terrestrial,projeto (so variaveis terrestres)
810,PMCC,Panama,na,terrestrial,projeto (so variaveis terrestres)
811,PMCC,Panama,na,terrestrial,projeto (so variaveis terrestres)
812,PMCC,Panama,na,terrestrial,projeto (so variaveis terrestres)
813,PMCC,Panama,na,terrestrial,projeto (so variaveis terrestres)
814,PMCC,Panama,na,terrestrial,projeto (so variaveis terrestres)
815,PMCC,Panama,na,terrestrial,projeto (so variaveis terrestres)
816,PMCC,Panama,na,terrestrial,projeto (so variaveis terrestres)
817,PMCC,Panama,na,terrestrial,projeto (so variaveis terrestres)
818,PMCC,Panama,na,terrestrial,projeto (so variaveis terrestres)
819,PMCC,Panama,na,terrestrial,projeto (so variaveis terrestres)
820,PMCC,Panama,na,terrestrial,projeto (so variaveis terrestres)
821,PMCC,Panama,na,terrestrial,projeto (so variaveis terrestres)
822,PMCC,Panama,na,terrestrial,projeto (so variaveis terrestres)
823,PMCC,Panama,na,terrestrial,projeto (so variaveis terrestres)
824,PMCC,Panama,na,terrestrial,projeto (so variaveis terrestres)
825,PMCC,Panama,na,terrestrial,projeto (so variaveis terrestres)
826,PMCC,Panama,na,terrestrial,projeto (so variaveis terrestres)
827,PMCC,Panama,na,terrestrial,projeto (so variaveis terrestres)
828,PMCC,Panama,na,terrestrial,projeto (so variaveis terrestres)
829,PMCC,Panama,na,terrestrial,projeto (so variaveis terrestres)
830,PMCC,Panama,na,terrestrial,projeto (so variaveis terrestres)
831,PMCC,Panama,na,terrestrial,projeto (so variaveis terrestres)
832,PMCC,Panama,na,terrestrial,projeto (so variaveis terrestres)
833,PMCC,Panama,na,terrestrial,projeto (so variaveis terrestres)
834,PMCC,Panama,na,terrestrial,projeto (so variaveis terrestres)
835,PMCC,Panama,na,terrestrial,projeto (so variaveis terrestres)
836,PMCC,Panama,na,terrestrial,projeto (so variaveis terrestres)
837,PMCC,Panama,na,terrestrial,projeto (so variaveis terrestres)
838,PMCC,Panama,na,terrestrial,projeto (so variaveis terrestres)
839,PMCC,Panama,na,terrestrial,projeto (so variaveis terrestres)
840,PMCC,Panama,na,terrestrial,projeto (so variaveis terrestres)
841,PMCC,Panama,na,terrestrial,projeto (so variaveis terrestres)
842,PMCC,Panama,na,terrestrial,projeto (so variaveis terrestres)
843,PMCC,Panama,na,terrestrial,projeto (so variaveis terrestres)
844,PMCC,Panama,na,terrestrial,projeto (so variaveis terrestres)
845,PMCC,Panama,na,terrestrial,projeto (so variaveis terrestres)
846,PMCC,Panama,na,terrestrial,projeto (so variaveis terrestres)
847,PMCC,Panama,na,terrestrial,projeto (so variaveis terrestres)
848,PMCC,Panama,na,terrestrial,projeto (so variaveis terrestres)
849,PMCC,Panama,na,terrestrial,projeto (so variaveis terrestres)
850,PMCC,Panama,na,terrestrial,projeto (so variaveis terrestres)
851,PMCC,Panama,na,terrestrial,projeto (so variaveis terrestres)
852,PMCC,Panama,na,terrestrial,projeto (so variaveis terrestres)
853,PMCC,Panama,na,terrestrial,projeto (so variaveis terrestres)
854,PMCC,Panama,na,terrestrial,projeto (so variaveis terrestres)
855,PMCC,Panama,na,terrestrial,projeto (so variaveis terrestres)
856,PMCC,Panama,na,terrestrial,projeto (so variaveis terrestres)
857,PMCC,Panama,na,terrestrial,projeto (so variaveis terrestres)
858,PMCC,Panama,na,terrestrial,projeto (so variaveis terrestres)
859,PMCC,Panama,na,terrestrial,projeto (so variaveis terrestres)
860,PMCC,Panama,na,terrestrial,projeto (so variaveis terrestres)
861,PMCC,Panama,na,terrestrial,projeto (so variaveis terrestres)
862,PMCC,Panama,na,terrestrial,projeto (so variaveis terrestres)
863,PMCC,Panama,na,terrestrial,projeto (so variaveis terrestres)
864,PMCC,Panama,na,terrestrial,projeto (so variaveis terrestres)
865,PMCC,Panama,na,terrestrial,projeto (so variaveis terrestres)
866,PMCC,Panama,na,terrestrial,projeto (so variaveis terrestres)
867,PMCC,Panama,na,terrestrial,projeto (so variaveis terrestres)
868,PMCC,Panama,na,terrestrial,projeto (so variaveis terrestres)
869,PMCC,Panama,na,terrestrial,projeto (so variaveis terrestres)
870,PMCC,Panama,na,terrestrial,projeto (so variaveis terrestres)
871,PMCC,Panama,na,terrestrial,projeto (so variaveis terrestres)
872,PMCC,Panama,na,terrestrial,projeto (so variaveis terrestres)
873,PMCC,Panama,na,terrestrial,projeto (so variaveis terrestres)
874,PMCC,Panama,na,terrestrial,projeto (so variaveis terrestres)
875,PMCC,Panama,na,terrestrial,projeto (so variaveis terrestres)
876,PMCC,Panama,na,terrestrial,projeto (so variaveis terrestres)
877,PMCC,Panama,na,terrestrial,projeto (so variaveis terrestres)
878,PMCC,Panama,na,terrestrial,projeto (so variaveis terrestres)
879,PMCC,Panama,na,terrestrial,projeto (so variaveis terrestres)
880,PMCC,Panama,na,terrestrial,projeto (so variaveis terrestres)
881,PMCC,Panama,na,terrestrial,projeto (so variaveis terrestres)
882,PMCC,Panama,na,terrestrial,projeto (so variaveis terrestres)
883,PMCC,Panama,na,terrestrial,projeto (so variaveis terrestres)
884,PMCC,Panama,na,terrestrial,projeto (so variaveis terrestres)
885,PMCC,Panama,na,terrestrial,projeto (so variaveis terrestres)
886,PMCC,Panama,na,terrestrial,projeto (so variaveis terrestres)
887,PMCC,Panama,na,terrestrial,projeto (so variaveis terrestres)
888,PMCC,Panama,na,terrestrial,projeto (so variaveis terrestres)
889,PMCC,Panama,na,terrestrial,projeto (so variaveis terrestres)
890,PMCC,Panama,na,terrestrial,projeto (so variaveis terrestres)
891,PMCC,Panama,na,terrestrial,projeto (so variaveis terrestres)
892,PMCC,Panama,na,terrestrial,projeto (so variaveis terrestres)
893,PMCC,Panama,na,terrestrial,projeto (so variaveis terrestres)
894,PMCC,Panama,na,terrestrial,projeto (so variaveis terrestres)
895,PMCC,Panama,na,terrestrial,projeto (so variaveis terrestres)
896,PMCC,Panama,na,terrestrial,projeto (so variaveis terrestres)
897,PMCC,Panama,na,terrestrial,projeto (so variaveis terrestres)
898,PMCC,Panama,na,terrestrial,projeto (so variaveis terrestres)
899,PMCC,Panama,na,terrestrial,projeto (so variaveis terrestres)
900,PMCC,Panama,na,terrestrial,projeto (so variaveis terrestres)
901,PMCC,Panama,na,terrestrial,projeto (so variaveis terrestres)
902,PMCC,Panama,na,terrestrial,projeto (so variaveis terrestres)
903,PMCC,Panama,na,terrestrial,projeto (so variaveis terrestres)
904,PMCC,Panama,na,terrestrial,projeto (so variaveis terrestres)
905,PMCC,Panama,na,terrestrial,projeto (so variaveis terrestres)
906,PMCC,Panama,na,terrestrial,projeto (so variaveis terrestres)
907,PMCC,Panama,na,terrestrial,projeto (so variaveis terrestres)
908,PMCC,Panama,na,terrestrial,projeto (so variaveis terrestres)
909,PMCC,Panama,na,terrestrial,projeto (so variaveis terrestres)
910,PMCC,Panama,na,terrestrial,projeto (so variaveis terrestres)
911,PMCC,Panama,na,terrestrial,projeto (so variaveis terrestres)
912,PMCC,Panama,na,terrestrial,projeto (so variaveis terrestres)
913,PMCC,Panama,na,terrestrial,projeto (so variaveis terrestres)
914,PMCC,Panama,na,terrestrial,projeto (so variaveis terrestres)
915,PMCC,Panama,na,terrestrial,projeto (so variaveis terrestres)
916,PMCC,Panama,na,terrestrial,projeto (so variaveis terrestres)
917,PMCC,Panama,na,terrestrial,projeto (so variaveis terrestres)
918,PMCC,Panama,na,terrestrial,projeto (so variaveis terrestres)
919,PMCC,Panama,na,terrestrial,projeto (so variaveis terrestres)
920,PMCC,Panama,na,terrestrial,projeto (so variaveis terrestres)
921,PMCC,Panama,na,terrestrial,projeto (so variaveis terrestres)
922,PMCC,Panama,na,terrestrial,projeto (so variaveis terrestres)
923,PMCC,Panama,na,terrestrial,projeto (so variaveis terrestres)
924,PMCC,Panama,na,terrestrial,projeto (so variaveis terrestres)
925,PMCC,Panama,na,terrestrial,projeto (so variaveis terrestres)
926,PMCC,Panama,na,terrestrial,projeto (so variaveis terrestres)
927,PMCC,Panama,na,terrestrial,projeto (so variaveis terrestres)
928,PMCC,Panama,na,terrestrial,projeto (so variaveis terrestres)
929,PMCC,Panama,na,terrestrial,projeto (so variaveis terrestres)
930,PMCC,Panama,na,terrestrial,projeto (so variaveis terrestres)
931,PMCC,Panama,na,terrestrial,projeto (so variaveis terrestres)
932,PMCC,Panama,na,terrestrial,projeto (so variaveis terrestres)
933,PMCC,Panama,na,terrestrial,projeto (so variaveis terrestres)
934,PMCC,Panama,na,terrestrial,projeto (so variaveis terrestres)
935,PMCC,Panama,na,terrestrial,projeto (so variaveis terrestres)
936,PMCC,Panama,na,terrestrial,projeto (so variaveis terrestres)
937,PMCC,Panama,na,terrestrial,projeto (so variaveis terrestres)
938,PMCC,Panama,na,terrestrial,projeto (so variaveis terrestres)
939,PMCC,Panama,na,terrestrial,projeto (so variaveis terrestres)
940,PMCC,Panama,na,terrestrial,projeto (so variaveis terrestres)
941,PMCC,Panama,na,terrestrial,projeto (so variaveis terrestres)
942,PMCC,Panama,na,terrestrial,projeto (so variaveis terrestres)
943,PMCC,Panama,na,terrestrial,projeto (so variaveis terrestres)
944,PMCC,Panama,na,terrestrial,projeto (so variaveis terrestres)
945,PMCC,Panama,na,terrestrial,projeto (so variaveis terrestres)
946,PMCC,Panama,na,terrestrial,projeto (so variaveis terrestres)
947,PMCC,Panama,na,terrestrial,projeto (so variaveis terrestres)
948,PMCC,Panama,na,terrestrial,projeto (so variaveis terrestres)
949,PMCC,Panama,na,terrestrial,projeto (so variaveis terrestres)
950,PMCC,Panama,na,terrestrial,projeto (so variaveis terrestres)
951,PMCC,Panama,na,terrestrial,projeto (so variaveis terrestres)
952,PMCC,Panama,na,terrestrial,projeto (so variaveis terrestres)
953,PMCC,Panama,na,terrestrial,projeto (so variaveis terrestres)
954,PMCC,Panama,na,terrestrial,projeto (so variaveis terrestres)
955,PMCC,Panama,na,terrestrial,projeto (so variaveis terrestres)
956,PMCC,Panama,na,terrestrial,projeto (so variaveis terrestres)
957,PMCC,Panama,na,terrestrial,projeto (so variaveis terrestres)
958,PMCC,Panama,na,terrestrial,projeto (so variaveis terrestres)
959,PMCC,Panama,na,terrestrial,projeto (so variaveis terrestres)
960,PMCC,Panama,na,terrestrial,projeto (so variaveis terrestres)
961,PMCC,Panama,na,terrestrial,projeto (so variaveis terrestres)
962,PMCC,Panama,na,terrestrial,projeto (so variaveis terrestres)
963,PMCC,Panama,na,terrestrial,projeto (so variaveis terrestres)
964,PMP.BCES,Brazil,"12.2 Sandy Shoreline and/or Beaches, Sand Bars, Spits, etc.",marine,habitat (IUCN 9-13 / palavra-chave)
965,PMP.BCES,Brazil,"12.2 Sandy Shoreline and/or Beaches, Sand Bars, Spits, etc.",marine,habitat (IUCN 9-13 / palavra-chave)
966,PMP.BCES,Brazil,"12.2 Sandy Shoreline and/or Beaches, Sand Bars, Spits, etc.",marine,habitat (IUCN 9-13 / palavra-chave)
967,PMP.BCES,Brazil,"12.2 Sandy Shoreline and/or Beaches, Sand Bars, Spits, etc.",marine,habitat (IUCN 9-13 / palavra-chave)
968,PMP.BCES,Brazil,"12.2 Sandy Shoreline and/or Beaches, Sand Bars, Spits, etc.",marine,habitat (IUCN 9-13 / palavra-chave)
969,PMP.BCES,Brazil,"12.2 Sandy Shoreline and/or Beaches, Sand Bars, Spits, etc.",marine,habitat (IUCN 9-13 / palavra-chave)
970,PMP.BCES,Brazil,"12.2 Sandy Shoreline and/or Beaches, Sand Bars, Spits, etc.",marine,habitat (IUCN 9-13 / palavra-chave)
971,PMP.BCES,Brazil,"12.2 Sandy Shoreline and/or Beaches, Sand Bars, Spits, etc.",marine,habitat (IUCN 9-13 / palavra-chave)
972,PMP.BCES,Brazil,"12.2 Sandy Shoreline and/or Beaches, Sand Bars, Spits, etc.",marine,habitat (IUCN 9-13 / palavra-chave)
973,PMP.BCES,Brazil,"12.2 Sandy Shoreline and/or Beaches, Sand Bars, Spits, etc.",marine,habitat (IUCN 9-13 / palavra-chave)
974,PMP.BCES,Brazil,"12.2 Sandy Shoreline and/or Beaches, Sand Bars, Spits, etc.",marine,habitat (IUCN 9-13 / palavra-chave)
975,PMP.BCES,Brazil,"12.2 Sandy Shoreline and/or Beaches, Sand Bars, Spits, etc.",marine,habitat (IUCN 9-13 / palavra-chave)
976,PMP.BCES,Brazil,"12.2 Sandy Shoreline and/or Beaches, Sand Bars, Spits, etc.",marine,habitat (IUCN 9-13 / palavra-chave)
977,PMP.BCES,Brazil,"12.2 Sandy Shoreline and/or Beaches, Sand Bars, Spits, etc.",marine,habitat (IUCN 9-13 / palavra-chave)
978,PMP.BS.RJ,Brazil,"12.2 Sandy Shoreline and/or Beaches, Sand Bars, Spits, etc.",marine,habitat (IUCN 9-13 / palavra-chave)
979,PMP.BS.RJ,Brazil,"12.2 Sandy Shoreline and/or Beaches, Sand Bars, Spits, etc.",marine,habitat (IUCN 9-13 / palavra-chave)
980,PMP.BS.RJ,Brazil,"12.2 Sandy Shoreline and/or Beaches, Sand Bars, Spits, etc.",marine,habitat (IUCN 9-13 / palavra-chave)
981,PMP.BS.RJ,Brazil,"12.2 Sandy Shoreline and/or Beaches, Sand Bars, Spits, etc.",marine,habitat (IUCN 9-13 / palavra-chave)
982,PMP.BS.RJ,Brazil,"12.2 Sandy Shoreline and/or Beaches, Sand Bars, Spits, etc.",marine,habitat (IUCN 9-13 / palavra-chave)
983,PMP.BS.SCPR,Brazil,"12.2 Sandy Shoreline and/or Beaches, Sand Bars, Spits, etc.",marine,habitat (IUCN 9-13 / palavra-chave)
984,PMP.BS.SCPR,Brazil,"12.2 Sandy Shoreline and/or Beaches, Sand Bars, Spits, etc.",marine,habitat (IUCN 9-13 / palavra-chave)
985,PMP.BS.SCPR,Brazil,"12.2 Sandy Shoreline and/or Beaches, Sand Bars, Spits, etc.",marine,habitat (IUCN 9-13 / palavra-chave)
986,PMP.BS.SCPR,Brazil,"12.2 Sandy Shoreline and/or Beaches, Sand Bars, Spits, etc.",marine,habitat (IUCN 9-13 / palavra-chave)
987,PMP.BS.SCPR,Brazil,"12.2 Sandy Shoreline and/or Beaches, Sand Bars, Spits, etc.",marine,habitat (IUCN 9-13 / palavra-chave)
988,PMP.BS.SCPR,Brazil,"12.2 Sandy Shoreline and/or Beaches, Sand Bars, Spits, etc.",marine,habitat (IUCN 9-13 / palavra-chave)
989,PMP.BS.SP,Brazil,"12.2 Sandy Shoreline and/or Beaches, Sand Bars, Spits, etc.",marine,habitat (IUCN 9-13 / palavra-chave)
990,PMP.BS.SP,Brazil,"12.2 Sandy Shoreline and/or Beaches, Sand Bars, Spits, etc.",marine,habitat (IUCN 9-13 / palavra-chave)
991,PMP.BS.SP,Brazil,"12.2 Sandy Shoreline and/or Beaches, Sand Bars, Spits, etc.",marine,habitat (IUCN 9-13 / palavra-chave)
992,PMP.BS.SP,Brazil,"12.2 Sandy Shoreline and/or Beaches, Sand Bars, Spits, etc.",marine,habitat (IUCN 9-13 / palavra-chave)
993,PMP.RNCE,Brazil,"12.2 Sandy Shoreline and/or Beaches, Sand Bars, Spits, etc.",marine,habitat (IUCN 9-13 / palavra-chave)
994,PMP.RNCE,Brazil,"12.2 Sandy Shoreline and/or Beaches, Sand Bars, Spits, etc.",marine,habitat (IUCN 9-13 / palavra-chave)
995,PMP.RNCE,Brazil,"12.2 Sandy Shoreline and/or Beaches, Sand Bars, Spits, etc.",marine,habitat (IUCN 9-13 / palavra-chave)
996,PMP.RNCE,Brazil,"12.2 Sandy Shoreline and/or Beaches, Sand Bars, Spits, etc.",marine,habitat (IUCN 9-13 / palavra-chave)
997,PMP.RNCE,Brazil,"12.2 Sandy Shoreline and/or Beaches, Sand Bars, Spits, etc. | 12.1 Rocky Shoreline",marine,habitat (IUCN 9-13 / palavra-chave)
998,PMP.SEAL,Brazil,"12.2 Sandy Shoreline and/or Beaches, Sand Bars, Spits, etc.",marine,habitat (IUCN 9-13 / palavra-chave)
999,PMP.SEAL,Brazil,"12.2 Sandy Shoreline and/or Beaches, Sand Bars, Spits, etc.",marine,habitat (IUCN 9-13 / palavra-chave)
1000,PMP.SEAL,Brazil,"12.2 Sandy Shoreline and/or Beaches, Sand Bars, Spits, etc.",marine,habitat (IUCN 9-13 / palavra-chave)
1001,PMP.SEAL,Brazil,"12.2 Sandy Shoreline and/or Beaches, Sand Bars, Spits, etc.",marine,habitat (IUCN 9-13 / palavra-chave)
1002,PMP.SEAL,Brazil,"12.2 Sandy Shoreline and/or Beaches, Sand Bars, Spits, etc.",marine,habitat (IUCN 9-13 / palavra-chave)
1003,PMP.SEAL,Brazil,"12.2 Sandy Shoreline and/or Beaches, Sand Bars, Spits, etc.",marine,habitat (IUCN 9-13 / palavra-chave)
1004,PMP.SEAL,Brazil,"12.2 Sandy Shoreline and/or Beaches, Sand Bars, Spits, etc. | 12.1 Rocky Shoreline",marine,habitat (IUCN 9-13 / palavra-chave)
1005,POPA APAF,Brazil,1.6. Forest – Subtropical/tropical moist lowland,terrestrial,habitat (outros codigos)
1006,POPA APAF,Brazil,1.6. Forest – Subtropical/tropical moist lowland,terrestrial,habitat (outros codigos)
1007,POPA APAF,Brazil,1.6. Forest – Subtropical/tropical moist lowland,terrestrial,habitat (outros codigos)
1008,POPA APAF,Brazil,1.6. Forest – Subtropical/tropical moist lowland,terrestrial,habitat (outros codigos)
1009,POPA APAF,Brazil,1.6. Forest – Subtropical/tropical moist lowland,terrestrial,habitat (outros codigos)
1010,POPA APAF,Brazil,1.6. Forest – Subtropical/tropical moist lowland,terrestrial,habitat (outros codigos)
1011,POPA APAF,Brazil,1.6. Forest – Subtropical/tropical moist lowland,terrestrial,habitat (outros codigos)
1012,POPA APAF,Brazil,1.6. Forest – Subtropical/tropical moist lowland,terrestrial,habitat (outros codigos)
1013,POPA APAF,Brazil,1.6. Forest – Subtropical/tropical moist lowland,terrestrial,habitat (outros codigos)
1014,POPA APAF,Brazil,1.6. Forest – Subtropical/tropical moist lowland,terrestrial,habitat (outros codigos)
1015,POPA APAF,Brazil,1.6. Forest – Subtropical/tropical moist lowland,terrestrial,habitat (outros codigos)
1016,POPA APAF,Brazil,1.6. Forest – Subtropical/tropical moist lowland,terrestrial,habitat (outros codigos)
1017,POPA APAF,Brazil,1.6. Forest – Subtropical/tropical moist lowland,terrestrial,habitat (outros codigos)
1018,POPA APAF,Brazil,1.6. Forest – Subtropical/tropical moist lowland,terrestrial,habitat (outros codigos)
1019,POPA APAF,Brazil,1.6. Forest – Subtropical/tropical moist lowland,terrestrial,habitat (outros codigos)
1020,POPA APAF,Brazil,1.6. Forest – Subtropical/tropical moist lowland,terrestrial,habitat (outros codigos)
1021,POPA APAF,Brazil,1.6. Forest – Subtropical/tropical moist lowland,terrestrial,habitat (outros codigos)
1022,POPA APAF,Brazil,1.6. Forest – Subtropical/tropical moist lowland,terrestrial,habitat (outros codigos)
1023,POPA APAF,Brazil,1.6. Forest – Subtropical/tropical moist lowland,terrestrial,habitat (outros codigos)
1024,POPA APAF,Brazil,1.6. Forest – Subtropical/tropical moist lowland,terrestrial,habitat (outros codigos)
1025,POPA APAF,Brazil,1.6. Forest – Subtropical/tropical moist lowland,terrestrial,habitat (outros codigos)
1026,POPA APAF,Brazil,1.6. Forest – Subtropical/tropical moist lowland,terrestrial,habitat (outros codigos)
1027,POPA APAF,Brazil,1.6. Forest – Subtropical/tropical moist lowland,terrestrial,habitat (outros codigos)
1028,POPA APAF,Brazil,1.6. Forest – Subtropical/tropical moist lowland,terrestrial,habitat (outros codigos)
1029,POPA APAF,Brazil,1.6. Forest – Subtropical/tropical moist lowland,terrestrial,habitat (outros codigos)
1030,POPA APAF,Brazil,1.6. Forest – Subtropical/tropical moist lowland,terrestrial,habitat (outros codigos)
1031,POPA APAF,Brazil,1.6. Forest – Subtropical/tropical moist lowland,terrestrial,habitat (outros codigos)
1032,POPA APAF,Brazil,1.6. Forest – Subtropical/tropical moist lowland,terrestrial,habitat (outros codigos)
1033,POPA APAF,Brazil,1.6. Forest – Subtropical/tropical moist lowland,terrestrial,habitat (outros codigos)
1034,POPA APAF,Brazil,1.6. Forest – Subtropical/tropical moist lowland,terrestrial,habitat (outros codigos)
1035,POPA APAF,Brazil,1.6. Forest – Subtropical/tropical moist lowland,terrestrial,habitat (outros codigos)
1036,POPA APAF,Brazil,1.6. Forest – Subtropical/tropical moist lowland,terrestrial,habitat (outros codigos)
1037,POPA APAF,Brazil,1.6. Forest – Subtropical/tropical moist lowland,terrestrial,habitat (outros codigos)
1038,POPA APAF,Brazil,1.6. Forest – Subtropical/tropical moist lowland,terrestrial,habitat (outros codigos)
1039,POPA APAS,Brazil,2.2. Savanna – Moist,terrestrial,habitat (outros codigos)
1040,POPA APAS,Brazil,2.2. Savanna – Moist,terrestrial,habitat (outros codigos)
1041,POPA APAS,Brazil,2.2. Savanna – Moist,terrestrial,habitat (outros codigos)
1042,POPA APAS,Brazil,2.2. Savanna – Moist,terrestrial,habitat (outros codigos)
1043,POPA APAS,Brazil,2.2. Savanna – Moist,terrestrial,habitat (outros codigos)
1044,POPA APAS,Brazil,2.2. Savanna – Moist,terrestrial,habitat (outros codigos)
1045,POPA APAS,Brazil,2.2. Savanna – Moist,terrestrial,habitat (outros codigos)
1046,POPA APAS,Brazil,2.2. Savanna – Moist,terrestrial,habitat (outros codigos)
1047,POPA APAS,Brazil,2.2. Savanna – Moist,terrestrial,habitat (outros codigos)
1048,POPA APAS,Brazil,2.2. Savanna – Moist,terrestrial,habitat (outros codigos)
1049,POPA APAS,Brazil,2.2. Savanna – Moist,terrestrial,habitat (outros codigos)
1050,POPA APAS,Brazil,2.2. Savanna – Moist,terrestrial,habitat (outros codigos)
1051,POPA APAS,Brazil,2.2. Savanna – Moist,terrestrial,habitat (outros codigos)
1052,POPA APAS,Brazil,2.2. Savanna – Moist,terrestrial,habitat (outros codigos)
1053,POPA APAS,Brazil,2.2. Savanna – Moist,terrestrial,habitat (outros codigos)
1054,POPA APAS,Brazil,2.2. Savanna – Moist,terrestrial,habitat (outros codigos)
1055,POPA APAS,Brazil,2.2. Savanna – Moist,terrestrial,habitat (outros codigos)
1056,POPA APAS,Brazil,2.2. Savanna – Moist,terrestrial,habitat (outros codigos)
1057,POPA APAS,Brazil,2.2. Savanna – Moist,terrestrial,habitat (outros codigos)
1058,POPA APAS,Brazil,2.2. Savanna – Moist,terrestrial,habitat (outros codigos)
1059,POPA APAS,Brazil,2.2. Savanna – Moist,terrestrial,habitat (outros codigos)
1060,POPA APAS,Brazil,2.2. Savanna – Moist,terrestrial,habitat (outros codigos)
1061,POPA APAS,Brazil,2.2. Savanna – Moist,terrestrial,habitat (outros codigos)
1062,POPA APAS,Brazil,2.2. Savanna – Moist,terrestrial,habitat (outros codigos)
1063,POPA APAS,Brazil,2.2. Savanna – Moist,terrestrial,habitat (outros codigos)
1064,POPA APAS,Brazil,2.2. Savanna – Moist,terrestrial,habitat (outros codigos)
1065,POPA APAS,Brazil,2.2. Savanna – Moist,terrestrial,habitat (outros codigos)
1066,POPA APAS,Brazil,2.2. Savanna – Moist,terrestrial,habitat (outros codigos)
1067,POPA APAS,Brazil,2.2. Savanna – Moist,terrestrial,habitat (outros codigos)
1068,POPA APAS,Brazil,2.2. Savanna – Moist,terrestrial,habitat (outros codigos)
1069,POPA APAS,Brazil,2.2. Savanna – Moist,terrestrial,habitat (outros codigos)
1070,POPA APAS,Brazil,2.2. Savanna – Moist,terrestrial,habitat (outros codigos)
1071,POPA APAS,Brazil,2.2. Savanna – Moist,terrestrial,habitat (outros codigos)
1072,POPA APAS,Brazil,2.2. Savanna – Moist,terrestrial,habitat (outros codigos)
1073,POPA APAS,Brazil,2.2. Savanna – Moist,terrestrial,habitat (outros codigos)
1074,POPA APAS,Brazil,2.2. Savanna – Moist,terrestrial,habitat (outros codigos)
1075,POPA ervas,Brazil,1.6. Forest – Subtropical/tropical moist lowland,terrestrial,habitat (outros codigos)
1076,POPA FNT,Brazil,1.6. Forest – Subtropical/tropical moist lowland,terrestrial,habitat (outros codigos)
1077,POPA FNT,Brazil,1.6. Forest – Subtropical/tropical moist lowland,terrestrial,habitat (outros codigos)
1078,POPA FNT,Brazil,1.6. Forest – Subtropical/tropical moist lowland,terrestrial,habitat (outros codigos)
1079,POPA FNT,Brazil,1.6. Forest – Subtropical/tropical moist lowland,terrestrial,habitat (outros codigos)
1080,POPA FNT,Brazil,1.6. Forest – Subtropical/tropical moist lowland,terrestrial,habitat (outros codigos)
1081,POPA FNT,Brazil,1.6. Forest – Subtropical/tropical moist lowland,terrestrial,habitat (outros codigos)
1082,POPA FNT,Brazil,1.6. Forest – Subtropical/tropical moist lowland,terrestrial,habitat (outros codigos)
1083,POPA FNT,Brazil,1.6. Forest – Subtropical/tropical moist lowland,terrestrial,habitat (outros codigos)
1084,POPA FNT,Brazil,1.6. Forest – Subtropical/tropical moist lowland,terrestrial,habitat (outros codigos)
1085,POPA FNT,Brazil,1.6. Forest – Subtropical/tropical moist lowland,terrestrial,habitat (outros codigos)
1086,POPA FNT,Brazil,1.6. Forest – Subtropical/tropical moist lowland,terrestrial,habitat (outros codigos)
1087,POPA FNT,Brazil,1.6. Forest – Subtropical/tropical moist lowland,terrestrial,habitat (outros codigos)
1088,POPA FNT,Brazil,1.6. Forest – Subtropical/tropical moist lowland,terrestrial,habitat (outros codigos)
1089,POPA FNT,Brazil,1.6. Forest – Subtropical/tropical moist lowland,terrestrial,habitat (outros codigos)
1090,POPA FNT,Brazil,1.6. Forest – Subtropical/tropical moist lowland,terrestrial,habitat (outros codigos)
1091,POPA FNT,Brazil,1.6. Forest – Subtropical/tropical moist lowland,terrestrial,habitat (outros codigos)
1092,POPA FNT,Brazil,1.6. Forest – Subtropical/tropical moist lowland,terrestrial,habitat (outros codigos)
1093,POPA FNT,Brazil,1.6. Forest – Subtropical/tropical moist lowland,terrestrial,habitat (outros codigos)
1094,POPA FNT,Brazil,1.6. Forest – Subtropical/tropical moist lowland,terrestrial,habitat (outros codigos)
1095,POPA FNT,Brazil,1.6. Forest – Subtropical/tropical moist lowland,terrestrial,habitat (outros codigos)
1096,POPA FNT,Brazil,1.6. Forest – Subtropical/tropical moist lowland,terrestrial,habitat (outros codigos)
1097,POPA FNT,Brazil,1.6. Forest – Subtropical/tropical moist lowland,terrestrial,habitat (outros codigos)
1098,POPA FNT,Brazil,1.6. Forest – Subtropical/tropical moist lowland,terrestrial,habitat (outros codigos)
1099,POPA FNT,Brazil,1.6. Forest – Subtropical/tropical moist lowland,terrestrial,habitat (outros codigos)
1100,POPA FNT,Brazil,1.6. Forest – Subtropical/tropical moist lowland,terrestrial,habitat (outros codigos)
1101,POPA FNT,Brazil,1.6. Forest – Subtropical/tropical moist lowland,terrestrial,habitat (outros codigos)
1102,POPA FNT,Brazil,1.6. Forest – Subtropical/tropical moist lowland,terrestrial,habitat (outros codigos)
1103,POPA FNT,Brazil,1.6. Forest – Subtropical/tropical moist lowland,terrestrial,habitat (outros codigos)
1104,POPA FNT,Brazil,1.6. Forest – Subtropical/tropical moist lowland,terrestrial,habitat (outros codigos)
1105,POPA FNT,Brazil,1.6. Forest – Subtropical/tropical moist lowland,terrestrial,habitat (outros codigos)
1106,POPA FNT,Brazil,1.6. Forest – Subtropical/tropical moist lowland,terrestrial,habitat (outros codigos)
1107,POPA FNT,Brazil,1.6. Forest – Subtropical/tropical moist lowland,terrestrial,habitat (outros codigos)
1108,POPA FNT,Brazil,1.6. Forest – Subtropical/tropical moist lowland,terrestrial,habitat (outros codigos)
1109,POPA FNT,Brazil,1.6. Forest – Subtropical/tropical moist lowland,terrestrial,habitat (outros codigos)
1110,POPA FNT,Brazil,1.6. Forest – Subtropical/tropical moist lowland,terrestrial,habitat (outros codigos)
1111,POPA FNT,Brazil,1.6. Forest – Subtropical/tropical moist lowland,terrestrial,habitat (outros codigos)
1112,POPA FNT,Brazil,1.6. Forest – Subtropical/tropical moist lowland,terrestrial,habitat (outros codigos)
1113,POPA FNT,Brazil,1.6. Forest – Subtropical/tropical moist lowland,terrestrial,habitat (outros codigos)
1114,POPA FNT,Brazil,1.6. Forest – Subtropical/tropical moist lowland,terrestrial,habitat (outros codigos)
1115,POPA FNT,Brazil,1.6. Forest – Subtropical/tropical moist lowland,terrestrial,habitat (outros codigos)
1116,POPA FNT,Brazil,1.6. Forest – Subtropical/tropical moist lowland,terrestrial,habitat (outros codigos)
1117,POPA FNT,Brazil,1.6. Forest – Subtropical/tropical moist lowland,terrestrial,habitat (outros codigos)
1118,POPA FNT,Brazil,1.6. Forest – Subtropical/tropical moist lowland,terrestrial,habitat (outros codigos)
1119,POPA FNT,Brazil,1.6. Forest – Subtropical/tropical moist lowland,terrestrial,habitat (outros codigos)
1120,POPA FNT,Brazil,1.6. Forest – Subtropical/tropical moist lowland,terrestrial,habitat (outros codigos)
1121,PPBioCS,Brazil,4.5. Grassland – Subtropical/tropical dry | 5.1. Wetlands (inland) – Permanent rivers/streams/creeks (includes waterfalls) | 1.6. Forest – Subtropical/tropical moist lowland,freshwater,habitat (outros codigos)
1122,PPBioCS,Brazil,4.5. Grassland – Subtropical/tropical dry | 5.1. Wetlands (inland) – Permanent rivers/streams/creeks (includes waterfalls) | 1.6. Forest – Subtropical/tropical moist lowland,freshwater,habitat (outros codigos)
1123,PPBioCS,Brazil,4.5. Grassland – Subtropical/tropical dry | 5.1. Wetlands (inland) – Permanent rivers/streams/creeks (includes waterfalls) | 1.6. Forest – Subtropical/tropical moist lowland,freshwater,habitat (outros codigos)
1124,PPBioCS,Brazil,4.5. Grassland – Subtropical/tropical dry | 5.1. Wetlands (inland) – Permanent rivers/streams/creeks (includes waterfalls) | 1.6. Forest – Subtropical/tropical moist lowland,freshwater,habitat (outros codigos)
1125,PPBioCS,Brazil,4.7. Grassland – Subtropical/tropical high altitude | 5.1. Wetlands (inland) – Permanent rivers/streams/creeks (includes waterfalls) | 1.6. Forest – Subtropical/tropical moist lowland,freshwater,habitat (outros codigos)
1126,PPBioCS,Brazil,4.5. Grassland – Subtropical/tropical dry | 5.1. Wetlands (inland) – Permanent rivers/streams/creeks (includes waterfalls) | 1.6. Forest – Subtropical/tropical moist lowland,freshwater,habitat (outros codigos)
1127,PPBioCS,Brazil,4.5. Grassland – Subtropical/tropical dry | 5.1. Wetlands (inland) – Permanent rivers/streams/creeks (includes waterfalls) | 1.6. Forest – Subtropical/tropical moist lowland,freshwater,habitat (outros codigos)
1128,PPBioCS,Brazil,4.5. Grassland – Subtropical/tropical dry | 5.1. Wetlands (inland) – Permanent rivers/streams/creeks (includes waterfalls) | 1.6. Forest – Subtropical/tropical moist lowland,freshwater,habitat (outros codigos)
1129,PPBioCS,Brazil,4.5. Grassland – Subtropical/tropical dry | 5.1. Wetlands (inland) – Permanent rivers/streams/creeks (includes waterfalls) | 1.6. Forest – Subtropical/tropical moist lowland,freshwater,habitat (outros codigos)
1130,PPBioCS,Brazil,4.7. Grassland – Subtropical/tropical high altitude | 5.1. Wetlands (inland) – Permanent rivers/streams/creeks (includes waterfalls) | 1.6. Forest – Subtropical/tropical moist lowland,freshwater,habitat (outros codigos)
1131,PPBioCS,Brazil,4.5. Grassland – Subtropical/tropical dry | 5.1. Wetlands (inland) – Permanent rivers/streams/creeks (includes waterfalls),freshwater,habitat (outros codigos)
1132,PPBioCS,Brazil,4.5. Grassland – Subtropical/tropical dry | 5.1. Wetlands (inland) – Permanent rivers/streams/creeks (includes waterfalls) | 1.6. Forest – Subtropical/tropical moist lowland,freshwater,habitat (outros codigos)
1133,PPBioCS,Brazil,4.5. Grassland – Subtropical/tropical dry | 5.1. Wetlands (inland) – Permanent rivers/streams/creeks (includes waterfalls) | 1.6. Forest – Subtropical/tropical moist lowland,freshwater,habitat (outros codigos)
1134,PPBioCS,Brazil,4.7. Grassland – Subtropical/tropical high altitude | 5.1. Wetlands (inland) – Permanent rivers/streams/creeks (includes waterfalls) | 1.6. Forest – Subtropical/tropical moist lowland,freshwater,habitat (outros codigos)
1135,PPBioCS,Brazil,4.5. Grassland – Subtropical/tropical dry,terrestrial,habitat (outros codigos)
1136,PPBioCS,Brazil,4.5. Grassland – Subtropical/tropical dry,terrestrial,habitat (outros codigos)
1137,PPBioCS,Brazil,4.7. Grassland – Subtropical/tropical high altitude,terrestrial,habitat (outros codigos)
1138,PPBioCS,Brazil,4.7. Grassland – Subtropical/tropical high altitude,terrestrial,habitat (outros codigos)
1139,PPBioMA,Brazil,1.9. Forest – Subtropical/tropical moist montane | 3.7. Shrubland – Subtropical/tropical high altitude,terrestrial,habitat (outros codigos)
1140,PPBioMA,Brazil,1.9. Forest – Subtropical/tropical moist montane | 3.7. Shrubland – Subtropical/tropical high altitude,terrestrial,habitat (outros codigos)
1141,Rede Ripária,Brazil,1.6. Forest – Subtropical/tropical moist lowland,terrestrial,habitat (outros codigos)
1142,ReefCheck,Anguilla,9.8. Marine Neritic – Coral Reef,marine,habitat (IUCN 9-13 / palavra-chave)
1143,ReefCheck,Antigua and Barbuda,9.8. Marine Neritic – Coral Reef,marine,habitat (IUCN 9-13 / palavra-chave)
1144,ReefCheck,Antigua and Barbuda,9.8. Marine Neritic – Coral Reef,marine,habitat (IUCN 9-13 / palavra-chave)
1145,ReefCheck,Antigua and Barbuda,9.8. Marine Neritic – Coral Reef,marine,habitat (IUCN 9-13 / palavra-chave)
1146,ReefCheck,Antigua and Barbuda,9.8. Marine Neritic – Coral Reef,marine,habitat (IUCN 9-13 / palavra-chave)
1147,ReefCheck,Aruba,9.8. Marine Neritic – Coral Reef,marine,habitat (IUCN 9-13 / palavra-chave)
1148,ReefCheck,Aruba,9.8. Marine Neritic – Coral Reef,marine,habitat (IUCN 9-13 / palavra-chave)
1149,ReefCheck,Aruba,9.8. Marine Neritic – Coral Reef,marine,habitat (IUCN 9-13 / palavra-chave)
1150,ReefCheck,Aruba,9.8. Marine Neritic – Coral Reef,marine,habitat (IUCN 9-13 / palavra-chave)
1151,ReefCheck,Aruba,9.8. Marine Neritic – Coral Reef,marine,habitat (IUCN 9-13 / palavra-chave)
1152,ReefCheck,Aruba,9.8. Marine Neritic – Coral Reef,marine,habitat (IUCN 9-13 / palavra-chave)
1153,ReefCheck,Aruba,9.8. Marine Neritic – Coral Reef,marine,habitat (IUCN 9-13 / palavra-chave)
1154,ReefCheck,Aruba,9.8. Marine Neritic – Coral Reef,marine,habitat (IUCN 9-13 / palavra-chave)
1155,ReefCheck,Aruba,9.8. Marine Neritic – Coral Reef,marine,habitat (IUCN 9-13 / palavra-chave)
1156,ReefCheck,Aruba,9.8. Marine Neritic – Coral Reef,marine,habitat (IUCN 9-13 / palavra-chave)
1157,ReefCheck,Aruba,9.8. Marine Neritic – Coral Reef,marine,habitat (IUCN 9-13 / palavra-chave)
1158,ReefCheck,Aruba,9.8. Marine Neritic – Coral Reef,marine,habitat (IUCN 9-13 / palavra-chave)
1159,ReefCheck,Aruba,9.8. Marine Neritic – Coral Reef,marine,habitat (IUCN 9-13 / palavra-chave)
1160,ReefCheck,Aruba,9.8. Marine Neritic – Coral Reef,marine,habitat (IUCN 9-13 / palavra-chave)
1161,ReefCheck,Aruba,9.8. Marine Neritic – Coral Reef,marine,habitat (IUCN 9-13 / palavra-chave)
1162,ReefCheck,Aruba,9.8. Marine Neritic – Coral Reef,marine,habitat (IUCN 9-13 / palavra-chave)
1163,ReefCheck,Aruba,9.8. Marine Neritic – Coral Reef,marine,habitat (IUCN 9-13 / palavra-chave)
1164,ReefCheck,Bahamas,9.8. Marine Neritic – Coral Reef,marine,habitat (IUCN 9-13 / palavra-chave)
1165,ReefCheck,Bahamas,9.8. Marine Neritic – Coral Reef,marine,habitat (IUCN 9-13 / palavra-chave)
1166,ReefCheck,Bahamas,9.8. Marine Neritic – Coral Reef,marine,habitat (IUCN 9-13 / palavra-chave)
1167,ReefCheck,Bahamas,9.8. Marine Neritic – Coral Reef,marine,habitat (IUCN 9-13 / palavra-chave)
1168,ReefCheck,Bahamas,9.8. Marine Neritic – Coral Reef,marine,habitat (IUCN 9-13 / palavra-chave)
1169,ReefCheck,Bahamas,9.8. Marine Neritic – Coral Reef,marine,habitat (IUCN 9-13 / palavra-chave)
1170,ReefCheck,Bahamas,9.8. Marine Neritic – Coral Reef,marine,habitat (IUCN 9-13 / palavra-chave)
1171,ReefCheck,Bahamas,9.8. Marine Neritic – Coral Reef,marine,habitat (IUCN 9-13 / palavra-chave)
1172,ReefCheck,Bahamas,9.8. Marine Neritic – Coral Reef,marine,habitat (IUCN 9-13 / palavra-chave)
1173,ReefCheck,Bahamas,9.8. Marine Neritic – Coral Reef,marine,habitat (IUCN 9-13 / palavra-chave)
1174,ReefCheck,Bahamas,9.8. Marine Neritic – Coral Reef,marine,habitat (IUCN 9-13 / palavra-chave)
1175,ReefCheck,Bahamas,9.8. Marine Neritic – Coral Reef,marine,habitat (IUCN 9-13 / palavra-chave)
1176,ReefCheck,Bahamas,9.8. Marine Neritic – Coral Reef,marine,habitat (IUCN 9-13 / palavra-chave)
1177,ReefCheck,Bahamas,9.8. Marine Neritic – Coral Reef,marine,habitat (IUCN 9-13 / palavra-chave)
1178,ReefCheck,Bahamas,9.8. Marine Neritic – Coral Reef,marine,habitat (IUCN 9-13 / palavra-chave)
1179,ReefCheck,Bahamas,9.8. Marine Neritic – Coral Reef,marine,habitat (IUCN 9-13 / palavra-chave)
1180,ReefCheck,Bahamas,9.8. Marine Neritic – Coral Reef,marine,habitat (IUCN 9-13 / palavra-chave)
1181,ReefCheck,Bahamas,9.8. Marine Neritic – Coral Reef,marine,habitat (IUCN 9-13 / palavra-chave)
1182,ReefCheck,Bahamas,9.8. Marine Neritic – Coral Reef,marine,habitat (IUCN 9-13 / palavra-chave)
1183,ReefCheck,Bahamas,9.8. Marine Neritic – Coral Reef,marine,habitat (IUCN 9-13 / palavra-chave)
1184,ReefCheck,Bahamas,9.8. Marine Neritic – Coral Reef,marine,habitat (IUCN 9-13 / palavra-chave)
1185,ReefCheck,Bahamas,9.8. Marine Neritic – Coral Reef,marine,habitat (IUCN 9-13 / palavra-chave)
1186,ReefCheck,Bahamas,9.8. Marine Neritic – Coral Reef,marine,habitat (IUCN 9-13 / palavra-chave)
1187,ReefCheck,Bahamas,9.8. Marine Neritic – Coral Reef,marine,habitat (IUCN 9-13 / palavra-chave)
1188,ReefCheck,Bahamas,9.8. Marine Neritic – Coral Reef,marine,habitat (IUCN 9-13 / palavra-chave)
1189,ReefCheck,Bahamas,9.8. Marine Neritic – Coral Reef,marine,habitat (IUCN 9-13 / palavra-chave)
1190,ReefCheck,Bahamas,9.8. Marine Neritic – Coral Reef,marine,habitat (IUCN 9-13 / palavra-chave)
1191,ReefCheck,Bahamas,9.8. Marine Neritic – Coral Reef,marine,habitat (IUCN 9-13 / palavra-chave)
1192,ReefCheck,Bahamas,9.8. Marine Neritic – Coral Reef,marine,habitat (IUCN 9-13 / palavra-chave)
1193,ReefCheck,Bahamas,9.8. Marine Neritic – Coral Reef,marine,habitat (IUCN 9-13 / palavra-chave)
1194,ReefCheck,Bahamas,9.8. Marine Neritic – Coral Reef,marine,habitat (IUCN 9-13 / palavra-chave)
1195,ReefCheck,Bahamas,9.8. Marine Neritic – Coral Reef,marine,habitat (IUCN 9-13 / palavra-chave)
1196,ReefCheck,Bahamas,9.8. Marine Neritic – Coral Reef,marine,habitat (IUCN 9-13 / palavra-chave)
1197,ReefCheck,Bahamas,9.8. Marine Neritic – Coral Reef,marine,habitat (IUCN 9-13 / palavra-chave)
1198,ReefCheck,Bahamas,9.8. Marine Neritic – Coral Reef,marine,habitat (IUCN 9-13 / palavra-chave)
1199,ReefCheck,Bahamas,9.8. Marine Neritic – Coral Reef,marine,habitat (IUCN 9-13 / palavra-chave)
1200,ReefCheck,Bahamas,9.8. Marine Neritic – Coral Reef,marine,habitat (IUCN 9-13 / palavra-chave)
1201,ReefCheck,Bahamas,9.8. Marine Neritic – Coral Reef,marine,habitat (IUCN 9-13 / palavra-chave)
1202,ReefCheck,Barbados,9.8. Marine Neritic – Coral Reef,marine,habitat (IUCN 9-13 / palavra-chave)
1203,ReefCheck,Barbados,9.8. Marine Neritic – Coral Reef,marine,habitat (IUCN 9-13 / palavra-chave)
1204,ReefCheck,Barbados,9.8. Marine Neritic – Coral Reef,marine,habitat (IUCN 9-13 / palavra-chave)
1205,ReefCheck,Barbados,9.8. Marine Neritic – Coral Reef,marine,habitat (IUCN 9-13 / palavra-chave)
1206,ReefCheck,Barbados,9.8. Marine Neritic – Coral Reef,marine,habitat (IUCN 9-13 / palavra-chave)
1207,ReefCheck,Barbados,9.8. Marine Neritic – Coral Reef,marine,habitat (IUCN 9-13 / palavra-chave)
1208,ReefCheck,Barbados,9.8. Marine Neritic – Coral Reef,marine,habitat (IUCN 9-13 / palavra-chave)
1209,ReefCheck,Barbados,9.8. Marine Neritic – Coral Reef,marine,habitat (IUCN 9-13 / palavra-chave)
1210,ReefCheck,Barbados,9.8. Marine Neritic – Coral Reef,marine,habitat (IUCN 9-13 / palavra-chave)
1211,ReefCheck,Barbados,9.8. Marine Neritic – Coral Reef,marine,habitat (IUCN 9-13 / palavra-chave)
1212,ReefCheck,Barbados,9.8. Marine Neritic – Coral Reef,marine,habitat (IUCN 9-13 / palavra-chave)
1213,ReefCheck,Barbados,9.8. Marine Neritic – Coral Reef,marine,habitat (IUCN 9-13 / palavra-chave)
1214,ReefCheck,Barbados,9.8. Marine Neritic – Coral Reef,marine,habitat (IUCN 9-13 / palavra-chave)
1215,ReefCheck,Barbados,9.8. Marine Neritic – Coral Reef,marine,habitat (IUCN 9-13 / palavra-chave)
1216,ReefCheck,Barbados,9.8. Marine Neritic – Coral Reef,marine,habitat (IUCN 9-13 / palavra-chave)
1217,ReefCheck,Barbados,9.8. Marine Neritic – Coral Reef,marine,habitat (IUCN 9-13 / palavra-chave)
1218,ReefCheck,Barbados,9.8. Marine Neritic – Coral Reef,marine,habitat (IUCN 9-13 / palavra-chave)
1219,ReefCheck,Barbados,9.8. Marine Neritic – Coral Reef,marine,habitat (IUCN 9-13 / palavra-chave)
1220,ReefCheck,Barbados,9.8. Marine Neritic – Coral Reef,marine,habitat (IUCN 9-13 / palavra-chave)
1221,ReefCheck,Barbados,9.8. Marine Neritic – Coral Reef,marine,habitat (IUCN 9-13 / palavra-chave)
1222,ReefCheck,Barbados,9.8. Marine Neritic – Coral Reef,marine,habitat (IUCN 9-13 / palavra-chave)
1223,ReefCheck,Barbados,9.8. Marine Neritic – Coral Reef,marine,habitat (IUCN 9-13 / palavra-chave)
1224,ReefCheck,Barbados,9.8. Marine Neritic – Coral Reef,marine,habitat (IUCN 9-13 / palavra-chave)
1225,ReefCheck,Barbados,9.8. Marine Neritic – Coral Reef,marine,habitat (IUCN 9-13 / palavra-chave)
1226,ReefCheck,Barbados,9.8. Marine Neritic – Coral Reef,marine,habitat (IUCN 9-13 / palavra-chave)
1227,ReefCheck,Barbados,9.8. Marine Neritic – Coral Reef,marine,habitat (IUCN 9-13 / palavra-chave)
1228,ReefCheck,Barbados,9.8. Marine Neritic – Coral Reef,marine,habitat (IUCN 9-13 / palavra-chave)
1229,ReefCheck,Belize,9.8. Marine Neritic – Coral Reef,marine,habitat (IUCN 9-13 / palavra-chave)
1230,ReefCheck,Belize,9.8. Marine Neritic – Coral Reef,marine,habitat (IUCN 9-13 / palavra-chave)
1231,ReefCheck,Belize,9.8. Marine Neritic – Coral Reef,marine,habitat (IUCN 9-13 / palavra-chave)
1232,ReefCheck,Belize,9.8. Marine Neritic – Coral Reef,marine,habitat (IUCN 9-13 / palavra-chave)
1233,ReefCheck,Belize,9.8. Marine Neritic – Coral Reef,marine,habitat (IUCN 9-13 / palavra-chave)
1234,ReefCheck,Belize,9.8. Marine Neritic – Coral Reef,marine,habitat (IUCN 9-13 / palavra-chave)
1235,ReefCheck,Belize,9.8. Marine Neritic – Coral Reef,marine,habitat (IUCN 9-13 / palavra-chave)
1236,ReefCheck,Belize,9.8. Marine Neritic – Coral Reef,marine,habitat (IUCN 9-13 / palavra-chave)
1237,ReefCheck,Belize,9.8. Marine Neritic – Coral Reef,marine,habitat (IUCN 9-13 / palavra-chave)
1238,ReefCheck,Belize,9.8. Marine Neritic – Coral Reef,marine,habitat (IUCN 9-13 / palavra-chave)
1239,ReefCheck,Belize,9.8. Marine Neritic – Coral Reef,marine,habitat (IUCN 9-13 / palavra-chave)
1240,ReefCheck,Belize,9.8. Marine Neritic – Coral Reef,marine,habitat (IUCN 9-13 / palavra-chave)
1241,ReefCheck,Belize,9.8. Marine Neritic – Coral Reef,marine,habitat (IUCN 9-13 / palavra-chave)
1242,ReefCheck,Belize,9.8. Marine Neritic – Coral Reef,marine,habitat (IUCN 9-13 / palavra-chave)
1243,ReefCheck,Belize,9.8. Marine Neritic – Coral Reef,marine,habitat (IUCN 9-13 / palavra-chave)
1244,ReefCheck,Belize,9.8. Marine Neritic – Coral Reef,marine,habitat (IUCN 9-13 / palavra-chave)
1245,ReefCheck,Belize,9.8. Marine Neritic – Coral Reef,marine,habitat (IUCN 9-13 / palavra-chave)
1246,ReefCheck,Belize,9.8. Marine Neritic – Coral Reef,marine,habitat (IUCN 9-13 / palavra-chave)
1247,ReefCheck,Belize,9.8. Marine Neritic – Coral Reef,marine,habitat (IUCN 9-13 / palavra-chave)
1248,ReefCheck,Belize,9.8. Marine Neritic – Coral Reef,marine,habitat (IUCN 9-13 / palavra-chave)
1249,ReefCheck,Belize,9.8. Marine Neritic – Coral Reef,marine,habitat (IUCN 9-13 / palavra-chave)
1250,ReefCheck,Belize,9.8. Marine Neritic – Coral Reef,marine,habitat (IUCN 9-13 / palavra-chave)
1251,ReefCheck,Belize,9.8. Marine Neritic – Coral Reef,marine,habitat (IUCN 9-13 / palavra-chave)
1252,ReefCheck,Belize,9.8. Marine Neritic – Coral Reef,marine,habitat (IUCN 9-13 / palavra-chave)
1253,ReefCheck,Belize,9.8. Marine Neritic – Coral Reef,marine,habitat (IUCN 9-13 / palavra-chave)
1254,ReefCheck,Belize,9.8. Marine Neritic – Coral Reef,marine,habitat (IUCN 9-13 / palavra-chave)
1255,ReefCheck,Belize,9.8. Marine Neritic – Coral Reef,marine,habitat (IUCN 9-13 / palavra-chave)
1256,ReefCheck,Belize,9.8. Marine Neritic – Coral Reef,marine,habitat (IUCN 9-13 / palavra-chave)
1257,ReefCheck,Belize,9.8. Marine Neritic – Coral Reef,marine,habitat (IUCN 9-13 / palavra-chave)
1258,ReefCheck,Belize,9.8. Marine Neritic – Coral Reef,marine,habitat (IUCN 9-13 / palavra-chave)
1259,ReefCheck,Belize,9.8. Marine Neritic – Coral Reef,marine,habitat (IUCN 9-13 / palavra-chave)
1260,ReefCheck,Belize,9.8. Marine Neritic – Coral Reef,marine,habitat (IUCN 9-13 / palavra-chave)
1261,ReefCheck,Belize,9.8. Marine Neritic – Coral Reef,marine,habitat (IUCN 9-13 / palavra-chave)
1262,ReefCheck,Belize,9.8. Marine Neritic – Coral Reef,marine,habitat (IUCN 9-13 / palavra-chave)
1263,ReefCheck,Belize,9.8. Marine Neritic – Coral Reef,marine,habitat (IUCN 9-13 / palavra-chave)
1264,ReefCheck,Belize,9.8. Marine Neritic – Coral Reef,marine,habitat (IUCN 9-13 / palavra-chave)
1265,ReefCheck,Belize,9.8. Marine Neritic – Coral Reef,marine,habitat (IUCN 9-13 / palavra-chave)
1266,ReefCheck,Belize,9.8. Marine Neritic – Coral Reef,marine,habitat (IUCN 9-13 / palavra-chave)
1267,ReefCheck,Belize,9.8. Marine Neritic – Coral Reef,marine,habitat (IUCN 9-13 / palavra-chave)
1268,ReefCheck,Belize,9.8. Marine Neritic – Coral Reef,marine,habitat (IUCN 9-13 / palavra-chave)
1269,ReefCheck,Belize,9.8. Marine Neritic – Coral Reef,marine,habitat (IUCN 9-13 / palavra-chave)
1270,ReefCheck,Belize,9.8. Marine Neritic – Coral Reef,marine,habitat (IUCN 9-13 / palavra-chave)
1271,ReefCheck,Belize,9.8. Marine Neritic – Coral Reef,marine,habitat (IUCN 9-13 / palavra-chave)
1272,ReefCheck,Belize,9.8. Marine Neritic – Coral Reef,marine,habitat (IUCN 9-13 / palavra-chave)
1273,ReefCheck,Belize,9.8. Marine Neritic – Coral Reef,marine,habitat (IUCN 9-13 / palavra-chave)
1274,ReefCheck,Belize,9.8. Marine Neritic – Coral Reef,marine,habitat (IUCN 9-13 / palavra-chave)
1275,ReefCheck,Belize,9.8. Marine Neritic – Coral Reef,marine,habitat (IUCN 9-13 / palavra-chave)
1276,ReefCheck,Belize,9.8. Marine Neritic – Coral Reef,marine,habitat (IUCN 9-13 / palavra-chave)
1277,ReefCheck,Belize,9.8. Marine Neritic – Coral Reef,marine,habitat (IUCN 9-13 / palavra-chave)
1278,ReefCheck,Belize,9.8. Marine Neritic – Coral Reef,marine,habitat (IUCN 9-13 / palavra-chave)
1279,ReefCheck,Belize,9.8. Marine Neritic – Coral Reef,marine,habitat (IUCN 9-13 / palavra-chave)
1280,ReefCheck,Belize,9.8. Marine Neritic – Coral Reef,marine,habitat (IUCN 9-13 / palavra-chave)
1281,ReefCheck,Belize,9.8. Marine Neritic – Coral Reef,marine,habitat (IUCN 9-13 / palavra-chave)
1282,ReefCheck,Belize,9.8. Marine Neritic – Coral Reef,marine,habitat (IUCN 9-13 / palavra-chave)
1283,ReefCheck,Belize,9.8. Marine Neritic – Coral Reef,marine,habitat (IUCN 9-13 / palavra-chave)
1284,ReefCheck,Belize,9.8. Marine Neritic – Coral Reef,marine,habitat (IUCN 9-13 / palavra-chave)
1285,ReefCheck,Belize,9.8. Marine Neritic – Coral Reef,marine,habitat (IUCN 9-13 / palavra-chave)
1286,ReefCheck,Belize,9.8. Marine Neritic – Coral Reef,marine,habitat (IUCN 9-13 / palavra-chave)
1287,ReefCheck,Belize,9.8. Marine Neritic – Coral Reef,marine,habitat (IUCN 9-13 / palavra-chave)
1288,ReefCheck,Belize,9.8. Marine Neritic – Coral Reef,marine,habitat (IUCN 9-13 / palavra-chave)
1289,ReefCheck,Belize,9.8. Marine Neritic – Coral Reef,marine,habitat (IUCN 9-13 / palavra-chave)
1290,ReefCheck,Belize,9.8. Marine Neritic – Coral Reef,marine,habitat (IUCN 9-13 / palavra-chave)
1291,ReefCheck,Belize,9.8. Marine Neritic – Coral Reef,marine,habitat (IUCN 9-13 / palavra-chave)
1292,ReefCheck,Belize,9.8. Marine Neritic – Coral Reef,marine,habitat (IUCN 9-13 / palavra-chave)
1293,ReefCheck,Belize,9.8. Marine Neritic – Coral Reef,marine,habitat (IUCN 9-13 / palavra-chave)
1294,ReefCheck,Belize,9.8. Marine Neritic – Coral Reef,marine,habitat (IUCN 9-13 / palavra-chave)
1295,ReefCheck,Belize,9.8. Marine Neritic – Coral Reef,marine,habitat (IUCN 9-13 / palavra-chave)
1296,ReefCheck,Belize,9.8. Marine Neritic – Coral Reef,marine,habitat (IUCN 9-13 / palavra-chave)
1297,ReefCheck,Belize,9.8. Marine Neritic – Coral Reef,marine,habitat (IUCN 9-13 / palavra-chave)
1298,ReefCheck,Belize,9.8. Marine Neritic – Coral Reef,marine,habitat (IUCN 9-13 / palavra-chave)
1299,ReefCheck,Belize,9.8. Marine Neritic – Coral Reef,marine,habitat (IUCN 9-13 / palavra-chave)
1300,ReefCheck,Belize,9.8. Marine Neritic – Coral Reef,marine,habitat (IUCN 9-13 / palavra-chave)
1301,ReefCheck,Belize,9.8. Marine Neritic – Coral Reef,marine,habitat (IUCN 9-13 / palavra-chave)
1302,ReefCheck,Belize,9.8. Marine Neritic – Coral Reef,marine,habitat (IUCN 9-13 / palavra-chave)
1303,ReefCheck,"Bonaire, Sint Eustatius and Saba",9.8. Marine Neritic – Coral Reef,marine,habitat (IUCN 9-13 / palavra-chave)
1304,ReefCheck,"Bonaire, Sint Eustatius and Saba",9.8. Marine Neritic – Coral Reef,marine,habitat (IUCN 9-13 / palavra-chave)
1305,ReefCheck,"Bonaire, Sint Eustatius and Saba",9.8. Marine Neritic – Coral Reef,marine,habitat (IUCN 9-13 / palavra-chave)
1306,ReefCheck,"Bonaire, Sint Eustatius and Saba",9.8. Marine Neritic – Coral Reef,marine,habitat (IUCN 9-13 / palavra-chave)
1307,ReefCheck,"Bonaire, Sint Eustatius and Saba",9.8. Marine Neritic – Coral Reef,marine,habitat (IUCN 9-13 / palavra-chave)
1308,ReefCheck,"Bonaire, Sint Eustatius and Saba",9.8. Marine Neritic – Coral Reef,marine,habitat (IUCN 9-13 / palavra-chave)
1309,ReefCheck,"Bonaire, Sint Eustatius and Saba",9.8. Marine Neritic – Coral Reef,marine,habitat (IUCN 9-13 / palavra-chave)
1310,ReefCheck,"Bonaire, Sint Eustatius and Saba",9.8. Marine Neritic – Coral Reef,marine,habitat (IUCN 9-13 / palavra-chave)
1311,ReefCheck,Brazil,9.8. Marine Neritic – Coral Reef,marine,habitat (IUCN 9-13 / palavra-chave)
1312,ReefCheck,Brazil,9.8. Marine Neritic – Coral Reef,marine,habitat (IUCN 9-13 / palavra-chave)
1313,ReefCheck,Brazil,9.8. Marine Neritic – Coral Reef,marine,habitat (IUCN 9-13 / palavra-chave)
1314,ReefCheck,Brazil,9.8. Marine Neritic – Coral Reef,marine,habitat (IUCN 9-13 / palavra-chave)
1315,ReefCheck,Brazil,9.8. Marine Neritic – Coral Reef,marine,habitat (IUCN 9-13 / palavra-chave)
1316,ReefCheck,Brazil,9.8. Marine Neritic – Coral Reef,marine,habitat (IUCN 9-13 / palavra-chave)
1317,ReefCheck,Brazil,9.8. Marine Neritic – Coral Reef,marine,habitat (IUCN 9-13 / palavra-chave)
1318,ReefCheck,Brazil,9.8. Marine Neritic – Coral Reef,marine,habitat (IUCN 9-13 / palavra-chave)
1319,ReefCheck,Brazil,9.8. Marine Neritic – Coral Reef,marine,habitat (IUCN 9-13 / palavra-chave)
1320,ReefCheck,Brazil,9.8. Marine Neritic – Coral Reef,marine,habitat (IUCN 9-13 / palavra-chave)
1321,ReefCheck,Brazil,9.8. Marine Neritic – Coral Reef,marine,habitat (IUCN 9-13 / palavra-chave)
1322,ReefCheck,Brazil,9.8. Marine Neritic – Coral Reef,marine,habitat (IUCN 9-13 / palavra-chave)
1323,ReefCheck,Brazil,9.8. Marine Neritic – Coral Reef,marine,habitat (IUCN 9-13 / palavra-chave)
1324,ReefCheck,Brazil,9.8. Marine Neritic – Coral Reef,marine,habitat (IUCN 9-13 / palavra-chave)
1325,ReefCheck,Brazil,9.8. Marine Neritic – Coral Reef,marine,habitat (IUCN 9-13 / palavra-chave)
1326,ReefCheck,Brazil,9.8. Marine Neritic – Coral Reef,marine,habitat (IUCN 9-13 / palavra-chave)
1327,ReefCheck,Brazil,9.8. Marine Neritic – Coral Reef,marine,habitat (IUCN 9-13 / palavra-chave)
1328,ReefCheck,Brazil,9.8. Marine Neritic – Coral Reef,marine,habitat (IUCN 9-13 / palavra-chave)
1329,ReefCheck,Brazil,9.8. Marine Neritic – Coral Reef,marine,habitat (IUCN 9-13 / palavra-chave)
1330,ReefCheck,Brazil,9.8. Marine Neritic – Coral Reef,marine,habitat (IUCN 9-13 / palavra-chave)
1331,ReefCheck,Brazil,9.8. Marine Neritic – Coral Reef,marine,habitat (IUCN 9-13 / palavra-chave)
1332,ReefCheck,Brazil,9.8. Marine Neritic – Coral Reef,marine,habitat (IUCN 9-13 / palavra-chave)
1333,ReefCheck,Brazil,9.8. Marine Neritic – Coral Reef,marine,habitat (IUCN 9-13 / palavra-chave)
1334,ReefCheck,Brazil,9.8. Marine Neritic – Coral Reef,marine,habitat (IUCN 9-13 / palavra-chave)
1335,ReefCheck,Brazil,9.8. Marine Neritic – Coral Reef,marine,habitat (IUCN 9-13 / palavra-chave)
1336,ReefCheck,Brazil,9.8. Marine Neritic – Coral Reef,marine,habitat (IUCN 9-13 / palavra-chave)
1337,ReefCheck,Brazil,9.8. Marine Neritic – Coral Reef,marine,habitat (IUCN 9-13 / palavra-chave)
1338,ReefCheck,Brazil,9.8. Marine Neritic – Coral Reef,marine,habitat (IUCN 9-13 / palavra-chave)
1339,ReefCheck,Brazil,9.8. Marine Neritic – Coral Reef,marine,habitat (IUCN 9-13 / palavra-chave)
1340,ReefCheck,Brazil,9.8. Marine Neritic – Coral Reef,marine,habitat (IUCN 9-13 / palavra-chave)
1341,ReefCheck,Brazil,9.8. Marine Neritic – Coral Reef,marine,habitat (IUCN 9-13 / palavra-chave)
1342,ReefCheck,Brazil,9.8. Marine Neritic – Coral Reef,marine,habitat (IUCN 9-13 / palavra-chave)
1343,ReefCheck,Brazil,9.8. Marine Neritic – Coral Reef,marine,habitat (IUCN 9-13 / palavra-chave)
1344,ReefCheck,Brazil,9.8. Marine Neritic – Coral Reef,marine,habitat (IUCN 9-13 / palavra-chave)
1345,ReefCheck,Brazil,9.8. Marine Neritic – Coral Reef,marine,habitat (IUCN 9-13 / palavra-chave)
1346,ReefCheck,Brazil,9.8. Marine Neritic – Coral Reef,marine,habitat (IUCN 9-13 / palavra-chave)
1347,ReefCheck,Brazil,9.8. Marine Neritic – Coral Reef,marine,habitat (IUCN 9-13 / palavra-chave)
1348,ReefCheck,Brazil,9.8. Marine Neritic – Coral Reef,marine,habitat (IUCN 9-13 / palavra-chave)
1349,ReefCheck,Brazil,9.8. Marine Neritic – Coral Reef,marine,habitat (IUCN 9-13 / palavra-chave)
1350,ReefCheck,Brazil,9.8. Marine Neritic – Coral Reef,marine,habitat (IUCN 9-13 / palavra-chave)
1351,ReefCheck,Brazil,9.8. Marine Neritic – Coral Reef,marine,habitat (IUCN 9-13 / palavra-chave)
1352,ReefCheck,Brazil,9.8. Marine Neritic – Coral Reef,marine,habitat (IUCN 9-13 / palavra-chave)
1353,ReefCheck,Brazil,9.8. Marine Neritic – Coral Reef,marine,habitat (IUCN 9-13 / palavra-chave)
1354,ReefCheck,Brazil,9.8. Marine Neritic – Coral Reef,marine,habitat (IUCN 9-13 / palavra-chave)
1355,ReefCheck,Brazil,9.8. Marine Neritic – Coral Reef,marine,habitat (IUCN 9-13 / palavra-chave)
1356,ReefCheck,Brazil,9.8. Marine Neritic – Coral Reef,marine,habitat (IUCN 9-13 / palavra-chave)
1357,ReefCheck,Brazil,9.8. Marine Neritic – Coral Reef,marine,habitat (IUCN 9-13 / palavra-chave)
1358,ReefCheck,Brazil,9.8. Marine Neritic – Coral Reef,marine,habitat (IUCN 9-13 / palavra-chave)
1359,ReefCheck,Brazil,9.8. Marine Neritic – Coral Reef,marine,habitat (IUCN 9-13 / palavra-chave)
1360,ReefCheck,Brazil,9.8. Marine Neritic – Coral Reef,marine,habitat (IUCN 9-13 / palavra-chave)
1361,ReefCheck,Brazil,9.8. Marine Neritic – Coral Reef,marine,habitat (IUCN 9-13 / palavra-chave)
1362,ReefCheck,Brazil,9.8. Marine Neritic – Coral Reef,marine,habitat (IUCN 9-13 / palavra-chave)
1363,ReefCheck,Brazil,9.8. Marine Neritic – Coral Reef,marine,habitat (IUCN 9-13 / palavra-chave)
1364,ReefCheck,Brazil,9.8. Marine Neritic – Coral Reef,marine,habitat (IUCN 9-13 / palavra-chave)
1365,ReefCheck,Brazil,9.8. Marine Neritic – Coral Reef,marine,habitat (IUCN 9-13 / palavra-chave)
1366,ReefCheck,Brazil,9.8. Marine Neritic – Coral Reef,marine,habitat (IUCN 9-13 / palavra-chave)
1367,ReefCheck,Brazil,9.8. Marine Neritic – Coral Reef,marine,habitat (IUCN 9-13 / palavra-chave)
1368,ReefCheck,Brazil,9.8. Marine Neritic – Coral Reef,marine,habitat (IUCN 9-13 / palavra-chave)
1369,ReefCheck,Brazil,9.8. Marine Neritic – Coral Reef,marine,habitat (IUCN 9-13 / palavra-chave)
1370,ReefCheck,Brazil,9.8. Marine Neritic – Coral Reef,marine,habitat (IUCN 9-13 / palavra-chave)
1371,ReefCheck,Brazil,9.8. Marine Neritic – Coral Reef,marine,habitat (IUCN 9-13 / palavra-chave)
1372,ReefCheck,Brazil,9.8. Marine Neritic – Coral Reef,marine,habitat (IUCN 9-13 / palavra-chave)
1373,ReefCheck,Brazil,9.8. Marine Neritic – Coral Reef,marine,habitat (IUCN 9-13 / palavra-chave)
1374,ReefCheck,Brazil,9.8. Marine Neritic – Coral Reef,marine,habitat (IUCN 9-13 / palavra-chave)
1375,ReefCheck,Brazil,9.8. Marine Neritic – Coral Reef,marine,habitat (IUCN 9-13 / palavra-chave)
1376,ReefCheck,Brazil,9.8. Marine Neritic – Coral Reef,marine,habitat (IUCN 9-13 / palavra-chave)
1377,ReefCheck,Brazil,9.8. Marine Neritic – Coral Reef,marine,habitat (IUCN 9-13 / palavra-chave)
1378,ReefCheck,Brazil,9.8. Marine Neritic – Coral Reef,marine,habitat (IUCN 9-13 / palavra-chave)
1379,ReefCheck,Brazil,9.8. Marine Neritic – Coral Reef,marine,habitat (IUCN 9-13 / palavra-chave)
1380,ReefCheck,Brazil,9.8. Marine Neritic – Coral Reef,marine,habitat (IUCN 9-13 / palavra-chave)
1381,ReefCheck,Brazil,9.8. Marine Neritic – Coral Reef,marine,habitat (IUCN 9-13 / palavra-chave)
1382,ReefCheck,Brazil,9.8. Marine Neritic – Coral Reef,marine,habitat (IUCN 9-13 / palavra-chave)
1383,ReefCheck,Brazil,9.8. Marine Neritic – Coral Reef,marine,habitat (IUCN 9-13 / palavra-chave)
1384,ReefCheck,Brazil,9.8. Marine Neritic – Coral Reef,marine,habitat (IUCN 9-13 / palavra-chave)
1385,ReefCheck,Brazil,9.8. Marine Neritic – Coral Reef,marine,habitat (IUCN 9-13 / palavra-chave)
1386,ReefCheck,Brazil,9.8. Marine Neritic – Coral Reef,marine,habitat (IUCN 9-13 / palavra-chave)
1387,ReefCheck,Brazil,9.8. Marine Neritic – Coral Reef,marine,habitat (IUCN 9-13 / palavra-chave)
1388,ReefCheck,Brazil,9.8. Marine Neritic – Coral Reef,marine,habitat (IUCN 9-13 / palavra-chave)
1389,ReefCheck,Brazil,9.8. Marine Neritic – Coral Reef,marine,habitat (IUCN 9-13 / palavra-chave)
1390,ReefCheck,Brazil,9.8. Marine Neritic – Coral Reef,marine,habitat (IUCN 9-13 / palavra-chave)
1391,ReefCheck,Brazil,9.8. Marine Neritic – Coral Reef,marine,habitat (IUCN 9-13 / palavra-chave)
1392,ReefCheck,Brazil,9.8. Marine Neritic – Coral Reef,marine,habitat (IUCN 9-13 / palavra-chave)
1393,ReefCheck,Brazil,9.8. Marine Neritic – Coral Reef,marine,habitat (IUCN 9-13 / palavra-chave)
1394,ReefCheck,Brazil,9.8. Marine Neritic – Coral Reef,marine,habitat (IUCN 9-13 / palavra-chave)
1395,ReefCheck,Brazil,9.8. Marine Neritic – Coral Reef,marine,habitat (IUCN 9-13 / palavra-chave)
1396,ReefCheck,Brazil,9.8. Marine Neritic – Coral Reef,marine,habitat (IUCN 9-13 / palavra-chave)
1397,ReefCheck,Brazil,9.8. Marine Neritic – Coral Reef,marine,habitat (IUCN 9-13 / palavra-chave)
1398,ReefCheck,Brazil,9.8. Marine Neritic – Coral Reef,marine,habitat (IUCN 9-13 / palavra-chave)
1399,ReefCheck,Brazil,9.8. Marine Neritic – Coral Reef,marine,habitat (IUCN 9-13 / palavra-chave)
1400,ReefCheck,Brazil,9.8. Marine Neritic – Coral Reef,marine,habitat (IUCN 9-13 / palavra-chave)
1401,ReefCheck,Brazil,9.8. Marine Neritic – Coral Reef,marine,habitat (IUCN 9-13 / palavra-chave)
1402,ReefCheck,Brazil,9.8. Marine Neritic – Coral Reef,marine,habitat (IUCN 9-13 / palavra-chave)
1403,ReefCheck,Brazil,9.8. Marine Neritic – Coral Reef,marine,habitat (IUCN 9-13 / palavra-chave)
1404,ReefCheck,Brazil,9.8. Marine Neritic – Coral Reef,marine,habitat (IUCN 9-13 / palavra-chave)
1405,ReefCheck,Brazil,9.8. Marine Neritic – Coral Reef,marine,habitat (IUCN 9-13 / palavra-chave)
1406,ReefCheck,Brazil,9.8. Marine Neritic – Coral Reef,marine,habitat (IUCN 9-13 / palavra-chave)
1407,ReefCheck,Brazil,9.8. Marine Neritic – Coral Reef,marine,habitat (IUCN 9-13 / palavra-chave)
1408,ReefCheck,Brazil,9.8. Marine Neritic – Coral Reef,marine,habitat (IUCN 9-13 / palavra-chave)
1409,ReefCheck,Brazil,9.8. Marine Neritic – Coral Reef,marine,habitat (IUCN 9-13 / palavra-chave)
1410,ReefCheck,Brazil,9.8. Marine Neritic – Coral Reef,marine,habitat (IUCN 9-13 / palavra-chave)
1411,ReefCheck,Brazil,9.8. Marine Neritic – Coral Reef,marine,habitat (IUCN 9-13 / palavra-chave)
1412,ReefCheck,Brazil,9.8. Marine Neritic – Coral Reef,marine,habitat (IUCN 9-13 / palavra-chave)
1413,ReefCheck,Brazil,9.8. Marine Neritic – Coral Reef,marine,habitat (IUCN 9-13 / palavra-chave)
1414,ReefCheck,Brazil,9.8. Marine Neritic – Coral Reef,marine,habitat (IUCN 9-13 / palavra-chave)
1415,ReefCheck,Brazil,9.8. Marine Neritic – Coral Reef,marine,habitat (IUCN 9-13 / palavra-chave)
1416,ReefCheck,Brazil,9.8. Marine Neritic – Coral Reef,marine,habitat (IUCN 9-13 / palavra-chave)
1417,ReefCheck,Brazil,9.8. Marine Neritic – Coral Reef,marine,habitat (IUCN 9-13 / palavra-chave)
1418,ReefCheck,Brazil,9.8. Marine Neritic – Coral Reef,marine,habitat (IUCN 9-13 / palavra-chave)
1419,ReefCheck,Brazil,9.8. Marine Neritic – Coral Reef,marine,habitat (IUCN 9-13 / palavra-chave)
1420,ReefCheck,Brazil,9.8. Marine Neritic – Coral Reef,marine,habitat (IUCN 9-13 / palavra-chave)
1421,ReefCheck,Brazil,9.8. Marine Neritic – Coral Reef,marine,habitat (IUCN 9-13 / palavra-chave)
1422,ReefCheck,Brazil,9.8. Marine Neritic – Coral Reef,marine,habitat (IUCN 9-13 / palavra-chave)
1423,ReefCheck,Brazil,9.8. Marine Neritic – Coral Reef,marine,habitat (IUCN 9-13 / palavra-chave)
1424,ReefCheck,Brazil,9.8. Marine Neritic – Coral Reef,marine,habitat (IUCN 9-13 / palavra-chave)
1425,ReefCheck,Brazil,9.8. Marine Neritic – Coral Reef,marine,habitat (IUCN 9-13 / palavra-chave)
1426,ReefCheck,Brazil,9.8. Marine Neritic – Coral Reef,marine,habitat (IUCN 9-13 / palavra-chave)
1427,ReefCheck,Brazil,9.8. Marine Neritic – Coral Reef,marine,habitat (IUCN 9-13 / palavra-chave)
1428,ReefCheck,Brazil,9.8. Marine Neritic – Coral Reef,marine,habitat (IUCN 9-13 / palavra-chave)
1429,ReefCheck,Brazil,9.8. Marine Neritic – Coral Reef,marine,habitat (IUCN 9-13 / palavra-chave)
1430,ReefCheck,Brazil,9.8. Marine Neritic – Coral Reef,marine,habitat (IUCN 9-13 / palavra-chave)
1431,ReefCheck,Brazil,9.8. Marine Neritic – Coral Reef,marine,habitat (IUCN 9-13 / palavra-chave)
1432,ReefCheck,Brazil,9.8. Marine Neritic – Coral Reef,marine,habitat (IUCN 9-13 / palavra-chave)
1433,ReefCheck,Brazil,9.8. Marine Neritic – Coral Reef,marine,habitat (IUCN 9-13 / palavra-chave)
1434,ReefCheck,Brazil,9.8. Marine Neritic – Coral Reef,marine,habitat (IUCN 9-13 / palavra-chave)
1435,ReefCheck,Brazil,9.8. Marine Neritic – Coral Reef,marine,habitat (IUCN 9-13 / palavra-chave)
1436,ReefCheck,Brazil,9.8. Marine Neritic – Coral Reef,marine,habitat (IUCN 9-13 / palavra-chave)
1437,ReefCheck,Brazil,9.8. Marine Neritic – Coral Reef,marine,habitat (IUCN 9-13 / palavra-chave)
1438,ReefCheck,Brazil,9.8. Marine Neritic – Coral Reef,marine,habitat (IUCN 9-13 / palavra-chave)
1439,ReefCheck,Brazil,9.8. Marine Neritic – Coral Reef,marine,habitat (IUCN 9-13 / palavra-chave)
1440,ReefCheck,Brazil,9.8. Marine Neritic – Coral Reef,marine,habitat (IUCN 9-13 / palavra-chave)
1441,ReefCheck,Cayman Islands,9.8. Marine Neritic – Coral Reef,marine,habitat (IUCN 9-13 / palavra-chave)
1442,ReefCheck,Cayman Islands,9.8. Marine Neritic – Coral Reef,marine,habitat (IUCN 9-13 / palavra-chave)
1443,ReefCheck,Colombia,9.8. Marine Neritic – Coral Reef,marine,habitat (IUCN 9-13 / palavra-chave)
1444,ReefCheck,Colombia,9.8. Marine Neritic – Coral Reef,marine,habitat (IUCN 9-13 / palavra-chave)
1445,ReefCheck,Colombia,9.8. Marine Neritic – Coral Reef,marine,habitat (IUCN 9-13 / palavra-chave)
1446,ReefCheck,Colombia,9.8. Marine Neritic – Coral Reef,marine,habitat (IUCN 9-13 / palavra-chave)
1447,ReefCheck,Colombia,9.8. Marine Neritic – Coral Reef,marine,habitat (IUCN 9-13 / palavra-chave)
1448,ReefCheck,Colombia,9.8. Marine Neritic – Coral Reef,marine,habitat (IUCN 9-13 / palavra-chave)
1449,ReefCheck,Colombia,9.8. Marine Neritic – Coral Reef,marine,habitat (IUCN 9-13 / palavra-chave)
1450,ReefCheck,Colombia,9.8. Marine Neritic – Coral Reef,marine,habitat (IUCN 9-13 / palavra-chave)
1451,ReefCheck,Colombia,9.8. Marine Neritic – Coral Reef,marine,habitat (IUCN 9-13 / palavra-chave)
1452,ReefCheck,Colombia,9.8. Marine Neritic – Coral Reef,marine,habitat (IUCN 9-13 / palavra-chave)
1453,ReefCheck,Colombia,9.8. Marine Neritic – Coral Reef,marine,habitat (IUCN 9-13 / palavra-chave)
1454,ReefCheck,Colombia,9.8. Marine Neritic – Coral Reef,marine,habitat (IUCN 9-13 / palavra-chave)
1455,ReefCheck,Colombia,9.8. Marine Neritic – Coral Reef,marine,habitat (IUCN 9-13 / palavra-chave)
1456,ReefCheck,Colombia,9.8. Marine Neritic – Coral Reef,marine,habitat (IUCN 9-13 / palavra-chave)
1457,ReefCheck,Colombia,9.8. Marine Neritic – Coral Reef,marine,habitat (IUCN 9-13 / palavra-chave)
1458,ReefCheck,Colombia,9.8. Marine Neritic – Coral Reef,marine,habitat (IUCN 9-13 / palavra-chave)
1459,ReefCheck,Colombia,9.8. Marine Neritic – Coral Reef,marine,habitat (IUCN 9-13 / palavra-chave)
1460,ReefCheck,Colombia,9.8. Marine Neritic – Coral Reef,marine,habitat (IUCN 9-13 / palavra-chave)
1461,ReefCheck,Colombia,9.8. Marine Neritic – Coral Reef,marine,habitat (IUCN 9-13 / palavra-chave)
1462,ReefCheck,Colombia,9.8. Marine Neritic – Coral Reef,marine,habitat (IUCN 9-13 / palavra-chave)
1463,ReefCheck,Colombia,9.8. Marine Neritic – Coral Reef,marine,habitat (IUCN 9-13 / palavra-chave)
1464,ReefCheck,Colombia,9.8. Marine Neritic – Coral Reef,marine,habitat (IUCN 9-13 / palavra-chave)
1465,ReefCheck,Colombia,9.8. Marine Neritic – Coral Reef,marine,habitat (IUCN 9-13 / palavra-chave)
1466,ReefCheck,Colombia,9.8. Marine Neritic – Coral Reef,marine,habitat (IUCN 9-13 / palavra-chave)
1467,ReefCheck,Colombia,9.8. Marine Neritic – Coral Reef,marine,habitat (IUCN 9-13 / palavra-chave)
1468,ReefCheck,Colombia,9.8. Marine Neritic – Coral Reef,marine,habitat (IUCN 9-13 / palavra-chave)
1469,ReefCheck,Colombia,9.8. Marine Neritic – Coral Reef,marine,habitat (IUCN 9-13 / palavra-chave)
1470,ReefCheck,Colombia,9.8. Marine Neritic – Coral Reef,marine,habitat (IUCN 9-13 / palavra-chave)
1471,ReefCheck,Colombia,9.8. Marine Neritic – Coral Reef,marine,habitat (IUCN 9-13 / palavra-chave)
1472,ReefCheck,Colombia,9.8. Marine Neritic – Coral Reef,marine,habitat (IUCN 9-13 / palavra-chave)
1473,ReefCheck,Colombia,9.8. Marine Neritic – Coral Reef,marine,habitat (IUCN 9-13 / palavra-chave)
1474,ReefCheck,Colombia,9.8. Marine Neritic – Coral Reef,marine,habitat (IUCN 9-13 / palavra-chave)
1475,ReefCheck,Colombia,9.8. Marine Neritic – Coral Reef,marine,habitat (IUCN 9-13 / palavra-chave)
1476,ReefCheck,Colombia,9.8. Marine Neritic – Coral Reef,marine,habitat (IUCN 9-13 / palavra-chave)
1477,ReefCheck,Colombia,9.8. Marine Neritic – Coral Reef,marine,habitat (IUCN 9-13 / palavra-chave)
1478,ReefCheck,Colombia,9.8. Marine Neritic – Coral Reef,marine,habitat (IUCN 9-13 / palavra-chave)
1479,ReefCheck,Colombia,9.8. Marine Neritic – Coral Reef,marine,habitat (IUCN 9-13 / palavra-chave)
1480,ReefCheck,Colombia,9.8. Marine Neritic – Coral Reef,marine,habitat (IUCN 9-13 / palavra-chave)
1481,ReefCheck,Colombia,9.8. Marine Neritic – Coral Reef,marine,habitat (IUCN 9-13 / palavra-chave)
1482,ReefCheck,Colombia,9.8. Marine Neritic – Coral Reef,marine,habitat (IUCN 9-13 / palavra-chave)
1483,ReefCheck,Colombia,9.8. Marine Neritic – Coral Reef,marine,habitat (IUCN 9-13 / palavra-chave)
1484,ReefCheck,Colombia,9.8. Marine Neritic – Coral Reef,marine,habitat (IUCN 9-13 / palavra-chave)
1485,ReefCheck,Colombia,9.8. Marine Neritic – Coral Reef,marine,habitat (IUCN 9-13 / palavra-chave)
1486,ReefCheck,Colombia,9.8. Marine Neritic – Coral Reef,marine,habitat (IUCN 9-13 / palavra-chave)
1487,ReefCheck,Colombia,9.8. Marine Neritic – Coral Reef,marine,habitat (IUCN 9-13 / palavra-chave)
1488,ReefCheck,Colombia,9.8. Marine Neritic – Coral Reef,marine,habitat (IUCN 9-13 / palavra-chave)
1489,ReefCheck,Colombia,9.8. Marine Neritic – Coral Reef,marine,habitat (IUCN 9-13 / palavra-chave)
1490,ReefCheck,Colombia,9.8. Marine Neritic – Coral Reef,marine,habitat (IUCN 9-13 / palavra-chave)
1491,ReefCheck,Colombia,9.8. Marine Neritic – Coral Reef,marine,habitat (IUCN 9-13 / palavra-chave)
1492,ReefCheck,Colombia,9.8. Marine Neritic – Coral Reef,marine,habitat (IUCN 9-13 / palavra-chave)
1493,ReefCheck,Colombia,9.8. Marine Neritic – Coral Reef,marine,habitat (IUCN 9-13 / palavra-chave)
1494,ReefCheck,Cuba,9.8. Marine Neritic – Coral Reef,marine,habitat (IUCN 9-13 / palavra-chave)
1495,ReefCheck,Cuba,9.8. Marine Neritic – Coral Reef,marine,habitat (IUCN 9-13 / palavra-chave)
1496,ReefCheck,Cuba,9.8. Marine Neritic – Coral Reef,marine,habitat (IUCN 9-13 / palavra-chave)
1497,ReefCheck,Cuba,9.8. Marine Neritic – Coral Reef,marine,habitat (IUCN 9-13 / palavra-chave)
1498,ReefCheck,Cuba,9.8. Marine Neritic – Coral Reef,marine,habitat (IUCN 9-13 / palavra-chave)
1499,ReefCheck,Cuba,9.8. Marine Neritic – Coral Reef,marine,habitat (IUCN 9-13 / palavra-chave)
1500,ReefCheck,Cuba,9.8. Marine Neritic – Coral Reef,marine,habitat (IUCN 9-13 / palavra-chave)
1501,ReefCheck,Cuba,9.8. Marine Neritic – Coral Reef,marine,habitat (IUCN 9-13 / palavra-chave)
1502,ReefCheck,Cuba,9.8. Marine Neritic – Coral Reef,marine,habitat (IUCN 9-13 / palavra-chave)
1503,ReefCheck,Cuba,9.8. Marine Neritic – Coral Reef,marine,habitat (IUCN 9-13 / palavra-chave)
1504,ReefCheck,Cuba,9.8. Marine Neritic – Coral Reef,marine,habitat (IUCN 9-13 / palavra-chave)
1505,ReefCheck,Cuba,9.8. Marine Neritic – Coral Reef,marine,habitat (IUCN 9-13 / palavra-chave)
1506,ReefCheck,Cuba,9.8. Marine Neritic – Coral Reef,marine,habitat (IUCN 9-13 / palavra-chave)
1507,ReefCheck,Cuba,9.8. Marine Neritic – Coral Reef,marine,habitat (IUCN 9-13 / palavra-chave)
1508,ReefCheck,Cuba,9.8. Marine Neritic – Coral Reef,marine,habitat (IUCN 9-13 / palavra-chave)
1509,ReefCheck,Cuba,9.8. Marine Neritic – Coral Reef,marine,habitat (IUCN 9-13 / palavra-chave)
1510,ReefCheck,Curaçao,9.8. Marine Neritic – Coral Reef,marine,habitat (IUCN 9-13 / palavra-chave)
1511,ReefCheck,Curaçao,9.8. Marine Neritic – Coral Reef,marine,habitat (IUCN 9-13 / palavra-chave)
1512,ReefCheck,Curaçao,9.8. Marine Neritic – Coral Reef,marine,habitat (IUCN 9-13 / palavra-chave)
1513,ReefCheck,Curaçao,9.8. Marine Neritic – Coral Reef,marine,habitat (IUCN 9-13 / palavra-chave)
1514,ReefCheck,Curaçao,9.8. Marine Neritic – Coral Reef,marine,habitat (IUCN 9-13 / palavra-chave)
1515,ReefCheck,Curaçao,9.8. Marine Neritic – Coral Reef,marine,habitat (IUCN 9-13 / palavra-chave)
1516,ReefCheck,Curaçao,9.8. Marine Neritic – Coral Reef,marine,habitat (IUCN 9-13 / palavra-chave)
1517,ReefCheck,Curaçao,9.8. Marine Neritic – Coral Reef,marine,habitat (IUCN 9-13 / palavra-chave)
1518,ReefCheck,Curaçao,9.8. Marine Neritic – Coral Reef,marine,habitat (IUCN 9-13 / palavra-chave)
1519,ReefCheck,Curaçao,9.8. Marine Neritic – Coral Reef,marine,habitat (IUCN 9-13 / palavra-chave)
1520,ReefCheck,Curaçao,9.8. Marine Neritic – Coral Reef,marine,habitat (IUCN 9-13 / palavra-chave)
1521,ReefCheck,Curaçao,9.8. Marine Neritic – Coral Reef,marine,habitat (IUCN 9-13 / palavra-chave)
1522,ReefCheck,Curaçao,9.8. Marine Neritic – Coral Reef,marine,habitat (IUCN 9-13 / palavra-chave)
1523,ReefCheck,Curaçao,9.8. Marine Neritic – Coral Reef,marine,habitat (IUCN 9-13 / palavra-chave)
1524,ReefCheck,Curaçao,9.8. Marine Neritic – Coral Reef,marine,habitat (IUCN 9-13 / palavra-chave)
1525,ReefCheck,Curaçao,9.8. Marine Neritic – Coral Reef,marine,habitat (IUCN 9-13 / palavra-chave)
1526,ReefCheck,Curaçao,9.8. Marine Neritic – Coral Reef,marine,habitat (IUCN 9-13 / palavra-chave)
1527,ReefCheck,Curaçao,9.8. Marine Neritic – Coral Reef,marine,habitat (IUCN 9-13 / palavra-chave)
1528,ReefCheck,Curaçao,9.8. Marine Neritic – Coral Reef,marine,habitat (IUCN 9-13 / palavra-chave)
1529,ReefCheck,Curaçao,9.8. Marine Neritic – Coral Reef,marine,habitat (IUCN 9-13 / palavra-chave)
1530,ReefCheck,Curaçao,9.8. Marine Neritic – Coral Reef,marine,habitat (IUCN 9-13 / palavra-chave)
1531,ReefCheck,Curaçao,9.8. Marine Neritic – Coral Reef,marine,habitat (IUCN 9-13 / palavra-chave)
1532,ReefCheck,Curaçao,9.8. Marine Neritic – Coral Reef,marine,habitat (IUCN 9-13 / palavra-chave)
1533,ReefCheck,Dominican Republic,9.8. Marine Neritic – Coral Reef,marine,habitat (IUCN 9-13 / palavra-chave)
1534,ReefCheck,Dominican Republic,9.8. Marine Neritic – Coral Reef,marine,habitat (IUCN 9-13 / palavra-chave)
1535,ReefCheck,Dominican Republic,9.8. Marine Neritic – Coral Reef,marine,habitat (IUCN 9-13 / palavra-chave)
1536,ReefCheck,Dominican Republic,9.8. Marine Neritic – Coral Reef,marine,habitat (IUCN 9-13 / palavra-chave)
1537,ReefCheck,Dominican Republic,9.8. Marine Neritic – Coral Reef,marine,habitat (IUCN 9-13 / palavra-chave)
1538,ReefCheck,Dominican Republic,9.8. Marine Neritic – Coral Reef,marine,habitat (IUCN 9-13 / palavra-chave)
1539,ReefCheck,Dominican Republic,9.8. Marine Neritic – Coral Reef,marine,habitat (IUCN 9-13 / palavra-chave)
1540,ReefCheck,Dominican Republic,9.8. Marine Neritic – Coral Reef,marine,habitat (IUCN 9-13 / palavra-chave)
1541,ReefCheck,Dominican Republic,9.8. Marine Neritic – Coral Reef,marine,habitat (IUCN 9-13 / palavra-chave)
1542,ReefCheck,Dominican Republic,9.8. Marine Neritic – Coral Reef,marine,habitat (IUCN 9-13 / palavra-chave)
1543,ReefCheck,Dominican Republic,9.8. Marine Neritic – Coral Reef,marine,habitat (IUCN 9-13 / palavra-chave)
1544,ReefCheck,Dominican Republic,9.8. Marine Neritic – Coral Reef,marine,habitat (IUCN 9-13 / palavra-chave)
1545,ReefCheck,Dominican Republic,9.8. Marine Neritic – Coral Reef,marine,habitat (IUCN 9-13 / palavra-chave)
1546,ReefCheck,Dominican Republic,9.8. Marine Neritic – Coral Reef,marine,habitat (IUCN 9-13 / palavra-chave)
1547,ReefCheck,Dominican Republic,9.8. Marine Neritic – Coral Reef,marine,habitat (IUCN 9-13 / palavra-chave)
1548,ReefCheck,Dominican Republic,9.8. Marine Neritic – Coral Reef,marine,habitat (IUCN 9-13 / palavra-chave)
1549,ReefCheck,Dominican Republic,9.8. Marine Neritic – Coral Reef,marine,habitat (IUCN 9-13 / palavra-chave)
1550,ReefCheck,Dominican Republic,9.8. Marine Neritic – Coral Reef,marine,habitat (IUCN 9-13 / palavra-chave)
1551,ReefCheck,Dominican Republic,9.8. Marine Neritic – Coral Reef,marine,habitat (IUCN 9-13 / palavra-chave)
1552,ReefCheck,Dominican Republic,9.8. Marine Neritic – Coral Reef,marine,habitat (IUCN 9-13 / palavra-chave)
1553,ReefCheck,Dominican Republic,9.8. Marine Neritic – Coral Reef,marine,habitat (IUCN 9-13 / palavra-chave)
1554,ReefCheck,Dominican Republic,9.8. Marine Neritic – Coral Reef,marine,habitat (IUCN 9-13 / palavra-chave)
1555,ReefCheck,Dominican Republic,9.8. Marine Neritic – Coral Reef,marine,habitat (IUCN 9-13 / palavra-chave)
1556,ReefCheck,Dominican Republic,9.8. Marine Neritic – Coral Reef,marine,habitat (IUCN 9-13 / palavra-chave)
1557,ReefCheck,Dominican Republic,9.8. Marine Neritic – Coral Reef,marine,habitat (IUCN 9-13 / palavra-chave)
1558,ReefCheck,Dominican Republic,9.8. Marine Neritic – Coral Reef,marine,habitat (IUCN 9-13 / palavra-chave)
1559,ReefCheck,Dominican Republic,9.8. Marine Neritic – Coral Reef,marine,habitat (IUCN 9-13 / palavra-chave)
1560,ReefCheck,Dominican Republic,9.8. Marine Neritic – Coral Reef,marine,habitat (IUCN 9-13 / palavra-chave)
1561,ReefCheck,Dominican Republic,9.8. Marine Neritic – Coral Reef,marine,habitat (IUCN 9-13 / palavra-chave)
1562,ReefCheck,Dominican Republic,9.8. Marine Neritic – Coral Reef,marine,habitat (IUCN 9-13 / palavra-chave)
1563,ReefCheck,Dominican Republic,9.8. Marine Neritic – Coral Reef,marine,habitat (IUCN 9-13 / palavra-chave)
1564,ReefCheck,Dominican Republic,9.8. Marine Neritic – Coral Reef,marine,habitat (IUCN 9-13 / palavra-chave)
1565,ReefCheck,Dominican Republic,9.8. Marine Neritic – Coral Reef,marine,habitat (IUCN 9-13 / palavra-chave)
1566,ReefCheck,Dominican Republic,9.8. Marine Neritic – Coral Reef,marine,habitat (IUCN 9-13 / palavra-chave)
1567,ReefCheck,Dominican Republic,9.8. Marine Neritic – Coral Reef,marine,habitat (IUCN 9-13 / palavra-chave)
1568,ReefCheck,Dominican Republic,9.8. Marine Neritic – Coral Reef,marine,habitat (IUCN 9-13 / palavra-chave)
1569,ReefCheck,Dominican Republic,9.8. Marine Neritic – Coral Reef,marine,habitat (IUCN 9-13 / palavra-chave)
1570,ReefCheck,Dominican Republic,9.8. Marine Neritic – Coral Reef,marine,habitat (IUCN 9-13 / palavra-chave)
1571,ReefCheck,Dominican Republic,9.8. Marine Neritic – Coral Reef,marine,habitat (IUCN 9-13 / palavra-chave)
1572,ReefCheck,Dominican Republic,9.8. Marine Neritic – Coral Reef,marine,habitat (IUCN 9-13 / palavra-chave)
1573,ReefCheck,Dominican Republic,9.8. Marine Neritic – Coral Reef,marine,habitat (IUCN 9-13 / palavra-chave)
1574,ReefCheck,Dominican Republic,9.8. Marine Neritic – Coral Reef,marine,habitat (IUCN 9-13 / palavra-chave)
1575,ReefCheck,Dominican Republic,9.8. Marine Neritic – Coral Reef,marine,habitat (IUCN 9-13 / palavra-chave)
1576,ReefCheck,Dominican Republic,9.8. Marine Neritic – Coral Reef,marine,habitat (IUCN 9-13 / palavra-chave)
1577,ReefCheck,Dominican Republic,9.8. Marine Neritic – Coral Reef,marine,habitat (IUCN 9-13 / palavra-chave)
1578,ReefCheck,Dominican Republic,9.8. Marine Neritic – Coral Reef,marine,habitat (IUCN 9-13 / palavra-chave)
1579,ReefCheck,Dominican Republic,9.8. Marine Neritic – Coral Reef,marine,habitat (IUCN 9-13 / palavra-chave)
1580,ReefCheck,Dominican Republic,9.8. Marine Neritic – Coral Reef,marine,habitat (IUCN 9-13 / palavra-chave)
1581,ReefCheck,Dominican Republic,9.8. Marine Neritic – Coral Reef,marine,habitat (IUCN 9-13 / palavra-chave)
1582,ReefCheck,Dominican Republic,9.8. Marine Neritic – Coral Reef,marine,habitat (IUCN 9-13 / palavra-chave)
1583,ReefCheck,Dominican Republic,9.8. Marine Neritic – Coral Reef,marine,habitat (IUCN 9-13 / palavra-chave)
1584,ReefCheck,Dominican Republic,9.8. Marine Neritic – Coral Reef,marine,habitat (IUCN 9-13 / palavra-chave)
1585,ReefCheck,Dominican Republic,9.8. Marine Neritic – Coral Reef,marine,habitat (IUCN 9-13 / palavra-chave)
1586,ReefCheck,Dominican Republic,9.8. Marine Neritic – Coral Reef,marine,habitat (IUCN 9-13 / palavra-chave)
1587,ReefCheck,Dominican Republic,9.8. Marine Neritic – Coral Reef,marine,habitat (IUCN 9-13 / palavra-chave)
1588,ReefCheck,Dominican Republic,9.8. Marine Neritic – Coral Reef,marine,habitat (IUCN 9-13 / palavra-chave)
1589,ReefCheck,Dominican Republic,9.8. Marine Neritic – Coral Reef,marine,habitat (IUCN 9-13 / palavra-chave)
1590,ReefCheck,Dominican Republic,9.8. Marine Neritic – Coral Reef,marine,habitat (IUCN 9-13 / palavra-chave)
1591,ReefCheck,Dominican Republic,9.8. Marine Neritic – Coral Reef,marine,habitat (IUCN 9-13 / palavra-chave)
1592,ReefCheck,Dominican Republic,9.8. Marine Neritic – Coral Reef,marine,habitat (IUCN 9-13 / palavra-chave)
1593,ReefCheck,Dominican Republic,9.8. Marine Neritic – Coral Reef,marine,habitat (IUCN 9-13 / palavra-chave)
1594,ReefCheck,Dominican Republic,9.8. Marine Neritic – Coral Reef,marine,habitat (IUCN 9-13 / palavra-chave)
1595,ReefCheck,Dominican Republic,9.8. Marine Neritic – Coral Reef,marine,habitat (IUCN 9-13 / palavra-chave)
1596,ReefCheck,Dominican Republic,9.8. Marine Neritic – Coral Reef,marine,habitat (IUCN 9-13 / palavra-chave)
1597,ReefCheck,Dominican Republic,9.8. Marine Neritic – Coral Reef,marine,habitat (IUCN 9-13 / palavra-chave)
1598,ReefCheck,Dominican Republic,9.8. Marine Neritic – Coral Reef,marine,habitat (IUCN 9-13 / palavra-chave)
1599,ReefCheck,Dominican Republic,9.8. Marine Neritic – Coral Reef,marine,habitat (IUCN 9-13 / palavra-chave)
1600,ReefCheck,Dominican Republic,9.8. Marine Neritic – Coral Reef,marine,habitat (IUCN 9-13 / palavra-chave)
1601,ReefCheck,Dominican Republic,9.8. Marine Neritic – Coral Reef,marine,habitat (IUCN 9-13 / palavra-chave)
1602,ReefCheck,Dominican Republic,9.8. Marine Neritic – Coral Reef,marine,habitat (IUCN 9-13 / palavra-chave)
1603,ReefCheck,Dominican Republic,9.8. Marine Neritic – Coral Reef,marine,habitat (IUCN 9-13 / palavra-chave)
1604,ReefCheck,Dominican Republic,9.8. Marine Neritic – Coral Reef,marine,habitat (IUCN 9-13 / palavra-chave)
1605,ReefCheck,Dominican Republic,9.8. Marine Neritic – Coral Reef,marine,habitat (IUCN 9-13 / palavra-chave)
1606,ReefCheck,Dominican Republic,9.8. Marine Neritic – Coral Reef,marine,habitat (IUCN 9-13 / palavra-chave)
1607,ReefCheck,Dominican Republic,9.8. Marine Neritic – Coral Reef,marine,habitat (IUCN 9-13 / palavra-chave)
1608,ReefCheck,Dominican Republic,9.8. Marine Neritic – Coral Reef,marine,habitat (IUCN 9-13 / palavra-chave)
1609,ReefCheck,Dominican Republic,9.8. Marine Neritic – Coral Reef,marine,habitat (IUCN 9-13 / palavra-chave)
1610,ReefCheck,Dominican Republic,9.8. Marine Neritic – Coral Reef,marine,habitat (IUCN 9-13 / palavra-chave)
1611,ReefCheck,Dominican Republic,9.8. Marine Neritic – Coral Reef,marine,habitat (IUCN 9-13 / palavra-chave)
1612,ReefCheck,Dominican Republic,9.8. Marine Neritic – Coral Reef,marine,habitat (IUCN 9-13 / palavra-chave)
1613,ReefCheck,Dominican Republic,9.8. Marine Neritic – Coral Reef,marine,habitat (IUCN 9-13 / palavra-chave)
1614,ReefCheck,Dominican Republic,9.8. Marine Neritic – Coral Reef,marine,habitat (IUCN 9-13 / palavra-chave)
1615,ReefCheck,Dominican Republic,9.8. Marine Neritic – Coral Reef,marine,habitat (IUCN 9-13 / palavra-chave)
1616,ReefCheck,Dominican Republic,9.8. Marine Neritic – Coral Reef,marine,habitat (IUCN 9-13 / palavra-chave)
1617,ReefCheck,Dominican Republic,9.8. Marine Neritic – Coral Reef,marine,habitat (IUCN 9-13 / palavra-chave)
1618,ReefCheck,Dominican Republic,9.8. Marine Neritic – Coral Reef,marine,habitat (IUCN 9-13 / palavra-chave)
1619,ReefCheck,Dominican Republic,9.8. Marine Neritic – Coral Reef,marine,habitat (IUCN 9-13 / palavra-chave)
1620,ReefCheck,Dominican Republic,9.8. Marine Neritic – Coral Reef,marine,habitat (IUCN 9-13 / palavra-chave)
1621,ReefCheck,Dominican Republic,9.8. Marine Neritic – Coral Reef,marine,habitat (IUCN 9-13 / palavra-chave)
1622,ReefCheck,Dominican Republic,9.8. Marine Neritic – Coral Reef,marine,habitat (IUCN 9-13 / palavra-chave)
1623,ReefCheck,Dominican Republic,9.8. Marine Neritic – Coral Reef,marine,habitat (IUCN 9-13 / palavra-chave)
1624,ReefCheck,Dominican Republic,9.8. Marine Neritic – Coral Reef,marine,habitat (IUCN 9-13 / palavra-chave)
1625,ReefCheck,Dominican Republic,9.8. Marine Neritic – Coral Reef,marine,habitat (IUCN 9-13 / palavra-chave)
1626,ReefCheck,France,9.8. Marine Neritic – Coral Reef,marine,habitat (IUCN 9-13 / palavra-chave)
1627,ReefCheck,France,9.8. Marine Neritic – Coral Reef,marine,habitat (IUCN 9-13 / palavra-chave)
1628,ReefCheck,France,9.8. Marine Neritic – Coral Reef,marine,habitat (IUCN 9-13 / palavra-chave)
1629,ReefCheck,France,9.8. Marine Neritic – Coral Reef,marine,habitat (IUCN 9-13 / palavra-chave)
1630,ReefCheck,France,9.8. Marine Neritic – Coral Reef,marine,habitat (IUCN 9-13 / palavra-chave)
1631,ReefCheck,France,9.8. Marine Neritic – Coral Reef,marine,habitat (IUCN 9-13 / palavra-chave)
1632,ReefCheck,France,9.8. Marine Neritic – Coral Reef,marine,habitat (IUCN 9-13 / palavra-chave)
1633,ReefCheck,France,9.8. Marine Neritic – Coral Reef,marine,habitat (IUCN 9-13 / palavra-chave)
1634,ReefCheck,France,9.8. Marine Neritic – Coral Reef,marine,habitat (IUCN 9-13 / palavra-chave)
1635,ReefCheck,France,9.8. Marine Neritic – Coral Reef,marine,habitat (IUCN 9-13 / palavra-chave)
1636,ReefCheck,France,9.8. Marine Neritic – Coral Reef,marine,habitat (IUCN 9-13 / palavra-chave)
1637,ReefCheck,France,9.8. Marine Neritic – Coral Reef,marine,habitat (IUCN 9-13 / palavra-chave)
1638,ReefCheck,France,9.8. Marine Neritic – Coral Reef,marine,habitat (IUCN 9-13 / palavra-chave)
1639,ReefCheck,France,9.8. Marine Neritic – Coral Reef,marine,habitat (IUCN 9-13 / palavra-chave)
1640,ReefCheck,France,9.8. Marine Neritic – Coral Reef,marine,habitat (IUCN 9-13 / palavra-chave)
1641,ReefCheck,France,9.8. Marine Neritic – Coral Reef,marine,habitat (IUCN 9-13 / palavra-chave)
1642,ReefCheck,Grenada,9.8. Marine Neritic – Coral Reef,marine,habitat (IUCN 9-13 / palavra-chave)
1643,ReefCheck,Grenada,9.8. Marine Neritic – Coral Reef,marine,habitat (IUCN 9-13 / palavra-chave)
1644,ReefCheck,Grenada,9.8. Marine Neritic – Coral Reef,marine,habitat (IUCN 9-13 / palavra-chave)
1645,ReefCheck,Grenada,9.8. Marine Neritic – Coral Reef,marine,habitat (IUCN 9-13 / palavra-chave)
1646,ReefCheck,Grenada,9.8. Marine Neritic – Coral Reef,marine,habitat (IUCN 9-13 / palavra-chave)
1647,ReefCheck,Grenada,9.8. Marine Neritic – Coral Reef,marine,habitat (IUCN 9-13 / palavra-chave)
1648,ReefCheck,Grenada,9.8. Marine Neritic – Coral Reef,marine,habitat (IUCN 9-13 / palavra-chave)
1649,ReefCheck,Grenada,9.8. Marine Neritic – Coral Reef,marine,habitat (IUCN 9-13 / palavra-chave)
1650,ReefCheck,Grenada,9.8. Marine Neritic – Coral Reef,marine,habitat (IUCN 9-13 / palavra-chave)
1651,ReefCheck,Grenada,9.8. Marine Neritic – Coral Reef,marine,habitat (IUCN 9-13 / palavra-chave)
1652,ReefCheck,Guatemala,9.8. Marine Neritic – Coral Reef,marine,habitat (IUCN 9-13 / palavra-chave)
1653,ReefCheck,Guatemala,9.8. Marine Neritic – Coral Reef,marine,habitat (IUCN 9-13 / palavra-chave)
1654,ReefCheck,Guatemala,9.8. Marine Neritic – Coral Reef,marine,habitat (IUCN 9-13 / palavra-chave)
1655,ReefCheck,Guatemala,9.8. Marine Neritic – Coral Reef,marine,habitat (IUCN 9-13 / palavra-chave)
1656,ReefCheck,Haiti,9.8. Marine Neritic – Coral Reef,marine,habitat (IUCN 9-13 / palavra-chave)
1657,ReefCheck,Haiti,9.8. Marine Neritic – Coral Reef,marine,habitat (IUCN 9-13 / palavra-chave)
1658,ReefCheck,Haiti,9.8. Marine Neritic – Coral Reef,marine,habitat (IUCN 9-13 / palavra-chave)
1659,ReefCheck,Haiti,9.8. Marine Neritic – Coral Reef,marine,habitat (IUCN 9-13 / palavra-chave)
1660,ReefCheck,Haiti,9.8. Marine Neritic – Coral Reef,marine,habitat (IUCN 9-13 / palavra-chave)
1661,ReefCheck,Haiti,9.8. Marine Neritic – Coral Reef,marine,habitat (IUCN 9-13 / palavra-chave)
1662,ReefCheck,Haiti,9.8. Marine Neritic – Coral Reef,marine,habitat (IUCN 9-13 / palavra-chave)
1663,ReefCheck,Haiti,9.8. Marine Neritic – Coral Reef,marine,habitat (IUCN 9-13 / palavra-chave)
1664,ReefCheck,Haiti,9.8. Marine Neritic – Coral Reef,marine,habitat (IUCN 9-13 / palavra-chave)
1665,ReefCheck,Haiti,9.8. Marine Neritic – Coral Reef,marine,habitat (IUCN 9-13 / palavra-chave)
1666,ReefCheck,Haiti,9.8. Marine Neritic – Coral Reef,marine,habitat (IUCN 9-13 / palavra-chave)
1667,ReefCheck,Haiti,9.8. Marine Neritic – Coral Reef,marine,habitat (IUCN 9-13 / palavra-chave)
1668,ReefCheck,Haiti,9.8. Marine Neritic – Coral Reef,marine,habitat (IUCN 9-13 / palavra-chave)
1669,ReefCheck,Haiti,9.8. Marine Neritic – Coral Reef,marine,habitat (IUCN 9-13 / palavra-chave)
1670,ReefCheck,Haiti,9.8. Marine Neritic – Coral Reef,marine,habitat (IUCN 9-13 / palavra-chave)
1671,ReefCheck,Haiti,9.8. Marine Neritic – Coral Reef,marine,habitat (IUCN 9-13 / palavra-chave)
1672,ReefCheck,Haiti,9.8. Marine Neritic – Coral Reef,marine,habitat (IUCN 9-13 / palavra-chave)
1673,ReefCheck,Haiti,9.8. Marine Neritic – Coral Reef,marine,habitat (IUCN 9-13 / palavra-chave)
1674,ReefCheck,Haiti,9.8. Marine Neritic – Coral Reef,marine,habitat (IUCN 9-13 / palavra-chave)
1675,ReefCheck,Haiti,9.8. Marine Neritic – Coral Reef,marine,habitat (IUCN 9-13 / palavra-chave)
1676,ReefCheck,Haiti,9.8. Marine Neritic – Coral Reef,marine,habitat (IUCN 9-13 / palavra-chave)
1677,ReefCheck,Haiti,9.8. Marine Neritic – Coral Reef,marine,habitat (IUCN 9-13 / palavra-chave)
1678,ReefCheck,Haiti,9.8. Marine Neritic – Coral Reef,marine,habitat (IUCN 9-13 / palavra-chave)
1679,ReefCheck,Haiti,9.8. Marine Neritic – Coral Reef,marine,habitat (IUCN 9-13 / palavra-chave)
1680,ReefCheck,Haiti,9.8. Marine Neritic – Coral Reef,marine,habitat (IUCN 9-13 / palavra-chave)
1681,ReefCheck,Haiti,9.8. Marine Neritic – Coral Reef,marine,habitat (IUCN 9-13 / palavra-chave)
1682,ReefCheck,Haiti,9.8. Marine Neritic – Coral Reef,marine,habitat (IUCN 9-13 / palavra-chave)
1683,ReefCheck,Haiti,9.8. Marine Neritic – Coral Reef,marine,habitat (IUCN 9-13 / palavra-chave)
1684,ReefCheck,Haiti,9.8. Marine Neritic – Coral Reef,marine,habitat (IUCN 9-13 / palavra-chave)
1685,ReefCheck,Haiti,9.8. Marine Neritic – Coral Reef,marine,habitat (IUCN 9-13 / palavra-chave)
1686,ReefCheck,Haiti,9.8. Marine Neritic – Coral Reef,marine,habitat (IUCN 9-13 / palavra-chave)
1687,ReefCheck,Haiti,9.8. Marine Neritic – Coral Reef,marine,habitat (IUCN 9-13 / palavra-chave)
1688,ReefCheck,Haiti,9.8. Marine Neritic – Coral Reef,marine,habitat (IUCN 9-13 / palavra-chave)
1689,ReefCheck,Haiti,9.8. Marine Neritic – Coral Reef,marine,habitat (IUCN 9-13 / palavra-chave)
1690,ReefCheck,Haiti,9.8. Marine Neritic – Coral Reef,marine,habitat (IUCN 9-13 / palavra-chave)
1691,ReefCheck,Haiti,9.8. Marine Neritic – Coral Reef,marine,habitat (IUCN 9-13 / palavra-chave)
1692,ReefCheck,Haiti,9.8. Marine Neritic – Coral Reef,marine,habitat (IUCN 9-13 / palavra-chave)
1693,ReefCheck,Haiti,9.8. Marine Neritic – Coral Reef,marine,habitat (IUCN 9-13 / palavra-chave)
1694,ReefCheck,Haiti,9.8. Marine Neritic – Coral Reef,marine,habitat (IUCN 9-13 / palavra-chave)
1695,ReefCheck,Haiti,9.8. Marine Neritic – Coral Reef,marine,habitat (IUCN 9-13 / palavra-chave)
1696,ReefCheck,Haiti,9.8. Marine Neritic – Coral Reef,marine,habitat (IUCN 9-13 / palavra-chave)
1697,ReefCheck,Haiti,9.8. Marine Neritic – Coral Reef,marine,habitat (IUCN 9-13 / palavra-chave)
1698,ReefCheck,Haiti,9.8. Marine Neritic – Coral Reef,marine,habitat (IUCN 9-13 / palavra-chave)
1699,ReefCheck,Haiti,9.8. Marine Neritic – Coral Reef,marine,habitat (IUCN 9-13 / palavra-chave)
1700,ReefCheck,Haiti,9.8. Marine Neritic – Coral Reef,marine,habitat (IUCN 9-13 / palavra-chave)
1701,ReefCheck,Haiti,9.8. Marine Neritic – Coral Reef,marine,habitat (IUCN 9-13 / palavra-chave)
1702,ReefCheck,Haiti,9.8. Marine Neritic – Coral Reef,marine,habitat (IUCN 9-13 / palavra-chave)
1703,ReefCheck,Haiti,9.8. Marine Neritic – Coral Reef,marine,habitat (IUCN 9-13 / palavra-chave)
1704,ReefCheck,Haiti,9.8. Marine Neritic – Coral Reef,marine,habitat (IUCN 9-13 / palavra-chave)
1705,ReefCheck,Haiti,9.8. Marine Neritic – Coral Reef,marine,habitat (IUCN 9-13 / palavra-chave)
1706,ReefCheck,Haiti,9.8. Marine Neritic – Coral Reef,marine,habitat (IUCN 9-13 / palavra-chave)
1707,ReefCheck,Haiti,9.8. Marine Neritic – Coral Reef,marine,habitat (IUCN 9-13 / palavra-chave)
1708,ReefCheck,Haiti,9.8. Marine Neritic – Coral Reef,marine,habitat (IUCN 9-13 / palavra-chave)
1709,ReefCheck,Haiti,9.8. Marine Neritic – Coral Reef,marine,habitat (IUCN 9-13 / palavra-chave)
1710,ReefCheck,Haiti,9.8. Marine Neritic – Coral Reef,marine,habitat (IUCN 9-13 / palavra-chave)
1711,ReefCheck,Haiti,9.8. Marine Neritic – Coral Reef,marine,habitat (IUCN 9-13 / palavra-chave)
1712,ReefCheck,Haiti,9.8. Marine Neritic – Coral Reef,marine,habitat (IUCN 9-13 / palavra-chave)
1713,ReefCheck,Haiti,9.8. Marine Neritic – Coral Reef,marine,habitat (IUCN 9-13 / palavra-chave)
1714,ReefCheck,Haiti,9.8. Marine Neritic – Coral Reef,marine,habitat (IUCN 9-13 / palavra-chave)
1715,ReefCheck,Haiti,9.8. Marine Neritic – Coral Reef,marine,habitat (IUCN 9-13 / palavra-chave)
1716,ReefCheck,Haiti,9.8. Marine Neritic – Coral Reef,marine,habitat (IUCN 9-13 / palavra-chave)
1717,ReefCheck,Haiti,9.8. Marine Neritic – Coral Reef,marine,habitat (IUCN 9-13 / palavra-chave)
1718,ReefCheck,Haiti,9.8. Marine Neritic – Coral Reef,marine,habitat (IUCN 9-13 / palavra-chave)
1719,ReefCheck,Haiti,9.8. Marine Neritic – Coral Reef,marine,habitat (IUCN 9-13 / palavra-chave)
1720,ReefCheck,Haiti,9.8. Marine Neritic – Coral Reef,marine,habitat (IUCN 9-13 / palavra-chave)
1721,ReefCheck,Haiti,9.8. Marine Neritic – Coral Reef,marine,habitat (IUCN 9-13 / palavra-chave)
1722,ReefCheck,Haiti,9.8. Marine Neritic – Coral Reef,marine,habitat (IUCN 9-13 / palavra-chave)
1723,ReefCheck,Haiti,9.8. Marine Neritic – Coral Reef,marine,habitat (IUCN 9-13 / palavra-chave)
1724,ReefCheck,Haiti,9.8. Marine Neritic – Coral Reef,marine,habitat (IUCN 9-13 / palavra-chave)
1725,ReefCheck,Haiti,9.8. Marine Neritic – Coral Reef,marine,habitat (IUCN 9-13 / palavra-chave)
1726,ReefCheck,Haiti,9.8. Marine Neritic – Coral Reef,marine,habitat (IUCN 9-13 / palavra-chave)
1727,ReefCheck,Haiti,9.8. Marine Neritic – Coral Reef,marine,habitat (IUCN 9-13 / palavra-chave)
1728,ReefCheck,Haiti,9.8. Marine Neritic – Coral Reef,marine,habitat (IUCN 9-13 / palavra-chave)
1729,ReefCheck,Haiti,9.8. Marine Neritic – Coral Reef,marine,habitat (IUCN 9-13 / palavra-chave)
1730,ReefCheck,Haiti,9.8. Marine Neritic – Coral Reef,marine,habitat (IUCN 9-13 / palavra-chave)
1731,ReefCheck,Haiti,9.8. Marine Neritic – Coral Reef,marine,habitat (IUCN 9-13 / palavra-chave)
1732,ReefCheck,Haiti,9.8. Marine Neritic – Coral Reef,marine,habitat (IUCN 9-13 / palavra-chave)
1733,ReefCheck,Honduras,9.8. Marine Neritic – Coral Reef,marine,habitat (IUCN 9-13 / palavra-chave)
1734,ReefCheck,Honduras,9.8. Marine Neritic – Coral Reef,marine,habitat (IUCN 9-13 / palavra-chave)
1735,ReefCheck,Honduras,9.8. Marine Neritic – Coral Reef,marine,habitat (IUCN 9-13 / palavra-chave)
1736,ReefCheck,Honduras,9.8. Marine Neritic – Coral Reef,marine,habitat (IUCN 9-13 / palavra-chave)
1737,ReefCheck,Honduras,9.8. Marine Neritic – Coral Reef,marine,habitat (IUCN 9-13 / palavra-chave)
1738,ReefCheck,Honduras,9.8. Marine Neritic – Coral Reef,marine,habitat (IUCN 9-13 / palavra-chave)
1739,ReefCheck,Honduras,9.8. Marine Neritic – Coral Reef,marine,habitat (IUCN 9-13 / palavra-chave)
1740,ReefCheck,Honduras,9.8. Marine Neritic – Coral Reef,marine,habitat (IUCN 9-13 / palavra-chave)
1741,ReefCheck,Honduras,9.8. Marine Neritic – Coral Reef,marine,habitat (IUCN 9-13 / palavra-chave)
1742,ReefCheck,Honduras,9.8. Marine Neritic – Coral Reef,marine,habitat (IUCN 9-13 / palavra-chave)
1743,ReefCheck,Honduras,9.8. Marine Neritic – Coral Reef,marine,habitat (IUCN 9-13 / palavra-chave)
1744,ReefCheck,Honduras,9.8. Marine Neritic – Coral Reef,marine,habitat (IUCN 9-13 / palavra-chave)
1745,ReefCheck,Honduras,9.8. Marine Neritic – Coral Reef,marine,habitat (IUCN 9-13 / palavra-chave)
1746,ReefCheck,Honduras,9.8. Marine Neritic – Coral Reef,marine,habitat (IUCN 9-13 / palavra-chave)
1747,ReefCheck,Honduras,9.8. Marine Neritic – Coral Reef,marine,habitat (IUCN 9-13 / palavra-chave)
1748,ReefCheck,Honduras,9.8. Marine Neritic – Coral Reef,marine,habitat (IUCN 9-13 / palavra-chave)
1749,ReefCheck,Honduras,9.8. Marine Neritic – Coral Reef,marine,habitat (IUCN 9-13 / palavra-chave)
1750,ReefCheck,Honduras,9.8. Marine Neritic – Coral Reef,marine,habitat (IUCN 9-13 / palavra-chave)
1751,ReefCheck,Honduras,9.8. Marine Neritic – Coral Reef,marine,habitat (IUCN 9-13 / palavra-chave)
1752,ReefCheck,Honduras,9.8. Marine Neritic – Coral Reef,marine,habitat (IUCN 9-13 / palavra-chave)
1753,ReefCheck,Honduras,9.8. Marine Neritic – Coral Reef,marine,habitat (IUCN 9-13 / palavra-chave)
1754,ReefCheck,Honduras,9.8. Marine Neritic – Coral Reef,marine,habitat (IUCN 9-13 / palavra-chave)
1755,ReefCheck,Honduras,9.8. Marine Neritic – Coral Reef,marine,habitat (IUCN 9-13 / palavra-chave)
1756,ReefCheck,Honduras,9.8. Marine Neritic – Coral Reef,marine,habitat (IUCN 9-13 / palavra-chave)
1757,ReefCheck,Honduras,9.8. Marine Neritic – Coral Reef,marine,habitat (IUCN 9-13 / palavra-chave)
1758,ReefCheck,Honduras,9.8. Marine Neritic – Coral Reef,marine,habitat (IUCN 9-13 / palavra-chave)
1759,ReefCheck,Honduras,9.8. Marine Neritic – Coral Reef,marine,habitat (IUCN 9-13 / palavra-chave)
1760,ReefCheck,Honduras,9.8. Marine Neritic – Coral Reef,marine,habitat (IUCN 9-13 / palavra-chave)
1761,ReefCheck,Honduras,9.8. Marine Neritic – Coral Reef,marine,habitat (IUCN 9-13 / palavra-chave)
1762,ReefCheck,Honduras,9.8. Marine Neritic – Coral Reef,marine,habitat (IUCN 9-13 / palavra-chave)
1763,ReefCheck,Honduras,9.8. Marine Neritic – Coral Reef,marine,habitat (IUCN 9-13 / palavra-chave)
1764,ReefCheck,Honduras,9.8. Marine Neritic – Coral Reef,marine,habitat (IUCN 9-13 / palavra-chave)
1765,ReefCheck,Honduras,9.8. Marine Neritic – Coral Reef,marine,habitat (IUCN 9-13 / palavra-chave)
1766,ReefCheck,Honduras,9.8. Marine Neritic – Coral Reef,marine,habitat (IUCN 9-13 / palavra-chave)
1767,ReefCheck,Honduras,9.8. Marine Neritic – Coral Reef,marine,habitat (IUCN 9-13 / palavra-chave)
1768,ReefCheck,Honduras,9.8. Marine Neritic – Coral Reef,marine,habitat (IUCN 9-13 / palavra-chave)
1769,ReefCheck,Honduras,9.8. Marine Neritic – Coral Reef,marine,habitat (IUCN 9-13 / palavra-chave)
1770,ReefCheck,Honduras,9.8. Marine Neritic – Coral Reef,marine,habitat (IUCN 9-13 / palavra-chave)
1771,ReefCheck,Honduras,9.8. Marine Neritic – Coral Reef,marine,habitat (IUCN 9-13 / palavra-chave)
1772,ReefCheck,Honduras,9.8. Marine Neritic – Coral Reef,marine,habitat (IUCN 9-13 / palavra-chave)
1773,ReefCheck,Honduras,9.8. Marine Neritic – Coral Reef,marine,habitat (IUCN 9-13 / palavra-chave)
1774,ReefCheck,Honduras,9.8. Marine Neritic – Coral Reef,marine,habitat (IUCN 9-13 / palavra-chave)
1775,ReefCheck,Honduras,9.8. Marine Neritic – Coral Reef,marine,habitat (IUCN 9-13 / palavra-chave)
1776,ReefCheck,Honduras,9.8. Marine Neritic – Coral Reef,marine,habitat (IUCN 9-13 / palavra-chave)
1777,ReefCheck,Honduras,9.8. Marine Neritic – Coral Reef,marine,habitat (IUCN 9-13 / palavra-chave)
1778,ReefCheck,Honduras,9.8. Marine Neritic – Coral Reef,marine,habitat (IUCN 9-13 / palavra-chave)
1779,ReefCheck,Honduras,9.8. Marine Neritic – Coral Reef,marine,habitat (IUCN 9-13 / palavra-chave)
1780,ReefCheck,Honduras,9.8. Marine Neritic – Coral Reef,marine,habitat (IUCN 9-13 / palavra-chave)
1781,ReefCheck,Honduras,9.8. Marine Neritic – Coral Reef,marine,habitat (IUCN 9-13 / palavra-chave)
1782,ReefCheck,Honduras,9.8. Marine Neritic – Coral Reef,marine,habitat (IUCN 9-13 / palavra-chave)
1783,ReefCheck,Honduras,9.8. Marine Neritic – Coral Reef,marine,habitat (IUCN 9-13 / palavra-chave)
1784,ReefCheck,Honduras,9.8. Marine Neritic – Coral Reef,marine,habitat (IUCN 9-13 / palavra-chave)
1785,ReefCheck,Honduras,9.8. Marine Neritic – Coral Reef,marine,habitat (IUCN 9-13 / palavra-chave)
1786,ReefCheck,Honduras,9.8. Marine Neritic – Coral Reef,marine,habitat (IUCN 9-13 / palavra-chave)
1787,ReefCheck,Honduras,9.8. Marine Neritic – Coral Reef,marine,habitat (IUCN 9-13 / palavra-chave)
1788,ReefCheck,Honduras,9.8. Marine Neritic – Coral Reef,marine,habitat (IUCN 9-13 / palavra-chave)
1789,ReefCheck,Honduras,9.8. Marine Neritic – Coral Reef,marine,habitat (IUCN 9-13 / palavra-chave)
1790,ReefCheck,Honduras,9.8. Marine Neritic – Coral Reef,marine,habitat (IUCN 9-13 / palavra-chave)
1791,ReefCheck,Honduras,9.8. Marine Neritic – Coral Reef,marine,habitat (IUCN 9-13 / palavra-chave)
1792,ReefCheck,Honduras,9.8. Marine Neritic – Coral Reef,marine,habitat (IUCN 9-13 / palavra-chave)
1793,ReefCheck,Honduras,9.8. Marine Neritic – Coral Reef,marine,habitat (IUCN 9-13 / palavra-chave)
1794,ReefCheck,Honduras,9.8. Marine Neritic – Coral Reef,marine,habitat (IUCN 9-13 / palavra-chave)
1795,ReefCheck,Honduras,9.8. Marine Neritic – Coral Reef,marine,habitat (IUCN 9-13 / palavra-chave)
1796,ReefCheck,Honduras,9.8. Marine Neritic – Coral Reef,marine,habitat (IUCN 9-13 / palavra-chave)
1797,ReefCheck,Honduras,9.8. Marine Neritic – Coral Reef,marine,habitat (IUCN 9-13 / palavra-chave)
1798,ReefCheck,Honduras,9.8. Marine Neritic – Coral Reef,marine,habitat (IUCN 9-13 / palavra-chave)
1799,ReefCheck,Honduras,9.8. Marine Neritic – Coral Reef,marine,habitat (IUCN 9-13 / palavra-chave)
1800,ReefCheck,Honduras,9.8. Marine Neritic – Coral Reef,marine,habitat (IUCN 9-13 / palavra-chave)
1801,ReefCheck,Honduras,9.8. Marine Neritic – Coral Reef,marine,habitat (IUCN 9-13 / palavra-chave)
1802,ReefCheck,Honduras,9.8. Marine Neritic – Coral Reef,marine,habitat (IUCN 9-13 / palavra-chave)
1803,ReefCheck,Honduras,9.8. Marine Neritic – Coral Reef,marine,habitat (IUCN 9-13 / palavra-chave)
1804,ReefCheck,Honduras,9.8. Marine Neritic – Coral Reef,marine,habitat (IUCN 9-13 / palavra-chave)
1805,ReefCheck,Honduras,9.8. Marine Neritic – Coral Reef,marine,habitat (IUCN 9-13 / palavra-chave)
1806,ReefCheck,Honduras,9.8. Marine Neritic – Coral Reef,marine,habitat (IUCN 9-13 / palavra-chave)
1807,ReefCheck,Honduras,9.8. Marine Neritic – Coral Reef,marine,habitat (IUCN 9-13 / palavra-chave)
1808,ReefCheck,Honduras,9.8. Marine Neritic – Coral Reef,marine,habitat (IUCN 9-13 / palavra-chave)
1809,ReefCheck,Honduras,9.8. Marine Neritic – Coral Reef,marine,habitat (IUCN 9-13 / palavra-chave)
1810,ReefCheck,Honduras,9.8. Marine Neritic – Coral Reef,marine,habitat (IUCN 9-13 / palavra-chave)
1811,ReefCheck,Honduras,9.8. Marine Neritic – Coral Reef,marine,habitat (IUCN 9-13 / palavra-chave)
1812,ReefCheck,Honduras,9.8. Marine Neritic – Coral Reef,marine,habitat (IUCN 9-13 / palavra-chave)
1813,ReefCheck,Jamaica,9.8. Marine Neritic – Coral Reef,marine,habitat (IUCN 9-13 / palavra-chave)
1814,ReefCheck,Jamaica,9.8. Marine Neritic – Coral Reef,marine,habitat (IUCN 9-13 / palavra-chave)
1815,ReefCheck,Jamaica,9.8. Marine Neritic – Coral Reef,marine,habitat (IUCN 9-13 / palavra-chave)
1816,ReefCheck,Jamaica,9.8. Marine Neritic – Coral Reef,marine,habitat (IUCN 9-13 / palavra-chave)
1817,ReefCheck,Jamaica,9.8. Marine Neritic – Coral Reef,marine,habitat (IUCN 9-13 / palavra-chave)
1818,ReefCheck,Jamaica,9.8. Marine Neritic – Coral Reef,marine,habitat (IUCN 9-13 / palavra-chave)
1819,ReefCheck,Jamaica,9.8. Marine Neritic – Coral Reef,marine,habitat (IUCN 9-13 / palavra-chave)
1820,ReefCheck,Jamaica,9.8. Marine Neritic – Coral Reef,marine,habitat (IUCN 9-13 / palavra-chave)
1821,ReefCheck,Jamaica,9.8. Marine Neritic – Coral Reef,marine,habitat (IUCN 9-13 / palavra-chave)
1822,ReefCheck,Jamaica,9.8. Marine Neritic – Coral Reef,marine,habitat (IUCN 9-13 / palavra-chave)
1823,ReefCheck,Jamaica,9.8. Marine Neritic – Coral Reef,marine,habitat (IUCN 9-13 / palavra-chave)
1824,ReefCheck,Jamaica,9.8. Marine Neritic – Coral Reef,marine,habitat (IUCN 9-13 / palavra-chave)
1825,ReefCheck,Jamaica,9.8. Marine Neritic – Coral Reef,marine,habitat (IUCN 9-13 / palavra-chave)
1826,ReefCheck,Jamaica,9.8. Marine Neritic – Coral Reef,marine,habitat (IUCN 9-13 / palavra-chave)
1827,ReefCheck,Jamaica,9.8. Marine Neritic – Coral Reef,marine,habitat (IUCN 9-13 / palavra-chave)
1828,ReefCheck,Jamaica,9.8. Marine Neritic – Coral Reef,marine,habitat (IUCN 9-13 / palavra-chave)
1829,ReefCheck,Jamaica,9.8. Marine Neritic – Coral Reef,marine,habitat (IUCN 9-13 / palavra-chave)
1830,ReefCheck,Jamaica,9.8. Marine Neritic – Coral Reef,marine,habitat (IUCN 9-13 / palavra-chave)
1831,ReefCheck,Jamaica,9.8. Marine Neritic – Coral Reef,marine,habitat (IUCN 9-13 / palavra-chave)
1832,ReefCheck,Jamaica,9.8. Marine Neritic – Coral Reef,marine,habitat (IUCN 9-13 / palavra-chave)
1833,ReefCheck,Jamaica,9.8. Marine Neritic – Coral Reef,marine,habitat (IUCN 9-13 / palavra-chave)
1834,ReefCheck,Jamaica,9.8. Marine Neritic – Coral Reef,marine,habitat (IUCN 9-13 / palavra-chave)
1835,ReefCheck,Jamaica,9.8. Marine Neritic – Coral Reef,marine,habitat (IUCN 9-13 / palavra-chave)
1836,ReefCheck,Jamaica,9.8. Marine Neritic – Coral Reef,marine,habitat (IUCN 9-13 / palavra-chave)
1837,ReefCheck,Jamaica,9.8. Marine Neritic – Coral Reef,marine,habitat (IUCN 9-13 / palavra-chave)
1838,ReefCheck,Jamaica,9.8. Marine Neritic – Coral Reef,marine,habitat (IUCN 9-13 / palavra-chave)
1839,ReefCheck,Jamaica,9.8. Marine Neritic – Coral Reef,marine,habitat (IUCN 9-13 / palavra-chave)
1840,ReefCheck,Jamaica,9.8. Marine Neritic – Coral Reef,marine,habitat (IUCN 9-13 / palavra-chave)
1841,ReefCheck,Jamaica,9.8. Marine Neritic – Coral Reef,marine,habitat (IUCN 9-13 / palavra-chave)
1842,ReefCheck,Jamaica,9.8. Marine Neritic – Coral Reef,marine,habitat (IUCN 9-13 / palavra-chave)
1843,ReefCheck,Jamaica,9.8. Marine Neritic – Coral Reef,marine,habitat (IUCN 9-13 / palavra-chave)
1844,ReefCheck,Jamaica,9.8. Marine Neritic – Coral Reef,marine,habitat (IUCN 9-13 / palavra-chave)
1845,ReefCheck,Jamaica,9.8. Marine Neritic – Coral Reef,marine,habitat (IUCN 9-13 / palavra-chave)
1846,ReefCheck,Jamaica,9.8. Marine Neritic – Coral Reef,marine,habitat (IUCN 9-13 / palavra-chave)
1847,ReefCheck,Jamaica,9.8. Marine Neritic – Coral Reef,marine,habitat (IUCN 9-13 / palavra-chave)
1848,ReefCheck,Jamaica,9.8. Marine Neritic – Coral Reef,marine,habitat (IUCN 9-13 / palavra-chave)
1849,ReefCheck,Jamaica,9.8. Marine Neritic – Coral Reef,marine,habitat (IUCN 9-13 / palavra-chave)
1850,ReefCheck,Jamaica,9.8. Marine Neritic – Coral Reef,marine,habitat (IUCN 9-13 / palavra-chave)
1851,ReefCheck,Jamaica,9.8. Marine Neritic – Coral Reef,marine,habitat (IUCN 9-13 / palavra-chave)
1852,ReefCheck,Jamaica,9.8. Marine Neritic – Coral Reef,marine,habitat (IUCN 9-13 / palavra-chave)
1853,ReefCheck,Jamaica,9.8. Marine Neritic – Coral Reef,marine,habitat (IUCN 9-13 / palavra-chave)
1854,ReefCheck,Jamaica,9.8. Marine Neritic – Coral Reef,marine,habitat (IUCN 9-13 / palavra-chave)
1855,ReefCheck,Jamaica,9.8. Marine Neritic – Coral Reef,marine,habitat (IUCN 9-13 / palavra-chave)
1856,ReefCheck,Jamaica,9.8. Marine Neritic – Coral Reef,marine,habitat (IUCN 9-13 / palavra-chave)
1857,ReefCheck,Jamaica,9.8. Marine Neritic – Coral Reef,marine,habitat (IUCN 9-13 / palavra-chave)
1858,ReefCheck,Jamaica,9.8. Marine Neritic – Coral Reef,marine,habitat (IUCN 9-13 / palavra-chave)
1859,ReefCheck,Jamaica,9.8. Marine Neritic – Coral Reef,marine,habitat (IUCN 9-13 / palavra-chave)
1860,ReefCheck,Jamaica,9.8. Marine Neritic – Coral Reef,marine,habitat (IUCN 9-13 / palavra-chave)
1861,ReefCheck,Jamaica,9.8. Marine Neritic – Coral Reef,marine,habitat (IUCN 9-13 / palavra-chave)
1862,ReefCheck,Jamaica,9.8. Marine Neritic – Coral Reef,marine,habitat (IUCN 9-13 / palavra-chave)
1863,ReefCheck,Jamaica,9.8. Marine Neritic – Coral Reef,marine,habitat (IUCN 9-13 / palavra-chave)
1864,ReefCheck,Jamaica,9.8. Marine Neritic – Coral Reef,marine,habitat (IUCN 9-13 / palavra-chave)
1865,ReefCheck,Jamaica,9.8. Marine Neritic – Coral Reef,marine,habitat (IUCN 9-13 / palavra-chave)
1866,ReefCheck,Jamaica,9.8. Marine Neritic – Coral Reef,marine,habitat (IUCN 9-13 / palavra-chave)
1867,ReefCheck,Jamaica,9.8. Marine Neritic – Coral Reef,marine,habitat (IUCN 9-13 / palavra-chave)
1868,ReefCheck,Jamaica,9.8. Marine Neritic – Coral Reef,marine,habitat (IUCN 9-13 / palavra-chave)
1869,ReefCheck,Jamaica,9.8. Marine Neritic – Coral Reef,marine,habitat (IUCN 9-13 / palavra-chave)
1870,ReefCheck,Jamaica,9.8. Marine Neritic – Coral Reef,marine,habitat (IUCN 9-13 / palavra-chave)
1871,ReefCheck,Jamaica,9.8. Marine Neritic – Coral Reef,marine,habitat (IUCN 9-13 / palavra-chave)
1872,ReefCheck,Jamaica,9.8. Marine Neritic – Coral Reef,marine,habitat (IUCN 9-13 / palavra-chave)
1873,ReefCheck,Jamaica,9.8. Marine Neritic – Coral Reef,marine,habitat (IUCN 9-13 / palavra-chave)
1874,ReefCheck,Jamaica,9.8. Marine Neritic – Coral Reef,marine,habitat (IUCN 9-13 / palavra-chave)
1875,ReefCheck,Jamaica,9.8. Marine Neritic – Coral Reef,marine,habitat (IUCN 9-13 / palavra-chave)
1876,ReefCheck,Jamaica,9.8. Marine Neritic – Coral Reef,marine,habitat (IUCN 9-13 / palavra-chave)
1877,ReefCheck,Jamaica,9.8. Marine Neritic – Coral Reef,marine,habitat (IUCN 9-13 / palavra-chave)
1878,ReefCheck,Jamaica,9.8. Marine Neritic – Coral Reef,marine,habitat (IUCN 9-13 / palavra-chave)
1879,ReefCheck,Jamaica,9.8. Marine Neritic – Coral Reef,marine,habitat (IUCN 9-13 / palavra-chave)
1880,ReefCheck,Jamaica,9.8. Marine Neritic – Coral Reef,marine,habitat (IUCN 9-13 / palavra-chave)
1881,ReefCheck,Jamaica,9.8. Marine Neritic – Coral Reef,marine,habitat (IUCN 9-13 / palavra-chave)
1882,ReefCheck,Jamaica,9.8. Marine Neritic – Coral Reef,marine,habitat (IUCN 9-13 / palavra-chave)
1883,ReefCheck,Jamaica,9.8. Marine Neritic – Coral Reef,marine,habitat (IUCN 9-13 / palavra-chave)
1884,ReefCheck,Jamaica,9.8. Marine Neritic – Coral Reef,marine,habitat (IUCN 9-13 / palavra-chave)
1885,ReefCheck,Jamaica,9.8. Marine Neritic – Coral Reef,marine,habitat (IUCN 9-13 / palavra-chave)
1886,ReefCheck,Jamaica,9.8. Marine Neritic – Coral Reef,marine,habitat (IUCN 9-13 / palavra-chave)
1887,ReefCheck,Jamaica,9.8. Marine Neritic – Coral Reef,marine,habitat (IUCN 9-13 / palavra-chave)
1888,ReefCheck,Jamaica,9.8. Marine Neritic – Coral Reef,marine,habitat (IUCN 9-13 / palavra-chave)
1889,ReefCheck,Jamaica,9.8. Marine Neritic – Coral Reef,marine,habitat (IUCN 9-13 / palavra-chave)
1890,ReefCheck,Jamaica,9.8. Marine Neritic – Coral Reef,marine,habitat (IUCN 9-13 / palavra-chave)
1891,ReefCheck,Jamaica,9.8. Marine Neritic – Coral Reef,marine,habitat (IUCN 9-13 / palavra-chave)
1892,ReefCheck,Jamaica,9.8. Marine Neritic – Coral Reef,marine,habitat (IUCN 9-13 / palavra-chave)
1893,ReefCheck,Jamaica,9.8. Marine Neritic – Coral Reef,marine,habitat (IUCN 9-13 / palavra-chave)
1894,ReefCheck,Jamaica,9.8. Marine Neritic – Coral Reef,marine,habitat (IUCN 9-13 / palavra-chave)
1895,ReefCheck,Jamaica,9.8. Marine Neritic – Coral Reef,marine,habitat (IUCN 9-13 / palavra-chave)
1896,ReefCheck,Jamaica,9.8. Marine Neritic – Coral Reef,marine,habitat (IUCN 9-13 / palavra-chave)
1897,ReefCheck,Jamaica,9.8. Marine Neritic – Coral Reef,marine,habitat (IUCN 9-13 / palavra-chave)
1898,ReefCheck,Jamaica,9.8. Marine Neritic – Coral Reef,marine,habitat (IUCN 9-13 / palavra-chave)
1899,ReefCheck,Jamaica,9.8. Marine Neritic – Coral Reef,marine,habitat (IUCN 9-13 / palavra-chave)
1900,ReefCheck,Jamaica,9.8. Marine Neritic – Coral Reef,marine,habitat (IUCN 9-13 / palavra-chave)
1901,ReefCheck,Jamaica,9.8. Marine Neritic – Coral Reef,marine,habitat (IUCN 9-13 / palavra-chave)
1902,ReefCheck,Jamaica,9.8. Marine Neritic – Coral Reef,marine,habitat (IUCN 9-13 / palavra-chave)
1903,ReefCheck,Jamaica,9.8. Marine Neritic – Coral Reef,marine,habitat (IUCN 9-13 / palavra-chave)
1904,ReefCheck,Jamaica,9.8. Marine Neritic – Coral Reef,marine,habitat (IUCN 9-13 / palavra-chave)
1905,ReefCheck,Jamaica,9.8. Marine Neritic – Coral Reef,marine,habitat (IUCN 9-13 / palavra-chave)
1906,ReefCheck,Jamaica,9.8. Marine Neritic – Coral Reef,marine,habitat (IUCN 9-13 / palavra-chave)
1907,ReefCheck,Jamaica,9.8. Marine Neritic – Coral Reef,marine,habitat (IUCN 9-13 / palavra-chave)
1908,ReefCheck,Jamaica,9.8. Marine Neritic – Coral Reef,marine,habitat (IUCN 9-13 / palavra-chave)
1909,ReefCheck,Jamaica,9.8. Marine Neritic – Coral Reef,marine,habitat (IUCN 9-13 / palavra-chave)
1910,ReefCheck,Jamaica,9.8. Marine Neritic – Coral Reef,marine,habitat (IUCN 9-13 / palavra-chave)
1911,ReefCheck,Jamaica,9.8. Marine Neritic – Coral Reef,marine,habitat (IUCN 9-13 / palavra-chave)
1912,ReefCheck,Jamaica,9.8. Marine Neritic – Coral Reef,marine,habitat (IUCN 9-13 / palavra-chave)
1913,ReefCheck,Jamaica,9.8. Marine Neritic – Coral Reef,marine,habitat (IUCN 9-13 / palavra-chave)
1914,ReefCheck,Jamaica,9.8. Marine Neritic – Coral Reef,marine,habitat (IUCN 9-13 / palavra-chave)
1915,ReefCheck,Jamaica,9.8. Marine Neritic – Coral Reef,marine,habitat (IUCN 9-13 / palavra-chave)
1916,ReefCheck,Jamaica,9.8. Marine Neritic – Coral Reef,marine,habitat (IUCN 9-13 / palavra-chave)
1917,ReefCheck,Jamaica,9.8. Marine Neritic – Coral Reef,marine,habitat (IUCN 9-13 / palavra-chave)
1918,ReefCheck,Jamaica,9.8. Marine Neritic – Coral Reef,marine,habitat (IUCN 9-13 / palavra-chave)
1919,ReefCheck,Jamaica,9.8. Marine Neritic – Coral Reef,marine,habitat (IUCN 9-13 / palavra-chave)
1920,ReefCheck,Jamaica,9.8. Marine Neritic – Coral Reef,marine,habitat (IUCN 9-13 / palavra-chave)
1921,ReefCheck,Jamaica,9.8. Marine Neritic – Coral Reef,marine,habitat (IUCN 9-13 / palavra-chave)
1922,ReefCheck,Jamaica,9.8. Marine Neritic – Coral Reef,marine,habitat (IUCN 9-13 / palavra-chave)
1923,ReefCheck,Jamaica,9.8. Marine Neritic – Coral Reef,marine,habitat (IUCN 9-13 / palavra-chave)
1924,ReefCheck,Jamaica,9.8. Marine Neritic – Coral Reef,marine,habitat (IUCN 9-13 / palavra-chave)
1925,ReefCheck,Jamaica,9.8. Marine Neritic – Coral Reef,marine,habitat (IUCN 9-13 / palavra-chave)
1926,ReefCheck,Jamaica,9.8. Marine Neritic – Coral Reef,marine,habitat (IUCN 9-13 / palavra-chave)
1927,ReefCheck,Jamaica,9.8. Marine Neritic – Coral Reef,marine,habitat (IUCN 9-13 / palavra-chave)
1928,ReefCheck,Jamaica,9.8. Marine Neritic – Coral Reef,marine,habitat (IUCN 9-13 / palavra-chave)
1929,ReefCheck,Jamaica,9.8. Marine Neritic – Coral Reef,marine,habitat (IUCN 9-13 / palavra-chave)
1930,ReefCheck,Jamaica,9.8. Marine Neritic – Coral Reef,marine,habitat (IUCN 9-13 / palavra-chave)
1931,ReefCheck,Jamaica,9.8. Marine Neritic – Coral Reef,marine,habitat (IUCN 9-13 / palavra-chave)
1932,ReefCheck,Jamaica,9.8. Marine Neritic – Coral Reef,marine,habitat (IUCN 9-13 / palavra-chave)
1933,ReefCheck,Martinique,9.8. Marine Neritic – Coral Reef,marine,habitat (IUCN 9-13 / palavra-chave)
1934,ReefCheck,Martinique,9.8. Marine Neritic – Coral Reef,marine,habitat (IUCN 9-13 / palavra-chave)
1935,ReefCheck,Martinique,9.8. Marine Neritic – Coral Reef,marine,habitat (IUCN 9-13 / palavra-chave)
1936,ReefCheck,Mexico,9.8. Marine Neritic – Coral Reef,marine,habitat (IUCN 9-13 / palavra-chave)
1937,ReefCheck,Mexico,9.8. Marine Neritic – Coral Reef,marine,habitat (IUCN 9-13 / palavra-chave)
1938,ReefCheck,Mexico,9.8. Marine Neritic – Coral Reef,marine,habitat (IUCN 9-13 / palavra-chave)
1939,ReefCheck,Mexico,9.8. Marine Neritic – Coral Reef,marine,habitat (IUCN 9-13 / palavra-chave)
1940,ReefCheck,Mexico,9.8. Marine Neritic – Coral Reef,marine,habitat (IUCN 9-13 / palavra-chave)
1941,ReefCheck,Mexico,9.8. Marine Neritic – Coral Reef,marine,habitat (IUCN 9-13 / palavra-chave)
1942,ReefCheck,Mexico,9.8. Marine Neritic – Coral Reef,marine,habitat (IUCN 9-13 / palavra-chave)
1943,ReefCheck,Mexico,9.8. Marine Neritic – Coral Reef,marine,habitat (IUCN 9-13 / palavra-chave)
1944,ReefCheck,Mexico,9.8. Marine Neritic – Coral Reef,marine,habitat (IUCN 9-13 / palavra-chave)
1945,ReefCheck,Mexico,9.8. Marine Neritic – Coral Reef,marine,habitat (IUCN 9-13 / palavra-chave)
1946,ReefCheck,Mexico,9.8. Marine Neritic – Coral Reef,marine,habitat (IUCN 9-13 / palavra-chave)
1947,ReefCheck,Mexico,9.8. Marine Neritic – Coral Reef,marine,habitat (IUCN 9-13 / palavra-chave)
1948,ReefCheck,Mexico,9.8. Marine Neritic – Coral Reef,marine,habitat (IUCN 9-13 / palavra-chave)
1949,ReefCheck,Mexico,9.8. Marine Neritic – Coral Reef,marine,habitat (IUCN 9-13 / palavra-chave)
1950,ReefCheck,Mexico,9.8. Marine Neritic – Coral Reef,marine,habitat (IUCN 9-13 / palavra-chave)
1951,ReefCheck,Mexico,9.8. Marine Neritic – Coral Reef,marine,habitat (IUCN 9-13 / palavra-chave)
1952,ReefCheck,Mexico,9.8. Marine Neritic – Coral Reef,marine,habitat (IUCN 9-13 / palavra-chave)
1953,ReefCheck,Mexico,9.8. Marine Neritic – Coral Reef,marine,habitat (IUCN 9-13 / palavra-chave)
1954,ReefCheck,Mexico,9.8. Marine Neritic – Coral Reef,marine,habitat (IUCN 9-13 / palavra-chave)
1955,ReefCheck,Mexico,9.8. Marine Neritic – Coral Reef,marine,habitat (IUCN 9-13 / palavra-chave)
1956,ReefCheck,Mexico,9.8. Marine Neritic – Coral Reef,marine,habitat (IUCN 9-13 / palavra-chave)
1957,ReefCheck,Mexico,9.8. Marine Neritic – Coral Reef,marine,habitat (IUCN 9-13 / palavra-chave)
1958,ReefCheck,Mexico,9.8. Marine Neritic – Coral Reef,marine,habitat (IUCN 9-13 / palavra-chave)
1959,ReefCheck,Mexico,9.8. Marine Neritic – Coral Reef,marine,habitat (IUCN 9-13 / palavra-chave)
1960,ReefCheck,Mexico,9.8. Marine Neritic – Coral Reef,marine,habitat (IUCN 9-13 / palavra-chave)
1961,ReefCheck,Mexico,9.8. Marine Neritic – Coral Reef,marine,habitat (IUCN 9-13 / palavra-chave)
1962,ReefCheck,Mexico,9.8. Marine Neritic – Coral Reef,marine,habitat (IUCN 9-13 / palavra-chave)
1963,ReefCheck,Mexico,9.8. Marine Neritic – Coral Reef,marine,habitat (IUCN 9-13 / palavra-chave)
1964,ReefCheck,Mexico,9.8. Marine Neritic – Coral Reef,marine,habitat (IUCN 9-13 / palavra-chave)
1965,ReefCheck,Mexico,9.8. Marine Neritic – Coral Reef,marine,habitat (IUCN 9-13 / palavra-chave)
1966,ReefCheck,Mexico,9.8. Marine Neritic – Coral Reef,marine,habitat (IUCN 9-13 / palavra-chave)
1967,ReefCheck,Mexico,9.8. Marine Neritic – Coral Reef,marine,habitat (IUCN 9-13 / palavra-chave)
1968,ReefCheck,Mexico,9.8. Marine Neritic – Coral Reef,marine,habitat (IUCN 9-13 / palavra-chave)
1969,ReefCheck,Mexico,9.8. Marine Neritic – Coral Reef,marine,habitat (IUCN 9-13 / palavra-chave)
1970,ReefCheck,Mexico,9.8. Marine Neritic – Coral Reef,marine,habitat (IUCN 9-13 / palavra-chave)
1971,ReefCheck,Mexico,9.8. Marine Neritic – Coral Reef,marine,habitat (IUCN 9-13 / palavra-chave)
1972,ReefCheck,Mexico,9.8. Marine Neritic – Coral Reef,marine,habitat (IUCN 9-13 / palavra-chave)
1973,ReefCheck,Mexico,9.8. Marine Neritic – Coral Reef,marine,habitat (IUCN 9-13 / palavra-chave)
1974,ReefCheck,Mexico,9.8. Marine Neritic – Coral Reef,marine,habitat (IUCN 9-13 / palavra-chave)
1975,ReefCheck,Mexico,9.8. Marine Neritic – Coral Reef,marine,habitat (IUCN 9-13 / palavra-chave)
1976,ReefCheck,Mexico,9.8. Marine Neritic – Coral Reef,marine,habitat (IUCN 9-13 / palavra-chave)
1977,ReefCheck,Mexico,9.8. Marine Neritic – Coral Reef,marine,habitat (IUCN 9-13 / palavra-chave)
1978,ReefCheck,Mexico,9.8. Marine Neritic – Coral Reef,marine,habitat (IUCN 9-13 / palavra-chave)
1979,ReefCheck,Mexico,9.8. Marine Neritic – Coral Reef,marine,habitat (IUCN 9-13 / palavra-chave)
1980,ReefCheck,Mexico,9.8. Marine Neritic – Coral Reef,marine,habitat (IUCN 9-13 / palavra-chave)
1981,ReefCheck,Mexico,9.8. Marine Neritic – Coral Reef,marine,habitat (IUCN 9-13 / palavra-chave)
1982,ReefCheck,Mexico,9.8. Marine Neritic – Coral Reef,marine,habitat (IUCN 9-13 / palavra-chave)
1983,ReefCheck,Mexico,9.8. Marine Neritic – Coral Reef,marine,habitat (IUCN 9-13 / palavra-chave)
1984,ReefCheck,Mexico,9.8. Marine Neritic – Coral Reef,marine,habitat (IUCN 9-13 / palavra-chave)
1985,ReefCheck,Mexico,9.8. Marine Neritic – Coral Reef,marine,habitat (IUCN 9-13 / palavra-chave)
1986,ReefCheck,Mexico,9.8. Marine Neritic – Coral Reef,marine,habitat (IUCN 9-13 / palavra-chave)
1987,ReefCheck,Mexico,9.8. Marine Neritic – Coral Reef,marine,habitat (IUCN 9-13 / palavra-chave)
1988,ReefCheck,Mexico,9.8. Marine Neritic – Coral Reef,marine,habitat (IUCN 9-13 / palavra-chave)
1989,ReefCheck,Mexico,9.8. Marine Neritic – Coral Reef,marine,habitat (IUCN 9-13 / palavra-chave)
1990,ReefCheck,Mexico,9.8. Marine Neritic – Coral Reef,marine,habitat (IUCN 9-13 / palavra-chave)
1991,ReefCheck,Mexico,9.8. Marine Neritic – Coral Reef,marine,habitat (IUCN 9-13 / palavra-chave)
1992,ReefCheck,Montserrat,9.8. Marine Neritic – Coral Reef,marine,habitat (IUCN 9-13 / palavra-chave)
1993,ReefCheck,Montserrat,9.8. Marine Neritic – Coral Reef,marine,habitat (IUCN 9-13 / palavra-chave)
1994,ReefCheck,Montserrat,9.8. Marine Neritic – Coral Reef,marine,habitat (IUCN 9-13 / palavra-chave)
1995,ReefCheck,Montserrat,9.8. Marine Neritic – Coral Reef,marine,habitat (IUCN 9-13 / palavra-chave)
1996,ReefCheck,Montserrat,9.8. Marine Neritic – Coral Reef,marine,habitat (IUCN 9-13 / palavra-chave)
1997,ReefCheck,Panama,9.8. Marine Neritic – Coral Reef,marine,habitat (IUCN 9-13 / palavra-chave)
1998,ReefCheck,Panama,9.8. Marine Neritic – Coral Reef,marine,habitat (IUCN 9-13 / palavra-chave)
1999,ReefCheck,Panama,9.8. Marine Neritic – Coral Reef,marine,habitat (IUCN 9-13 / palavra-chave)
2000,ReefCheck,Panama,9.8. Marine Neritic – Coral Reef,marine,habitat (IUCN 9-13 / palavra-chave)
2001,ReefCheck,Panama,9.8. Marine Neritic – Coral Reef,marine,habitat (IUCN 9-13 / palavra-chave)
2002,ReefCheck,Panama,9.8. Marine Neritic – Coral Reef,marine,habitat (IUCN 9-13 / palavra-chave)
2003,ReefCheck,Panama,9.8. Marine Neritic – Coral Reef,marine,habitat (IUCN 9-13 / palavra-chave)
2004,ReefCheck,Panama,9.8. Marine Neritic – Coral Reef,marine,habitat (IUCN 9-13 / palavra-chave)
2005,ReefCheck,Panama,9.8. Marine Neritic – Coral Reef,marine,habitat (IUCN 9-13 / palavra-chave)
2006,ReefCheck,Puerto Rico,9.8. Marine Neritic – Coral Reef,marine,habitat (IUCN 9-13 / palavra-chave)
2007,ReefCheck,Puerto Rico,9.8. Marine Neritic – Coral Reef,marine,habitat (IUCN 9-13 / palavra-chave)
2008,ReefCheck,Puerto Rico,9.8. Marine Neritic – Coral Reef,marine,habitat (IUCN 9-13 / palavra-chave)
2009,ReefCheck,Puerto Rico,9.8. Marine Neritic – Coral Reef,marine,habitat (IUCN 9-13 / palavra-chave)
2010,ReefCheck,Puerto Rico,9.8. Marine Neritic – Coral Reef,marine,habitat (IUCN 9-13 / palavra-chave)
2011,ReefCheck,Puerto Rico,9.8. Marine Neritic – Coral Reef,marine,habitat (IUCN 9-13 / palavra-chave)
2012,ReefCheck,Puerto Rico,9.8. Marine Neritic – Coral Reef,marine,habitat (IUCN 9-13 / palavra-chave)
2013,ReefCheck,Puerto Rico,9.8. Marine Neritic – Coral Reef,marine,habitat (IUCN 9-13 / palavra-chave)
2014,ReefCheck,Puerto Rico,9.8. Marine Neritic – Coral Reef,marine,habitat (IUCN 9-13 / palavra-chave)
2015,ReefCheck,Puerto Rico,9.8. Marine Neritic – Coral Reef,marine,habitat (IUCN 9-13 / palavra-chave)
2016,ReefCheck,Puerto Rico,9.8. Marine Neritic – Coral Reef,marine,habitat (IUCN 9-13 / palavra-chave)
2017,ReefCheck,Puerto Rico,9.8. Marine Neritic – Coral Reef,marine,habitat (IUCN 9-13 / palavra-chave)
2018,ReefCheck,Puerto Rico,9.8. Marine Neritic – Coral Reef,marine,habitat (IUCN 9-13 / palavra-chave)
2019,ReefCheck,Saint Kitts and Nevis,9.8. Marine Neritic – Coral Reef,marine,habitat (IUCN 9-13 / palavra-chave)
2020,ReefCheck,Saint Kitts and Nevis,9.8. Marine Neritic – Coral Reef,marine,habitat (IUCN 9-13 / palavra-chave)
2021,ReefCheck,Saint Kitts and Nevis,9.8. Marine Neritic – Coral Reef,marine,habitat (IUCN 9-13 / palavra-chave)
2022,ReefCheck,Saint Kitts and Nevis,9.8. Marine Neritic – Coral Reef,marine,habitat (IUCN 9-13 / palavra-chave)
2023,ReefCheck,Saint Kitts and Nevis,9.8. Marine Neritic – Coral Reef,marine,habitat (IUCN 9-13 / palavra-chave)
2024,ReefCheck,Saint Kitts and Nevis,9.8. Marine Neritic – Coral Reef,marine,habitat (IUCN 9-13 / palavra-chave)
2025,ReefCheck,Saint Kitts and Nevis,9.8. Marine Neritic – Coral Reef,marine,habitat (IUCN 9-13 / palavra-chave)
2026,ReefCheck,Saint Kitts and Nevis,9.8. Marine Neritic – Coral Reef,marine,habitat (IUCN 9-13 / palavra-chave)
2027,ReefCheck,Saint Lucia,9.8. Marine Neritic – Coral Reef,marine,habitat (IUCN 9-13 / palavra-chave)
2028,ReefCheck,Saint Lucia,9.8. Marine Neritic – Coral Reef,marine,habitat (IUCN 9-13 / palavra-chave)
2029,ReefCheck,Saint Lucia,9.8. Marine Neritic – Coral Reef,marine,habitat (IUCN 9-13 / palavra-chave)
2030,ReefCheck,Saint Lucia,9.8. Marine Neritic – Coral Reef,marine,habitat (IUCN 9-13 / palavra-chave)
2031,ReefCheck,Saint Lucia,9.8. Marine Neritic – Coral Reef,marine,habitat (IUCN 9-13 / palavra-chave)
2032,ReefCheck,Saint Lucia,9.8. Marine Neritic – Coral Reef,marine,habitat (IUCN 9-13 / palavra-chave)
2033,ReefCheck,Saint Lucia,9.8. Marine Neritic – Coral Reef,marine,habitat (IUCN 9-13 / palavra-chave)
2034,ReefCheck,Saint Lucia,9.8. Marine Neritic – Coral Reef,marine,habitat (IUCN 9-13 / palavra-chave)
2035,ReefCheck,Saint Lucia,9.8. Marine Neritic – Coral Reef,marine,habitat (IUCN 9-13 / palavra-chave)
2036,ReefCheck,Saint Lucia,9.8. Marine Neritic – Coral Reef,marine,habitat (IUCN 9-13 / palavra-chave)
2037,ReefCheck,Saint Lucia,9.8. Marine Neritic – Coral Reef,marine,habitat (IUCN 9-13 / palavra-chave)
2038,ReefCheck,Saint Lucia,9.8. Marine Neritic – Coral Reef,marine,habitat (IUCN 9-13 / palavra-chave)
2039,ReefCheck,Saint Lucia,9.8. Marine Neritic – Coral Reef,marine,habitat (IUCN 9-13 / palavra-chave)
2040,ReefCheck,Saint Lucia,9.8. Marine Neritic – Coral Reef,marine,habitat (IUCN 9-13 / palavra-chave)
2041,ReefCheck,Saint Lucia,9.8. Marine Neritic – Coral Reef,marine,habitat (IUCN 9-13 / palavra-chave)
2042,ReefCheck,Saint Lucia,9.8. Marine Neritic – Coral Reef,marine,habitat (IUCN 9-13 / palavra-chave)
2043,ReefCheck,Saint Lucia,9.8. Marine Neritic – Coral Reef,marine,habitat (IUCN 9-13 / palavra-chave)
2044,ReefCheck,Saint Lucia,9.8. Marine Neritic – Coral Reef,marine,habitat (IUCN 9-13 / palavra-chave)
2045,ReefCheck,Saint Lucia,9.8. Marine Neritic – Coral Reef,marine,habitat (IUCN 9-13 / palavra-chave)
2046,ReefCheck,Saint Lucia,9.8. Marine Neritic – Coral Reef,marine,habitat (IUCN 9-13 / palavra-chave)
2047,ReefCheck,Saint Lucia,9.8. Marine Neritic – Coral Reef,marine,habitat (IUCN 9-13 / palavra-chave)
2048,ReefCheck,Saint Vincent and the Grenadines,9.8. Marine Neritic – Coral Reef,marine,habitat (IUCN 9-13 / palavra-chave)
2049,ReefCheck,Saint Vincent and the Grenadines,9.8. Marine Neritic – Coral Reef,marine,habitat (IUCN 9-13 / palavra-chave)
2050,ReefCheck,Saint Vincent and the Grenadines,9.8. Marine Neritic – Coral Reef,marine,habitat (IUCN 9-13 / palavra-chave)
2051,ReefCheck,Saint Vincent and the Grenadines,9.8. Marine Neritic – Coral Reef,marine,habitat (IUCN 9-13 / palavra-chave)
2052,ReefCheck,Saint Vincent and the Grenadines,9.8. Marine Neritic – Coral Reef,marine,habitat (IUCN 9-13 / palavra-chave)
2053,ReefCheck,Saint Vincent and the Grenadines,9.8. Marine Neritic – Coral Reef,marine,habitat (IUCN 9-13 / palavra-chave)
2054,ReefCheck,Saint Vincent and the Grenadines,9.8. Marine Neritic – Coral Reef,marine,habitat (IUCN 9-13 / palavra-chave)
2055,ReefCheck,Saint Vincent and the Grenadines,9.8. Marine Neritic – Coral Reef,marine,habitat (IUCN 9-13 / palavra-chave)
2056,ReefCheck,Saint Vincent and the Grenadines,9.8. Marine Neritic – Coral Reef,marine,habitat (IUCN 9-13 / palavra-chave)
2057,ReefCheck,Saint Vincent and the Grenadines,9.8. Marine Neritic – Coral Reef,marine,habitat (IUCN 9-13 / palavra-chave)
2058,ReefCheck,Saint Vincent and the Grenadines,9.8. Marine Neritic – Coral Reef,marine,habitat (IUCN 9-13 / palavra-chave)
2059,ReefCheck,Saint Vincent and the Grenadines,9.8. Marine Neritic – Coral Reef,marine,habitat (IUCN 9-13 / palavra-chave)
2060,ReefCheck,Saint Vincent and the Grenadines,9.8. Marine Neritic – Coral Reef,marine,habitat (IUCN 9-13 / palavra-chave)
2061,ReefCheck,Sao Tome and Principe,9.8. Marine Neritic – Coral Reef,marine,habitat (IUCN 9-13 / palavra-chave)
2062,ReefCheck,Sao Tome and Principe,9.8. Marine Neritic – Coral Reef,marine,habitat (IUCN 9-13 / palavra-chave)
2063,ReefCheck,Sao Tome and Principe,9.8. Marine Neritic – Coral Reef,marine,habitat (IUCN 9-13 / palavra-chave)
2064,ReefCheck,Sint Maarten (Dutch part),9.8. Marine Neritic – Coral Reef,marine,habitat (IUCN 9-13 / palavra-chave)
2065,ReefCheck,Sint Maarten (Dutch part),9.8. Marine Neritic – Coral Reef,marine,habitat (IUCN 9-13 / palavra-chave)
2066,ReefCheck,Sint Maarten (Dutch part),9.8. Marine Neritic – Coral Reef,marine,habitat (IUCN 9-13 / palavra-chave)
2067,ReefCheck,Sint Maarten (Dutch part),9.8. Marine Neritic – Coral Reef,marine,habitat (IUCN 9-13 / palavra-chave)
2068,ReefCheck,Sint Maarten (Dutch part),9.8. Marine Neritic – Coral Reef,marine,habitat (IUCN 9-13 / palavra-chave)
2069,ReefCheck,Trinidad and Tobago,9.8. Marine Neritic – Coral Reef,marine,habitat (IUCN 9-13 / palavra-chave)
2070,ReefCheck,Trinidad and Tobago,9.8. Marine Neritic – Coral Reef,marine,habitat (IUCN 9-13 / palavra-chave)
2071,ReefCheck,Trinidad and Tobago,9.8. Marine Neritic – Coral Reef,marine,habitat (IUCN 9-13 / palavra-chave)
2072,ReefCheck,Trinidad and Tobago,9.8. Marine Neritic – Coral Reef,marine,habitat (IUCN 9-13 / palavra-chave)
2073,ReefCheck,Trinidad and Tobago,9.8. Marine Neritic – Coral Reef,marine,habitat (IUCN 9-13 / palavra-chave)
2074,ReefCheck,Trinidad and Tobago,9.8. Marine Neritic – Coral Reef,marine,habitat (IUCN 9-13 / palavra-chave)
2075,ReefCheck,Trinidad and Tobago,9.8. Marine Neritic – Coral Reef,marine,habitat (IUCN 9-13 / palavra-chave)
2076,ReefCheck,Trinidad and Tobago,9.8. Marine Neritic – Coral Reef,marine,habitat (IUCN 9-13 / palavra-chave)
2077,ReefCheck,Trinidad and Tobago,9.8. Marine Neritic – Coral Reef,marine,habitat (IUCN 9-13 / palavra-chave)
2078,ReefCheck,Trinidad and Tobago,9.8. Marine Neritic – Coral Reef,marine,habitat (IUCN 9-13 / palavra-chave)
2079,ReefCheck,Trinidad and Tobago,9.8. Marine Neritic – Coral Reef,marine,habitat (IUCN 9-13 / palavra-chave)
2080,ReefCheck,Trinidad and Tobago,9.8. Marine Neritic – Coral Reef,marine,habitat (IUCN 9-13 / palavra-chave)
2081,ReefCheck,Trinidad and Tobago,9.8. Marine Neritic – Coral Reef,marine,habitat (IUCN 9-13 / palavra-chave)
2082,ReefCheck,Trinidad and Tobago,9.8. Marine Neritic – Coral Reef,marine,habitat (IUCN 9-13 / palavra-chave)
2083,ReefCheck,Trinidad and Tobago,9.8. Marine Neritic – Coral Reef,marine,habitat (IUCN 9-13 / palavra-chave)
2084,ReefCheck,Trinidad and Tobago,9.8. Marine Neritic – Coral Reef,marine,habitat (IUCN 9-13 / palavra-chave)
2085,ReefCheck,Turks and Caicos Islands,9.8. Marine Neritic – Coral Reef,marine,habitat (IUCN 9-13 / palavra-chave)
2086,ReefCheck,Turks and Caicos Islands,9.8. Marine Neritic – Coral Reef,marine,habitat (IUCN 9-13 / palavra-chave)
2087,ReefCheck,Turks and Caicos Islands,9.8. Marine Neritic – Coral Reef,marine,habitat (IUCN 9-13 / palavra-chave)
2088,ReefCheck,Turks and Caicos Islands,9.8. Marine Neritic – Coral Reef,marine,habitat (IUCN 9-13 / palavra-chave)
2089,ReefCheck,Turks and Caicos Islands,9.8. Marine Neritic – Coral Reef,marine,habitat (IUCN 9-13 / palavra-chave)
2090,ReefCheck,Turks and Caicos Islands,9.8. Marine Neritic – Coral Reef,marine,habitat (IUCN 9-13 / palavra-chave)
2091,ReefCheck,Turks and Caicos Islands,9.8. Marine Neritic – Coral Reef,marine,habitat (IUCN 9-13 / palavra-chave)
2092,ReefCheck,Turks and Caicos Islands,9.8. Marine Neritic – Coral Reef,marine,habitat (IUCN 9-13 / palavra-chave)
2093,ReefCheck,Turks and Caicos Islands,9.8. Marine Neritic – Coral Reef,marine,habitat (IUCN 9-13 / palavra-chave)
2094,ReefCheck,Turks and Caicos Islands,9.8. Marine Neritic – Coral Reef,marine,habitat (IUCN 9-13 / palavra-chave)
2095,ReefCheck,Turks and Caicos Islands,9.8. Marine Neritic – Coral Reef,marine,habitat (IUCN 9-13 / palavra-chave)
2096,ReefCheck,Turks and Caicos Islands,9.8. Marine Neritic – Coral Reef,marine,habitat (IUCN 9-13 / palavra-chave)
2097,ReefCheck,Turks and Caicos Islands,9.8. Marine Neritic – Coral Reef,marine,habitat (IUCN 9-13 / palavra-chave)
2098,ReefCheck,Turks and Caicos Islands,9.8. Marine Neritic – Coral Reef,marine,habitat (IUCN 9-13 / palavra-chave)
2099,ReefCheck,Turks and Caicos Islands,9.8. Marine Neritic – Coral Reef,marine,habitat (IUCN 9-13 / palavra-chave)
2100,ReefCheck,Turks and Caicos Islands,9.8. Marine Neritic – Coral Reef,marine,habitat (IUCN 9-13 / palavra-chave)
2101,ReefCheck,Turks and Caicos Islands,9.8. Marine Neritic – Coral Reef,marine,habitat (IUCN 9-13 / palavra-chave)
2102,ReefCheck,Turks and Caicos Islands,9.8. Marine Neritic – Coral Reef,marine,habitat (IUCN 9-13 / palavra-chave)
2103,ReefCheck,Turks and Caicos Islands,9.8. Marine Neritic – Coral Reef,marine,habitat (IUCN 9-13 / palavra-chave)
2104,ReefCheck,Turks and Caicos Islands,9.8. Marine Neritic – Coral Reef,marine,habitat (IUCN 9-13 / palavra-chave)
2105,ReefCheck,Turks and Caicos Islands,9.8. Marine Neritic – Coral Reef,marine,habitat (IUCN 9-13 / palavra-chave)
2106,ReefCheck,Turks and Caicos Islands,9.8. Marine Neritic – Coral Reef,marine,habitat (IUCN 9-13 / palavra-chave)
2107,ReefCheck,Turks and Caicos Islands,9.8. Marine Neritic – Coral Reef,marine,habitat (IUCN 9-13 / palavra-chave)
2108,ReefCheck,Turks and Caicos Islands,9.8. Marine Neritic – Coral Reef,marine,habitat (IUCN 9-13 / palavra-chave)
2109,ReefCheck,Turks and Caicos Islands,9.8. Marine Neritic – Coral Reef,marine,habitat (IUCN 9-13 / palavra-chave)
2110,ReefCheck,Turks and Caicos Islands,9.8. Marine Neritic – Coral Reef,marine,habitat (IUCN 9-13 / palavra-chave)
2111,ReefCheck,Turks and Caicos Islands,9.8. Marine Neritic – Coral Reef,marine,habitat (IUCN 9-13 / palavra-chave)
2112,ReefCheck,Turks and Caicos Islands,9.8. Marine Neritic – Coral Reef,marine,habitat (IUCN 9-13 / palavra-chave)
2113,ReefCheck,Turks and Caicos Islands,9.8. Marine Neritic – Coral Reef,marine,habitat (IUCN 9-13 / palavra-chave)
2114,ReefCheck,Turks and Caicos Islands,9.8. Marine Neritic – Coral Reef,marine,habitat (IUCN 9-13 / palavra-chave)
2115,ReefCheck,Turks and Caicos Islands,9.8. Marine Neritic – Coral Reef,marine,habitat (IUCN 9-13 / palavra-chave)
2116,ReefCheck,Turks and Caicos Islands,9.8. Marine Neritic – Coral Reef,marine,habitat (IUCN 9-13 / palavra-chave)
2117,ReefCheck,Turks and Caicos Islands,9.8. Marine Neritic – Coral Reef,marine,habitat (IUCN 9-13 / palavra-chave)
2118,ReefCheck,Turks and Caicos Islands,9.8. Marine Neritic – Coral Reef,marine,habitat (IUCN 9-13 / palavra-chave)
2119,ReefCheck,Turks and Caicos Islands,9.8. Marine Neritic – Coral Reef,marine,habitat (IUCN 9-13 / palavra-chave)
2120,ReefCheck,Turks and Caicos Islands,9.8. Marine Neritic – Coral Reef,marine,habitat (IUCN 9-13 / palavra-chave)
2121,ReefCheck,Turks and Caicos Islands,9.8. Marine Neritic – Coral Reef,marine,habitat (IUCN 9-13 / palavra-chave)
2122,ReefCheck,Turks and Caicos Islands,9.8. Marine Neritic – Coral Reef,marine,habitat (IUCN 9-13 / palavra-chave)
2123,ReefCheck,Turks and Caicos Islands,9.8. Marine Neritic – Coral Reef,marine,habitat (IUCN 9-13 / palavra-chave)
2124,ReefCheck,United States of America,9.8. Marine Neritic – Coral Reef,marine,habitat (IUCN 9-13 / palavra-chave)
2125,ReefCheck,United States of America,9.8. Marine Neritic – Coral Reef,marine,habitat (IUCN 9-13 / palavra-chave)
2126,ReefCheck,United States of America,9.8. Marine Neritic – Coral Reef,marine,habitat (IUCN 9-13 / palavra-chave)
2127,ReefCheck,United States of America,9.8. Marine Neritic – Coral Reef,marine,habitat (IUCN 9-13 / palavra-chave)
2128,ReefCheck,United States of America,9.8. Marine Neritic – Coral Reef,marine,habitat (IUCN 9-13 / palavra-chave)
2129,ReefCheck,United States of America,9.8. Marine Neritic – Coral Reef,marine,habitat (IUCN 9-13 / palavra-chave)
2130,ReefCheck,United States of America,9.8. Marine Neritic – Coral Reef,marine,habitat (IUCN 9-13 / palavra-chave)
2131,ReefCheck,United States of America,9.8. Marine Neritic – Coral Reef,marine,habitat (IUCN 9-13 / palavra-chave)
2132,ReefCheck,United States of America,9.8. Marine Neritic – Coral Reef,marine,habitat (IUCN 9-13 / palavra-chave)
2133,ReefCheck,United States of America,9.8. Marine Neritic – Coral Reef,marine,habitat (IUCN 9-13 / palavra-chave)
2134,ReefCheck,United States of America,9.8. Marine Neritic – Coral Reef,marine,habitat (IUCN 9-13 / palavra-chave)
2135,ReefCheck,United States of America,9.8. Marine Neritic – Coral Reef,marine,habitat (IUCN 9-13 / palavra-chave)
2136,ReefCheck,United States of America,9.8. Marine Neritic – Coral Reef,marine,habitat (IUCN 9-13 / palavra-chave)
2137,ReefCheck,United States of America,9.8. Marine Neritic – Coral Reef,marine,habitat (IUCN 9-13 / palavra-chave)
2138,ReefCheck,United States of America,9.8. Marine Neritic – Coral Reef,marine,habitat (IUCN 9-13 / palavra-chave)
2139,ReefCheck,United States of America,9.8. Marine Neritic – Coral Reef,marine,habitat (IUCN 9-13 / palavra-chave)
2140,ReefCheck,United States of America,9.8. Marine Neritic – Coral Reef,marine,habitat (IUCN 9-13 / palavra-chave)
2141,ReefCheck,United States of America,9.8. Marine Neritic – Coral Reef,marine,habitat (IUCN 9-13 / palavra-chave)
2142,ReefCheck,United States of America,9.8. Marine Neritic – Coral Reef,marine,habitat (IUCN 9-13 / palavra-chave)
2143,ReefCheck,United States of America,9.8. Marine Neritic – Coral Reef,marine,habitat (IUCN 9-13 / palavra-chave)
2144,ReefCheck,United States of America,9.8. Marine Neritic – Coral Reef,marine,habitat (IUCN 9-13 / palavra-chave)
2145,ReefCheck,United States of America,9.8. Marine Neritic – Coral Reef,marine,habitat (IUCN 9-13 / palavra-chave)
2146,ReefCheck,United States of America,9.8. Marine Neritic – Coral Reef,marine,habitat (IUCN 9-13 / palavra-chave)
2147,ReefCheck,United States of America,9.8. Marine Neritic – Coral Reef,marine,habitat (IUCN 9-13 / palavra-chave)
2148,ReefCheck,United States of America,9.8. Marine Neritic – Coral Reef,marine,habitat (IUCN 9-13 / palavra-chave)
2149,ReefCheck,United States of America,9.8. Marine Neritic – Coral Reef,marine,habitat (IUCN 9-13 / palavra-chave)
2150,ReefCheck,United States of America,9.8. Marine Neritic – Coral Reef,marine,habitat (IUCN 9-13 / palavra-chave)
2151,ReefCheck,United States of America,9.8. Marine Neritic – Coral Reef,marine,habitat (IUCN 9-13 / palavra-chave)
2152,ReefCheck,United States of America,9.8. Marine Neritic – Coral Reef,marine,habitat (IUCN 9-13 / palavra-chave)
2153,ReefCheck,United States of America,9.8. Marine Neritic – Coral Reef,marine,habitat (IUCN 9-13 / palavra-chave)
2154,ReefCheck,United States of America,9.8. Marine Neritic – Coral Reef,marine,habitat (IUCN 9-13 / palavra-chave)
2155,ReefCheck,United States of America,9.8. Marine Neritic – Coral Reef,marine,habitat (IUCN 9-13 / palavra-chave)
2156,ReefCheck,United States of America,9.8. Marine Neritic – Coral Reef,marine,habitat (IUCN 9-13 / palavra-chave)
2157,ReefCheck,United States of America,9.8. Marine Neritic – Coral Reef,marine,habitat (IUCN 9-13 / palavra-chave)
2158,ReefCheck,United States of America,9.8. Marine Neritic – Coral Reef,marine,habitat (IUCN 9-13 / palavra-chave)
2159,ReefCheck,United States of America,9.8. Marine Neritic – Coral Reef,marine,habitat (IUCN 9-13 / palavra-chave)
2160,ReefCheck,United States of America,9.8. Marine Neritic – Coral Reef,marine,habitat (IUCN 9-13 / palavra-chave)
2161,ReefCheck,United States of America,9.8. Marine Neritic – Coral Reef,marine,habitat (IUCN 9-13 / palavra-chave)
2162,ReefCheck,United States of America,9.8. Marine Neritic – Coral Reef,marine,habitat (IUCN 9-13 / palavra-chave)
2163,ReefCheck,United States of America,9.8. Marine Neritic – Coral Reef,marine,habitat (IUCN 9-13 / palavra-chave)
2164,ReefCheck,United States of America,9.8. Marine Neritic – Coral Reef,marine,habitat (IUCN 9-13 / palavra-chave)
2165,ReefCheck,United States of America,9.8. Marine Neritic – Coral Reef,marine,habitat (IUCN 9-13 / palavra-chave)
2166,ReefCheck,United States of America,9.8. Marine Neritic – Coral Reef,marine,habitat (IUCN 9-13 / palavra-chave)
2167,ReefCheck,United States of America,9.8. Marine Neritic – Coral Reef,marine,habitat (IUCN 9-13 / palavra-chave)
2168,ReefCheck,United States of America,9.8. Marine Neritic – Coral Reef,marine,habitat (IUCN 9-13 / palavra-chave)
2169,ReefCheck,United States of America,9.8. Marine Neritic – Coral Reef,marine,habitat (IUCN 9-13 / palavra-chave)
2170,ReefCheck,United States of America,9.8. Marine Neritic – Coral Reef,marine,habitat (IUCN 9-13 / palavra-chave)
2171,ReefCheck,United States of America,9.8. Marine Neritic – Coral Reef,marine,habitat (IUCN 9-13 / palavra-chave)
2172,ReefCheck,United States of America,9.8. Marine Neritic – Coral Reef,marine,habitat (IUCN 9-13 / palavra-chave)
2173,ReefCheck,United States of America,9.8. Marine Neritic – Coral Reef,marine,habitat (IUCN 9-13 / palavra-chave)
2174,ReefCheck,United States of America,9.8. Marine Neritic – Coral Reef,marine,habitat (IUCN 9-13 / palavra-chave)
2175,ReefCheck,United States of America,9.8. Marine Neritic – Coral Reef,marine,habitat (IUCN 9-13 / palavra-chave)
2176,ReefCheck,United States of America,9.8. Marine Neritic – Coral Reef,marine,habitat (IUCN 9-13 / palavra-chave)
2177,ReefCheck,United States of America,9.8. Marine Neritic – Coral Reef,marine,habitat (IUCN 9-13 / palavra-chave)
2178,ReefCheck,United States of America,9.8. Marine Neritic – Coral Reef,marine,habitat (IUCN 9-13 / palavra-chave)
2179,ReefCheck,United States of America,9.8. Marine Neritic – Coral Reef,marine,habitat (IUCN 9-13 / palavra-chave)
2180,ReefCheck,United States of America,9.8. Marine Neritic – Coral Reef,marine,habitat (IUCN 9-13 / palavra-chave)
2181,ReefCheck,United States of America,9.8. Marine Neritic – Coral Reef,marine,habitat (IUCN 9-13 / palavra-chave)
2182,ReefCheck,United States of America,9.8. Marine Neritic – Coral Reef,marine,habitat (IUCN 9-13 / palavra-chave)
2183,ReefCheck,United States of America,9.8. Marine Neritic – Coral Reef,marine,habitat (IUCN 9-13 / palavra-chave)
2184,ReefCheck,United States of America,9.8. Marine Neritic – Coral Reef,marine,habitat (IUCN 9-13 / palavra-chave)
2185,ReefCheck,United States of America,9.8. Marine Neritic – Coral Reef,marine,habitat (IUCN 9-13 / palavra-chave)
2186,ReefCheck,United States of America,9.8. Marine Neritic – Coral Reef,marine,habitat (IUCN 9-13 / palavra-chave)
2187,ReefCheck,United States of America,9.8. Marine Neritic – Coral Reef,marine,habitat (IUCN 9-13 / palavra-chave)
2188,ReefCheck,United States of America,9.8. Marine Neritic – Coral Reef,marine,habitat (IUCN 9-13 / palavra-chave)
2189,ReefCheck,United States of America,9.8. Marine Neritic – Coral Reef,marine,habitat (IUCN 9-13 / palavra-chave)
2190,ReefCheck,United States of America,9.8. Marine Neritic – Coral Reef,marine,habitat (IUCN 9-13 / palavra-chave)
2191,ReefCheck,United States of America,9.8. Marine Neritic – Coral Reef,marine,habitat (IUCN 9-13 / palavra-chave)
2192,ReefCheck,United States of America,9.8. Marine Neritic – Coral Reef,marine,habitat (IUCN 9-13 / palavra-chave)
2193,ReefCheck,United States of America,9.8. Marine Neritic – Coral Reef,marine,habitat (IUCN 9-13 / palavra-chave)
2194,ReefCheck,United States of America,9.8. Marine Neritic – Coral Reef,marine,habitat (IUCN 9-13 / palavra-chave)
2195,ReefCheck,United States of America,9.8. Marine Neritic – Coral Reef,marine,habitat (IUCN 9-13 / palavra-chave)
2196,ReefCheck,United States of America,9.8. Marine Neritic – Coral Reef,marine,habitat (IUCN 9-13 / palavra-chave)
2197,ReefCheck,United States of America,9.8. Marine Neritic – Coral Reef,marine,habitat (IUCN 9-13 / palavra-chave)
2198,ReefCheck,United States of America,9.8. Marine Neritic – Coral Reef,marine,habitat (IUCN 9-13 / palavra-chave)
2199,ReefCheck,United States of America,9.8. Marine Neritic – Coral Reef,marine,habitat (IUCN 9-13 / palavra-chave)
2200,ReefCheck,United States of America,9.8. Marine Neritic – Coral Reef,marine,habitat (IUCN 9-13 / palavra-chave)
2201,ReefCheck,United States of America,9.8. Marine Neritic – Coral Reef,marine,habitat (IUCN 9-13 / palavra-chave)
2202,ReefCheck,United States of America,9.8. Marine Neritic – Coral Reef,marine,habitat (IUCN 9-13 / palavra-chave)
2203,ReefCheck,United States of America,9.8. Marine Neritic – Coral Reef,marine,habitat (IUCN 9-13 / palavra-chave)
2204,ReefCheck,United States of America,9.8. Marine Neritic – Coral Reef,marine,habitat (IUCN 9-13 / palavra-chave)
2205,ReefCheck,United States of America,9.8. Marine Neritic – Coral Reef,marine,habitat (IUCN 9-13 / palavra-chave)
2206,ReefCheck,United States of America,9.8. Marine Neritic – Coral Reef,marine,habitat (IUCN 9-13 / palavra-chave)
2207,ReefCheck,United States of America,9.8. Marine Neritic – Coral Reef,marine,habitat (IUCN 9-13 / palavra-chave)
2208,ReefCheck,United States of America,9.8. Marine Neritic – Coral Reef,marine,habitat (IUCN 9-13 / palavra-chave)
2209,ReefCheck,United States of America,9.8. Marine Neritic – Coral Reef,marine,habitat (IUCN 9-13 / palavra-chave)
2210,ReefCheck,United States of America,9.8. Marine Neritic – Coral Reef,marine,habitat (IUCN 9-13 / palavra-chave)
2211,ReefCheck,United States of America,9.8. Marine Neritic – Coral Reef,marine,habitat (IUCN 9-13 / palavra-chave)
2212,ReefCheck,United States of America,9.8. Marine Neritic – Coral Reef,marine,habitat (IUCN 9-13 / palavra-chave)
2213,ReefCheck,United States of America,9.8. Marine Neritic – Coral Reef,marine,habitat (IUCN 9-13 / palavra-chave)
2214,ReefCheck,United States of America,9.8. Marine Neritic – Coral Reef,marine,habitat (IUCN 9-13 / palavra-chave)
2215,ReefCheck,United States of America,9.8. Marine Neritic – Coral Reef,marine,habitat (IUCN 9-13 / palavra-chave)
2216,ReefCheck,Venezuela,9.8. Marine Neritic – Coral Reef,marine,habitat (IUCN 9-13 / palavra-chave)
2217,ReefCheck,Virgin Islands,9.8. Marine Neritic – Coral Reef,marine,habitat (IUCN 9-13 / palavra-chave)
2218,ReefCheck,Virgin Islands,9.8. Marine Neritic – Coral Reef,marine,habitat (IUCN 9-13 / palavra-chave)
2219,ReefCheck,Virgin Islands,9.8. Marine Neritic – Coral Reef,marine,habitat (IUCN 9-13 / palavra-chave)
2220,ReefCheck,Virgin Islands,9.8. Marine Neritic – Coral Reef,marine,habitat (IUCN 9-13 / palavra-chave)
2221,ReefCheck,Virgin Islands,9.8. Marine Neritic – Coral Reef,marine,habitat (IUCN 9-13 / palavra-chave)
2222,ReefCheck,Virgin Islands,9.8. Marine Neritic – Coral Reef,marine,habitat (IUCN 9-13 / palavra-chave)
2223,ReefCheck,Virgin Islands,9.8. Marine Neritic – Coral Reef,marine,habitat (IUCN 9-13 / palavra-chave)
2224,ReefCheck,Virgin Islands,9.8. Marine Neritic – Coral Reef,marine,habitat (IUCN 9-13 / palavra-chave)
2225,ReefCheck,Virgin Islands,9.8. Marine Neritic – Coral Reef,marine,habitat (IUCN 9-13 / palavra-chave)
2226,ReefCheck,Virgin Islands,9.8. Marine Neritic – Coral Reef,marine,habitat (IUCN 9-13 / palavra-chave)
2227,ReefCheck,Virgin Islands,9.8. Marine Neritic – Coral Reef,marine,habitat (IUCN 9-13 / palavra-chave)
2228,ReefCheck,Virgin Islands,9.8. Marine Neritic – Coral Reef,marine,habitat (IUCN 9-13 / palavra-chave)
2229,ReefCheck,Virgin Islands,9.8. Marine Neritic – Coral Reef,marine,habitat (IUCN 9-13 / palavra-chave)
2230,ReefCheck,Virgin Islands,9.8. Marine Neritic – Coral Reef,marine,habitat (IUCN 9-13 / palavra-chave)
2231,ReefCheck,Virgin Islands,9.8. Marine Neritic – Coral Reef,marine,habitat (IUCN 9-13 / palavra-chave)
2232,ReefCheck,Virgin Islands,9.8. Marine Neritic – Coral Reef,marine,habitat (IUCN 9-13 / palavra-chave)
2233,ReefCheck,Virgin Islands,9.8. Marine Neritic – Coral Reef,marine,habitat (IUCN 9-13 / palavra-chave)
2234,ReefCheck,Virgin Islands,9.8. Marine Neritic – Coral Reef,marine,habitat (IUCN 9-13 / palavra-chave)
2235,ReefCheck,Virgin Islands,9.8. Marine Neritic – Coral Reef,marine,habitat (IUCN 9-13 / palavra-chave)
2236,ReefCheck,Virgin Islands,9.8. Marine Neritic – Coral Reef,marine,habitat (IUCN 9-13 / palavra-chave)
2237,ReefCheck,Virgin Islands,9.8. Marine Neritic – Coral Reef,marine,habitat (IUCN 9-13 / palavra-chave)
2238,ReefCheck,Virgin Islands,9.8. Marine Neritic – Coral Reef,marine,habitat (IUCN 9-13 / palavra-chave)
2239,ReefCheck,Virgin Islands,9.8. Marine Neritic – Coral Reef,marine,habitat (IUCN 9-13 / palavra-chave)
2240,ReefCheck,Virgin Islands,9.8. Marine Neritic – Coral Reef,marine,habitat (IUCN 9-13 / palavra-chave)
2241,ReefCheck,Virgin Islands,9.8. Marine Neritic – Coral Reef,marine,habitat (IUCN 9-13 / palavra-chave)
2242,ReefCheck,Virgin Islands,9.8. Marine Neritic – Coral Reef,marine,habitat (IUCN 9-13 / palavra-chave)
2243,ReefCheck,Virgin Islands,9.8. Marine Neritic – Coral Reef,marine,habitat (IUCN 9-13 / palavra-chave)
2244,ReefCheck,Virgin Islands,9.8. Marine Neritic – Coral Reef,marine,habitat (IUCN 9-13 / palavra-chave)
2245,ReefCheck,Virgin Islands,9.8. Marine Neritic – Coral Reef,marine,habitat (IUCN 9-13 / palavra-chave)
2246,ReefCheck,Virgin Islands,9.8. Marine Neritic – Coral Reef,marine,habitat (IUCN 9-13 / palavra-chave)
2247,ReefCheck,Virgin Islands,9.8. Marine Neritic – Coral Reef,marine,habitat (IUCN 9-13 / palavra-chave)
2248,ReefCheck,Virgin Islands,9.8. Marine Neritic – Coral Reef,marine,habitat (IUCN 9-13 / palavra-chave)
2249,ReefCheck,Virgin Islands,9.8. Marine Neritic – Coral Reef,marine,habitat (IUCN 9-13 / palavra-chave)
2250,ReefCheck,Virgin Islands,9.8. Marine Neritic – Coral Reef,marine,habitat (IUCN 9-13 / palavra-chave)
2251,ReefCheck,Virgin Islands,9.8. Marine Neritic – Coral Reef,marine,habitat (IUCN 9-13 / palavra-chave)
2252,ReefCheck,Virgin Islands,9.8. Marine Neritic – Coral Reef,marine,habitat (IUCN 9-13 / palavra-chave)
2253,ReefCheck,Virgin Islands,9.8. Marine Neritic – Coral Reef,marine,habitat (IUCN 9-13 / palavra-chave)
2254,ReefCheck,Virgin Islands,9.8. Marine Neritic – Coral Reef,marine,habitat (IUCN 9-13 / palavra-chave)
2255,ReefCheck,Virgin Islands,9.8. Marine Neritic – Coral Reef,marine,habitat (IUCN 9-13 / palavra-chave)
2256,ReefCheck,Virgin Islands,9.8. Marine Neritic – Coral Reef,marine,habitat (IUCN 9-13 / palavra-chave)
2257,ReefCheck,Virgin Islands,9.8. Marine Neritic – Coral Reef,marine,habitat (IUCN 9-13 / palavra-chave)
2258,ReefCheck,Virgin Islands,9.8. Marine Neritic – Coral Reef,marine,habitat (IUCN 9-13 / palavra-chave)
2259,ReefCheck,Virgin Islands,9.8. Marine Neritic – Coral Reef,marine,habitat (IUCN 9-13 / palavra-chave)
2260,ReefCheck,Virgin Islands,9.8. Marine Neritic – Coral Reef,marine,habitat (IUCN 9-13 / palavra-chave)
2261,Univ.Andes,Venezuela,Forest – Subtropical/tropical moist lowland,terrestrial,habitat (outros codigos)
2262,Univ.Andes,Venezuela,Forest – Subtropical/tropical moist lowland,terrestrial,habitat (outros codigos)
2263,Univ.Andes,Venezuela,Forest – Subtropical/tropical moist lowland,terrestrial,habitat (outros codigos)
2264,Univ.Andes,Venezuela,Forest – Subtropical/tropical moist lowland,terrestrial,habitat (outros codigos)
2265,Univ.Andes,Venezuela,Forest – Subtropical/tropical moist lowland,terrestrial,habitat (outros codigos)
2266,Univ.Andes,Venezuela,Forest – Subtropical/tropical moist lowland,terrestrial,habitat (outros codigos)
2267,Univ.Andes,Venezuela,Forest – Subtropical/tropical moist lowland,terrestrial,habitat (outros codigos)
2268,Univ.Andes,Venezuela,Forest – Subtropical/tropical moist lowland,terrestrial,habitat (outros codigos)
2269,Univ.Andes,Venezuela,Forest – Subtropical/tropical moist lowland,terrestrial,habitat (outros codigos)
2270,Univ.Andes,Venezuela,Forest – Subtropical/tropical moist lowland,terrestrial,habitat (outros codigos)
2271,Univ.Andes,Venezuela,Forest – Subtropical/tropical moist lowland,terrestrial,habitat (outros codigos)
2272,Univ.Andes,Venezuela,Forest – Subtropical/tropical moist lowland,terrestrial,habitat (outros codigos)
2273,Univ.Andes,Venezuela,Forest – Subtropical/tropical moist lowland,terrestrial,habitat (outros codigos)
2274,Univ.Andes,Venezuela,Forest – Subtropical/tropical moist lowland,terrestrial,habitat (outros codigos)
2275,Univ.Andes,Venezuela,Forest – Subtropical/tropical moist lowland,terrestrial,habitat (outros codigos)
2276,Univ.Andes,Venezuela,Forest – Subtropical/tropical moist montane,terrestrial,habitat (outros codigos)
2277,Univ.Andes,Venezuela,Forest – Subtropical/tropical dry,terrestrial,habitat (outros codigos)
2278,Univ.Andes,Venezuela,Forest – Subtropical/tropical dry,terrestrial,habitat (outros codigos)
2279,Univ.Andes,Venezuela,Forest – Subtropical/tropical dry,terrestrial,habitat (outros codigos)
2280,Univ.Andes,Venezuela,Forest – Subtropical/tropical moist lowland,terrestrial,habitat (outros codigos)
2281,Univ.Andes,Venezuela,Forest – Subtropical/tropical moist lowland,terrestrial,habitat (outros codigos)
2282,Univ.Andes,Venezuela,Forest – Subtropical/tropical moist lowland,terrestrial,habitat (outros codigos)
2283,Univ.Andes,Venezuela,Forest – Subtropical/tropical moist lowland,terrestrial,habitat (outros codigos)
2284,Univ.Andes,Venezuela,Forest – Subtropical/tropical moist lowland,terrestrial,habitat (outros codigos)
2285,Univ.Andes,Venezuela,Forest – Subtropical/tropical moist lowland,terrestrial,habitat (outros codigos)
2286,Univ.Andes,Venezuela,Forest – Subtropical/tropical moist lowland,terrestrial,habitat (outros codigos)
2287,Univ.Andes,Venezuela,Forest – Subtropical/tropical moist lowland,terrestrial,habitat (outros codigos)
2288,Univ.Andes,Venezuela,Forest – Subtropical/tropical moist lowland,terrestrial,habitat (outros codigos)
2289,Univ.Andes,Venezuela,Forest – Subtropical/tropical moist lowland,terrestrial,habitat (outros codigos)
2290,Univ.Andes,Venezuela,Forest – Subtropical/tropical moist lowland,terrestrial,habitat (outros codigos)
2291,Univ.Andes,Venezuela,Forest – Subtropical/tropical dry,terrestrial,habitat (outros codigos)
2292,Univ.Andes,Venezuela,Forest – Subtropical/tropical moist montane,terrestrial,habitat (outros codigos)
2293,Univ.Andes,Venezuela,Forest – Subtropical/tropical moist montane,terrestrial,habitat (outros codigos)
2294,Univ.Andes,Venezuela,Forest – Subtropical/tropical moist montane,terrestrial,habitat (outros codigos)
2295,Univ.Andes,Venezuela,Forest – Subtropical/tropical moist montane,terrestrial,habitat (outros codigos)
2296,Univ.Andes,Venezuela,Forest – Subtropical/tropical moist montane,terrestrial,habitat (outros codigos)
2297,Univ.Andes,Venezuela,Forest – Subtropical/tropical moist montane,terrestrial,habitat (outros codigos)
2298,OPWALL-ECU-T,Ecuador,1.6. Forest – Subtropical/tropical moist lowland,terrestrial,habitat (outros codigos)
2299,OPWALL-ECU-T,Ecuador,1.6. Forest – Subtropical/tropical moist lowland,terrestrial,habitat (outros codigos)
2300,OPWALL-ECU-T,Ecuador,1.6. Forest – Subtropical/tropical moist lowland,terrestrial,habitat (outros codigos)
2301,OPWALL-ECU-T,Ecuador,1.6. Forest – Subtropical/tropical moist lowland,terrestrial,habitat (outros codigos)
2302,OPWALL-ECU-T,Ecuador,1.6. Forest – Subtropical/tropical moist lowland,terrestrial,habitat (outros codigos)
2303,OPWALL-ECU-T,Ecuador,1.6. Forest – Subtropical/tropical moist lowland,terrestrial,habitat (outros codigos)
2304,OPWALL-ECU-T,Ecuador,1.6. Forest – Subtropical/tropical moist lowland,terrestrial,habitat (outros codigos)
2305,DinamicPlant,Mexico,1.5. Forest – Subtropical/tropical dry,terrestrial,habitat (outros codigos)
2306,DinamicPlant,Mexico,1.5. Forest – Subtropical/tropical dry,terrestrial,habitat (outros codigos)
2307,DinamicPlant,Mexico,1.4. Forest – Temperate,terrestrial,habitat (outros codigos)
2308,GLORIA-Andes,Venezuela,4.7. Grassland – Subtropical/tropical high altitude,terrestrial,habitat (outros codigos)
2309,GLORIA-Andes,Venezuela,4.7. Grassland – Subtropical/tropical high altitude,terrestrial,habitat (outros codigos)
2310,GLORIA-Andes,Colombia,4.7. Grassland – Subtropical/tropical high altitude,terrestrial,habitat (outros codigos)
2311,GLORIA-Andes,Ecuador,4.7. Grassland – Subtropical/tropical high altitude,terrestrial,habitat (outros codigos)
2312,GLORIA-Andes,Ecuador,4.7. Grassland – Subtropical/tropical high altitude,terrestrial,habitat (outros codigos)
2313,GLORIA-Andes,Ecuador,4.7. Grassland – Subtropical/tropical high altitude,terrestrial,habitat (outros codigos)
2314,GLORIA-Andes,Ecuador,4.7. Grassland – Subtropical/tropical high altitude,terrestrial,habitat (outros codigos)
2315,GLORIA-Andes,Ecuador,4.7. Grassland – Subtropical/tropical high altitude,terrestrial,habitat (outros codigos)
2316,GLORIA-Andes,Peru,4.7. Grassland – Subtropical/tropical high altitude,terrestrial,habitat (outros codigos)
2317,GLORIA-Andes,Peru,4.7. Grassland – Subtropical/tropical high altitude,terrestrial,habitat (outros codigos)
2318,GLORIA-Andes,Bolivia,4.7. Grassland – Subtropical/tropical high altitude,terrestrial,habitat (outros codigos)
2319,GLORIA-Andes,Bolivia,4.7. Grassland – Subtropical/tropical high altitude,terrestrial,habitat (outros codigos)
2320,GLORIA-Andes,Bolivia,4.7. Grassland – Subtropical/tropical high altitude,terrestrial,habitat (outros codigos)
2321,GLORIA-Andes,Argentina,4.7. Grassland – Subtropical/tropical high altitude,terrestrial,habitat (outros codigos)
2322,GLORIA-Andes,Argentina,4.7. Grassland – Subtropical/tropical high altitude,terrestrial,habitat (outros codigos)
2323,GLORIA-Andes,Argentina,4.7. Grassland – Subtropical/tropical high altitude,terrestrial,habitat (outros codigos)
2324,GLORIA-Andes,Argentina,17. Other: Grassland – Temperate (high altitude),terrestrial,habitat (outros codigos)
2325,GLORIA-Andes,Argentina,17. Other: Grassland – Subantarctic (high altitude) / 6. Rocky areas (mountain peaks),terrestrial,habitat (outros codigos)
2326,GLORIA-Andes,Chile,4.7. Grassland – Subtropical/tropical high altitude,terrestrial,habitat (outros codigos)
2327,SINCHI,Colombia,1.6. Forest – Subtropical/tropical moist lowland,terrestrial,habitat (outros codigos)
2328,SINCHI,Colombia,1.6. Forest – Subtropical/tropical moist lowland,terrestrial,habitat (outros codigos)
2329,SINCHI,Colombia,1.8. Bosque - Subtropical/pantano tropical,terrestrial,habitat (outros codigos)
2330,SINCHI,Colombia,1.6. Forest – Subtropical/tropical moist lowland,terrestrial,habitat (outros codigos)
2331,SINCHI,Colombia,1.8. Bosque - Subtropical/pantano tropical,terrestrial,habitat (outros codigos)
2332,SINCHI,Colombia,1.8. Bosque - Subtropical/pantano tropical,terrestrial,habitat (outros codigos)
2333,SINCHI,Colombia,1.6. Forest – Subtropical/tropical moist lowland,terrestrial,habitat (outros codigos)
2334,SINCHI,Colombia,1.6. Forest – Subtropical/tropical moist lowland,terrestrial,habitat (outros codigos)
2335,SINCHI,Colombia,1.8. Bosque - Subtropical/pantano tropical,terrestrial,habitat (outros codigos)
2336,SINCHI,Colombia,1.6. Forest – Subtropical/tropical moist lowland,terrestrial,habitat (outros codigos)
2337,SINCHI,Colombia,1.6. Forest – Subtropical/tropical moist lowland,terrestrial,habitat (outros codigos)
2338,SINCHI,Colombia,1.6. Forest – Subtropical/tropical moist lowland,terrestrial,habitat (outros codigos)
2339,SINCHI,Colombia,1.6. Forest – Subtropical/tropical moist lowland,terrestrial,habitat (outros codigos)
2340,SINCHI,Colombia,1.8. Bosque - Subtropical/pantano tropical,terrestrial,habitat (outros codigos)
2341,SINCHI,Colombia,1.6. Forest – Subtropical/tropical moist lowland,terrestrial,habitat (outros codigos)
2342,SINCHI,Colombia,1.8. Bosque - Subtropical/pantano tropical,terrestrial,habitat (outros codigos)
2343,SINCHI,Colombia,1.6. Forest – Subtropical/tropical moist lowland,terrestrial,habitat (outros codigos)
2344,SINCHI,Colombia,1.6. Forest – Subtropical/tropical moist lowland,terrestrial,habitat (outros codigos)
2345,SINCHI,Colombia,1.6. Forest – Subtropical/tropical moist lowland,terrestrial,habitat (outros codigos)
2346,SINCHI,Colombia,1.8. Bosque - Subtropical/pantano tropical,terrestrial,habitat (outros codigos)
2347,SINCHI,Colombia,1.6. Forest – Subtropical/tropical moist lowland,terrestrial,habitat (outros codigos)
2348,SINCHI,Colombia,1.6. Forest – Subtropical/tropical moist lowland,terrestrial,habitat (outros codigos)
2349,SINCHI,Colombia,1.6. Forest – Subtropical/tropical moist lowland,terrestrial,habitat (outros codigos)
2350,SINCHI,Colombia,1.6. Forest – Subtropical/tropical moist lowland,terrestrial,habitat (outros codigos)
2351,SINCHI,Colombia,1.6. Forest – Subtropical/tropical moist lowland,terrestrial,habitat (outros codigos)
2352,SINCHI,Colombia,1.8. Bosque - Subtropical/pantano tropical,terrestrial,habitat (outros codigos)
2353,SINCHI,Colombia,1.6. Forest – Subtropical/tropical moist lowland,terrestrial,habitat (outros codigos)
2354,SINCHI,Colombia,1.8. Bosque - Subtropical/pantano tropical,terrestrial,habitat (outros codigos)
2355,SINCHI,Colombia,1.8. Bosque - Subtropical/pantano tropical,terrestrial,habitat (outros codigos)
2356,SINCHI,Colombia,1.6. Forest – Subtropical/tropical moist lowland,terrestrial,habitat (outros codigos)
2357,SINCHI,Colombia,1.6. Forest – Subtropical/tropical moist lowland,terrestrial,habitat (outros codigos)
2358,SINCHI,Colombia,1.6. Forest – Subtropical/tropical moist lowland,terrestrial,habitat (outros codigos)
2359,SINCHI,Colombia,1.6. Forest – Subtropical/tropical moist lowland,terrestrial,habitat (outros codigos)
2360,SINCHI,Colombia,1.6. Forest – Subtropical/tropical moist lowland,terrestrial,habitat (outros codigos)
2361,BAMGES,Brazil,1.6. Forest - Subtropical/tropical moist lowland,terrestrial,habitat (outros codigos)
2362,BAMGES,Brazil,3.5. Shrubland - Subtropical/ tropical dry,terrestrial,habitat (outros codigos)
2363,BAMGES,Brazil,3.5. Shrubland - Subtropical/ tropical dry,terrestrial,habitat (outros codigos)
2364,BAMGES,Brazil,1.6. Forest - Subtropical/tropical moist lowland,terrestrial,habitat (outros codigos)
2365,BAMGES,Brazil,1.6. Forest - Subtropical/tropical moist lowland,terrestrial,habitat (outros codigos)
2366,BAMGES,Brazil,3.5. Shrubland - Subtropical/tropical dry,terrestrial,habitat (outros codigos)
2367,BAMGES,Brazil,1.6. Forest - Subtropical/tropical moist lowland,terrestrial,habitat (outros codigos)
2368,BAMGES,Brazil,1.6. Forest - Subtropical/tropical moist lowland,terrestrial,habitat (outros codigos)
2369,BAMGES,Brazil,1.6. Forest - Subtropical/tropical moist lowland/ 3.5. Shrubland - Subtropical/tropical dry,terrestrial,habitat (outros codigos)
2370,BAMGES,Brazil,3.5. Shrubland - Subtropical/tropical dry / 1.8. Forest - Subtropical/ tropical swamp,freshwater,habitat (outros codigos)
2371,BAMGES,Brazil,4.5. Grassland - Subtropical/tropical dry,terrestrial,habitat (outros codigos)
2372,BAMGES,Brazil,3.5. Shrubland - Subtropical/tropical dry,terrestrial,habitat (outros codigos)
2373,BAMGES,Brazil,1.6. Forest - Subtropical/tropical moist lowland/ 3.5. Shrubland - Subtropical/tropical dry,terrestrial,habitat (outros codigos)
2374,BAMGES,Brazil,1.6. Forest - Subtropical/tropical moist lowland,terrestrial,habitat (outros codigos)
2375,BAMGES,Brazil,1.6. Forest - Subtropical/tropical moist lowland,terrestrial,habitat (outros codigos)
2376,BAMGES,Brazil,1.6. Forest - Subtropical/tropical moist lowland/ 3.5. Shrubland - Subtropical/tropical dry,terrestrial,habitat (outros codigos)
2377,BAMGES,Brazil,1.6. Forest - Subtropical/tropical moist lowland,terrestrial,habitat (outros codigos)
2378,BAMGES,Brazil,1.6. Forest - Subtropical/tropical moist lowland/ 3.5. Shrubland - Subtropical/tropical dry,terrestrial,habitat (outros codigos)
2379,BAMGES,Brazil,1.6. Forest - Subtropical/tropical moist lowland,terrestrial,habitat (outros codigos)
2380,BAMGES,Brazil,1.6. Forest - Subtropical/tropical moist lowland,terrestrial,habitat (outros codigos)
2381,BAMGES,Brazil,1.6. Forest - Subtropical/tropical moist lowland,terrestrial,habitat (outros codigos)
2382,BAMGES,Brazil,1.6. Forest - Subtropical/tropical moist lowland,terrestrial,habitat (outros codigos)
2383,BAMGES,Brazil,1.6. Forest - Subtropical/tropical moist lowland,terrestrial,habitat (outros codigos)
2384,BAMGES,Brazil,1.6. Forest - Subtropical/tropical moist lowland,terrestrial,habitat (outros codigos)
2385,BAMGES,Brazil,1.6. Forest - Subtropical/tropical moist lowland,terrestrial,habitat (outros codigos)
2386,BAMGES,Brazil,1.6. Forest - Subtropical/tropical moist lowland/ 3.5. Shrubland - Subtropical/tropical dry,terrestrial,habitat (outros codigos)
2387,Bio.M.A.,Brazil,1.6. Forest – Subtropical/tropical moist montane,terrestrial,habitat (outros codigos)
2388,Bio.M.A.,Brazil,1.6. Forest – Subtropical/tropical moist montane,terrestrial,habitat (outros codigos)
2389,Bio.M.A.,Brazil,1.6. Forest – Subtropical/tropical moist montane,terrestrial,habitat (outros codigos)
2390,Bio.M.A.,Brazil,1.6. Forest – Subtropical/tropical moist montane,terrestrial,habitat (outros codigos)
2391,DryFlor_Brazil,Brazil,1.5. Floresta - Subtropical / tropical seca,terrestrial,habitat (outros codigos)
2392,DryFlor_Brazil,Brazil,1.5. Floresta - Subtropical / tropical seca,terrestrial,habitat (outros codigos)
2393,DryFlor_Brazil,Brazil,1.5. Floresta - Subtropical / tropical seca,terrestrial,habitat (outros codigos)
2394,DryFlor_Brazil,Brazil,1.5. Floresta - Subtropical / tropical seca,terrestrial,habitat (outros codigos)
2395,DryFlor_Brazil,Brazil,1.5. Floresta - Subtropical / tropical seca,terrestrial,habitat (outros codigos)
2396,DryFlor_Brazil,Brazil,1.5. Floresta - Subtropical / tropical seca,terrestrial,habitat (outros codigos)
2397,DryFlor_Brazil,Brazil,na,terrestrial,projeto (so variaveis terrestres)
2398,DryFlor_Brazil,Brazil,na,terrestrial,projeto (so variaveis terrestres)
2399,DryFlor_Brazil,Brazil,na,terrestrial,projeto (so variaveis terrestres)
2400,DryFlor_Brazil,Brazil,na,terrestrial,projeto (so variaveis terrestres)
2401,DryFlor_Brazil,Brazil,na,terrestrial,projeto (so variaveis terrestres)
2402,DryFlor_Brazil,Brazil,na,terrestrial,projeto (so variaveis terrestres)
2403,DryFlor_Brazil,Brazil,na,terrestrial,projeto (so variaveis terrestres)
2404,DryFlor_Brazil,Brazil,na,terrestrial,projeto (so variaveis terrestres)
2405,DryFlor_Brazil,Brazil,na,terrestrial,projeto (so variaveis terrestres)
2406,DryFlor_Brazil,Brazil,na,terrestrial,projeto (so variaveis terrestres)
2407,DryFlor_Brazil,Brazil,na,terrestrial,projeto (so variaveis terrestres)
2408,DryFlor_Brazil,Brazil,na,terrestrial,projeto (so variaveis terrestres)
2409,DryFlor_Brazil,Brazil,na,terrestrial,projeto (so variaveis terrestres)
2410,DryFlor_Brazil,Brazil,na,terrestrial,projeto (so variaveis terrestres)
2411,DryFlor_Brazil,Brazil,na,terrestrial,projeto (so variaveis terrestres)
2412,DryFlor_Brazil,Brazil,na,terrestrial,projeto (so variaveis terrestres)
2413,DryFlor_Brazil,Brazil,na,terrestrial,projeto (so variaveis terrestres)
2414,DryFlor_Brazil,Brazil,na,terrestrial,projeto (so variaveis terrestres)
2415,DryFlor_Brazil,Brazil,na,terrestrial,projeto (so variaveis terrestres)
2416,DryFlor_Brazil,Brazil,na,terrestrial,projeto (so variaveis terrestres)
2417,DryFlor_Brazil,Brazil,na,terrestrial,projeto (so variaveis terrestres)
2418,DryFlor_Brazil,Brazil,na,terrestrial,projeto (so variaveis terrestres)
2419,DryFlor_Brazil,Brazil,na,terrestrial,projeto (so variaveis terrestres)
2420,DryFlor_Brazil,Brazil,na,terrestrial,projeto (so variaveis terrestres)
2421,DryFlor_Brazil,Brazil,na,terrestrial,projeto (so variaveis terrestres)
2422,DryFlor_Brazil,Brazil,na,terrestrial,projeto (so variaveis terrestres)
2423,e-Phenology/LTER-CRSC,Brazil,4.7. Grassland – Subtropical/tropical high altitude,terrestrial,habitat (outros codigos)
2424,e-Phenology/LTER-CRSC,Brazil,4.7. Grassland – Subtropical/tropical high altitude,terrestrial,habitat (outros codigos)
2425,e-Phenology/LTER-CRSC,Brazil,4.7. Grassland – Subtropical/tropical high altitude,terrestrial,habitat (outros codigos)
2426,e-Phenology/LTER-CRSC,Brazil,4.7. Grassland – Subtropical/tropical high altitude,terrestrial,habitat (outros codigos)
2427,e-Phenology/LTER-CRSC,Brazil,4.7. Grassland – Subtropical/tropical high altitude,terrestrial,habitat (outros codigos)
2428,e-Phenology/LTER-CRSC,Brazil,4.7. Grassland – Subtropical/tropical high altitude,terrestrial,habitat (outros codigos)
2429,e-Phenology/LTER-CRSC,Brazil,4.7. Grassland – Subtropical/tropical high altitude,terrestrial,habitat (outros codigos)
2430,e-Phenology/LTER-CRSC,Brazil,4.7. Grassland – Subtropical/tropical high altitude,terrestrial,habitat (outros codigos)
2431,e-Phenology/LTER-CRSC,Brazil,4.7. Grassland – Subtropical/tropical high altitude,terrestrial,habitat (outros codigos)
2432,e-Phenology/LTER-CRSC,Brazil,4.7. Grassland – Subtropical/tropical high altitude,terrestrial,habitat (outros codigos)
2433,PELD-BSFU,Brazil,1.9. Forest – Subtropical/tropical moist montane,terrestrial,habitat (outros codigos)
2434,PELD-BSFU,Brazil,1.9. Forest – Subtropical/tropical moist montane,terrestrial,habitat (outros codigos)
2435,PELD-BSFU,Brazil,1.9. Forest – Subtropical/tropical moist montane,terrestrial,habitat (outros codigos)
2436,PELD-BSFU,Brazil,1.9. Forest – Subtropical/tropical moist montane,terrestrial,habitat (outros codigos)
2437,PELD-BSFU,Brazil,1.9. Forest – Subtropical/tropical moist montane,terrestrial,habitat (outros codigos)
2438,PELD-BSFU,Brazil,1.9. Forest – Subtropical/tropical moist montane,terrestrial,habitat (outros codigos)
2439,Garrafão,Brazil,1.6. Forest – Subtropical/tropical moist montane,terrestrial,habitat (outros codigos)
2440,Garrafão,Brazil,1.6. Forest – Subtropical/tropical moist montane,terrestrial,habitat (outros codigos)
2441,Garrafão,Brazil,1.6. Forest – Subtropical/tropical moist montane,terrestrial,habitat (outros codigos)
2442,GMSM,Brazil,Forest – Subtropical/tropical moist lowland,terrestrial,habitat (outros codigos)
2443,GMSM,Brazil,Forest – Subtropical/tropical moist lowland,terrestrial,habitat (outros codigos)
2444,GMSM,Brazil,Forest – Subtropical/tropical moist lowland,terrestrial,habitat (outros codigos)
2445,GMSM,Brazil,Forest – Subtropical/tropical moist lowland,terrestrial,habitat (outros codigos)
2446,GMSM,Brazil,Forest – Subtropical/tropical moist lowland,terrestrial,habitat (outros codigos)
2447,GMSM,Brazil,Forest – Subtropical/tropical moist lowland,terrestrial,habitat (outros codigos)
2448,GMSM,Brazil,Forest – Subtropical/tropical moist lowland,terrestrial,habitat (outros codigos)
2449,GMSM,Brazil,Forest – Subtropical/tropical moist lowland,terrestrial,habitat (outros codigos)
2450,GMSM,Brazil,Forest – Subtropical/tropical moist lowland,terrestrial,habitat (outros codigos)
2451,GMSM,Brazil,Forest – Subtropical/tropical moist lowland,terrestrial,habitat (outros codigos)
2452,GMSM,Brazil,Forest – Subtropical/tropical moist lowland,terrestrial,habitat (outros codigos)
2453,GMSM,Brazil,Forest – Subtropical/tropical moist lowland,terrestrial,habitat (outros codigos)
2454,GMSM,Brazil,Forest – Subtropical/tropical moist lowland,terrestrial,habitat (outros codigos)
2455,GMSM,Brazil,Forest – Subtropical/tropical moist lowland,terrestrial,habitat (outros codigos)
2456,GMSM,Brazil,Forest – Subtropical/tropical moist lowland,terrestrial,habitat (outros codigos)
2457,GMSM,Brazil,Forest – Subtropical/tropical moist lowland,terrestrial,habitat (outros codigos)
2458,GMSM,Brazil,Forest – Subtropical/tropical moist lowland,terrestrial,habitat (outros codigos)
2459,GMSM,Brazil,Forest – Subtropical/tropical moist lowland,terrestrial,habitat (outros codigos)
2460,GMSM,Brazil,Forest – Subtropical/tropical moist lowland,terrestrial,habitat (outros codigos)
2461,GMSM,Brazil,Forest – Subtropical/tropical moist lowland,terrestrial,habitat (outros codigos)
2462,GMSM,Brazil,Forest – Subtropical/tropical moist lowland,terrestrial,habitat (outros codigos)
2463,GMSM,Brazil,Forest – Subtropical/tropical moist lowland,terrestrial,habitat (outros codigos)
2464,GMSM,Brazil,Forest – Subtropical/tropical moist lowland,terrestrial,habitat (outros codigos)
2465,GMSM,Brazil,Forest – Subtropical/tropical moist lowland,terrestrial,habitat (outros codigos)
2466,GMSM,Brazil,Forest – Subtropical/tropical moist lowland,terrestrial,habitat (outros codigos)
2467,GMSM,Brazil,Forest – Subtropical/tropical moist lowland,terrestrial,habitat (outros codigos)
2468,GMSM,Brazil,Forest – Subtropical/tropical moist lowland,terrestrial,habitat (outros codigos)
2469,GMSM,Brazil,Forest – Subtropical/tropical moist lowland,terrestrial,habitat (outros codigos)
2470,GMSM,Brazil,Forest – Subtropical/tropical moist lowland,terrestrial,habitat (outros codigos)
2471,GMSM,Brazil,Forest – Subtropical/tropical moist lowland,terrestrial,habitat (outros codigos)
2472,GMSM,Brazil,Forest – Subtropical/tropical moist lowland,terrestrial,habitat (outros codigos)
2473,GMSM,Brazil,Forest – Subtropical/tropical moist lowland,terrestrial,habitat (outros codigos)
2474,GMSM,Brazil,Forest – Subtropical/tropical moist lowland,terrestrial,habitat (outros codigos)
2475,GMSM,Brazil,Forest – Subtropical/tropical moist lowland,terrestrial,habitat (outros codigos)
2476,GMSM,Brazil,Forest – Subtropical/tropical moist lowland,terrestrial,habitat (outros codigos)
2477,GMSM,Brazil,Forest – Subtropical/tropical moist lowland,terrestrial,habitat (outros codigos)
2478,GMSM,Brazil,Forest – Subtropical/tropical moist lowland,terrestrial,habitat (outros codigos)
2479,GMSM,Brazil,Forest – Subtropical/tropical moist lowland,terrestrial,habitat (outros codigos)
2480,GMSM,Brazil,Forest – Subtropical/tropical moist lowland,terrestrial,habitat (outros codigos)
2481,GMSM,Brazil,Forest – Subtropical/tropical moist lowland,terrestrial,habitat (outros codigos)
2482,GMSM,Brazil,Forest – Subtropical/tropical moist lowland,terrestrial,habitat (outros codigos)
2483,GMSM,Brazil,Forest – Subtropical/tropical moist lowland,terrestrial,habitat (outros codigos)
2484,GMSM,Brazil,Forest – Subtropical/tropical moist lowland,terrestrial,habitat (outros codigos)
2485,GMSM,Brazil,Forest – Subtropical/tropical moist lowland,terrestrial,habitat (outros codigos)
2486,GMSM,Brazil,Forest – Subtropical/tropical moist lowland,terrestrial,habitat (outros codigos)
2487,GMSM,Brazil,Forest – Subtropical/tropical moist lowland,terrestrial,habitat (outros codigos)
2488,GMSM,Brazil,Forest – Subtropical/tropical moist lowland,terrestrial,habitat (outros codigos)
2489,GMSM,Brazil,Forest – Subtropical/tropical moist lowland,terrestrial,habitat (outros codigos)
2490,GMSM,Brazil,Forest – Subtropical/tropical moist lowland,terrestrial,habitat (outros codigos)
2491,GMSM,Brazil,Forest – Subtropical/tropical moist lowland,terrestrial,habitat (outros codigos)
2492,GMSM,Brazil,Forest – Subtropical/tropical moist lowland,terrestrial,habitat (outros codigos)
2493,GMSM,Brazil,Forest – Subtropical/tropical moist lowland,terrestrial,habitat (outros codigos)
2494,GMSM,Brazil,Forest – Subtropical/tropical moist lowland,terrestrial,habitat (outros codigos)
2495,GMSM,Brazil,Forest – Subtropical/tropical moist lowland,terrestrial,habitat (outros codigos)
2496,GMSM,Brazil,Forest – Subtropical/tropical moist lowland,terrestrial,habitat (outros codigos)
2497,GMSM,Brazil,Forest – Subtropical/tropical moist lowland,terrestrial,habitat (outros codigos)
2498,GMSM,Brazil,Forest – Subtropical/tropical moist lowland,terrestrial,habitat (outros codigos)
2499,GMSM,Brazil,Forest – Subtropical/tropical moist lowland,terrestrial,habitat (outros codigos)
2500,GMSM,Brazil,Forest – Subtropical/tropical moist lowland,terrestrial,habitat (outros codigos)
2501,GMSM,Brazil,Forest – Subtropical/tropical moist lowland,terrestrial,habitat (outros codigos)
2502,IFFSC,Brazil,1.9. Forest – Subtropical/tropical moist montane,terrestrial,habitat (outros codigos)
2503,IFFSC,Brazil,1.9. Forest – Subtropical/tropical moist montane,terrestrial,habitat (outros codigos)
2504,IFFSC,Brazil,1.9. Forest – Subtropical/tropical moist montane,terrestrial,habitat (outros codigos)
2505,IFFSC,Brazil,1.9. Forest – Subtropical/tropical moist montane,terrestrial,habitat (outros codigos)
2506,IFFSC,Brazil,1.9. Forest – Subtropical/tropical moist montane,terrestrial,habitat (outros codigos)
2507,IFFSC,Brazil,1.9. Forest – Subtropical/tropical moist montane,terrestrial,habitat (outros codigos)
2508,IFFSC,Brazil,1.6. Forest – Subtropical/tropical moist lowland,terrestrial,habitat (outros codigos)
2509,IFFSC,Brazil,1.9. Forest – Subtropical/tropical moist montane,terrestrial,habitat (outros codigos)
2510,IFFSC,Brazil,1.9. Forest – Subtropical/tropical moist montane,terrestrial,habitat (outros codigos)
2511,IFFSC,Brazil,13.3 Coastal Sand Dunes,marine,habitat (IUCN 9-13 / palavra-chave)
2512,IFFSC,Brazil,1.9. Forest – Subtropical/tropical moist montane,terrestrial,habitat (outros codigos)
2513,IFFSC,Brazil,1.9. Forest – Subtropical/tropical moist montane,terrestrial,habitat (outros codigos)
2514,IFFSC,Brazil,1.9. Forest – Subtropical/tropical moist montane,terrestrial,habitat (outros codigos)
2515,IFFSC,Brazil,1.9. Forest – Subtropical/tropical moist montane,terrestrial,habitat (outros codigos)
2516,IFFSC,Brazil,1.9. Forest – Subtropical/tropical moist montane,terrestrial,habitat (outros codigos)
2517,IFFSC,Brazil,1.9. Forest – Subtropical/tropical moist montane,terrestrial,habitat (outros codigos)
2518,IFFSC,Brazil,1.9. Forest – Subtropical/tropical moist montane,terrestrial,habitat (outros codigos)
2519,IFFSC,Brazil,1.9. Forest – Subtropical/tropical moist montane,terrestrial,habitat (outros codigos)
2520,IFFSC,Brazil,1.9. Forest – Subtropical/tropical moist montane,terrestrial,habitat (outros codigos)
2521,IFFSC,Brazil,1.9. Forest – Subtropical/tropical moist montane,terrestrial,habitat (outros codigos)
2522,IFFSC,Brazil,1.9. Forest – Subtropical/tropical moist montane,terrestrial,habitat (outros codigos)
2523,IFFSC,Brazil,1.9. Forest – Subtropical/tropical moist montane,terrestrial,habitat (outros codigos)
2524,IFFSC,Brazil,1.9. Forest – Subtropical/tropical moist montane,terrestrial,habitat (outros codigos)
2525,IFFSC,Brazil,1.9. Forest – Subtropical/tropical moist montane,terrestrial,habitat (outros codigos)
2526,IFFSC,Brazil,1.9. Forest – Subtropical/tropical moist montane,terrestrial,habitat (outros codigos)
2527,IFFSC,Brazil,1.9. Forest – Subtropical/tropical moist montane,terrestrial,habitat (outros codigos)
2528,IFFSC,Brazil,1.9. Forest – Subtropical/tropical moist montane,terrestrial,habitat (outros codigos)
2529,IFFSC,Brazil,1.9. Forest – Subtropical/tropical moist montane,terrestrial,habitat (outros codigos)
2530,IFFSC,Brazil,1.9. Forest – Subtropical/tropical moist montane,terrestrial,habitat (outros codigos)
2531,IFFSC,Brazil,1.9. Forest – Subtropical/tropical moist montane,terrestrial,habitat (outros codigos)
2532,IFFSC,Brazil,1.9. Forest – Subtropical/tropical moist montane,terrestrial,habitat (outros codigos)
2533,IFFSC,Brazil,1.9. Forest – Subtropical/tropical moist montane,terrestrial,habitat (outros codigos)
2534,IFFSC,Brazil,1.9. Forest – Subtropical/tropical moist montane,terrestrial,habitat (outros codigos)
2535,IFFSC,Brazil,1.9. Forest – Subtropical/tropical moist montane,terrestrial,habitat (outros codigos)
2536,IFFSC,Brazil,1.9. Forest – Subtropical/tropical moist montane,terrestrial,habitat (outros codigos)
2537,IFFSC,Brazil,1.9. Forest – Subtropical/tropical moist montane,terrestrial,habitat (outros codigos)
2538,IFFSC,Brazil,1.9. Forest – Subtropical/tropical moist montane,terrestrial,habitat (outros codigos)
2539,IFFSC,Brazil,1.9. Forest – Subtropical/tropical moist montane,terrestrial,habitat (outros codigos)
2540,IFFSC,Brazil,1.9. Forest – Subtropical/tropical moist montane,terrestrial,habitat (outros codigos)
2541,IFFSC,Brazil,1.9. Forest – Subtropical/tropical moist montane,terrestrial,habitat (outros codigos)
2542,IFFSC,Brazil,1.9. Forest – Subtropical/tropical moist montane,terrestrial,habitat (outros codigos)
2543,IFFSC,Brazil,1.9. Forest – Subtropical/tropical moist montane,terrestrial,habitat (outros codigos)
2544,IFFSC,Brazil,1.9. Forest – Subtropical/tropical moist montane,terrestrial,habitat (outros codigos)
2545,IFFSC,Brazil,1.9. Forest – Subtropical/tropical moist montane,terrestrial,habitat (outros codigos)
2546,IFFSC,Brazil,1.9. Forest – Subtropical/tropical moist montane,terrestrial,habitat (outros codigos)
2547,IFFSC,Brazil,1.9. Forest – Subtropical/tropical moist montane,terrestrial,habitat (outros codigos)
2548,IFFSC,Brazil,1.9. Forest – Subtropical/tropical moist montane,terrestrial,habitat (outros codigos)
2549,IFFSC,Brazil,1.9. Forest – Subtropical/tropical moist montane,terrestrial,habitat (outros codigos)
2550,IFFSC,Brazil,1.9. Forest – Subtropical/tropical moist montane,terrestrial,habitat (outros codigos)
2551,IFFSC,Brazil,1.9. Forest – Subtropical/tropical moist montane,terrestrial,habitat (outros codigos)
2552,IFFSC,Brazil,1.9. Forest – Subtropical/tropical moist montane,terrestrial,habitat (outros codigos)
2553,IFFSC,Brazil,1.9. Forest – Subtropical/tropical moist montane,terrestrial,habitat (outros codigos)
2554,IFFSC,Brazil,1.9. Forest – Subtropical/tropical moist montane,terrestrial,habitat (outros codigos)
2555,IFFSC,Brazil,1.9. Forest – Subtropical/tropical moist montane,terrestrial,habitat (outros codigos)
2556,IFFSC,Brazil,1.9. Forest – Subtropical/tropical moist montane,terrestrial,habitat (outros codigos)
2557,IFFSC,Brazil,1.9. Forest – Subtropical/tropical moist montane,terrestrial,habitat (outros codigos)
2558,IFFSC,Brazil,1.9. Forest – Subtropical/tropical moist montane,terrestrial,habitat (outros codigos)
2559,IFFSC,Brazil,1.9. Forest – Subtropical/tropical moist montane,terrestrial,habitat (outros codigos)
2560,IFFSC,Brazil,1.9. Forest – Subtropical/tropical moist montane,terrestrial,habitat (outros codigos)
2561,IFFSC,Brazil,1.9. Forest – Subtropical/tropical moist montane,terrestrial,habitat (outros codigos)
2562,IFFSC,Brazil,1.9. Forest – Subtropical/tropical moist montane,terrestrial,habitat (outros codigos)
2563,IFFSC,Brazil,1.9. Forest – Subtropical/tropical moist montane,terrestrial,habitat (outros codigos)
2564,IFFSC,Brazil,1.9. Forest – Subtropical/tropical moist montane,terrestrial,habitat (outros codigos)
2565,IFFSC,Brazil,1.9. Forest – Subtropical/tropical moist montane,terrestrial,habitat (outros codigos)
2566,IFFSC,Brazil,1.9. Forest – Subtropical/tropical moist montane,terrestrial,habitat (outros codigos)
2567,IFFSC,Brazil,1.9. Forest – Subtropical/tropical moist montane,terrestrial,habitat (outros codigos)
2568,IFFSC,Brazil,1.9. Forest – Subtropical/tropical moist montane,terrestrial,habitat (outros codigos)
2569,IFFSC,Brazil,1.9. Forest – Subtropical/tropical moist montane,terrestrial,habitat (outros codigos)
2570,IFFSC,Brazil,1.9. Forest – Subtropical/tropical moist montane,terrestrial,habitat (outros codigos)
2571,IFFSC,Brazil,1.9. Forest – Subtropical/tropical moist montane,terrestrial,habitat (outros codigos)
2572,IFFSC,Brazil,1.9. Forest – Subtropical/tropical moist montane,terrestrial,habitat (outros codigos)
2573,IFFSC,Brazil,1.9. Forest – Subtropical/tropical moist montane,terrestrial,habitat (outros codigos)
2574,IFFSC,Brazil,1.9. Forest – Subtropical/tropical moist montane,terrestrial,habitat (outros codigos)
2575,IFFSC,Brazil,1.9. Forest – Subtropical/tropical moist montane,terrestrial,habitat (outros codigos)
2576,IFFSC,Brazil,1.9. Forest – Subtropical/tropical moist montane,terrestrial,habitat (outros codigos)
2577,IFFSC,Brazil,13.3 Coastal Sand Dunes,marine,habitat (IUCN 9-13 / palavra-chave)
2578,IFFSC,Brazil,1.9. Forest – Subtropical/tropical moist montane,terrestrial,habitat (outros codigos)
2579,IFFSC,Brazil,1.9. Forest – Subtropical/tropical moist montane,terrestrial,habitat (outros codigos)
2580,IFFSC,Brazil,1.9. Forest – Subtropical/tropical moist montane,terrestrial,habitat (outros codigos)
2581,IFFSC,Brazil,1.9. Forest – Subtropical/tropical moist montane,terrestrial,habitat (outros codigos)
2582,IFFSC,Brazil,1.9. Forest – Subtropical/tropical moist montane,terrestrial,habitat (outros codigos)
2583,IFFSC,Brazil,1.9. Forest – Subtropical/tropical moist montane,terrestrial,habitat (outros codigos)
2584,IFFSC,Brazil,1.9. Forest – Subtropical/tropical moist montane,terrestrial,habitat (outros codigos)
2585,IFFSC,Brazil,1.9. Forest – Subtropical/tropical moist montane,terrestrial,habitat (outros codigos)
2586,IFFSC,Brazil,1.9. Forest – Subtropical/tropical moist montane,terrestrial,habitat (outros codigos)
2587,IFFSC,Brazil,1.9. Forest – Subtropical/tropical moist montane,terrestrial,habitat (outros codigos)
2588,IFFSC,Brazil,1.9. Forest – Subtropical/tropical moist montane,terrestrial,habitat (outros codigos)
2589,IFFSC,Brazil,1.9. Forest – Subtropical/tropical moist montane,terrestrial,habitat (outros codigos)
2590,IFFSC,Brazil,1.9. Forest – Subtropical/tropical moist montane,terrestrial,habitat (outros codigos)
2591,IFFSC,Brazil,1.9. Forest – Subtropical/tropical moist montane,terrestrial,habitat (outros codigos)
2592,IFFSC,Brazil,1.9. Forest – Subtropical/tropical moist montane,terrestrial,habitat (outros codigos)
2593,IFFSC,Brazil,1.9. Forest – Subtropical/tropical moist montane,terrestrial,habitat (outros codigos)
2594,IFFSC,Brazil,1.9. Forest – Subtropical/tropical moist montane,terrestrial,habitat (outros codigos)
2595,IFFSC,Brazil,1.9. Forest – Subtropical/tropical moist montane,terrestrial,habitat (outros codigos)
2596,IFFSC,Brazil,1.9. Forest – Subtropical/tropical moist montane,terrestrial,habitat (outros codigos)
2597,IFFSC,Brazil,1.9. Forest – Subtropical/tropical moist montane,terrestrial,habitat (outros codigos)
2598,IFFSC,Brazil,1.9. Forest – Subtropical/tropical moist montane,terrestrial,habitat (outros codigos)
2599,IFFSC,Brazil,1.9. Forest – Subtropical/tropical moist montane,terrestrial,habitat (outros codigos)
2600,IFFSC,Brazil,1.9. Forest – Subtropical/tropical moist montane,terrestrial,habitat (outros codigos)
2601,IFFSC,Brazil,1.9. Forest – Subtropical/tropical moist montane,terrestrial,habitat (outros codigos)
2602,IFFSC,Brazil,1.9. Forest – Subtropical/tropical moist montane,terrestrial,habitat (outros codigos)
2603,IFFSC,Brazil,1.9. Forest – Subtropical/tropical moist montane,terrestrial,habitat (outros codigos)
2604,IFFSC,Brazil,1.9. Forest – Subtropical/tropical moist montane,terrestrial,habitat (outros codigos)
2605,IFFSC,Brazil,1.9. Forest – Subtropical/tropical moist montane,terrestrial,habitat (outros codigos)
2606,IFFSC,Brazil,1.9. Forest – Subtropical/tropical moist montane,terrestrial,habitat (outros codigos)
2607,IFFSC,Brazil,1.9. Forest – Subtropical/tropical moist montane,terrestrial,habitat (outros codigos)
2608,IFFSC,Brazil,1.9. Forest – Subtropical/tropical moist montane,terrestrial,habitat (outros codigos)
2609,IFFSC,Brazil,1.9. Forest – Subtropical/tropical moist montane,terrestrial,habitat (outros codigos)
2610,IFFSC,Brazil,1.9. Forest – Subtropical/tropical moist montane,terrestrial,habitat (outros codigos)
2611,IFFSC,Brazil,1.9. Forest – Subtropical/tropical moist montane,terrestrial,habitat (outros codigos)
2612,IFFSC,Brazil,1.9. Forest – Subtropical/tropical moist montane,terrestrial,habitat (outros codigos)
2613,IFFSC,Brazil,1.9. Forest – Subtropical/tropical moist montane,terrestrial,habitat (outros codigos)
2614,IFFSC,Brazil,1.9. Forest – Subtropical/tropical moist montane,terrestrial,habitat (outros codigos)
2615,IFFSC,Brazil,1.9. Forest – Subtropical/tropical moist montane,terrestrial,habitat (outros codigos)
2616,IFFSC,Brazil,1.9. Forest – Subtropical/tropical moist montane,terrestrial,habitat (outros codigos)
2617,IFFSC,Brazil,1.9. Forest – Subtropical/tropical moist montane,terrestrial,habitat (outros codigos)
2618,IFFSC,Brazil,1.9. Forest – Subtropical/tropical moist montane,terrestrial,habitat (outros codigos)
2619,IFFSC,Brazil,1.9. Forest – Subtropical/tropical moist montane,terrestrial,habitat (outros codigos)
2620,IFFSC,Brazil,1.9. Forest – Subtropical/tropical moist montane,terrestrial,habitat (outros codigos)
2621,IFFSC,Brazil,1.9. Forest – Subtropical/tropical moist montane,terrestrial,habitat (outros codigos)
2622,IFFSC,Brazil,1.9. Forest – Subtropical/tropical moist montane,terrestrial,habitat (outros codigos)
2623,IFFSC,Brazil,1.9. Forest – Subtropical/tropical moist montane,terrestrial,habitat (outros codigos)
2624,IFFSC,Brazil,1.9. Forest – Subtropical/tropical moist montane,terrestrial,habitat (outros codigos)
2625,IFFSC,Brazil,1.9. Forest – Subtropical/tropical moist montane,terrestrial,habitat (outros codigos)
2626,IFFSC,Brazil,1.9. Forest – Subtropical/tropical moist montane,terrestrial,habitat (outros codigos)
2627,IFFSC,Brazil,1.9. Forest – Subtropical/tropical moist montane,terrestrial,habitat (outros codigos)
2628,IFFSC,Brazil,1.9. Forest – Subtropical/tropical moist montane,terrestrial,habitat (outros codigos)
2629,IFFSC,Brazil,1.9. Forest – Subtropical/tropical moist montane,terrestrial,habitat (outros codigos)
2630,IFFSC,Brazil,1.9. Forest – Subtropical/tropical moist montane,terrestrial,habitat (outros codigos)
2631,IFFSC,Brazil,1.9. Forest – Subtropical/tropical moist montane,terrestrial,habitat (outros codigos)
2632,IFFSC,Brazil,1.9. Forest – Subtropical/tropical moist montane,terrestrial,habitat (outros codigos)
2633,IFFSC,Brazil,1.9. Forest – Subtropical/tropical moist montane,terrestrial,habitat (outros codigos)
2634,IFFSC,Brazil,13.3 Coastal Sand Dunes,marine,habitat (IUCN 9-13 / palavra-chave)
2635,IFFSC,Brazil,1.9. Forest – Subtropical/tropical moist montane,terrestrial,habitat (outros codigos)
2636,IFFSC,Brazil,1.9. Forest – Subtropical/tropical moist montane,terrestrial,habitat (outros codigos)
2637,IFFSC,Brazil,1.5. Forest – Subtropical/tropical dry,terrestrial,habitat (outros codigos)
2638,IFFSC,Brazil,1.9. Forest – Subtropical/tropical moist montane,terrestrial,habitat (outros codigos)
2639,IFFSC,Brazil,1.9. Forest – Subtropical/tropical moist montane,terrestrial,habitat (outros codigos)
2640,IFFSC,Brazil,1.9. Forest – Subtropical/tropical moist montane,terrestrial,habitat (outros codigos)
2641,IFFSC,Brazil,1.9. Forest – Subtropical/tropical moist montane,terrestrial,habitat (outros codigos)
2642,IFFSC,Brazil,1.9. Forest – Subtropical/tropical moist montane,terrestrial,habitat (outros codigos)
2643,IFFSC,Brazil,1.9. Forest – Subtropical/tropical moist montane,terrestrial,habitat (outros codigos)
2644,IFFSC,Brazil,1.9. Forest – Subtropical/tropical moist montane,terrestrial,habitat (outros codigos)
2645,IFFSC,Brazil,1.9. Forest – Subtropical/tropical moist montane,terrestrial,habitat (outros codigos)
2646,IFFSC,Brazil,1.9. Forest – Subtropical/tropical moist montane,terrestrial,habitat (outros codigos)
2647,IFFSC,Brazil,1.9. Forest – Subtropical/tropical moist montane,terrestrial,habitat (outros codigos)
2648,IFFSC,Brazil,1.9. Forest – Subtropical/tropical moist montane,terrestrial,habitat (outros codigos)
2649,IFFSC,Brazil,1.9. Forest – Subtropical/tropical moist montane,terrestrial,habitat (outros codigos)
2650,IFFSC,Brazil,1.9. Forest – Subtropical/tropical moist montane,terrestrial,habitat (outros codigos)
2651,IFFSC,Brazil,1.9. Forest – Subtropical/tropical moist montane,terrestrial,habitat (outros codigos)
2652,IFFSC,Brazil,1.5. Forest – Subtropical/tropical dry,terrestrial,habitat (outros codigos)
2653,IFFSC,Brazil,1.5. Forest – Subtropical/tropical dry,terrestrial,habitat (outros codigos)
2654,IFFSC,Brazil,1.9. Forest – Subtropical/tropical moist montane,terrestrial,habitat (outros codigos)
2655,IFFSC,Brazil,1.9. Forest – Subtropical/tropical moist montane,terrestrial,habitat (outros codigos)
2656,IFFSC,Brazil,1.9. Forest – Subtropical/tropical moist montane,terrestrial,habitat (outros codigos)
2657,IFFSC,Brazil,1.9. Forest – Subtropical/tropical moist montane,terrestrial,habitat (outros codigos)
2658,IFFSC,Brazil,1.9. Forest – Subtropical/tropical moist montane,terrestrial,habitat (outros codigos)
2659,IFFSC,Brazil,1.9. Forest – Subtropical/tropical moist montane,terrestrial,habitat (outros codigos)
2660,IFFSC,Brazil,1.9. Forest – Subtropical/tropical moist montane,terrestrial,habitat (outros codigos)
2661,IFFSC,Brazil,1.9. Forest – Subtropical/tropical moist montane,terrestrial,habitat (outros codigos)
2662,IFFSC,Brazil,1.9. Forest – Subtropical/tropical moist montane,terrestrial,habitat (outros codigos)
2663,IFFSC,Brazil,1.9. Forest – Subtropical/tropical moist montane,terrestrial,habitat (outros codigos)
2664,IFFSC,Brazil,1.9. Forest – Subtropical/tropical moist montane,terrestrial,habitat (outros codigos)
2665,IFFSC,Brazil,1.9. Forest – Subtropical/tropical moist montane,terrestrial,habitat (outros codigos)
2666,IFFSC,Brazil,1.9. Forest – Subtropical/tropical moist montane,terrestrial,habitat (outros codigos)
2667,IFFSC,Brazil,1.9. Forest – Subtropical/tropical moist montane,terrestrial,habitat (outros codigos)
2668,IFFSC,Brazil,1.5. Forest – Subtropical/tropical dry,terrestrial,habitat (outros codigos)
2669,IFFSC,Brazil,1.5. Forest – Subtropical/tropical dry,terrestrial,habitat (outros codigos)
2670,IFFSC,Brazil,1.9. Forest – Subtropical/tropical moist montane,terrestrial,habitat (outros codigos)
2671,IFFSC,Brazil,1.9. Forest – Subtropical/tropical moist montane,terrestrial,habitat (outros codigos)
2672,IFFSC,Brazil,1.9. Forest – Subtropical/tropical moist montane,terrestrial,habitat (outros codigos)
2673,IFFSC,Brazil,1.9. Forest – Subtropical/tropical moist montane,terrestrial,habitat (outros codigos)
2674,IFFSC,Brazil,1.9. Forest – Subtropical/tropical moist montane,terrestrial,habitat (outros codigos)
2675,IFFSC,Brazil,1.9. Forest – Subtropical/tropical moist montane,terrestrial,habitat (outros codigos)
2676,IFFSC,Brazil,1.9. Forest – Subtropical/tropical moist montane,terrestrial,habitat (outros codigos)
2677,IFFSC,Brazil,1.9. Forest – Subtropical/tropical moist montane,terrestrial,habitat (outros codigos)
2678,IFFSC,Brazil,1.9. Forest – Subtropical/tropical moist montane,terrestrial,habitat (outros codigos)
2679,IFFSC,Brazil,1.9. Forest – Subtropical/tropical moist montane,terrestrial,habitat (outros codigos)
2680,IFFSC,Brazil,1.9. Forest – Subtropical/tropical moist montane,terrestrial,habitat (outros codigos)
2681,IFFSC,Brazil,1.6. Forest – Subtropical/tropical moist lowland,terrestrial,habitat (outros codigos)
2682,IFFSC,Brazil,1.9. Forest – Subtropical/tropical moist montane,terrestrial,habitat (outros codigos)
2683,IFFSC,Brazil,1.5. Forest – Subtropical/tropical dry,terrestrial,habitat (outros codigos)
2684,IFFSC,Brazil,1.9. Forest – Subtropical/tropical moist montane,terrestrial,habitat (outros codigos)
2685,IFFSC,Brazil,1.9. Forest – Subtropical/tropical moist montane,terrestrial,habitat (outros codigos)
2686,IFFSC,Brazil,1.9. Forest – Subtropical/tropical moist montane,terrestrial,habitat (outros codigos)
2687,IFFSC,Brazil,1.9. Forest – Subtropical/tropical moist montane,terrestrial,habitat (outros codigos)
2688,IFFSC,Brazil,1.9. Forest – Subtropical/tropical moist montane,terrestrial,habitat (outros codigos)
2689,IFFSC,Brazil,1.9. Forest – Subtropical/tropical moist montane,terrestrial,habitat (outros codigos)
2690,IFFSC,Brazil,1.9. Forest – Subtropical/tropical moist montane,terrestrial,habitat (outros codigos)
2691,IFFSC,Brazil,1.9. Forest – Subtropical/tropical moist montane,terrestrial,habitat (outros codigos)
2692,IFFSC,Brazil,1.9. Forest – Subtropical/tropical moist montane,terrestrial,habitat (outros codigos)
2693,IFFSC,Brazil,1.9. Forest – Subtropical/tropical moist montane,terrestrial,habitat (outros codigos)
2694,IFFSC,Brazil,1.9. Forest – Subtropical/tropical moist montane,terrestrial,habitat (outros codigos)
2695,IFFSC,Brazil,1.9. Forest – Subtropical/tropical moist montane,terrestrial,habitat (outros codigos)
2696,IFFSC,Brazil,1.9. Forest – Subtropical/tropical moist montane,terrestrial,habitat (outros codigos)
2697,IFFSC,Brazil,1.9. Forest – Subtropical/tropical moist montane,terrestrial,habitat (outros codigos)
2698,IFFSC,Brazil,1.9. Forest – Subtropical/tropical moist montane,terrestrial,habitat (outros codigos)
2699,IFFSC,Brazil,1.9. Forest – Subtropical/tropical moist montane,terrestrial,habitat (outros codigos)
2700,IFFSC,Brazil,1.9. Forest – Subtropical/tropical moist montane,terrestrial,habitat (outros codigos)
2701,IFFSC,Brazil,1.5. Forest – Subtropical/tropical dry,terrestrial,habitat (outros codigos)
2702,IFFSC,Brazil,1.9. Forest – Subtropical/tropical moist montane,terrestrial,habitat (outros codigos)
2703,IFFSC,Brazil,1.9. Forest – Subtropical/tropical moist montane,terrestrial,habitat (outros codigos)
2704,IFFSC,Brazil,1.9. Forest – Subtropical/tropical moist montane,terrestrial,habitat (outros codigos)
2705,IFFSC,Brazil,1.9. Forest – Subtropical/tropical moist montane,terrestrial,habitat (outros codigos)
2706,IFFSC,Brazil,1.9. Forest – Subtropical/tropical moist montane,terrestrial,habitat (outros codigos)
2707,IFFSC,Brazil,1.9. Forest – Subtropical/tropical moist montane,terrestrial,habitat (outros codigos)
2708,IFFSC,Brazil,1.9. Forest – Subtropical/tropical moist montane,terrestrial,habitat (outros codigos)
2709,IFFSC,Brazil,1.9. Forest – Subtropical/tropical moist montane,terrestrial,habitat (outros codigos)
2710,IFFSC,Brazil,1.9. Forest – Subtropical/tropical moist montane,terrestrial,habitat (outros codigos)
2711,IFFSC,Brazil,1.9. Forest – Subtropical/tropical moist montane,terrestrial,habitat (outros codigos)
2712,IFFSC,Brazil,1.9. Forest – Subtropical/tropical moist montane,terrestrial,habitat (outros codigos)
2713,IFFSC,Brazil,1.9. Forest – Subtropical/tropical moist montane,terrestrial,habitat (outros codigos)
2714,IFFSC,Brazil,1.9. Forest – Subtropical/tropical moist montane,terrestrial,habitat (outros codigos)
2715,IFFSC,Brazil,1.9. Forest – Subtropical/tropical moist montane,terrestrial,habitat (outros codigos)
2716,IFFSC,Brazil,1.9. Forest – Subtropical/tropical moist montane,terrestrial,habitat (outros codigos)
2717,IFFSC,Brazil,1.9. Forest – Subtropical/tropical moist montane,terrestrial,habitat (outros codigos)
2718,IFFSC,Brazil,1.9. Forest – Subtropical/tropical moist montane,terrestrial,habitat (outros codigos)
2719,IFFSC,Brazil,1.9. Forest – Subtropical/tropical moist montane,terrestrial,habitat (outros codigos)
2720,IFFSC,Brazil,1.9. Forest – Subtropical/tropical moist montane,terrestrial,habitat (outros codigos)
2721,IFFSC,Brazil,1.9. Forest – Subtropical/tropical moist montane,terrestrial,habitat (outros codigos)
2722,IFFSC,Brazil,1.9. Forest – Subtropical/tropical moist montane,terrestrial,habitat (outros codigos)
2723,IFFSC,Brazil,1.9. Forest – Subtropical/tropical moist montane,terrestrial,habitat (outros codigos)
2724,IFFSC,Brazil,1.9. Forest – Subtropical/tropical moist montane,terrestrial,habitat (outros codigos)
2725,IFFSC,Brazil,1.9. Forest – Subtropical/tropical moist montane,terrestrial,habitat (outros codigos)
2726,IFFSC,Brazil,1.9. Forest – Subtropical/tropical moist montane,terrestrial,habitat (outros codigos)
2727,IFFSC,Brazil,1.9. Forest – Subtropical/tropical moist montane,terrestrial,habitat (outros codigos)
2728,IFFSC,Brazil,1.9. Forest – Subtropical/tropical moist montane,terrestrial,habitat (outros codigos)
2729,IFFSC,Brazil,1.9. Forest – Subtropical/tropical moist montane,terrestrial,habitat (outros codigos)
2730,IFFSC,Brazil,1.9. Forest – Subtropical/tropical moist montane,terrestrial,habitat (outros codigos)
2731,IFFSC,Brazil,1.9. Forest – Subtropical/tropical moist montane,terrestrial,habitat (outros codigos)
2732,IFFSC,Brazil,1.9. Forest – Subtropical/tropical moist montane,terrestrial,habitat (outros codigos)
2733,IFFSC,Brazil,1.9. Forest – Subtropical/tropical moist montane,terrestrial,habitat (outros codigos)
2734,IFFSC,Brazil,1.5. Forest – Subtropical/tropical dry,terrestrial,habitat (outros codigos)
2735,IFFSC,Brazil,1.9. Forest – Subtropical/tropical moist montane,terrestrial,habitat (outros codigos)
2736,IFFSC,Brazil,1.9. Forest – Subtropical/tropical moist montane,terrestrial,habitat (outros codigos)
2737,IFFSC,Brazil,1.9. Forest – Subtropical/tropical moist montane,terrestrial,habitat (outros codigos)
2738,IFFSC,Brazil,1.9. Forest – Subtropical/tropical moist montane,terrestrial,habitat (outros codigos)
2739,IFFSC,Brazil,1.9. Forest – Subtropical/tropical moist montane,terrestrial,habitat (outros codigos)
2740,IFFSC,Brazil,1.9. Forest – Subtropical/tropical moist montane,terrestrial,habitat (outros codigos)
2741,IFFSC,Brazil,1.9. Forest – Subtropical/tropical moist montane,terrestrial,habitat (outros codigos)
2742,IFFSC,Brazil,1.9. Forest – Subtropical/tropical moist montane,terrestrial,habitat (outros codigos)
2743,IFFSC,Brazil,1.9. Forest – Subtropical/tropical moist montane,terrestrial,habitat (outros codigos)
2744,IFFSC,Brazil,1.9. Forest – Subtropical/tropical moist montane,terrestrial,habitat (outros codigos)
2745,IFFSC,Brazil,1.9. Forest – Subtropical/tropical moist montane,terrestrial,habitat (outros codigos)
2746,IFFSC,Brazil,1.9. Forest – Subtropical/tropical moist montane,terrestrial,habitat (outros codigos)
2747,IFFSC,Brazil,1.9. Forest – Subtropical/tropical moist montane,terrestrial,habitat (outros codigos)
2748,IFFSC,Brazil,1.9. Forest – Subtropical/tropical moist montane,terrestrial,habitat (outros codigos)
2749,IFFSC,Brazil,1.9. Forest – Subtropical/tropical moist montane,terrestrial,habitat (outros codigos)
2750,IFFSC,Brazil,1.9. Forest – Subtropical/tropical moist montane,terrestrial,habitat (outros codigos)
2751,IFFSC,Brazil,1.9. Forest – Subtropical/tropical moist montane,terrestrial,habitat (outros codigos)
2752,IFFSC,Brazil,1.9. Forest – Subtropical/tropical moist montane,terrestrial,habitat (outros codigos)
2753,IFFSC,Brazil,1.9. Forest – Subtropical/tropical moist montane,terrestrial,habitat (outros codigos)
2754,IFFSC,Brazil,1.9. Forest – Subtropical/tropical moist montane,terrestrial,habitat (outros codigos)
2755,IFFSC,Brazil,1.9. Forest – Subtropical/tropical moist montane,terrestrial,habitat (outros codigos)
2756,IFFSC,Brazil,1.9. Forest – Subtropical/tropical moist montane,terrestrial,habitat (outros codigos)
2757,IFFSC,Brazil,1.9. Forest – Subtropical/tropical moist montane,terrestrial,habitat (outros codigos)
2758,IFFSC,Brazil,1.9. Forest – Subtropical/tropical moist montane,terrestrial,habitat (outros codigos)
2759,IFFSC,Brazil,1.9. Forest – Subtropical/tropical moist montane,terrestrial,habitat (outros codigos)
2760,IFFSC,Brazil,1.9. Forest – Subtropical/tropical moist montane,terrestrial,habitat (outros codigos)
2761,IFFSC,Brazil,1.9. Forest – Subtropical/tropical moist montane,terrestrial,habitat (outros codigos)
2762,IFFSC,Brazil,1.9. Forest – Subtropical/tropical moist montane,terrestrial,habitat (outros codigos)
2763,IFFSC,Brazil,1.9. Forest – Subtropical/tropical moist montane,terrestrial,habitat (outros codigos)
2764,IFFSC,Brazil,1.9. Forest – Subtropical/tropical moist montane,terrestrial,habitat (outros codigos)
2765,IFFSC,Brazil,1.9. Forest – Subtropical/tropical moist montane,terrestrial,habitat (outros codigos)
2766,IFFSC,Brazil,1.9. Forest – Subtropical/tropical moist montane,terrestrial,habitat (outros codigos)
2767,IFFSC,Brazil,1.6. Forest – Subtropical/tropical moist lowland,terrestrial,habitat (outros codigos)
2768,IFFSC,Brazil,1.9. Forest – Subtropical/tropical moist montane,terrestrial,habitat (outros codigos)
2769,IFFSC,Brazil,1.9. Forest – Subtropical/tropical moist montane,terrestrial,habitat (outros codigos)
2770,IFFSC,Brazil,1.9. Forest – Subtropical/tropical moist montane,terrestrial,habitat (outros codigos)
2771,IFFSC,Brazil,1.9. Forest – Subtropical/tropical moist montane,terrestrial,habitat (outros codigos)
2772,IFFSC,Brazil,1.9. Forest – Subtropical/tropical moist montane,terrestrial,habitat (outros codigos)
2773,IFFSC,Brazil,1.9. Forest – Subtropical/tropical moist montane,terrestrial,habitat (outros codigos)
2774,IFFSC,Brazil,1.9. Forest – Subtropical/tropical moist montane,terrestrial,habitat (outros codigos)
2775,IFFSC,Brazil,1.9. Forest – Subtropical/tropical moist montane,terrestrial,habitat (outros codigos)
2776,IFFSC,Brazil,1.9. Forest – Subtropical/tropical moist montane,terrestrial,habitat (outros codigos)
2777,IFFSC,Brazil,1.9. Forest – Subtropical/tropical moist montane,terrestrial,habitat (outros codigos)
2778,IFFSC,Brazil,1.9. Forest – Subtropical/tropical moist montane,terrestrial,habitat (outros codigos)
2779,IFFSC,Brazil,1.9. Forest – Subtropical/tropical moist montane,terrestrial,habitat (outros codigos)
2780,IFFSC,Brazil,1.9. Forest – Subtropical/tropical moist montane,terrestrial,habitat (outros codigos)
2781,IFFSC,Brazil,1.9. Forest – Subtropical/tropical moist montane,terrestrial,habitat (outros codigos)
2782,IFFSC,Brazil,1.9. Forest – Subtropical/tropical moist montane,terrestrial,habitat (outros codigos)
2783,IFFSC,Brazil,1.9. Forest – Subtropical/tropical moist montane,terrestrial,habitat (outros codigos)
2784,IFFSC,Brazil,1.9. Forest – Subtropical/tropical moist montane,terrestrial,habitat (outros codigos)
2785,IFFSC,Brazil,1.9. Forest – Subtropical/tropical moist montane,terrestrial,habitat (outros codigos)
2786,IFFSC,Brazil,1.9. Forest – Subtropical/tropical moist montane,terrestrial,habitat (outros codigos)
2787,IFFSC,Brazil,1.9. Forest – Subtropical/tropical moist montane,terrestrial,habitat (outros codigos)
2788,IFFSC,Brazil,1.9. Forest – Subtropical/tropical moist montane,terrestrial,habitat (outros codigos)
2789,IFFSC,Brazil,1.9. Forest – Subtropical/tropical moist montane,terrestrial,habitat (outros codigos)
2790,IFFSC,Brazil,1.9. Forest – Subtropical/tropical moist montane,terrestrial,habitat (outros codigos)
2791,IFFSC,Brazil,1.9. Forest – Subtropical/tropical moist montane,terrestrial,habitat (outros codigos)
2792,IFFSC,Brazil,1.9. Forest – Subtropical/tropical moist montane,terrestrial,habitat (outros codigos)
2793,IFFSC,Brazil,1.9. Forest – Subtropical/tropical moist montane,terrestrial,habitat (outros codigos)
2794,IFFSC,Brazil,1.9. Forest – Subtropical/tropical moist montane,terrestrial,habitat (outros codigos)
2795,IFFSC,Brazil,1.6. Forest – Subtropical/tropical moist lowland,terrestrial,habitat (outros codigos)
2796,IFFSC,Brazil,1.6. Forest – Subtropical/tropical moist lowland,terrestrial,habitat (outros codigos)
2797,IFFSC,Brazil,1.5. Forest – Subtropical/tropical dry,terrestrial,habitat (outros codigos)
2798,IFFSC,Brazil,1.9. Forest – Subtropical/tropical moist montane,terrestrial,habitat (outros codigos)
2799,IFFSC,Brazil,1.9. Forest – Subtropical/tropical moist montane,terrestrial,habitat (outros codigos)
2800,IFFSC,Brazil,1.9. Forest – Subtropical/tropical moist montane,terrestrial,habitat (outros codigos)
2801,IFFSC,Brazil,1.9. Forest – Subtropical/tropical moist montane,terrestrial,habitat (outros codigos)
2802,IFFSC,Brazil,1.5. Forest – Subtropical/tropical dry,terrestrial,habitat (outros codigos)
2803,IFFSC,Brazil,1.9. Forest – Subtropical/tropical moist montane,terrestrial,habitat (outros codigos)
2804,IFFSC,Brazil,1.9. Forest – Subtropical/tropical moist montane,terrestrial,habitat (outros codigos)
2805,IFFSC,Brazil,1.9. Forest – Subtropical/tropical moist montane,terrestrial,habitat (outros codigos)
2806,IFFSC,Brazil,1.9. Forest – Subtropical/tropical moist montane,terrestrial,habitat (outros codigos)
2807,IFFSC,Brazil,1.9. Forest – Subtropical/tropical moist montane,terrestrial,habitat (outros codigos)
2808,IFFSC,Brazil,1.9. Forest – Subtropical/tropical moist montane,terrestrial,habitat (outros codigos)
2809,IFFSC,Brazil,1.6. Forest – Subtropical/tropical moist lowland,terrestrial,habitat (outros codigos)
2810,IFFSC,Brazil,1.9. Forest – Subtropical/tropical moist montane,terrestrial,habitat (outros codigos)
2811,IFFSC,Brazil,1.9. Forest – Subtropical/tropical moist montane,terrestrial,habitat (outros codigos)
2812,IFFSC,Brazil,1.9. Forest – Subtropical/tropical moist montane,terrestrial,habitat (outros codigos)
2813,IFFSC,Brazil,1.9. Forest – Subtropical/tropical moist montane,terrestrial,habitat (outros codigos)
2814,IFFSC,Brazil,1.9. Forest – Subtropical/tropical moist montane,terrestrial,habitat (outros codigos)
2815,IFFSC,Brazil,1.9. Forest – Subtropical/tropical moist montane,terrestrial,habitat (outros codigos)
2816,IFFSC,Brazil,1.9. Forest – Subtropical/tropical moist montane,terrestrial,habitat (outros codigos)
2817,IFFSC,Brazil,1.9. Forest – Subtropical/tropical moist montane,terrestrial,habitat (outros codigos)
2818,IFFSC,Brazil,1.9. Forest – Subtropical/tropical moist montane,terrestrial,habitat (outros codigos)
2819,IFFSC,Brazil,1.9. Forest – Subtropical/tropical moist montane,terrestrial,habitat (outros codigos)
2820,IFFSC,Brazil,1.9. Forest – Subtropical/tropical moist montane,terrestrial,habitat (outros codigos)
2821,IFFSC,Brazil,1.6. Forest – Subtropical/tropical moist lowland,terrestrial,habitat (outros codigos)
2822,IFFSC,Brazil,1.5. Forest – Subtropical/tropical dry,terrestrial,habitat (outros codigos)
2823,IFFSC,Brazil,1.9. Forest – Subtropical/tropical moist montane,terrestrial,habitat (outros codigos)
2824,IFFSC,Brazil,1.9. Forest – Subtropical/tropical moist montane,terrestrial,habitat (outros codigos)
2825,IFFSC,Brazil,1.9. Forest – Subtropical/tropical moist montane,terrestrial,habitat (outros codigos)
2826,IFFSC,Brazil,1.9. Forest – Subtropical/tropical moist montane,terrestrial,habitat (outros codigos)
2827,IFFSC,Brazil,1.9. Forest – Subtropical/tropical moist montane,terrestrial,habitat (outros codigos)
2828,IFFSC,Brazil,1.9. Forest – Subtropical/tropical moist montane,terrestrial,habitat (outros codigos)
2829,IFFSC,Brazil,1.9. Forest – Subtropical/tropical moist montane,terrestrial,habitat (outros codigos)
2830,IFFSC,Brazil,1.9. Forest – Subtropical/tropical moist montane,terrestrial,habitat (outros codigos)
2831,IFFSC,Brazil,1.9. Forest – Subtropical/tropical moist montane,terrestrial,habitat (outros codigos)
2832,IFFSC,Brazil,1.9. Forest – Subtropical/tropical moist montane,terrestrial,habitat (outros codigos)
2833,IFFSC,Brazil,1.6. Forest – Subtropical/tropical moist lowland,terrestrial,habitat (outros codigos)
2834,IFFSC,Brazil,1.9. Forest – Subtropical/tropical moist montane,terrestrial,habitat (outros codigos)
2835,IFFSC,Brazil,1.9. Forest – Subtropical/tropical moist montane,terrestrial,habitat (outros codigos)
2836,IFFSC,Brazil,1.9. Forest – Subtropical/tropical moist montane,terrestrial,habitat (outros codigos)
2837,IFFSC,Brazil,1.9. Forest – Subtropical/tropical moist montane,terrestrial,habitat (outros codigos)
2838,IFFSC,Brazil,1.9. Forest – Subtropical/tropical moist montane,terrestrial,habitat (outros codigos)
2839,IFFSC,Brazil,1.9. Forest – Subtropical/tropical moist montane,terrestrial,habitat (outros codigos)
2840,IFFSC,Brazil,1.9. Forest – Subtropical/tropical moist montane,terrestrial,habitat (outros codigos)
2841,IFFSC,Brazil,1.9. Forest – Subtropical/tropical moist montane,terrestrial,habitat (outros codigos)
2842,IFFSC,Brazil,1.9. Forest – Subtropical/tropical moist montane,terrestrial,habitat (outros codigos)
2843,IFFSC,Brazil,1.9. Forest – Subtropical/tropical moist montane,terrestrial,habitat (outros codigos)
2844,IFFSC,Brazil,1.9. Forest – Subtropical/tropical moist montane,terrestrial,habitat (outros codigos)
2845,IFFSC,Brazil,1.9. Forest – Subtropical/tropical moist montane,terrestrial,habitat (outros codigos)
2846,IFFSC,Brazil,1.9. Forest – Subtropical/tropical moist montane,terrestrial,habitat (outros codigos)
2847,IFFSC,Brazil,1.9. Forest – Subtropical/tropical moist montane,terrestrial,habitat (outros codigos)
2848,IFFSC,Brazil,1.6. Forest – Subtropical/tropical moist lowland,terrestrial,habitat (outros codigos)
2849,IFFSC,Brazil,1.9. Forest – Subtropical/tropical moist montane,terrestrial,habitat (outros codigos)
2850,IFFSC,Brazil,1.9. Forest – Subtropical/tropical moist montane,terrestrial,habitat (outros codigos)
2851,IFFSC,Brazil,1.6. Forest – Subtropical/tropical moist lowland,terrestrial,habitat (outros codigos)
2852,IFFSC,Brazil,1.5. Forest – Subtropical/tropical dry,terrestrial,habitat (outros codigos)
2853,IFFSC,Brazil,1.5. Forest – Subtropical/tropical dry,terrestrial,habitat (outros codigos)
2854,IFFSC,Brazil,1.5. Forest – Subtropical/tropical dry,terrestrial,habitat (outros codigos)
2855,IFFSC,Brazil,1.9. Forest – Subtropical/tropical moist montane,terrestrial,habitat (outros codigos)
2856,IFFSC,Brazil,1.9. Forest – Subtropical/tropical moist montane,terrestrial,habitat (outros codigos)
2857,IFFSC,Brazil,1.9. Forest – Subtropical/tropical moist montane,terrestrial,habitat (outros codigos)
2858,IFFSC,Brazil,1.5. Forest – Subtropical/tropical dry,terrestrial,habitat (outros codigos)
2859,IFFSC,Brazil,1.5. Forest – Subtropical/tropical dry,terrestrial,habitat (outros codigos)
2860,IFFSC,Brazil,1.5. Forest – Subtropical/tropical dry,terrestrial,habitat (outros codigos)
2861,IFFSC,Brazil,1.5. Forest – Subtropical/tropical dry,terrestrial,habitat (outros codigos)
2862,IFFSC,Brazil,1.5. Forest – Subtropical/tropical dry,terrestrial,habitat (outros codigos)
2863,IFFSC,Brazil,1.5. Forest – Subtropical/tropical dry,terrestrial,habitat (outros codigos)
2864,IFFSC,Brazil,1.5. Forest – Subtropical/tropical dry,terrestrial,habitat (outros codigos)
2865,IFFSC,Brazil,1.5. Forest – Subtropical/tropical dry,terrestrial,habitat (outros codigos)
2866,IFFSC,Brazil,1.5. Forest – Subtropical/tropical dry,terrestrial,habitat (outros codigos)
2867,IFFSC,Brazil,1.5. Forest – Subtropical/tropical dry,terrestrial,habitat (outros codigos)
2868,IFFSC,Brazil,1.5. Forest – Subtropical/tropical dry,terrestrial,habitat (outros codigos)
2869,IFFSC,Brazil,1.5. Forest – Subtropical/tropical dry,terrestrial,habitat (outros codigos)
2870,IFFSC,Brazil,1.5. Forest – Subtropical/tropical dry,terrestrial,habitat (outros codigos)
2871,IFFSC,Brazil,1.5. Forest – Subtropical/tropical dry,terrestrial,habitat (outros codigos)
2872,IFFSC,Brazil,1.5. Forest – Subtropical/tropical dry,terrestrial,habitat (outros codigos)
2873,IFFSC,Brazil,1.5. Forest – Subtropical/tropical dry,terrestrial,habitat (outros codigos)
2874,IFFSC,Brazil,1.5. Forest – Subtropical/tropical dry,terrestrial,habitat (outros codigos)
2875,IFFSC,Brazil,1.5. Forest – Subtropical/tropical dry,terrestrial,habitat (outros codigos)
2876,IFFSC,Brazil,1.5. Forest – Subtropical/tropical dry,terrestrial,habitat (outros codigos)
2877,IFFSC,Brazil,1.5. Forest – Subtropical/tropical dry,terrestrial,habitat (outros codigos)
2878,IFFSC,Brazil,1.5. Forest – Subtropical/tropical dry,terrestrial,habitat (outros codigos)
2879,IFFSC,Brazil,1.5. Forest – Subtropical/tropical dry,terrestrial,habitat (outros codigos)
2880,IFFSC,Brazil,1.5. Forest – Subtropical/tropical dry,terrestrial,habitat (outros codigos)
2881,IFFSC,Brazil,1.5. Forest – Subtropical/tropical dry,terrestrial,habitat (outros codigos)
2882,IFFSC,Brazil,1.9. Forest – Subtropical/tropical moist montane,terrestrial,habitat (outros codigos)
2883,IFFSC,Brazil,1.9. Forest – Subtropical/tropical moist montane,terrestrial,habitat (outros codigos)
2884,IFFSC,Brazil,1.9. Forest – Subtropical/tropical moist montane,terrestrial,habitat (outros codigos)
2885,IFFSC,Brazil,1.5. Forest – Subtropical/tropical dry,terrestrial,habitat (outros codigos)
2886,IFFSC,Brazil,1.5. Forest – Subtropical/tropical dry,terrestrial,habitat (outros codigos)
2887,IFFSC,Brazil,1.5. Forest – Subtropical/tropical dry,terrestrial,habitat (outros codigos)
2888,IFFSC,Brazil,1.5. Forest – Subtropical/tropical dry,terrestrial,habitat (outros codigos)
2889,IFFSC,Brazil,1.5. Forest – Subtropical/tropical dry,terrestrial,habitat (outros codigos)
2890,IFFSC,Brazil,1.5. Forest – Subtropical/tropical dry,terrestrial,habitat (outros codigos)
2891,IFFSC,Brazil,1.5. Forest – Subtropical/tropical dry,terrestrial,habitat (outros codigos)
2892,IFFSC,Brazil,1.5. Forest – Subtropical/tropical dry,terrestrial,habitat (outros codigos)
2893,IFFSC,Brazil,1.5. Forest – Subtropical/tropical dry,terrestrial,habitat (outros codigos)
2894,IFFSC,Brazil,1.5. Forest – Subtropical/tropical dry,terrestrial,habitat (outros codigos)
2895,IFFSC,Brazil,1.5. Forest – Subtropical/tropical dry,terrestrial,habitat (outros codigos)
2896,IFFSC,Brazil,1.5. Forest – Subtropical/tropical dry,terrestrial,habitat (outros codigos)
2897,IFFSC,Brazil,1.5. Forest – Subtropical/tropical dry,terrestrial,habitat (outros codigos)
2898,IFFSC,Brazil,1.5. Forest – Subtropical/tropical dry,terrestrial,habitat (outros codigos)
2899,IFFSC,Brazil,1.5. Forest – Subtropical/tropical dry,terrestrial,habitat (outros codigos)
2900,IFFSC,Brazil,1.5. Forest – Subtropical/tropical dry,terrestrial,habitat (outros codigos)
2901,IFFSC,Brazil,1.5. Forest – Subtropical/tropical dry,terrestrial,habitat (outros codigos)
2902,IFFSC,Brazil,1.5. Forest – Subtropical/tropical dry,terrestrial,habitat (outros codigos)
2903,IFFSC,Brazil,1.5. Forest – Subtropical/tropical dry,terrestrial,habitat (outros codigos)
2904,IFFSC,Brazil,1.5. Forest – Subtropical/tropical dry,terrestrial,habitat (outros codigos)
2905,IFFSC,Brazil,1.5. Forest – Subtropical/tropical dry,terrestrial,habitat (outros codigos)
2906,IFFSC,Brazil,1.5. Forest – Subtropical/tropical dry,terrestrial,habitat (outros codigos)
2907,IFFSC,Brazil,1.5. Forest – Subtropical/tropical dry,terrestrial,habitat (outros codigos)
2908,IFFSC,Brazil,1.5. Forest – Subtropical/tropical dry,terrestrial,habitat (outros codigos)
2909,IFFSC,Brazil,1.5. Forest – Subtropical/tropical dry,terrestrial,habitat (outros codigos)
2910,IFFSC,Brazil,1.5. Forest – Subtropical/tropical dry,terrestrial,habitat (outros codigos)
2911,IFFSC,Brazil,1.5. Forest – Subtropical/tropical dry,terrestrial,habitat (outros codigos)
2912,IFFSC,Brazil,1.5. Forest – Subtropical/tropical dry,terrestrial,habitat (outros codigos)
2913,IFFSC,Brazil,1.5. Forest – Subtropical/tropical dry,terrestrial,habitat (outros codigos)
2914,IFFSC,Brazil,1.5. Forest – Subtropical/tropical dry,terrestrial,habitat (outros codigos)
2915,IFFSC,Brazil,1.5. Forest – Subtropical/tropical dry,terrestrial,habitat (outros codigos)
2916,IFFSC,Brazil,1.5. Forest – Subtropical/tropical dry,terrestrial,habitat (outros codigos)
2917,IFFSC,Brazil,1.9. Forest – Subtropical/tropical moist montane,terrestrial,habitat (outros codigos)
2918,IFFSC,Brazil,1.9. Forest – Subtropical/tropical moist montane,terrestrial,habitat (outros codigos)
2919,IFFSC,Brazil,1.5. Forest – Subtropical/tropical dry,terrestrial,habitat (outros codigos)
2920,IFFSC,Brazil,1.5. Forest – Subtropical/tropical dry,terrestrial,habitat (outros codigos)
2921,IFFSC,Brazil,1.5. Forest – Subtropical/tropical dry,terrestrial,habitat (outros codigos)
2922,IFFSC,Brazil,1.5. Forest – Subtropical/tropical dry,terrestrial,habitat (outros codigos)
2923,IFFSC,Brazil,1.5. Forest – Subtropical/tropical dry,terrestrial,habitat (outros codigos)
2924,IFFSC,Brazil,1.5. Forest – Subtropical/tropical dry,terrestrial,habitat (outros codigos)
2925,IFFSC,Brazil,1.5. Forest – Subtropical/tropical dry,terrestrial,habitat (outros codigos)
2926,IFFSC,Brazil,1.5. Forest – Subtropical/tropical dry,terrestrial,habitat (outros codigos)
2927,IFFSC,Brazil,1.9. Forest – Subtropical/tropical moist montane,terrestrial,habitat (outros codigos)
2928,IFFSC,Brazil,1.9. Forest – Subtropical/tropical moist montane,terrestrial,habitat (outros codigos)
2929,IFFSC,Brazil,1.9. Forest – Subtropical/tropical moist montane,terrestrial,habitat (outros codigos)
2930,IFFSC,Brazil,1.9. Forest – Subtropical/tropical moist montane,terrestrial,habitat (outros codigos)
2931,IFFSC,Brazil,1.9. Forest – Subtropical/tropical moist montane,terrestrial,habitat (outros codigos)
2932,IFFSC,Brazil,1.9. Forest – Subtropical/tropical moist montane,terrestrial,habitat (outros codigos)
2933,IFFSC,Brazil,1.5. Forest – Subtropical/tropical dry,terrestrial,habitat (outros codigos)
2934,IFFSC,Brazil,1.9. Forest – Subtropical/tropical moist montane,terrestrial,habitat (outros codigos)
2935,IFFSC,Brazil,1.9. Forest – Subtropical/tropical moist montane,terrestrial,habitat (outros codigos)
2936,IFFSC,Brazil,1.9. Forest – Subtropical/tropical moist montane,terrestrial,habitat (outros codigos)
2937,IFFSC,Brazil,1.9. Forest – Subtropical/tropical moist montane,terrestrial,habitat (outros codigos)
2938,IFFSC,Brazil,13.3 Coastal Sand Dunes,marine,habitat (IUCN 9-13 / palavra-chave)
2939,IFFSC,Brazil,1.6. Forest – Subtropical/tropical moist lowland,terrestrial,habitat (outros codigos)
2940,IFFSC,Brazil,1.6. Forest – Subtropical/tropical moist lowland,terrestrial,habitat (outros codigos)
2941,IFFSC,Brazil,1.6. Forest – Subtropical/tropical moist lowland,terrestrial,habitat (outros codigos)
2942,IFFSC,Brazil,1.5. Forest – Subtropical/tropical dry,terrestrial,habitat (outros codigos)
2943,IFFSC,Brazil,1.9. Forest – Subtropical/tropical moist montane,terrestrial,habitat (outros codigos)
2944,IFFSC,Brazil,1.9. Forest – Subtropical/tropical moist montane,terrestrial,habitat (outros codigos)
2945,IFFSC,Brazil,1.9. Forest – Subtropical/tropical moist montane,terrestrial,habitat (outros codigos)
2946,IFFSC,Brazil,1.9. Forest – Subtropical/tropical moist montane,terrestrial,habitat (outros codigos)
2947,IFFSC,Brazil,1.9. Forest – Subtropical/tropical moist montane,terrestrial,habitat (outros codigos)
2948,IFFSC,Brazil,1.9. Forest – Subtropical/tropical moist montane,terrestrial,habitat (outros codigos)
2949,IFFSC,Brazil,1.9. Forest – Subtropical/tropical moist montane,terrestrial,habitat (outros codigos)
2950,IFFSC,Brazil,1.9. Forest – Subtropical/tropical moist montane,terrestrial,habitat (outros codigos)
2951,IFFSC,Brazil,1.9. Forest – Subtropical/tropical moist montane,terrestrial,habitat (outros codigos)
2952,IFFSC,Brazil,1.9. Forest – Subtropical/tropical moist montane,terrestrial,habitat (outros codigos)
2953,IFFSC,Brazil,1.9. Forest – Subtropical/tropical moist montane,terrestrial,habitat (outros codigos)
2954,IFFSC,Brazil,1.9. Forest – Subtropical/tropical moist montane,terrestrial,habitat (outros codigos)
2955,IFFSC,Brazil,1.9. Forest – Subtropical/tropical moist montane,terrestrial,habitat (outros codigos)
2956,IFFSC,Brazil,1.9. Forest – Subtropical/tropical moist montane,terrestrial,habitat (outros codigos)
2957,IFFSC,Brazil,1.9. Forest – Subtropical/tropical moist montane,terrestrial,habitat (outros codigos)
2958,IFFSC,Brazil,1.9. Forest – Subtropical/tropical moist montane,terrestrial,habitat (outros codigos)
2959,IFFSC,Brazil,1.9. Forest – Subtropical/tropical moist montane,terrestrial,habitat (outros codigos)
2960,IFFSC,Brazil,1.9. Forest – Subtropical/tropical moist montane,terrestrial,habitat (outros codigos)
2961,IFFSC,Brazil,1.9. Forest – Subtropical/tropical moist montane,terrestrial,habitat (outros codigos)
2962,IFFSC,Brazil,1.9. Forest – Subtropical/tropical moist montane,terrestrial,habitat (outros codigos)
2963,IFFSC,Brazil,1.9. Forest – Subtropical/tropical moist montane,terrestrial,habitat (outros codigos)
2964,IFFSC,Brazil,1.5. Forest – Subtropical/tropical dry,terrestrial,habitat (outros codigos)
2965,IFFSC,Brazil,1.9. Forest – Subtropical/tropical moist montane,terrestrial,habitat (outros codigos)
2966,IFFSC,Brazil,1.9. Forest – Subtropical/tropical moist montane,terrestrial,habitat (outros codigos)
2967,IFFSC,Brazil,1.9. Forest – Subtropical/tropical moist montane,terrestrial,habitat (outros codigos)
2968,IFFSC,Brazil,1.9. Forest – Subtropical/tropical moist montane,terrestrial,habitat (outros codigos)
2969,IFFSC,Brazil,1.9. Forest – Subtropical/tropical moist montane,terrestrial,habitat (outros codigos)
2970,IFFSC,Brazil,1.9. Forest – Subtropical/tropical moist montane,terrestrial,habitat (outros codigos)
2971,IFFSC,Brazil,1.5. Forest – Subtropical/tropical dry,terrestrial,habitat (outros codigos)
2972,IFFSC,Brazil,1.9. Forest – Subtropical/tropical moist montane,terrestrial,habitat (outros codigos)
2973,IFFSC,Brazil,1.9. Forest – Subtropical/tropical moist montane,terrestrial,habitat (outros codigos)
2974,IFFSC,Brazil,1.9. Forest – Subtropical/tropical moist montane,terrestrial,habitat (outros codigos)
2975,IFFSC,Brazil,1.5. Forest – Subtropical/tropical dry,terrestrial,habitat (outros codigos)
2976,IFFSC,Brazil,1.5. Forest – Subtropical/tropical dry,terrestrial,habitat (outros codigos)
2977,IFFSC,Brazil,1.5. Forest – Subtropical/tropical dry,terrestrial,habitat (outros codigos)
2978,IFFSC,Brazil,1.9. Forest – Subtropical/tropical moist montane,terrestrial,habitat (outros codigos)
2979,IFFSC,Brazil,1.5. Forest – Subtropical/tropical dry,terrestrial,habitat (outros codigos)
2980,IFFSC,Brazil,1.9. Forest – Subtropical/tropical moist montane,terrestrial,habitat (outros codigos)
2981,IFFSC,Brazil,1.9. Forest – Subtropical/tropical moist montane,terrestrial,habitat (outros codigos)
2982,IFFSC,Brazil,1.9. Forest – Subtropical/tropical moist montane,terrestrial,habitat (outros codigos)
2983,IFFSC,Brazil,1.5. Forest – Subtropical/tropical dry,terrestrial,habitat (outros codigos)
2984,IFFSC,Brazil,1.5. Forest – Subtropical/tropical dry,terrestrial,habitat (outros codigos)
2985,IFFSC,Brazil,1.9. Forest – Subtropical/tropical moist montane,terrestrial,habitat (outros codigos)
2986,IFFSC,Brazil,1.5. Forest – Subtropical/tropical dry,terrestrial,habitat (outros codigos)
2987,IFFSC,Brazil,1.9. Forest – Subtropical/tropical moist montane,terrestrial,habitat (outros codigos)
2988,IFFSC,Brazil,1.9. Forest – Subtropical/tropical moist montane,terrestrial,habitat (outros codigos)
2989,IFFSC,Brazil,1.9. Forest – Subtropical/tropical moist montane,terrestrial,habitat (outros codigos)
2990,IFFSC,Brazil,1.9. Forest – Subtropical/tropical moist montane,terrestrial,habitat (outros codigos)
2991,IFFSC,Brazil,1.5. Forest – Subtropical/tropical dry,terrestrial,habitat (outros codigos)
2992,IFFSC,Brazil,1.9. Forest – Subtropical/tropical moist montane,terrestrial,habitat (outros codigos)
2993,IFFSC,Brazil,1.9. Forest – Subtropical/tropical moist montane,terrestrial,habitat (outros codigos)
2994,IFFSC,Brazil,1.9. Forest – Subtropical/tropical moist montane,terrestrial,habitat (outros codigos)
2995,IFFSC,Brazil,1.9. Forest – Subtropical/tropical moist montane,terrestrial,habitat (outros codigos)
2996,IFFSC,Brazil,1.5. Forest – Subtropical/tropical dry,terrestrial,habitat (outros codigos)
2997,IFFSC,Brazil,1.9. Forest – Subtropical/tropical moist montane,terrestrial,habitat (outros codigos)
2998,IFFSC,Brazil,1.9. Forest – Subtropical/tropical moist montane,terrestrial,habitat (outros codigos)
2999,IFFSC,Brazil,1.9. Forest – Subtropical/tropical moist montane,terrestrial,habitat (outros codigos)
3000,IFFSC,Brazil,1.9. Forest – Subtropical/tropical moist montane,terrestrial,habitat (outros codigos)
3001,Igarapes,Brazil,5.1. Wetlands (inland) – Permanent rivers/streams/creeks (includes waterfalls),freshwater,habitat (outros codigos)
3002,Igarapes,Brazil,5.1. Wetlands (inland) – Permanent rivers/streams/creeks (includes waterfalls),freshwater,habitat (outros codigos)
3003,Igarapes,Brazil,5.1. Wetlands (inland) – Permanent rivers/streams/creeks (includes waterfalls),freshwater,habitat (outros codigos)
3004,LTER-CRSC_insects,Brazil,4.7. Grassland – Subtropical/tropical high altitude,terrestrial,habitat (outros codigos)
3005,LTER-CRSC_insects,Brazil,4.7. Grassland – Subtropical/tropical high altitude,terrestrial,habitat (outros codigos)
3006,LTER-CRSC_insects,Brazil,4.7. Grassland – Subtropical/tropical high altitude,terrestrial,habitat (outros codigos)
3007,LTER-CRSC_insects,Brazil,4.7. Grassland – Subtropical/tropical high altitude,terrestrial,habitat (outros codigos)
3008,LTER-CRSC_insects,Brazil,1.9. Forest – Subtropical/tropical moist montane,terrestrial,habitat (outros codigos)
3009,LTER-CRSC_insects,Brazil,1.9. Forest – Subtropical/tropical moist montane,terrestrial,habitat (outros codigos)
3010,LTER-CRSC_insects,Brazil,1.9. Forest – Subtropical/tropical moist montane,terrestrial,habitat (outros codigos)
3011,LTER-CRSC_insects,Brazil,1.9. Forest – Subtropical/tropical moist montane,terrestrial,habitat (outros codigos)
3012,LTER-CRSC_insects,Brazil,1.9. Forest – Subtropical/tropical moist montane,terrestrial,habitat (outros codigos)
3013,LTER-CRSC_insects,Brazil,1.9. Forest – Subtropical/tropical moist montane,terrestrial,habitat (outros codigos)
3014,LTER-CRSC_insects,Brazil,1.9. Forest – Subtropical/tropical moist montane,terrestrial,habitat (outros codigos)
3015,LTER-CRSC_insects,Brazil,1.9. Forest – Subtropical/tropical moist montane,terrestrial,habitat (outros codigos)
3016,LTER-CRSC_insects,Brazil,1.9. Forest – Subtropical/tropical moist montane,terrestrial,habitat (outros codigos)
3017,LTER-CRSC_insects,Brazil,4.7. Grassland – Subtropical/tropical high altitude,terrestrial,habitat (outros codigos)
3018,LTER-CRSC_insects,Brazil,1.9. Forest – Subtropical/tropical moist montane,terrestrial,habitat (outros codigos)
3019,LTER-CRSC_insects,Brazil,1.9. Forest – Subtropical/tropical moist montane,terrestrial,habitat (outros codigos)
3020,LTER-CRSC_insects,Brazil,1.9. Forest – Subtropical/tropical moist montane,terrestrial,habitat (outros codigos)
3021,LTER-CRSC_insects,Brazil,1.9. Forest – Subtropical/tropical moist montane,terrestrial,habitat (outros codigos)
3022,LTER-CRSC_insects,Brazil,1.9. Forest – Subtropical/tropical moist montane,terrestrial,habitat (outros codigos)
3023,LTER-CRSC_insects,Brazil,4.7. Grassland – Subtropical/tropical high altitude,terrestrial,habitat (outros codigos)
3024,LTER-CRSC_insects,Brazil,4.7. Grassland – Subtropical/tropical high altitude,terrestrial,habitat (outros codigos)
3025,Mam.P8,Brazil,1.6. Forest – Subtropical/tropical moist lowland / 1.9. Forest – Subtropical/tropical moist montane,terrestrial,habitat (outros codigos)
3026,MBS,Brazil,2.1. Savanna - Dry,terrestrial,habitat (outros codigos)
3027,MBS,Brazil,2.1. Savanna - Dry,terrestrial,habitat (outros codigos)
3028,MBS,Brazil,1.5. Forest – Subtropical/tropical dry | 2.1. Savanna - Dry,terrestrial,habitat (outros codigos)
3029,MBS,Brazil,2.1. Savanna - Dry,terrestrial,habitat (outros codigos)
3030,MBS,Brazil,1.5. Forest – Subtropical/tropical dry,terrestrial,habitat (outros codigos)
3031,MBS,Brazil,1.6. Forest - Subtropical/tropical moist lowland,terrestrial,habitat (outros codigos)
3032,MBS,Brazil,1.6. Forest - Subtropical/tropical moist lowland,terrestrial,habitat (outros codigos)
3033,MBS,Brazil,1.6. Forest - Subtropical/tropical moist lowland,terrestrial,habitat (outros codigos)
3034,MBS,Brazil,1.6. Forest - Subtropical/tropical moist lowland,terrestrial,habitat (outros codigos)
3035,MBS,Brazil,1.6. Forest - Subtropical/tropical moist lowland,terrestrial,habitat (outros codigos)
3036,MBS,Brazil,1.6. Forest - Subtropical/tropical moist lowland,terrestrial,habitat (outros codigos)
3037,MBS,Brazil,1.6. Forest - Subtropical/tropical moist lowland,terrestrial,habitat (outros codigos)
3038,MBS,Brazil,1.6. Forest - Subtropical/tropical moist lowland,terrestrial,habitat (outros codigos)
3039,MBS,Brazil,1.6. Forest - Subtropical/tropical moist lowland,terrestrial,habitat (outros codigos)
3040,MBS,Brazil,1.6. Forest - Subtropical/tropical moist lowland,terrestrial,habitat (outros codigos)
3041,MBS,Brazil,1.6. Forest - Subtropical/tropical moist lowland,terrestrial,habitat (outros codigos)
3042,MBS,Brazil,2.2. Savanna - Moist,terrestrial,habitat (outros codigos)
3043,MBS,Brazil,2.2. Savanna - Moist,terrestrial,habitat (outros codigos)
3044,MBS,Brazil,1.6. Forest - Subtropical/tropical moist lowland,terrestrial,habitat (outros codigos)
3045,MBS,Brazil,2.2. Savanna - Moist,terrestrial,habitat (outros codigos)
3046,MBS,Brazil,1.6. Forest - Subtropical/tropical moist lowland,terrestrial,habitat (outros codigos)
3047,MBS,Brazil,1.6. Forest - Subtropical/tropical moist lowland,terrestrial,habitat (outros codigos)
3048,MBS,Brazil,1.6. Forest - Subtropical/tropical moist lowland,terrestrial,habitat (outros codigos)
3049,MBS,Brazil,1.6. Forest - Subtropical/tropical moist lowland,terrestrial,habitat (outros codigos)
3050,MBS,Brazil,3.5. Shrubland - Subtropical/ tropical dry,terrestrial,habitat (outros codigos)
3051,MBS,Brazil,1.6. Forest - Subtropical/tropical moist lowland,terrestrial,habitat (outros codigos)
3052,MBS,Brazil,1.6. Forest - Subtropical/tropical moist lowland,terrestrial,habitat (outros codigos)
3053,MBS,Brazil,1.6. Forest - Subtropical/tropical moist lowland,terrestrial,habitat (outros codigos)
3054,MBS,Brazil,1.6. Forest - Subtropical/tropical moist lowland,terrestrial,habitat (outros codigos)
3055,MBS,Brazil,3.5. Shrubland - Subtropical/tropical dry / 1.8. Forest - Subtropical/ tropical swamp,freshwater,habitat (outros codigos)
3056,MBS,Brazil,3.5. Shrubland - Subtropical/ tropical dry,terrestrial,habitat (outros codigos)
3057,MBS,Brazil,1.6. Forest - Subtropical/tropical moist lowland/ 3.5. Shrubland - Subtropical/tropical dry,terrestrial,habitat (outros codigos)
3058,MBS,Brazil,1.6. Forest - Subtropical/tropical moist lowland,terrestrial,habitat (outros codigos)
3059,MBS,Brazil,3.5. Shrubland - Subtropical/ tropical dry,terrestrial,habitat (outros codigos)
3060,MBS,Brazil,1.6. Forest - Subtropical/tropical moist lowland,terrestrial,habitat (outros codigos)
3061,MBS,Brazil,1.6. Forest - Subtropical/tropical moist lowland,terrestrial,habitat (outros codigos)
3062,MBS,Brazil,3.5. Shrubland - Subtropical/tropical dry,terrestrial,habitat (outros codigos)
3063,MBS,Brazil,4.5. Grassland - Subtropical/tropical dry,terrestrial,habitat (outros codigos)
3064,MBS,Brazil,1.5. Forest – Subtropical/tropical dry / 2.2. Savanna - Moist,terrestrial,habitat (outros codigos)
3065,MBS,Brazil,1.9. Forest – Subtropical/tropical moist montane,terrestrial,habitat (outros codigos)
3066,MBS,Brazil,1.5. Forest – Subtropical/tropical dry,terrestrial,habitat (outros codigos)
3067,MBS,Brazil,1.5. Forest – Subtropical/tropical dry,terrestrial,habitat (outros codigos)
3068,MBS,Brazil,1.5. Forest – Subtropical/tropical dry,terrestrial,habitat (outros codigos)
3069,MBS,Brazil,1.5. Forest – Subtropical/tropical dry,terrestrial,habitat (outros codigos)
3070,MBS,Brazil,2.2. Savanna - Moist,terrestrial,habitat (outros codigos)
3071,MBS,Brazil,1.5. Forest – Subtropical/tropical dry,terrestrial,habitat (outros codigos)
3072,MBS,Brazil,1.5. Forest – Subtropical/tropical dry,terrestrial,habitat (outros codigos)
3073,MBS,Brazil,1.6. Floresta – Planície húmida subtropical/tropical,terrestrial,habitat (outros codigos)
3074,MBS,Brazil,1.6. Floresta – Planície húmida subtropical/tropical,terrestrial,habitat (outros codigos)
3075,MBS,Brazil,1.6. Floresta – Planície húmida subtropical/tropical,terrestrial,habitat (outros codigos)
3076,MBS,Brazil,1.6. Floresta – Planície húmida subtropical/tropical,terrestrial,habitat (outros codigos)
3077,MBS,Brazil,1.6. Floresta – Planície húmida subtropical/tropical,terrestrial,habitat (outros codigos)
3078,MBS,Brazil,1.6. Floresta – Planície húmida subtropical/tropical,terrestrial,habitat (outros codigos)
3079,MBS,Brazil,1.6. Floresta – Planície húmida subtropical/tropical,terrestrial,habitat (outros codigos)
3080,MBS,Brazil,1.6. Floresta – Planície húmida subtropical/tropical,terrestrial,habitat (outros codigos)
3081,MBS,Brazil,1.6. Floresta – Planície húmida subtropical/tropical,terrestrial,habitat (outros codigos)
3082,MBS,Brazil,1.6. Floresta – Planície húmida subtropical/tropical,terrestrial,habitat (outros codigos)
3083,MBS,Brazil,1.6. Floresta – Planície húmida subtropical/tropical,terrestrial,habitat (outros codigos)
3084,MBS,Brazil,2.2. Savana - Úmido,terrestrial,habitat (outros codigos)
3085,MBS,Brazil,2.2. Savana - Úmido,terrestrial,habitat (outros codigos)
3086,MBS,Brazil,1.6. Floresta – Planície húmida subtropical/tropical,terrestrial,habitat (outros codigos)
3087,MBS,Brazil,2.2. Savana - Úmido,terrestrial,habitat (outros codigos)
3088,Mon.CEP,Brazil,1.9. Forest – tropical moist,terrestrial,habitat (outros codigos)
3089,PCMCV,Brazil,3.6. Grasslands and Shrubland,terrestrial,habitat (outros codigos)
3090,Mon.RBSG,Brazil,1.6. Forest – Subtropical/tropical moist lowland / 1.9. Forest – Subtropical/tropical moist montane,terrestrial,habitat (outros codigos)
3091,Monit.Flittoralis,Brazil,3.6. Shrubland – Subtropical/tropical moist,terrestrial,habitat (outros codigos)
3092,Monit.Flittoralis,Brazil,3.6. Shrubland – Subtropical/tropical moist,terrestrial,habitat (outros codigos)
3093,Monit.Flittoralis,Brazil,3.6. Shrubland – Subtropical/tropical moist,terrestrial,habitat (outros codigos)
3094,Monit.Flittoralis,Brazil,3.6. Shrubland – Subtropical/tropical moist,terrestrial,habitat (outros codigos)
3095,Monit.Flittoralis,Brazil,3.6. Shrubland – Subtropical/tropical moist,terrestrial,habitat (outros codigos)
3096,Monit.Flittoralis,Brazil,3.6. Shrubland – Subtropical/tropical moist,terrestrial,habitat (outros codigos)
3097,Monit.Flittoralis,Brazil,3.6. Shrubland – Subtropical/tropical moist,terrestrial,habitat (outros codigos)
3098,Monit.Flittoralis,Brazil,3.6. Shrubland – Subtropical/tropical moist,terrestrial,habitat (outros codigos)
3099,Monit.Flittoralis,Brazil,3.6. Shrubland – Subtropical/tropical moist,terrestrial,habitat (outros codigos)
3100,Monit.Flittoralis,Brazil,3.6. Shrubland – Subtropical/tropical moist,terrestrial,habitat (outros codigos)
3101,Monitora.Mar.Mgz,Brazil,12.7 Mangrove Submerged Roots,marine,habitat (IUCN 9-13 / palavra-chave)
3102,Monitora.Ter.Flo,Brazil,1.6. Forest – Subtropical/tropical moist lowland,terrestrial,habitat (outros codigos)
3103,Monitora.Ter.Flo,Brazil,1.6. Forest – Subtropical/tropical moist lowland,terrestrial,habitat (outros codigos)
3104,Monitora.Mar.Mgz,Brazil,12.7 Mangrove Submerged Roots,marine,habitat (IUCN 9-13 / palavra-chave)
3105,Monitora.Mar.Mgz,Brazil,12.7 Mangrove Submerged Roots,marine,habitat (IUCN 9-13 / palavra-chave)
3106,Monitora.Mar.Mgz,Brazil,12.7 Mangrove Submerged Roots,marine,habitat (IUCN 9-13 / palavra-chave)
3107,Monitora.Mar.Mgz,Brazil,12.7 Mangrove Submerged Roots,marine,habitat (IUCN 9-13 / palavra-chave)
3108,Monitora.Ter.Flo,Brazil,1.6. Forest – Subtropical/tropical moist lowland,terrestrial,habitat (outros codigos)
3109,Monitora.Ter.Flo,Brazil,1.6. Forest – Subtropical/tropical moist lowland,terrestrial,habitat (outros codigos)
3110,Monitora.Ter.Flo,Brazil,1.6. Forest – Subtropical/tropical moist lowland,terrestrial,habitat (outros codigos)
3111,Monitora.Aq.Ig,Brazil,5.1. Wetlands (inland) – Permanent rivers/streams/creeks (includes waterfalls),freshwater,habitat (outros codigos)
3112,Monitora.Aq.Ig,Brazil,5.1. Wetlands (inland) – Permanent rivers/streams/creeks (includes waterfalls),freshwater,habitat (outros codigos)
3113,Monitora.Aq.Ig,Brazil,5.1. Wetlands (inland) – Permanent rivers/streams/creeks (includes waterfalls),freshwater,habitat (outros codigos)
3114,Monitora.Aq.Ig,Brazil,5.1. Wetlands (inland) – Permanent rivers/streams/creeks (includes waterfalls),freshwater,habitat (outros codigos)
3115,Monitora.Aq.Ig,Brazil,5.1. Wetlands (inland) – Permanent rivers/streams/creeks (includes waterfalls),freshwater,habitat (outros codigos)
3116,Monitora.Aq.Ig,Brazil,5.1. Wetlands (inland) – Permanent rivers/streams/creeks (includes waterfalls),freshwater,habitat (outros codigos)
3117,Monitora.Aq.Ig,Brazil,5.1. Wetlands (inland) – Permanent rivers/streams/creeks (includes waterfalls),freshwater,habitat (outros codigos)
3118,Monitora.Aq.Ig,Brazil,5.1. Wetlands (inland) – Permanent rivers/streams/creeks (includes waterfalls),freshwater,habitat (outros codigos)
3119,Monitora.Aq.Ig,Brazil,5.1. Wetlands (inland) – Permanent rivers/streams/creeks (includes waterfalls),freshwater,habitat (outros codigos)
3120,Monitora.Ter,Brazil,1.6. Forest – Subtropical/tropical moist lowland,terrestrial,habitat (outros codigos)
3121,Monitora.Mar.Mgz,Brazil,12.7 Mangrove Submerged Roots,marine,habitat (IUCN 9-13 / palavra-chave)
3122,Monitora.Mar.Mgz,Brazil,12.7 Mangrove Submerged Roots,marine,habitat (IUCN 9-13 / palavra-chave)
3123,Monitora.Mar.Mgz,Brazil,12.7 Mangrove Submerged Roots,marine,habitat (IUCN 9-13 / palavra-chave)
3124,Monitora.Mar.Pr,Brazil,12.4 Mud Shoreline and Intertidal Mud Flats|12.7 Mangrove Submerged Roots,marine,habitat (IUCN 9-13 / palavra-chave)
3125,Monitora.Ter.Flo,Brazil,1.6. Forest – Subtropical/tropical moist lowland,terrestrial,habitat (outros codigos)
3126,Monitora.Ter.Flo,Brazil,1.6. Forest – Subtropical/tropical moist lowland,terrestrial,habitat (outros codigos)
3127,Monitora.Ter.Flo,Brazil,1.6. Forest – Subtropical/tropical moist lowland,terrestrial,habitat (outros codigos)
3128,Monitora.Ter.Flo,Brazil,1.6. Forest – Subtropical/tropical moist lowland,terrestrial,habitat (outros codigos)
3129,Monitora.Ter.Flo,Brazil,1.6. Forest – Subtropical/tropical moist lowland,terrestrial,habitat (outros codigos)
3130,Monitora.Ter.Flo,Brazil,1.6. Forest – Subtropical/tropical moist lowland,terrestrial,habitat (outros codigos)
3131,Monitora.Ter.Flo,Brazil,1.6. Forest – Subtropical/tropical moist lowland,terrestrial,habitat (outros codigos)
3132,Monitora.Ter.Flo,Brazil,1.6. Forest – Subtropical/tropical moist lowland,terrestrial,habitat (outros codigos)
3133,Monitora.Ter.Flo,Brazil,1.6. Forest – Subtropical/tropical moist lowland,terrestrial,habitat (outros codigos)
3134,Monitora.Ter,Brazil,1.6. Forest – Subtropical/tropical moist lowland,terrestrial,habitat (outros codigos)
3135,Monitora.Ter,Brazil,1.6. Forest – Subtropical/tropical moist lowland forest,terrestrial,habitat (outros codigos)
3136,Monitora.Ter.Flo,Brazil,1.6. Forest – Subtropical/tropical moist lowland,terrestrial,habitat (outros codigos)
3137,Monitora.Ter.Flo,Brazil,1.6. Forest – Subtropical/tropical moist lowland,terrestrial,habitat (outros codigos)
3138,Monitora.Ter.Flo,Brazil,1.6. Forest – Subtropical/tropical moist lowland,terrestrial,habitat (outros codigos)
3139,Monitora.Ter.Flo,Brazil,1.6. Forest – Subtropical/tropical moist lowland,terrestrial,habitat (outros codigos)
3140,Monitora.Ter,Brazil,1.6. Forest – Subtropical/tropical moist lowland,terrestrial,habitat (outros codigos)
3141,Monitora.Mar.Ilha,Brazil,13.1 Sea Cliffs and Rocky Offshore Islands,marine,habitat (IUCN 9-13 / palavra-chave)
3142,Monitora.Ter.Flo,Brazil,1.6. Forest – Subtropical/tropical moist lowland,terrestrial,habitat (outros codigos)
3143,Monitora.Ter.Flo,Brazil,1.6. Forest – Subtropical/tropical moist lowland,terrestrial,habitat (outros codigos)
3144,Monitora.Ter.Flo,Brazil,1.6. Forest – Subtropical/tropical moist lowland,terrestrial,habitat (outros codigos)
3145,Monitora.Ter.Flo,Brazil,1.5. Forest – Subtropical/tropical dry,terrestrial,habitat (outros codigos)
3146,Monitora.Mar.Pr,Brazil,"12.2 Sandy Shoreline and/or Beaches, Sand Bars, Spits, etc.|5.5. Wetlands (inland) – Permanent freshwater lakes",marine,habitat (IUCN 9-13 / palavra-chave)
3147,Monitora.Mar.Pr,Brazil,"12.2 Sandy Shoreline and/or Beaches, Sand Bars, Spits, etc.|5.5. Wetlands (inland) – Permanent freshwater lakes",marine,habitat (IUCN 9-13 / palavra-chave)
3148,Monitora.Mar.Pr,Brazil,"12.2 Sandy Shoreline and/or Beaches, Sand Bars, Spits, etc.|5.5. Wetlands (inland) – Permanent freshwater lakes",marine,habitat (IUCN 9-13 / palavra-chave)
3149,Monitora.Mar.Pr,Brazil,"12.2 Sandy Shoreline and/or Beaches, Sand Bars, Spits, etc.|5.5. Wetlands (inland) – Permanent freshwater lakes",marine,habitat (IUCN 9-13 / palavra-chave)
3150,Monitora.Mar.Pr,Brazil,"12.2 Sandy Shoreline and/or Beaches, Sand Bars, Spits, etc.|5.5. Wetlands (inland) – Permanent freshwater lakes",marine,habitat (IUCN 9-13 / palavra-chave)
3151,Monitora.Mar.Pr,Brazil,"12.2 Sandy Shoreline and/or Beaches, Sand Bars, Spits, etc.|5.5. Wetlands (inland) – Permanent freshwater lakes",marine,habitat (IUCN 9-13 / palavra-chave)
3152,Monitora.Mar.Pr,Brazil,"12.2 Sandy Shoreline and/or Beaches, Sand Bars, Spits, etc.|5.5. Wetlands (inland) – Permanent freshwater lakes",marine,habitat (IUCN 9-13 / palavra-chave)
3153,Monitora.Mar.Pr,Brazil,"12.2 Sandy Shoreline and/or Beaches, Sand Bars, Spits, etc.|5.5. Wetlands (inland) – Permanent freshwater lakes",marine,habitat (IUCN 9-13 / palavra-chave)
3154,Monitora.Mar.Pr,Brazil,"12.2 Sandy Shoreline and/or Beaches, Sand Bars, Spits, etc.|5.5. Wetlands (inland) – Permanent freshwater lakes",marine,habitat (IUCN 9-13 / palavra-chave)
3155,Monitora.Mar.Pr,Brazil,"12.2 Sandy Shoreline and/or Beaches, Sand Bars, Spits, etc.|5.5. Wetlands (inland) – Permanent freshwater lakes",marine,habitat (IUCN 9-13 / palavra-chave)
3156,Monitora.Mar.Pr,Brazil,"12.2 Sandy Shoreline and/or Beaches, Sand Bars, Spits, etc.|5.5. Wetlands (inland) – Permanent freshwater lakes",marine,habitat (IUCN 9-13 / palavra-chave)
3157,Monitora.Mar.Pr,Brazil,"12.2 Sandy Shoreline and/or Beaches, Sand Bars, Spits, etc.|5.5. Wetlands (inland) – Permanent freshwater lakes",marine,habitat (IUCN 9-13 / palavra-chave)
3158,Monitora.Mar.Pr,Brazil,"12.2 Sandy Shoreline and/or Beaches, Sand Bars, Spits, etc.|5.5. Wetlands (inland) – Permanent freshwater lakes",marine,habitat (IUCN 9-13 / palavra-chave)
3159,Monitora.Mar.Pr,Brazil,"12.2 Sandy Shoreline and/or Beaches, Sand Bars, Spits, etc.|5.5. Wetlands (inland) – Permanent freshwater lakes",marine,habitat (IUCN 9-13 / palavra-chave)
3160,Monitora.Ter.Flo,Brazil,1.9. Forest – Subtropical/tropical moist montane,terrestrial,habitat (outros codigos)
3161,Monitora.Ter.Flo,Brazil,1.5. Forest – Subtropical/tropical dry,terrestrial,habitat (outros codigos)
3162,Monitora.Ter.Flo,Brazil,1.5. Forest – Subtropical/tropical dry,terrestrial,habitat (outros codigos)
3163,Monitora.Ter.Flo,Brazil,1.6. Forest – Subtropical/tropical moist lowland,terrestrial,habitat (outros codigos)
3164,Monitora.Ter.Flo,Brazil,1.6. Forest – Subtropical/tropical moist lowland,terrestrial,habitat (outros codigos)
3165,Monitora.Ter.Flo,Brazil,1.6. Forest – Subtropical/tropical moist lowland,terrestrial,habitat (outros codigos)
3166,Monitora.Aq.Ig,Brazil,5.1. Wetlands (inland) – Permanent rivers/streams/creeks (includes waterfalls),freshwater,habitat (outros codigos)
3167,Monitora.Aq.Ig,Brazil,5.1. Wetlands (inland) – Permanent rivers/streams/creeks (includes waterfalls),freshwater,habitat (outros codigos)
3168,Monitora.Aq.Ig,Brazil,5.1. Wetlands (inland) – Permanent rivers/streams/creeks (includes waterfalls),freshwater,habitat (outros codigos)
3169,Monitora.Aq.Ig,Brazil,5.1. Wetlands (inland) – Permanent rivers/streams/creeks (includes waterfalls),freshwater,habitat (outros codigos)
3170,Monitora.Ter.Flo,Brazil,1.5. Forest – Subtropical/tropical dry,terrestrial,habitat (outros codigos)
3171,Monitora.Ter.Flo,Brazil,1.6. Forest – Subtropical/tropical moist lowland,terrestrial,habitat (outros codigos)
3172,Monitora.Ter.Flo,Brazil,1.6. Forest – Subtropical/tropical moist lowland,terrestrial,habitat (outros codigos)
3173,Monitora.Ter.Flo,Brazil,1.9. Forest – Subtropical/tropical moist montane,terrestrial,habitat (outros codigos)
3174,Monitora.Ter.Flo,Brazil,1.9. Forest – Subtropical/tropical moist montane,terrestrial,habitat (outros codigos)
3175,Monitora.Ter,Brazil,1.9. Forest – Subtropical/tropical moist montane,terrestrial,habitat (outros codigos)
3176,Monitora.Ter.CS,Brazil,"2.1 Savanna - Dry
2.2 - Savanna - moist 
4.5. Grassland – Subtropical/tropical dry",terrestrial,habitat (outros codigos)
3177,Monitora.Ter.Flo,Brazil,1.5. Forest – Subtropical/tropical dry,terrestrial,habitat (outros codigos)
3178,Monitora.Ter.Flo,Brazil,1.6. Forest – Subtropical/tropical moist lowland,terrestrial,habitat (outros codigos)
3179,Monitora.Ter.Flo,Brazil,1.6. Forest – Subtropical/tropical moist lowland,terrestrial,habitat (outros codigos)
3180,Monitora.Ter.Flo,Brazil,1.6. Forest – Subtropical/tropical moist lowland,terrestrial,habitat (outros codigos)
3181,Monitora.Ter.Flo,Brazil,1.6. Forest – Subtropical/tropical moist lowland,terrestrial,habitat (outros codigos)
3182,Monitora.Ter.Flo,Brazil,1.6. Forest – Subtropical/tropical moist lowland,terrestrial,habitat (outros codigos)
3183,Monitora.Ter.Flo,Brazil,1.6. Forest – Subtropical/tropical moist lowland,terrestrial,habitat (outros codigos)
3184,Monitora.Mar.Pr,Brazil,12.4 Mud Shoreline and Intertidal Mud Flats|12.7 Mangrove Submerged Roots,marine,habitat (IUCN 9-13 / palavra-chave)
3185,Monitora.Ter.Flo,Brazil,1.6. Forest – Subtropical/tropical moist lowland,terrestrial,habitat (outros codigos)
3186,Monitora.Aq.Al,Brazil,5.1. Wetlands (inland) – Permanent rivers/streams/creeks (includes waterfalls),freshwater,habitat (outros codigos)
3187,Monitora.Aq.Al,Brazil,5.1. Wetlands (inland) – Permanent rivers/streams/creeks (includes waterfalls),freshwater,habitat (outros codigos)
3188,Monitora.Aq.Al,Brazil,5.1. Wetlands (inland) – Permanent rivers/streams/creeks (includes waterfalls),freshwater,habitat (outros codigos)
3189,Monitora.Ter.Flo,Brazil,1.6. Forest – Subtropical/tropical moist lowland,terrestrial,habitat (outros codigos)
3190,Monitora.Ter.Flo,Brazil,1.6. Forest – Subtropical/tropical moist lowland,terrestrial,habitat (outros codigos)
3191,Monitora.Ter.Flo,Brazil,1.6. Forest – Subtropical/tropical moist lowland,terrestrial,habitat (outros codigos)
3192,Monitora.Ter.Flo,Brazil,1.6. Forest – Subtropical/tropical moist lowland,terrestrial,habitat (outros codigos)
3193,Monitora.Ter.Flo,Brazil,1.6. Forest – Subtropical/tropical moist lowland,terrestrial,habitat (outros codigos)
3194,Monitora.Ter.Flo,Brazil,1.6. Forest – Subtropical/tropical moist lowland,terrestrial,habitat (outros codigos)
3195,Monitora.Aq.Ig,Brazil,5.1. Wetlands (inland) – Permanent rivers/streams/creeks (includes waterfalls),freshwater,habitat (outros codigos)
3196,Monitora.Aq.Ig,Brazil,5.1. Wetlands (inland) – Permanent rivers/streams/creeks (includes waterfalls),freshwater,habitat (outros codigos)
3197,Monitora.Aq.Ig,Brazil,5.1. Wetlands (inland) – Permanent rivers/streams/creeks (includes waterfalls),freshwater,habitat (outros codigos)
3198,Monitora.Aq.Ig,Brazil,5.1. Wetlands (inland) – Permanent rivers/streams/creeks (includes waterfalls),freshwater,habitat (outros codigos)
3199,Monitora.Aq.Ig,Brazil,5.1. Wetlands (inland) – Permanent rivers/streams/creeks (includes waterfalls),freshwater,habitat (outros codigos)
3200,Monitora.Aq.Ig,Brazil,5.1. Wetlands (inland) – Permanent rivers/streams/creeks (includes waterfalls),freshwater,habitat (outros codigos)
3201,Monitora.Ter,Brazil,1.6. Forest – Subtropical/tropical moist lowland,terrestrial,habitat (outros codigos)
3202,Monitora.Ter.Flo,Brazil,1.9. Forest – Subtropical/tropical moist montane,terrestrial,habitat (outros codigos)
3203,Monitora.Ter.Flo,Brazil,1.9. Forest – Subtropical/tropical moist montane,terrestrial,habitat (outros codigos)
3204,Monitora.Mar.Mgz,Brazil,12.7 Mangrove Submerged Roots,marine,habitat (IUCN 9-13 / palavra-chave)
3205,Monitora.Ter.Flo,Brazil,1.6. Forest – Subtropical/tropical moist lowland,terrestrial,habitat (outros codigos)
3206,Monitora.Ter.Flo,Brazil,1.6. Forest – Subtropical/tropical moist lowland,terrestrial,habitat (outros codigos)
3207,Monitora.Ter.Flo,Brazil,1.6. Forest – Subtropical/tropical moist lowland,terrestrial,habitat (outros codigos)
3208,Monitora.Ter.Flo,Brazil,1.6. Forest – Subtropical/tropical moist lowland,terrestrial,habitat (outros codigos)
3209,Monitora.Ter.Flo,Brazil,1.6. Forest – Subtropical/tropical moist lowland,terrestrial,habitat (outros codigos)
3210,Monitora.Aq.Ig,Brazil,5.1. Wetlands (inland) – Permanent rivers/streams/creeks (includes waterfalls),freshwater,habitat (outros codigos)
3211,Monitora.Aq.Ig,Brazil,5.1. Wetlands (inland) – Permanent rivers/streams/creeks (includes waterfalls),freshwater,habitat (outros codigos)
3212,Monitora.Ter,Brazil,1.6. Forest – Subtropical/tropical moist lowland,terrestrial,habitat (outros codigos)
3213,Monitora.Aq.Ig,Brazil,5.1. Wetlands (inland) – Permanent rivers/streams/creeks (includes waterfalls),freshwater,habitat (outros codigos)
3214,Monitora.Aq.Ig,Brazil,5.1. Wetlands (inland) – Permanent rivers/streams/creeks (includes waterfalls),freshwater,habitat (outros codigos)
3215,Monitora.Aq.Ig,Brazil,5.1. Wetlands (inland) – Permanent rivers/streams/creeks (includes waterfalls),freshwater,habitat (outros codigos)
3216,Monitora.Aq.Ig,Brazil,5.1. Wetlands (inland) – Permanent rivers/streams/creeks (includes waterfalls),freshwater,habitat (outros codigos)
3217,Monitora.Aq.Ig,Brazil,5.1. Wetlands (inland) – Permanent rivers/streams/creeks (includes waterfalls),freshwater,habitat (outros codigos)
3218,Monitora.Aq.Ig,Brazil,5.1. Wetlands (inland) – Permanent rivers/streams/creeks (includes waterfalls),freshwater,habitat (outros codigos)
3219,Monitora.Ter.Flo,Brazil,1.6. Forest – Subtropical/tropical moist lowland,terrestrial,habitat (outros codigos)
3220,Monitora.Ter.Flo,Brazil,1.6. Forest – Subtropical/tropical moist lowland,terrestrial,habitat (outros codigos)
3221,Monitora.Ter.Flo,Brazil,1.6. Forest – Subtropical/tropical moist lowland,terrestrial,habitat (outros codigos)
3222,Monitora.Ter.CS,Brazil,"2.1 Savanna - Dry
2.2 - Savanna - moist 
4.5. Grassland – Subtropical/tropical dry",terrestrial,habitat (outros codigos)
3223,Monitora.Ter.Flo,Brazil,1.6. Forest – Subtropical/tropical moist lowland,terrestrial,habitat (outros codigos)
3224,Monitora.Ter.Flo,Brazil,1.6. Forest – Subtropical/tropical moist lowland,terrestrial,habitat (outros codigos)
3225,Monitora.Ter.Flo,Brazil,1.6. Forest – Subtropical/tropical moist lowland,terrestrial,habitat (outros codigos)
3226,Monitora.Ter.Flo,Brazil,1.6. Forest – Subtropical/tropical moist lowland,terrestrial,habitat (outros codigos)
3227,Monitora.Ter.Flo,Brazil,1.6. Forest – Subtropical/tropical moist lowland,terrestrial,habitat (outros codigos)
3228,Monitora.Ter.Flo,Brazil,1.6. Forest – Subtropical/tropical moist lowland,terrestrial,habitat (outros codigos)
3229,Monitora.Aq.Ig,Brazil,5.1. Wetlands (inland) – Permanent rivers/streams/creeks (includes waterfalls),freshwater,habitat (outros codigos)
3230,Monitora.Aq.Ig,Brazil,5.1. Wetlands (inland) – Permanent rivers/streams/creeks (includes waterfalls),freshwater,habitat (outros codigos)
3231,Monitora.Aq.Ig,Brazil,5.1. Wetlands (inland) – Permanent rivers/streams/creeks (includes waterfalls),freshwater,habitat (outros codigos)
3232,Monitora.Aq.Ig,Brazil,5.1. Wetlands (inland) – Permanent rivers/streams/creeks (includes waterfalls),freshwater,habitat (outros codigos)
3233,Monitora.Aq.Ig,Brazil,5.1. Wetlands (inland) – Permanent rivers/streams/creeks (includes waterfalls),freshwater,habitat (outros codigos)
3234,Monitora.Aq.Ig,Brazil,5.1. Wetlands (inland) – Permanent rivers/streams/creeks (includes waterfalls),freshwater,habitat (outros codigos)
3235,Monitora.Ter,Brazil,1.6. Forest – Subtropical/tropical moist lowland,terrestrial,habitat (outros codigos)
3236,Monitora.Mar.Ilha,Brazil,13.1 Sea Cliffs and Rocky Offshore Islands,marine,habitat (IUCN 9-13 / palavra-chave)
3237,Monitora.Mar.Ilha,Brazil,13.1 Sea Cliffs and Rocky Offshore Islands,marine,habitat (IUCN 9-13 / palavra-chave)
3238,Monitora.Ter.Flo,Brazil,1.6. Forest – Subtropical/tropical moist lowland,terrestrial,habitat (outros codigos)
3239,Monitora.Ter.Flo,Brazil,1.6. Forest – Subtropical/tropical moist lowland,terrestrial,habitat (outros codigos)
3240,Monitora.Ter.Flo,Brazil,1.6. Forest – Subtropical/tropical moist lowland,terrestrial,habitat (outros codigos)
3241,Monitora.Ter.Flo,Brazil,1.6. Forest – Subtropical/tropical moist lowland,terrestrial,habitat (outros codigos)
3242,Monitora.Ter.Flo,Brazil,1.6. Forest – Subtropical/tropical moist lowland,terrestrial,habitat (outros codigos)
3243,Monitora.Ter.Flo,Brazil,1.6. Forest – Subtropical/tropical moist lowland,terrestrial,habitat (outros codigos)
3244,Monitora.Ter.Flo,Brazil,1.6. Forest – Subtropical/tropical moist lowland,terrestrial,habitat (outros codigos)
3245,Monitora.Ter.Flo,Brazil,1.6. Forest – Subtropical/tropical moist lowland,terrestrial,habitat (outros codigos)
3246,Monitora.Ter.Flo,Brazil,1.6. Forest – Subtropical/tropical moist lowland,terrestrial,habitat (outros codigos)
3247,Monitora.Ter.Flo,Brazil,1.6. Forest – Subtropical/tropical moist lowland,terrestrial,habitat (outros codigos)
3248,Monitora.Ter.CS,Brazil,"2.1 Savanna - Dry
2.2 - Savanna - moist 
4.5. Grassland – Subtropical/tropical dry",terrestrial,habitat (outros codigos)
3249,Monitora.Aq.Al,Brazil,5.1. Wetlands (inland) – Permanent rivers/streams/creeks (includes waterfalls) | 1.8. Forest – Subtropical/tropical swamp,freshwater,habitat (outros codigos)
3250,Monitora.Aq.Al,Brazil,5.1. Wetlands (inland) – Permanent rivers/streams/creeks (includes waterfalls) | 1.8. Forest – Subtropical/tropical swamp,freshwater,habitat (outros codigos)
3251,Monitora.Aq.Al,Brazil,5.1. Wetlands (inland) – Permanent rivers/streams/creeks (includes waterfalls) | 1.8. Forest – Subtropical/tropical swamp,freshwater,habitat (outros codigos)
3252,Monitora.Aq.Al,Brazil,5.1. Wetlands (inland) – Permanent rivers/streams/creeks (includes waterfalls) | 1.8. Forest – Subtropical/tropical swamp,freshwater,habitat (outros codigos)
3253,Monitora.Aq.Al,Brazil,5.1. Wetlands (inland) – Permanent rivers/streams/creeks (includes waterfalls) | 1.8. Forest – Subtropical/tropical swamp,freshwater,habitat (outros codigos)
3254,Monitora.Mar.Pr,Brazil,12.4 Mud Shoreline and Intertidal Mud Flats|12.7 Mangrove Submerged Roots,marine,habitat (IUCN 9-13 / palavra-chave)
3255,Monitora.Ter.Flo,Brazil,1.6. Forest – Subtropical/tropical moist lowland,terrestrial,habitat (outros codigos)
3256,Monitora.Ter.Flo,Brazil,1.6. Forest – Subtropical/tropical moist lowland,terrestrial,habitat (outros codigos)
3257,Monitora.Ter.Flo,Brazil,1.6. Forest – Subtropical/tropical moist lowland,terrestrial,habitat (outros codigos)
3258,Monitora.Aq.Al,Brazil,5.1. Wetlands (inland) – Permanent rivers/streams/creeks (includes waterfalls),freshwater,habitat (outros codigos)
3259,Monitora.Aq.Al,Brazil,5.1. Wetlands (inland) – Permanent rivers/streams/creeks (includes waterfalls),freshwater,habitat (outros codigos)
3260,Monitora.Aq.Al,Brazil,5.1. Wetlands (inland) – Permanent rivers/streams/creeks (includes waterfalls),freshwater,habitat (outros codigos)
3261,Monitora.Aq.Al,Brazil,5.1. Wetlands (inland) – Permanent rivers/streams/creeks (includes waterfalls),freshwater,habitat (outros codigos)
3262,Monitora.Aq.Al,Brazil,5.1. Wetlands (inland) – Permanent rivers/streams/creeks (includes waterfalls),freshwater,habitat (outros codigos)
3263,Monitora.Aq.Al,Brazil,5.1. Wetlands (inland) – Permanent rivers/streams/creeks (includes waterfalls),freshwater,habitat (outros codigos)
3264,Monitora.Aq.Al,Brazil,5.1. Wetlands (inland) – Permanent rivers/streams/creeks (includes waterfalls),freshwater,habitat (outros codigos)
3265,Monitora.Ter.CS,Brazil,4.6. Grassland – Subtropical/tropical seasonally wet/flooded,terrestrial,habitat (outros codigos)
3266,Monitora.Ter.CS,Brazil,2.2 - Savanna - moist,terrestrial,habitat (outros codigos)
3267,Monitora.Ter.Flo,Brazil,1.5. Forest – Subtropical/tropical dry | 1.6. Forest – Subtropical/tropical moist lowland,terrestrial,habitat (outros codigos)
3268,Monitora.Ter,Brazil,1.6. Forest – Subtropical/tropical moist lowland,terrestrial,habitat (outros codigos)
3269,Monitora.Ter.Flo,Brazil,1.6. Forest – Subtropical/tropical moist lowland,terrestrial,habitat (outros codigos)
3270,Monitora.Ter.Flo,Brazil,1.6. Forest – Subtropical/tropical moist lowland,terrestrial,habitat (outros codigos)
3271,Monitora.Ter.Flo,Brazil,1.6. Forest – Subtropical/tropical moist lowland,terrestrial,habitat (outros codigos)
3272,Monitora.Ter.Flo,Brazil,1.6. Forest – Subtropical/tropical moist lowland,terrestrial,habitat (outros codigos)
3273,Monitora.Ter.Flo,Brazil,1.6. Forest – Subtropical/tropical moist lowland,terrestrial,habitat (outros codigos)
3274,Monitora.Ter.Flo,Brazil,1.6. Forest – Subtropical/tropical moist lowland,terrestrial,habitat (outros codigos)
3275,Monitora.Aq.Ig,Brazil,5.1. Wetlands (inland) – Permanent rivers/streams/creeks (includes waterfalls),freshwater,habitat (outros codigos)
3276,Monitora.Aq.Ig,Brazil,5.1. Wetlands (inland) – Permanent rivers/streams/creeks (includes waterfalls),freshwater,habitat (outros codigos)
3277,Monitora.Aq.Ig,Brazil,5.1. Wetlands (inland) – Permanent rivers/streams/creeks (includes waterfalls),freshwater,habitat (outros codigos)
3278,Monitora.Aq.Ig,Brazil,5.1. Wetlands (inland) – Permanent rivers/streams/creeks (includes waterfalls),freshwater,habitat (outros codigos)
3279,Monitora.Aq.Ig,Brazil,5.1. Wetlands (inland) – Permanent rivers/streams/creeks (includes waterfalls),freshwater,habitat (outros codigos)
3280,Monitora.Aq.Ig,Brazil,5.1. Wetlands (inland) – Permanent rivers/streams/creeks (includes waterfalls),freshwater,habitat (outros codigos)
3281,Monitora.Ter.Flo,Brazil,1.6. Forest – Subtropical/tropical moist lowland,terrestrial,habitat (outros codigos)
3282,Monitora.Ter.Flo,Brazil,1.6. Forest – Subtropical/tropical moist lowland,terrestrial,habitat (outros codigos)
3283,Monitora.Ter.Flo,Brazil,1.6. Forest – Subtropical/tropical moist lowland,terrestrial,habitat (outros codigos)
3284,Monitora.Ter.Flo,Brazil,1.6. Forest – Subtropical/tropical moist lowland,terrestrial,habitat (outros codigos)
3285,Monitora.Ter.Flo,Brazil,1.6. Forest – Subtropical/tropical moist lowland,terrestrial,habitat (outros codigos)
3286,Monitora.Ter.Flo,Brazil,1.6. Forest – Subtropical/tropical moist lowland,terrestrial,habitat (outros codigos)
3287,Monitora.Aq.Al,Brazil,5.1. Wetlands (inland) – Permanent rivers/streams/creeks (includes waterfalls) | 1.8. Forest – Subtropical/tropical swamp,freshwater,habitat (outros codigos)
3288,Monitora.Aq.Al,Brazil,5.1. Wetlands (inland) – Permanent rivers/streams/creeks (includes waterfalls) | 1.8. Forest – Subtropical/tropical swamp,freshwater,habitat (outros codigos)
3289,Monitora.Aq.Al,Brazil,5.1. Wetlands (inland) – Permanent rivers/streams/creeks (includes waterfalls) | 1.8. Forest – Subtropical/tropical swamp,freshwater,habitat (outros codigos)
3290,Monitora.Aq.Al,Brazil,5.1. Wetlands (inland) – Permanent rivers/streams/creeks (includes waterfalls) | 1.8. Forest – Subtropical/tropical swamp,freshwater,habitat (outros codigos)
3291,Monitora.Aq.Al,Brazil,5.1. Wetlands (inland) – Permanent rivers/streams/creeks (includes waterfalls) | 1.8. Forest – Subtropical/tropical swamp,freshwater,habitat (outros codigos)
3292,Monitora.Ter.Flo,Brazil,1.6. Forest – Subtropical/tropical moist lowland,terrestrial,habitat (outros codigos)
3293,Monitora.Ter.Flo,Brazil,1.6. Forest – Subtropical/tropical moist lowland,terrestrial,habitat (outros codigos)
3294,Monitora.Ter.Flo,Brazil,1.6. Forest – Subtropical/tropical moist lowland,terrestrial,habitat (outros codigos)
3295,Monitora.Ter.Flo,Brazil,1.6. Forest – Subtropical/tropical moist lowland,terrestrial,habitat (outros codigos)
3296,Monitora.Ter.Flo,Brazil,1.6. Forest – Subtropical/tropical moist lowland,terrestrial,habitat (outros codigos)
3297,Monitora.Aq.Al,Brazil,5.1. Wetlands (inland) – Permanent rivers/streams/creeks (includes waterfalls) | 1.8. Forest – Subtropical/tropical swamp,freshwater,habitat (outros codigos)
3298,Monitora.Aq.Al,Brazil,5.1. Wetlands (inland) – Permanent rivers/streams/creeks (includes waterfalls) | 1.8. Forest – Subtropical/tropical swamp,freshwater,habitat (outros codigos)
3299,Monitora.Aq.Al,Brazil,5.1. Wetlands (inland) – Permanent rivers/streams/creeks (includes waterfalls) | 1.8. Forest – Subtropical/tropical swamp,freshwater,habitat (outros codigos)
3300,Monitora.Aq.Al,Brazil,5.1. Wetlands (inland) – Permanent rivers/streams/creeks (includes waterfalls) | 1.8. Forest – Subtropical/tropical swamp,freshwater,habitat (outros codigos)
3301,Monitora.Aq.Al,Brazil,5.1. Wetlands (inland) – Permanent rivers/streams/creeks (includes waterfalls) | 1.8. Forest – Subtropical/tropical swamp,freshwater,habitat (outros codigos)
3302,Monitora.Aq.Al,Brazil,5.1. Wetlands (inland) – Permanent rivers/streams/creeks (includes waterfalls) | 1.8. Forest – Subtropical/tropical swamp,freshwater,habitat (outros codigos)
3303,Monitora.Aq.Al,Brazil,5.1. Wetlands (inland) – Permanent rivers/streams/creeks (includes waterfalls) | 1.8. Forest – Subtropical/tropical swamp,freshwater,habitat (outros codigos)
3304,Monitora.Aq.Al,Brazil,5.1. Wetlands (inland) – Permanent rivers/streams/creeks (includes waterfalls) | 1.8. Forest – Subtropical/tropical swamp,freshwater,habitat (outros codigos)
3305,Monitora.Aq.Al,Brazil,5.1. Wetlands (inland) – Permanent rivers/streams/creeks (includes waterfalls) | 1.8. Forest – Subtropical/tropical swamp,freshwater,habitat (outros codigos)
3306,Monitora.Aq.Al,Brazil,5.1. Wetlands (inland) – Permanent rivers/streams/creeks (includes waterfalls) | 1.8. Forest – Subtropical/tropical swamp,freshwater,habitat (outros codigos)
3307,Monitora.Aq.Al,Brazil,5.1. Wetlands (inland) – Permanent rivers/streams/creeks (includes waterfalls) | 1.8. Forest – Subtropical/tropical swamp,freshwater,habitat (outros codigos)
3308,Monitora.Aq.Al,Brazil,5.1. Wetlands (inland) – Permanent rivers/streams/creeks (includes waterfalls) | 1.8. Forest – Subtropical/tropical swamp,freshwater,habitat (outros codigos)
3309,Monitora.Aq.Al,Brazil,5.1. Wetlands (inland) – Permanent rivers/streams/creeks (includes waterfalls) | 1.8. Forest – Subtropical/tropical swamp,freshwater,habitat (outros codigos)
3310,Monitora.Aq.Al,Brazil,5.1. Wetlands (inland) – Permanent rivers/streams/creeks (includes waterfalls) | 1.8. Forest – Subtropical/tropical swamp,freshwater,habitat (outros codigos)
3311,Monitora.Ter.Flo,Brazil,1.6. Forest – Subtropical/tropical moist lowland,terrestrial,habitat (outros codigos)
3312,Monitora.Ter.Flo,Brazil,1.6. Forest – Subtropical/tropical moist lowland,terrestrial,habitat (outros codigos)
3313,Monitora.Ter.Flo,Brazil,1.6. Forest – Subtropical/tropical moist lowland,terrestrial,habitat (outros codigos)
3314,Monitora.Ter.Flo,Brazil,1.6. Forest – Subtropical/tropical moist lowland,terrestrial,habitat (outros codigos)
3315,Monitora.Ter.Flo,Brazil,1.6. Forest – Subtropical/tropical moist lowland,terrestrial,habitat (outros codigos)
3316,Monitora.Ter.Flo,Brazil,1.6. Forest – Subtropical/tropical moist lowland,terrestrial,habitat (outros codigos)
3317,Monitora.Ter.Flo,Brazil,1.6. Forest – Subtropical/tropical moist lowland,terrestrial,habitat (outros codigos)
3318,Monitora.Ter.Flo,Brazil,1.6. Forest – Subtropical/tropical moist lowland,terrestrial,habitat (outros codigos)
3319,Monitora.Ter.Flo,Brazil,1.6. Forest – Subtropical/tropical moist lowland,terrestrial,habitat (outros codigos)
3320,Monitora.Mar.Mgz,Brazil,12.7 Mangrove Submerged Roots,marine,habitat (IUCN 9-13 / palavra-chave)
3321,Monitora.Mar.Mgz,Brazil,12.7 Mangrove Submerged Roots,marine,habitat (IUCN 9-13 / palavra-chave)
3322,Monitora.Mar.Mgz,Brazil,12.7 Mangrove Submerged Roots,marine,habitat (IUCN 9-13 / palavra-chave)
3323,Monitora.Mar,Brazil,12.7 Mangrove Submerged Roots,marine,habitat (IUCN 9-13 / palavra-chave)
3324,Monitora.Mar,Brazil,12.7 Mangrove Submerged Roots,marine,habitat (IUCN 9-13 / palavra-chave)
3325,Monitora.Mar,Brazil,12.7 Mangrove Submerged Roots,marine,habitat (IUCN 9-13 / palavra-chave)
3326,Monitora.Mar,Brazil,12.7 Mangrove Submerged Roots,marine,habitat (IUCN 9-13 / palavra-chave)
3327,Monitora.Mar.Mgz,Brazil,12.7 Mangrove Submerged Roots,marine,habitat (IUCN 9-13 / palavra-chave)
3328,Monitora.Mar.Mgz,Brazil,12.7 Mangrove Submerged Roots,marine,habitat (IUCN 9-13 / palavra-chave)
3329,Monitora.Mar.Mgz,Brazil,12.7 Mangrove Submerged Roots,marine,habitat (IUCN 9-13 / palavra-chave)
3330,Monitora.Mar,Brazil,12.7 Mangrove Submerged Roots,marine,habitat (IUCN 9-13 / palavra-chave)
3331,Monitora.Mar,Brazil,12.7 Mangrove Submerged Roots,marine,habitat (IUCN 9-13 / palavra-chave)
3332,Monitora.Mar,Brazil,12.7 Mangrove Submerged Roots,marine,habitat (IUCN 9-13 / palavra-chave)
3333,Monitora.Mar,Brazil,12.7 Mangrove Submerged Roots,marine,habitat (IUCN 9-13 / palavra-chave)
3334,Monitora.Mar,Brazil,12.7 Mangrove Submerged Roots,marine,habitat (IUCN 9-13 / palavra-chave)
3335,Monitora.Mar,Brazil,12.7 Mangrove Submerged Roots,marine,habitat (IUCN 9-13 / palavra-chave)
3336,Monitora.Mar,Brazil,12.7 Mangrove Submerged Roots,marine,habitat (IUCN 9-13 / palavra-chave)
3337,Monitora.Mar,Brazil,12.7 Mangrove Submerged Roots,marine,habitat (IUCN 9-13 / palavra-chave)
3338,Monitora.Mar,Brazil,12.7 Mangrove Submerged Roots,marine,habitat (IUCN 9-13 / palavra-chave)
3339,Monitora.Mar,Brazil,12.7 Mangrove Submerged Roots,marine,habitat (IUCN 9-13 / palavra-chave)
3340,Monitora.Mar,Brazil,12.7 Mangrove Submerged Roots,marine,habitat (IUCN 9-13 / palavra-chave)
3341,Monitora.Mar.Mgz,Brazil,12.7 Mangrove Submerged Roots,marine,habitat (IUCN 9-13 / palavra-chave)
3342,Monitora.Mar.Mgz,Brazil,12.7 Mangrove Submerged Roots,marine,habitat (IUCN 9-13 / palavra-chave)
3343,Monitora.Mar.Mgz,Brazil,12.7 Mangrove Submerged Roots,marine,habitat (IUCN 9-13 / palavra-chave)
3344,Monitora.Mar,Brazil,12.7 Mangrove Submerged Roots,marine,habitat (IUCN 9-13 / palavra-chave)
3345,Monitora.Mar,Brazil,12.7 Mangrove Submerged Roots,marine,habitat (IUCN 9-13 / palavra-chave)
3346,Monitora.Mar,Brazil,12.7 Mangrove Submerged Roots,marine,habitat (IUCN 9-13 / palavra-chave)
3347,Monitora.Mar,Brazil,12.7 Mangrove Submerged Roots,marine,habitat (IUCN 9-13 / palavra-chave)
3348,Monitora.Mar,Brazil,12.7 Mangrove Submerged Roots,marine,habitat (IUCN 9-13 / palavra-chave)
3349,Monitora.Mar,Brazil,12.7 Mangrove Submerged Roots,marine,habitat (IUCN 9-13 / palavra-chave)
3350,Monitora.Mar,Brazil,12.7 Mangrove Submerged Roots,marine,habitat (IUCN 9-13 / palavra-chave)
3351,Monitora.Mar,Brazil,12.7 Mangrove Submerged Roots,marine,habitat (IUCN 9-13 / palavra-chave)
3352,Monitora.Mar,Brazil,12.7 Mangrove Submerged Roots,marine,habitat (IUCN 9-13 / palavra-chave)
3353,Monitora.Mar,Brazil,12.7 Mangrove Submerged Roots,marine,habitat (IUCN 9-13 / palavra-chave)
3354,Monitora.Mar,Brazil,12.7 Mangrove Submerged Roots,marine,habitat (IUCN 9-13 / palavra-chave)
3355,Monitora.Mar,Brazil,12.7 Mangrove Submerged Roots,marine,habitat (IUCN 9-13 / palavra-chave)
3356,Monitora.Aq.Al,Brazil,5.1. Wetlands (inland) – Permanent rivers/streams/creeks (includes waterfalls) | 1.8. Forest – Subtropical/tropical swamp,freshwater,habitat (outros codigos)
3357,Monitora.Aq.Al,Brazil,5.1. Wetlands (inland) – Permanent rivers/streams/creeks (includes waterfalls) | 1.8. Forest – Subtropical/tropical swamp,freshwater,habitat (outros codigos)
3358,Monitora.Aq.Al,Brazil,5.1. Wetlands (inland) – Permanent rivers/streams/creeks (includes waterfalls) | 1.8. Forest – Subtropical/tropical swamp,freshwater,habitat (outros codigos)
3359,Monitora.Aq.Al,Brazil,5.1. Wetlands (inland) – Permanent rivers/streams/creeks (includes waterfalls) | 1.8. Forest – Subtropical/tropical swamp,freshwater,habitat (outros codigos)
3360,Monitora.Aq.Al,Brazil,5.1. Wetlands (inland) – Permanent rivers/streams/creeks (includes waterfalls) | 1.8. Forest – Subtropical/tropical swamp,freshwater,habitat (outros codigos)
3361,Monitora.Aq.Al,Brazil,5.1. Wetlands (inland) – Permanent rivers/streams/creeks (includes waterfalls),freshwater,habitat (outros codigos)
3362,Monitora.Aq.Al,Brazil,5.1. Wetlands (inland) – Permanent rivers/streams/creeks (includes waterfalls),freshwater,habitat (outros codigos)
3363,Monitora.Aq.Al,Brazil,5.1. Wetlands (inland) – Permanent rivers/streams/creeks (includes waterfalls),freshwater,habitat (outros codigos)
3364,Monitora.Ter.Flo.Cast,Brazil,1.6. Forest – Subtropical/tropical moist lowland forest,terrestrial,habitat (outros codigos)
3365,Monitora.Ter.Flo.Cast,Brazil,1.6. Forest – Subtropical/tropical moist lowland forest,terrestrial,habitat (outros codigos)
3366,Monitora.Ter.Flo.Cast,Brazil,1.6. Forest – Subtropical/tropical moist lowland forest,terrestrial,habitat (outros codigos)
3367,Monitora.Ter.Flo.Cast,Brazil,1.6. Forest – Subtropical/tropical moist lowland forest,terrestrial,habitat (outros codigos)
3368,Monitora.Ter.Flo.Cast,Brazil,1.6. Forest – Subtropical/tropical moist lowland forest,terrestrial,habitat (outros codigos)
3369,Monitora.Ter.Flo.Cast,Brazil,1.6. Forest – Subtropical/tropical moist lowland forest,terrestrial,habitat (outros codigos)
3370,Monitora.Ter.Flo.Cast,Brazil,1.6. Forest – Subtropical/tropical moist lowland forest,terrestrial,habitat (outros codigos)
3371,Monitora.Ter.Flo.Cast,Brazil,1.6. Forest – Subtropical/tropical moist lowland forest,terrestrial,habitat (outros codigos)
3372,Monitora.Ter.Flo.Cast,Brazil,1.6. Forest – Subtropical/tropical moist lowland forest,terrestrial,habitat (outros codigos)
3373,Monitora.Ter.Flo.Cast,Brazil,1.6. Forest – Subtropical/tropical moist lowland forest,terrestrial,habitat (outros codigos)
3374,Monitora.Aq.Al,Brazil,5.1. Wetlands (inland) – Permanent rivers/streams/creeks (includes waterfalls) | 1.8. Forest – Subtropical/tropical swamp,freshwater,habitat (outros codigos)
3375,Monitora.Aq.Al,Brazil,5.1. Wetlands (inland) – Permanent rivers/streams/creeks (includes waterfalls) | 1.8. Forest – Subtropical/tropical swamp,freshwater,habitat (outros codigos)
3376,Monitora.Aq.Al,Brazil,5.1. Wetlands (inland) – Permanent rivers/streams/creeks (includes waterfalls) | 1.8. Forest – Subtropical/tropical swamp,freshwater,habitat (outros codigos)
3377,Monitora.Aq.Al,Brazil,5.1. Wetlands (inland) – Permanent rivers/streams/creeks (includes waterfalls) | 1.8. Forest – Subtropical/tropical swamp,freshwater,habitat (outros codigos)
3378,Monitora.Aq.Al,Brazil,5.1. Wetlands (inland) – Permanent rivers/streams/creeks (includes waterfalls) | 1.8. Forest – Subtropical/tropical swamp,freshwater,habitat (outros codigos)
3379,Monitora.Aq.Al,Brazil,5.1. Wetlands (inland) – Permanent rivers/streams/creeks (includes waterfalls) | 1.8. Forest – Subtropical/tropical swamp,freshwater,habitat (outros codigos)
3380,Monitora.Aq.Al,Brazil,5.1. Wetlands (inland) – Permanent rivers/streams/creeks (includes waterfalls) | 1.8. Forest – Subtropical/tropical swamp,freshwater,habitat (outros codigos)
3381,Monitora.Aq.Al,Brazil,5.1. Wetlands (inland) – Permanent rivers/streams/creeks (includes waterfalls) | 1.8. Forest – Subtropical/tropical swamp,freshwater,habitat (outros codigos)
3382,Monitora.Aq.Al,Brazil,5.1. Wetlands (inland) – Permanent rivers/streams/creeks (includes waterfalls) | 1.8. Forest – Subtropical/tropical swamp,freshwater,habitat (outros codigos)
3383,Monitora.Aq.Al,Brazil,5.1. Wetlands (inland) – Permanent rivers/streams/creeks (includes waterfalls) | 1.8. Forest – Subtropical/tropical swamp,freshwater,habitat (outros codigos)
3384,Monitora.Aq.Al,Brazil,5.1. Wetlands (inland) – Permanent rivers/streams/creeks (includes waterfalls) | 1.8. Forest – Subtropical/tropical swamp,freshwater,habitat (outros codigos)
3385,Monitora.Aq.Al,Brazil,5.1. Wetlands (inland) – Permanent rivers/streams/creeks (includes waterfalls) | 1.8. Forest – Subtropical/tropical swamp,freshwater,habitat (outros codigos)
3386,Monitora.Aq.Al,Brazil,5.1. Wetlands (inland) – Permanent rivers/streams/creeks (includes waterfalls),freshwater,habitat (outros codigos)
3387,Monitora.Aq.Al,Brazil,5.1. Wetlands (inland) – Permanent rivers/streams/creeks (includes waterfalls),freshwater,habitat (outros codigos)
3388,Monitora.Aq.Al,Brazil,5.1. Wetlands (inland) – Permanent rivers/streams/creeks (includes waterfalls),freshwater,habitat (outros codigos)
3389,Monitora.Aq.Al,Brazil,5.1. Wetlands (inland) – Permanent rivers/streams/creeks (includes waterfalls),freshwater,habitat (outros codigos)
3390,Monitora.Aq.Al,Brazil,5.1. Wetlands (inland) – Permanent rivers/streams/creeks (includes waterfalls),freshwater,habitat (outros codigos)
3391,Monitora.Aq.Al,Brazil,5.1. Wetlands (inland) – Permanent rivers/streams/creeks (includes waterfalls),freshwater,habitat (outros codigos)
3392,Monitora.Aq.Al,Brazil,5.1. Wetlands (inland) – Permanent rivers/streams/creeks (includes waterfalls),freshwater,habitat (outros codigos)
3393,Monitora.Aq.Al,Brazil,5.1. Wetlands (inland) – Permanent rivers/streams/creeks (includes waterfalls),freshwater,habitat (outros codigos)
3394,Monitora.Aq.Al,Brazil,5.1. Wetlands (inland) – Permanent rivers/streams/creeks (includes waterfalls),freshwater,habitat (outros codigos)
3395,Monitora.Aq.Al,Brazil,5.1. Wetlands (inland) – Permanent rivers/streams/creeks (includes waterfalls),freshwater,habitat (outros codigos)
3396,Monitora.Aq.Al,Brazil,5.1. Wetlands (inland) – Permanent rivers/streams/creeks (includes waterfalls),freshwater,habitat (outros codigos)
3397,Monitora.Aq.Al,Brazil,5.1. Wetlands (inland) – Permanent rivers/streams/creeks (includes waterfalls),freshwater,habitat (outros codigos)
3398,Monitora.Aq.Al,Brazil,5.1. Wetlands (inland) – Permanent rivers/streams/creeks (includes waterfalls),freshwater,habitat (outros codigos)
3399,Monitora.Aq.Al,Brazil,5.1. Wetlands (inland) – Permanent rivers/streams/creeks (includes waterfalls),freshwater,habitat (outros codigos)
3400,Monitora.Aq.Al,Brazil,5.1. Wetlands (inland) – Permanent rivers/streams/creeks (includes waterfalls),freshwater,habitat (outros codigos)
3401,Monitora.Ter,Brazil,1.6. Forest – Subtropical/tropical moist lowland,terrestrial,habitat (outros codigos)
3402,Monitora.Ter.Flo,Brazil,1.6. Forest – Subtropical/tropical moist lowland,terrestrial,habitat (outros codigos)
3403,Monitora.Ter.Flo,Brazil,1.6. Forest – Subtropical/tropical moist lowland,terrestrial,habitat (outros codigos)
3404,Monitora.Ter.Flo,Brazil,1.6. Forest – Subtropical/tropical moist lowland,terrestrial,habitat (outros codigos)
3405,Monitora.Ter.Flo.Cast,Brazil,1.6. Forest – Subtropical/tropical moist lowland forest,terrestrial,habitat (outros codigos)
3406,Monitora.Ter.Flo.Cast,Brazil,1.6. Forest – Subtropical/tropical moist lowland forest,terrestrial,habitat (outros codigos)
3407,Monitora.Ter.Flo.Cast,Brazil,1.6. Forest – Subtropical/tropical moist lowland forest,terrestrial,habitat (outros codigos)
3408,Monitora.Ter.Flo.Cast,Brazil,1.6. Forest – Subtropical/tropical moist lowland forest,terrestrial,habitat (outros codigos)
3409,Monitora.Ter.Flo.Cast,Brazil,1.6. Forest – Subtropical/tropical moist lowland forest,terrestrial,habitat (outros codigos)
3410,Monitora.Ter.Flo.Cast,Brazil,1.6. Forest – Subtropical/tropical moist lowland forest,terrestrial,habitat (outros codigos)
3411,Monitora.Ter.Flo.Cast,Brazil,1.6. Forest – Subtropical/tropical moist lowland forest,terrestrial,habitat (outros codigos)
3412,Monitora.Ter.Flo.Cast,Brazil,1.6. Forest – Subtropical/tropical moist lowland forest,terrestrial,habitat (outros codigos)
3413,Monitora.Ter.Flo.Cast,Brazil,1.6. Forest – Subtropical/tropical moist lowland forest,terrestrial,habitat (outros codigos)
3414,Monitora.Aq.Al,Brazil,5.1. Wetlands (inland) – Permanent rivers/streams/creeks (includes waterfalls),freshwater,habitat (outros codigos)
3415,Monitora.Aq.Al,Brazil,5.1. Wetlands (inland) – Permanent rivers/streams/creeks (includes waterfalls),freshwater,habitat (outros codigos)
3416,Monitora.Aq.Al,Brazil,5.1. Wetlands (inland) – Permanent rivers/streams/creeks (includes waterfalls),freshwater,habitat (outros codigos)
3417,Monitora.Aq.Al,Brazil,5.1. Wetlands (inland) – Permanent rivers/streams/creeks (includes waterfalls),freshwater,habitat (outros codigos)
3418,Monitora.Aq.Al,Brazil,5.1. Wetlands (inland) – Permanent rivers/streams/creeks (includes waterfalls),freshwater,habitat (outros codigos)
3419,Monitora.Aq.Al,Brazil,5.1. Wetlands (inland) – Permanent rivers/streams/creeks (includes waterfalls),freshwater,habitat (outros codigos)
3420,Monitora.Aq.Al,Brazil,5.1. Wetlands (inland) – Permanent rivers/streams/creeks (includes waterfalls),freshwater,habitat (outros codigos)
3421,Monitora.Aq.Al,Brazil,5.1. Wetlands (inland) – Permanent rivers/streams/creeks (includes waterfalls),freshwater,habitat (outros codigos)
3422,Monitora.Aq.Al,Brazil,5.1. Wetlands (inland) – Permanent rivers/streams/creeks (includes waterfalls),freshwater,habitat (outros codigos)
3423,Monitora.Ter.Flo,Brazil,1.6. Forest – Subtropical/tropical moist lowland,terrestrial,habitat (outros codigos)
3424,Monitora.Ter.Flo,Brazil,1.6. Forest – Subtropical/tropical moist lowland,terrestrial,habitat (outros codigos)
3425,Monitora.Ter.Flo,Brazil,1.6. Forest – Subtropical/tropical moist lowland,terrestrial,habitat (outros codigos)
3426,Monitora.Ter.Flo,Brazil,1.6. Forest – Subtropical/tropical moist lowland,terrestrial,habitat (outros codigos)
3427,Monitora.Mar.Mgz,Brazil,12.7 Mangrove Submerged Roots,marine,habitat (IUCN 9-13 / palavra-chave)
3428,Monitora.Mar.Mgz,Brazil,12.7 Mangrove Submerged Roots,marine,habitat (IUCN 9-13 / palavra-chave)
3429,Monitora.Mar.Mgz,Brazil,12.7 Mangrove Submerged Roots,marine,habitat (IUCN 9-13 / palavra-chave)
3430,Monitora.Mar.Mgz,Brazil,12.7 Mangrove Submerged Roots,marine,habitat (IUCN 9-13 / palavra-chave)
3431,Monitora.Mar.Mgz,Brazil,12.7 Mangrove Submerged Roots,marine,habitat (IUCN 9-13 / palavra-chave)
3432,Monitora.Mar.Mgz,Brazil,12.7 Mangrove Submerged Roots,marine,habitat (IUCN 9-13 / palavra-chave)
3433,Monitora.Mar.Mgz,Brazil,12.7 Mangrove Submerged Roots,marine,habitat (IUCN 9-13 / palavra-chave)
3434,Monitora.Mar.Mgz,Brazil,12.7 Mangrove Submerged Roots,marine,habitat (IUCN 9-13 / palavra-chave)
3435,Monitora.Mar.Mgz,Brazil,12.7 Mangrove Submerged Roots,marine,habitat (IUCN 9-13 / palavra-chave)
3436,Monitora.Mar.Mgz,Brazil,12.7 Mangrove Submerged Roots,marine,habitat (IUCN 9-13 / palavra-chave)
3437,Monitora.Mar.Mgz,Brazil,12.7 Mangrove Submerged Roots,marine,habitat (IUCN 9-13 / palavra-chave)
3438,Monitora.Mar.Mgz,Brazil,12.7 Mangrove Submerged Roots,marine,habitat (IUCN 9-13 / palavra-chave)
3439,Monitora.Mar.Mgz,Brazil,12.7 Mangrove Submerged Roots,marine,habitat (IUCN 9-13 / palavra-chave)
3440,Monitora.Ter.Flo,Brazil,1.6. Forest – Subtropical/tropical moist lowland,terrestrial,habitat (outros codigos)
3441,Monitora.Ter.Flo,Brazil,1.6. Forest – Subtropical/tropical moist lowland,terrestrial,habitat (outros codigos)
3442,Monitora.Ter.Flo,Brazil,1.6. Forest – Subtropical/tropical moist lowland,terrestrial,habitat (outros codigos)
3443,Monitora.Aq.Ig,Brazil,5.1. Wetlands (inland) – Permanent rivers/streams/creeks (includes waterfalls),freshwater,habitat (outros codigos)
3444,Monitora.Aq.Ig,Brazil,5.1. Wetlands (inland) – Permanent rivers/streams/creeks (includes waterfalls),freshwater,habitat (outros codigos)
3445,Monitora.Aq.Ig,Brazil,5.1. Wetlands (inland) – Permanent rivers/streams/creeks (includes waterfalls),freshwater,habitat (outros codigos)
3446,Monitora.Aq.Ig,Brazil,5.1. Wetlands (inland) – Permanent rivers/streams/creeks (includes waterfalls),freshwater,habitat (outros codigos)
3447,Monitora.Aq.Ig,Brazil,5.1. Wetlands (inland) – Permanent rivers/streams/creeks (includes waterfalls),freshwater,habitat (outros codigos)
3448,Monitora.Ter.Flo,Brazil,1.6. Forest – Subtropical/tropical moist lowland,terrestrial,habitat (outros codigos)
3449,Monitora.Ter.Flo,Brazil,1.6. Forest – Subtropical/tropical moist lowland,terrestrial,habitat (outros codigos)
3450,Monitora.Ter.Flo,Brazil,1.6. Forest – Subtropical/tropical moist lowland,terrestrial,habitat (outros codigos)
3451,Monitora.Ter.Flo.Cast,Brazil,1.6. Forest – Subtropical/tropical moist lowland forest,terrestrial,habitat (outros codigos)
3452,Monitora.Ter.Flo,Brazil,1.6. Forest – Subtropical/tropical moist lowland,terrestrial,habitat (outros codigos)
3453,Monitora.Ter.Flo,Brazil,1.6. Forest – Subtropical/tropical moist lowland,terrestrial,habitat (outros codigos)
3454,Monitora.Ter.Flo,Brazil,1.6. Forest – Subtropical/tropical moist lowland,terrestrial,habitat (outros codigos)
3455,Monitora.Ter.Flo,Brazil,1.9. Forest – Subtropical/tropical moist montane,terrestrial,habitat (outros codigos)
3456,Monitora.Ter.Flo,Brazil,1.9. Forest – Subtropical/tropical moist montane,terrestrial,habitat (outros codigos)
3457,Monitora.Ter.Flo,Brazil,1.9. Forest – Subtropical/tropical moist montane,terrestrial,habitat (outros codigos)
3458,Monitora.Ter.Flo,Brazil,1.9. Forest – Subtropical/tropical moist montane,terrestrial,habitat (outros codigos)
3459,Monitora.Ter.Flo,Brazil,1.9. Forest – Subtropical/tropical moist montane,terrestrial,habitat (outros codigos)
3460,Monitora.Ter.Flo,Brazil,1.9. Forest – Subtropical/tropical moist montane,terrestrial,habitat (outros codigos)
3461,Monitora.Ter.Flo,Brazil,1.9. Forest – Subtropical/tropical moist montane,terrestrial,habitat (outros codigos)
3462,Monitora.Ter.Flo,Brazil,1.9. Forest – Subtropical/tropical moist montane,terrestrial,habitat (outros codigos)
3463,Monitora.Aq.Ig,Brazil,5.1. Wetlands (inland) – Permanent rivers/streams/creeks (includes waterfalls),freshwater,habitat (outros codigos)
3464,Monitora.Aq.Ig,Brazil,5.1. Wetlands (inland) – Permanent rivers/streams/creeks (includes waterfalls),freshwater,habitat (outros codigos)
3465,Monitora.Aq.Ig,Brazil,5.1. Wetlands (inland) – Permanent rivers/streams/creeks (includes waterfalls),freshwater,habitat (outros codigos)
3466,Monitora.Aq.Ig,Brazil,5.1. Wetlands (inland) – Permanent rivers/streams/creeks (includes waterfalls),freshwater,habitat (outros codigos)
3467,Monitora.Aq.Ig,Brazil,5.1. Wetlands (inland) – Permanent rivers/streams/creeks (includes waterfalls),freshwater,habitat (outros codigos)
3468,Monitora.Aq.Ig,Brazil,5.1. Wetlands (inland) – Permanent rivers/streams/creeks (includes waterfalls),freshwater,habitat (outros codigos)
3469,Monitora.Aq.Ig,Brazil,5.1. Wetlands (inland) – Permanent rivers/streams/creeks (includes waterfalls),freshwater,habitat (outros codigos)
3470,Monitora.Aq.Ig,Brazil,5.1. Wetlands (inland) – Permanent rivers/streams/creeks (includes waterfalls),freshwater,habitat (outros codigos)
3471,Monitora.Aq.Ig,Brazil,5.1. Wetlands (inland) – Permanent rivers/streams/creeks (includes waterfalls),freshwater,habitat (outros codigos)
3472,Monitora.Aq.Ig,Brazil,5.1. Wetlands (inland) – Permanent rivers/streams/creeks (includes waterfalls),freshwater,habitat (outros codigos)
3473,Monitora.Aq.Ig,Brazil,5.1. Wetlands (inland) – Permanent rivers/streams/creeks (includes waterfalls),freshwater,habitat (outros codigos)
3474,Monitora.Aq.Ig,Brazil,5.1. Wetlands (inland) – Permanent rivers/streams/creeks (includes waterfalls),freshwater,habitat (outros codigos)
3475,Monitora.Aq.Ig,Brazil,5.1. Wetlands (inland) – Permanent rivers/streams/creeks (includes waterfalls),freshwater,habitat (outros codigos)
3476,Monitora.Aq.Ig,Brazil,5.1. Wetlands (inland) – Permanent rivers/streams/creeks (includes waterfalls),freshwater,habitat (outros codigos)
3477,Monitora.Aq.Ig,Brazil,5.1. Wetlands (inland) – Permanent rivers/streams/creeks (includes waterfalls),freshwater,habitat (outros codigos)
3478,Monitora.Aq.Ig,Brazil,5.1. Wetlands (inland) – Permanent rivers/streams/creeks (includes waterfalls),freshwater,habitat (outros codigos)
3479,Monitora.Aq.Ig,Brazil,5.1. Wetlands (inland) – Permanent rivers/streams/creeks (includes waterfalls),freshwater,habitat (outros codigos)
3480,Monitora.Aq.Ig,Brazil,5.1. Wetlands (inland) – Permanent rivers/streams/creeks (includes waterfalls),freshwater,habitat (outros codigos)
3481,Monitora.Aq.Ig,Brazil,5.1. Wetlands (inland) – Permanent rivers/streams/creeks (includes waterfalls),freshwater,habitat (outros codigos)
3482,Monitora.Aq.Ig,Brazil,5.1. Wetlands (inland) – Permanent rivers/streams/creeks (includes waterfalls),freshwater,habitat (outros codigos)
3483,Monitora.Aq.Ig,Brazil,5.1. Wetlands (inland) – Permanent rivers/streams/creeks (includes waterfalls),freshwater,habitat (outros codigos)
3484,Monitora.Aq.Ig,Brazil,5.1. Wetlands (inland) – Permanent rivers/streams/creeks (includes waterfalls),freshwater,habitat (outros codigos)
3485,Monitora.Aq.Ig,Brazil,5.1. Wetlands (inland) – Permanent rivers/streams/creeks (includes waterfalls),freshwater,habitat (outros codigos)
3486,Monitora.Aq.Ig,Brazil,5.1. Wetlands (inland) – Permanent rivers/streams/creeks (includes waterfalls),freshwater,habitat (outros codigos)
3487,Monitora.Aq.Ig,Brazil,5.1. Wetlands (inland) – Permanent rivers/streams/creeks (includes waterfalls),freshwater,habitat (outros codigos)
3488,Monitora.Aq.Ig,Brazil,5.1. Wetlands (inland) – Permanent rivers/streams/creeks (includes waterfalls),freshwater,habitat (outros codigos)
3489,Monitora.Aq.Ig,Brazil,5.1. Wetlands (inland) – Permanent rivers/streams/creeks (includes waterfalls),freshwater,habitat (outros codigos)
3490,Monitora.Aq.Ig,Brazil,5.1. Wetlands (inland) – Permanent rivers/streams/creeks (includes waterfalls),freshwater,habitat (outros codigos)
3491,Monitora.Aq.Ig,Brazil,5.1. Wetlands (inland) – Permanent rivers/streams/creeks (includes waterfalls),freshwater,habitat (outros codigos)
3492,Monitora.Aq.Ig,Brazil,5.1. Wetlands (inland) – Permanent rivers/streams/creeks (includes waterfalls),freshwater,habitat (outros codigos)
3493,Monitora.Aq.Ig,Brazil,5.1. Wetlands (inland) – Permanent rivers/streams/creeks (includes waterfalls),freshwater,habitat (outros codigos)
3494,Monitora.Aq.Ig,Brazil,5.1. Wetlands (inland) – Permanent rivers/streams/creeks (includes waterfalls),freshwater,habitat (outros codigos)
3495,Monitora.Aq.Ig,Brazil,5.1. Wetlands (inland) – Permanent rivers/streams/creeks (includes waterfalls),freshwater,habitat (outros codigos)
3496,Monitora.Aq.Ig,Brazil,5.1. Wetlands (inland) – Permanent rivers/streams/creeks (includes waterfalls),freshwater,habitat (outros codigos)
3497,Monitora.Aq.Ig,Brazil,5.1. Wetlands (inland) – Permanent rivers/streams/creeks (includes waterfalls),freshwater,habitat (outros codigos)
3498,Monitora.Aq.Ig,Brazil,5.1. Wetlands (inland) – Permanent rivers/streams/creeks (includes waterfalls),freshwater,habitat (outros codigos)
3499,Monitora.Aq.Ig,Brazil,5.1. Wetlands (inland) – Permanent rivers/streams/creeks (includes waterfalls),freshwater,habitat (outros codigos)
3500,Monitora.Aq.Ig,Brazil,5.1. Wetlands (inland) – Permanent rivers/streams/creeks (includes waterfalls),freshwater,habitat (outros codigos)
3501,Monitora.Aq.Ig,Brazil,5.1. Wetlands (inland) – Permanent rivers/streams/creeks (includes waterfalls),freshwater,habitat (outros codigos)
3502,Monitora.Aq.Ig,Brazil,5.1. Wetlands (inland) – Permanent rivers/streams/creeks (includes waterfalls),freshwater,habitat (outros codigos)
3503,Monitora.Aq.Ig,Brazil,5.1. Wetlands (inland) – Permanent rivers/streams/creeks (includes waterfalls),freshwater,habitat (outros codigos)
3504,Monitora.Aq.Ig,Brazil,5.1. Wetlands (inland) – Permanent rivers/streams/creeks (includes waterfalls),freshwater,habitat (outros codigos)
3505,Monitora.Aq.Ig,Brazil,5.1. Wetlands (inland) – Permanent rivers/streams/creeks (includes waterfalls),freshwater,habitat (outros codigos)
3506,Monitora.Aq.Ig,Brazil,5.1. Wetlands (inland) – Permanent rivers/streams/creeks (includes waterfalls),freshwater,habitat (outros codigos)
3507,Monitora.Aq.Ig,Brazil,5.1. Wetlands (inland) – Permanent rivers/streams/creeks (includes waterfalls),freshwater,habitat (outros codigos)
3508,Monitora.Aq.Ig,Brazil,5.1. Wetlands (inland) – Permanent rivers/streams/creeks (includes waterfalls),freshwater,habitat (outros codigos)
3509,Monitora.Aq.Ig,Brazil,5.1. Wetlands (inland) – Permanent rivers/streams/creeks (includes waterfalls),freshwater,habitat (outros codigos)
3510,Monitora.Aq.Ig,Brazil,5.1. Wetlands (inland) – Permanent rivers/streams/creeks (includes waterfalls),freshwater,habitat (outros codigos)
3511,Monitora.Aq.Ig,Brazil,5.1. Wetlands (inland) – Permanent rivers/streams/creeks (includes waterfalls),freshwater,habitat (outros codigos)
3512,Monitora.Aq.Ig,Brazil,5.1. Wetlands (inland) – Permanent rivers/streams/creeks (includes waterfalls),freshwater,habitat (outros codigos)
3513,Monitora.Aq.Ig,Brazil,5.1. Wetlands (inland) – Permanent rivers/streams/creeks (includes waterfalls),freshwater,habitat (outros codigos)
3514,Monitora.Aq.Ig,Brazil,5.1. Wetlands (inland) – Permanent rivers/streams/creeks (includes waterfalls),freshwater,habitat (outros codigos)
3515,Monitora.Aq.Ig,Brazil,5.1. Wetlands (inland) – Permanent rivers/streams/creeks (includes waterfalls),freshwater,habitat (outros codigos)
3516,Monitora.Aq.Ig,Brazil,5.1. Wetlands (inland) – Permanent rivers/streams/creeks (includes waterfalls),freshwater,habitat (outros codigos)
3517,Monitora.FLO,Brazil,1.9. Forest – Subtropical/tropical moist montane,terrestrial,habitat (outros codigos)
3518,Monitora.FLO,Brazil,1.9. Forest – Subtropical/tropical moist montane,terrestrial,habitat (outros codigos)
3519,Monitora.Mar,Brazil,12.7 Mangrove Submerged Roots,marine,habitat (IUCN 9-13 / palavra-chave)
3520,Monitora.Mar,Brazil,12.7 Mangrove Submerged Roots,marine,habitat (IUCN 9-13 / palavra-chave)
3521,Monitora.Mar,Brazil,12.7 Mangrove Submerged Roots,marine,habitat (IUCN 9-13 / palavra-chave)
3522,Monitora.Mar,Brazil,12.7 Mangrove Submerged Roots,marine,habitat (IUCN 9-13 / palavra-chave)
3523,Monitora.Mar,Brazil,12.7 Mangrove Submerged Roots,marine,habitat (IUCN 9-13 / palavra-chave)
3524,Monitora.Mar,Brazil,12.7 Mangrove Submerged Roots,marine,habitat (IUCN 9-13 / palavra-chave)
3525,Monitora.Mar,Brazil,12.7 Mangrove Submerged Roots,marine,habitat (IUCN 9-13 / palavra-chave)
3526,Monitora.Mar,Brazil,12.7 Mangrove Submerged Roots,marine,habitat (IUCN 9-13 / palavra-chave)
3527,Monitora.Mar,Brazil,12.7 Mangrove Submerged Roots,marine,habitat (IUCN 9-13 / palavra-chave)
3528,Monitora.Mar,Brazil,12.7 Mangrove Submerged Roots,marine,habitat (IUCN 9-13 / palavra-chave)
3529,Monitora.Mar,Brazil,12.7 Mangrove Submerged Roots,marine,habitat (IUCN 9-13 / palavra-chave)
3530,Monitora.Mar,Brazil,12.7 Mangrove Submerged Roots,marine,habitat (IUCN 9-13 / palavra-chave)
3531,Monitora.Mar,Brazil,12.7 Mangrove Submerged Roots,marine,habitat (IUCN 9-13 / palavra-chave)
3532,Monitora.Mar,Brazil,12.7 Mangrove Submerged Roots,marine,habitat (IUCN 9-13 / palavra-chave)
3533,Monitora.Mar,Brazil,12.7 Mangrove Submerged Roots,marine,habitat (IUCN 9-13 / palavra-chave)
3534,Monitora.Mar,Brazil,12.7 Mangrove Submerged Roots,marine,habitat (IUCN 9-13 / palavra-chave)
3535,Monitora.Mar,Brazil,12.7 Mangrove Submerged Roots,marine,habitat (IUCN 9-13 / palavra-chave)
3536,Monitora.Mar,Brazil,12.7 Mangrove Submerged Roots,marine,habitat (IUCN 9-13 / palavra-chave)
3537,Monitora.Mar,Brazil,12.7 Mangrove Submerged Roots,marine,habitat (IUCN 9-13 / palavra-chave)
3538,Monitora.Mar,Brazil,12.7 Mangrove Submerged Roots,marine,habitat (IUCN 9-13 / palavra-chave)
3539,Monitora.Mar,Brazil,12.7 Mangrove Submerged Roots,marine,habitat (IUCN 9-13 / palavra-chave)
3540,Monitora.Mar,Brazil,12.7 Mangrove Submerged Roots,marine,habitat (IUCN 9-13 / palavra-chave)
3541,Monitora.Mar,Brazil,12.7 Mangrove Submerged Roots,marine,habitat (IUCN 9-13 / palavra-chave)
3542,Monitora.Mar,Brazil,12.7 Mangrove Submerged Roots,marine,habitat (IUCN 9-13 / palavra-chave)
3543,Monitora.Mar,Brazil,12.7 Mangrove Submerged Roots,marine,habitat (IUCN 9-13 / palavra-chave)
3544,Monitora.Mar,Brazil,12.7 Mangrove Submerged Roots,marine,habitat (IUCN 9-13 / palavra-chave)
3545,Monitora.Mar,Brazil,12.7 Mangrove Submerged Roots,marine,habitat (IUCN 9-13 / palavra-chave)
3546,Monitora.Mar.Ilha,Brazil,13.1 Sea Cliffs and Rocky Offshore Islands,marine,habitat (IUCN 9-13 / palavra-chave)
3547,Monitora.Mar.Ilha,Brazil,13.1 Sea Cliffs and Rocky Offshore Islands,marine,habitat (IUCN 9-13 / palavra-chave)
3548,Monitora.Mar.Ilha,Brazil,13.1 Sea Cliffs and Rocky Offshore Islands,marine,habitat (IUCN 9-13 / palavra-chave)
3549,Monitora.Mar.Mgz,Brazil,12.7 Mangrove Submerged Roots,marine,habitat (IUCN 9-13 / palavra-chave)
3550,Monitora.Mar.Mgz,Brazil,12.7 Mangrove Submerged Roots,marine,habitat (IUCN 9-13 / palavra-chave)
3551,Monitora.Mar.Mgz,Brazil,12.7 Mangrove Submerged Roots,marine,habitat (IUCN 9-13 / palavra-chave)
3552,Monitora.Mar.Mgz,Brazil,12.7 Mangrove Submerged Roots,marine,habitat (IUCN 9-13 / palavra-chave)
3553,Monitora.Mar.Mgz,Brazil,12.7 Mangrove Submerged Roots,marine,habitat (IUCN 9-13 / palavra-chave)
3554,Monitora.Mar.Mgz,Brazil,12.7 Mangrove Submerged Roots,marine,habitat (IUCN 9-13 / palavra-chave)
3555,Monitora.Mar.Mgz,Brazil,12.7 Mangrove Submerged Roots,marine,habitat (IUCN 9-13 / palavra-chave)
3556,Monitora.Mar.Mgz,Brazil,12.7 Mangrove Submerged Roots,marine,habitat (IUCN 9-13 / palavra-chave)
3557,Monitora.Mar.Mgz,Brazil,12.7 Mangrove Submerged Roots,marine,habitat (IUCN 9-13 / palavra-chave)
3558,Monitora.Mar.Mgz,Brazil,12.7 Mangrove Submerged Roots,marine,habitat (IUCN 9-13 / palavra-chave)
3559,Monitora.Mar.Mgz,Brazil,12.7 Mangrove Submerged Roots,marine,habitat (IUCN 9-13 / palavra-chave)
3560,Monitora.Mar.Mgz,Brazil,12.7 Mangrove Submerged Roots,marine,habitat (IUCN 9-13 / palavra-chave)
3561,Monitora.Mar.Mgz,Brazil,12.7 Mangrove Submerged Roots,marine,habitat (IUCN 9-13 / palavra-chave)
3562,Monitora.Mar.Mgz,Brazil,12.7 Mangrove Submerged Roots,marine,habitat (IUCN 9-13 / palavra-chave)
3563,Monitora.Mar.Mgz,Brazil,12.7 Mangrove Submerged Roots,marine,habitat (IUCN 9-13 / palavra-chave)
3564,Monitora.Mar.Mgz,Brazil,12.7 Mangrove Submerged Roots,marine,habitat (IUCN 9-13 / palavra-chave)
3565,Monitora.Mar.Mgz,Brazil,12.7 Mangrove Submerged Roots,marine,habitat (IUCN 9-13 / palavra-chave)
3566,Monitora.Mar.Mgz,Brazil,12.7 Mangrove Submerged Roots,marine,habitat (IUCN 9-13 / palavra-chave)
3567,Monitora.Mar.Mgz,Brazil,12.7 Mangrove Submerged Roots,marine,habitat (IUCN 9-13 / palavra-chave)
3568,Monitora.Mar.Mgz,Brazil,12.7 Mangrove Submerged Roots,marine,habitat (IUCN 9-13 / palavra-chave)
3569,Monitora.Mar.Mgz,Brazil,12.7 Mangrove Submerged Roots,marine,habitat (IUCN 9-13 / palavra-chave)
3570,Monitora.Mar.Mgz,Brazil,12.7 Mangrove Submerged Roots,marine,habitat (IUCN 9-13 / palavra-chave)
3571,Monitora.Mar.Mgz,Brazil,12.7 Mangrove Submerged Roots,marine,habitat (IUCN 9-13 / palavra-chave)
3572,Monitora.Mar.Mgz,Brazil,12.7 Mangrove Submerged Roots,marine,habitat (IUCN 9-13 / palavra-chave)
3573,Monitora.Mar.Mgz,Brazil,12.7 Mangrove Submerged Roots,marine,habitat (IUCN 9-13 / palavra-chave)
3574,Monitora.Mar.Mgz,Brazil,12.7 Mangrove Submerged Roots,marine,habitat (IUCN 9-13 / palavra-chave)
3575,Monitora.Mar.Mgz,Brazil,12.7 Mangrove Submerged Roots,marine,habitat (IUCN 9-13 / palavra-chave)
3576,Monitora.Mar.Mgz,Brazil,12.7 Mangrove Submerged Roots,marine,habitat (IUCN 9-13 / palavra-chave)
3577,Monitora.Mar.Mgz,Brazil,12.7 Mangrove Submerged Roots,marine,habitat (IUCN 9-13 / palavra-chave)
3578,Monitora.Mar.Mgz,Brazil,12.7 Mangrove Submerged Roots,marine,habitat (IUCN 9-13 / palavra-chave)
3579,Monitora.Mar.Mgz,Brazil,12.7 Mangrove Submerged Roots,marine,habitat (IUCN 9-13 / palavra-chave)
3580,Monitora.Mar.Pr,Brazil,12.4 Mud Shoreline and Intertidal Mud Flats|12.7 Mangrove Submerged Roots,marine,habitat (IUCN 9-13 / palavra-chave)
3581,Monitora.Mar.Pr,Brazil,"12.2 Sandy Shoreline and/or Beaches, Sand Bars, Spits, etc.|5.5. Wetlands (inland) – Permanent freshwater lakes",marine,habitat (IUCN 9-13 / palavra-chave)
3582,Monitora.Mar.Pr,Brazil,"12.2 Sandy Shoreline and/or Beaches, Sand Bars, Spits, etc.|5.5. Wetlands (inland) – Permanent freshwater lakes",marine,habitat (IUCN 9-13 / palavra-chave)
3583,Monitora.Mar.Pr,Brazil,"12.2 Sandy Shoreline and/or Beaches, Sand Bars, Spits, etc.|5.5. Wetlands (inland) – Permanent freshwater lakes",marine,habitat (IUCN 9-13 / palavra-chave)
3584,Monitora.Mar.Pr,Brazil,"12.2 Sandy Shoreline and/or Beaches, Sand Bars, Spits, etc.|5.5. Wetlands (inland) – Permanent freshwater lakes",marine,habitat (IUCN 9-13 / palavra-chave)
3585,Monitora.Mar.Pr,Brazil,"12.2 Sandy Shoreline and/or Beaches, Sand Bars, Spits, etc.|5.5. Wetlands (inland) – Permanent freshwater lakes",marine,habitat (IUCN 9-13 / palavra-chave)
3586,Monitora.Mar.Pr,Brazil,"12.2 Sandy Shoreline and/or Beaches, Sand Bars, Spits, etc.|5.5. Wetlands (inland) – Permanent freshwater lakes",marine,habitat (IUCN 9-13 / palavra-chave)
3587,Monitora.Mar.Pr,Brazil,"12.2 Sandy Shoreline and/or Beaches, Sand Bars, Spits, etc.|5.5. Wetlands (inland) – Permanent freshwater lakes",marine,habitat (IUCN 9-13 / palavra-chave)
3588,Monitora.Mar.Pr,Brazil,"12.2 Sandy Shoreline and/or Beaches, Sand Bars, Spits, etc.|5.5. Wetlands (inland) – Permanent freshwater lakes",marine,habitat (IUCN 9-13 / palavra-chave)
3589,Monitora.Mar.Pr,Brazil,"12.2 Sandy Shoreline and/or Beaches, Sand Bars, Spits, etc.|5.5. Wetlands (inland) – Permanent freshwater lakes",marine,habitat (IUCN 9-13 / palavra-chave)
3590,Monitora.Mar.Pr,Brazil,"12.2 Sandy Shoreline and/or Beaches, Sand Bars, Spits, etc.|5.5. Wetlands (inland) – Permanent freshwater lakes",marine,habitat (IUCN 9-13 / palavra-chave)
3591,Monitora.Mar.Pr,Brazil,"12.2 Sandy Shoreline and/or Beaches, Sand Bars, Spits, etc.|5.5. Wetlands (inland) – Permanent freshwater lakes",marine,habitat (IUCN 9-13 / palavra-chave)
3592,Monitora.Mar.Pr,Brazil,"12.2 Sandy Shoreline and/or Beaches, Sand Bars, Spits, etc.|5.5. Wetlands (inland) – Permanent freshwater lakes",marine,habitat (IUCN 9-13 / palavra-chave)
3593,Monitora.Mar.Pr,Brazil,"12.2 Sandy Shoreline and/or Beaches, Sand Bars, Spits, etc.|5.5. Wetlands (inland) – Permanent freshwater lakes",marine,habitat (IUCN 9-13 / palavra-chave)
3594,Monitora.Mar.Pr,Brazil,"12.2 Sandy Shoreline and/or Beaches, Sand Bars, Spits, etc.|5.5. Wetlands (inland) – Permanent freshwater lakes",marine,habitat (IUCN 9-13 / palavra-chave)
3595,Monitora.Mar.Pr,Brazil,12.4 Mud Shoreline and Intertidal Mud Flats|12.7 Mangrove Submerged Roots,marine,habitat (IUCN 9-13 / palavra-chave)
3596,Monitora.Mar.Pr,Brazil,12.4 Mud Shoreline and Intertidal Mud Flats|12.7 Mangrove Submerged Roots,marine,habitat (IUCN 9-13 / palavra-chave)
3597,Monitora.Ter.CS,Brazil,"2.1 Savanna - Dry
2.2 - Savanna - moist 
4.5. Grassland – Subtropical/tropical dry",terrestrial,habitat (outros codigos)
3598,Monitora.Ter.CS,Brazil,"2.1 Savanna - Dry
2.2 - Savanna - moist 
4.5. Grassland – Subtropical/tropical dry",terrestrial,habitat (outros codigos)
3599,Monitora.Ter.CS,Brazil,"2.1 Savanna - Dry
2.2 - Savanna - moist 
4.5. Grassland – Subtropical/tropical dry",terrestrial,habitat (outros codigos)
3600,Monitora.Ter.CS,Brazil,4.6. Grassland – Subtropical/tropical seasonally wet/flooded,terrestrial,habitat (outros codigos)
3601,Monitora.Ter.CS,Brazil,2.2 - Savanna - moist,terrestrial,habitat (outros codigos)
3602,Monitora.Ter,Brazil,1.6. Forest – Subtropical/tropical moist lowland,terrestrial,habitat (outros codigos)
3603,Monitora.Ter,Brazil,1.6. Forest – Subtropical/tropical moist lowland,terrestrial,habitat (outros codigos)
3604,Monitora.Ter,Brazil,1.6. Forest – Subtropical/tropical moist lowland forest,terrestrial,habitat (outros codigos)
3605,Monitora.Ter,Brazil,1.6. Forest – Subtropical/tropical moist lowland,terrestrial,habitat (outros codigos)
3606,Monitora.Ter,Brazil,1.9. Forest – Subtropical/tropical moist montane,terrestrial,habitat (outros codigos)
3607,Monitora.Ter,Brazil,1.6. Forest – Subtropical/tropical moist lowland,terrestrial,habitat (outros codigos)
3608,Monitora.Ter,Brazil,1.6. Forest – Subtropical/tropical moist lowland,terrestrial,habitat (outros codigos)
3609,Monitora.Ter,Brazil,1.6. Forest – Subtropical/tropical moist lowland,terrestrial,habitat (outros codigos)
3610,Monitora.Ter,Brazil,1.6. Forest – Subtropical/tropical moist lowland,terrestrial,habitat (outros codigos)
3611,Monitora.Ter,Brazil,1.6. Forest – Subtropical/tropical moist lowland,terrestrial,habitat (outros codigos)
3612,Monitora.Ter.Flo,Brazil,1.6. Forest – Subtropical/tropical moist lowland,terrestrial,habitat (outros codigos)
3613,Monitora.Ter.Flo,Brazil,1.6. Forest – Subtropical/tropical moist lowland,terrestrial,habitat (outros codigos)
3614,Monitora.Ter.Flo,Brazil,1.6. Forest – Subtropical/tropical moist lowland,terrestrial,habitat (outros codigos)
3615,Monitora.Ter.Flo,Brazil,1.6. Forest – Subtropical/tropical moist lowland,terrestrial,habitat (outros codigos)
3616,Monitora.Ter.Flo,Brazil,1.6. Forest – Subtropical/tropical moist lowland,terrestrial,habitat (outros codigos)
3617,Monitora.Ter.Flo,Brazil,1.6. Forest – Subtropical/tropical moist lowland,terrestrial,habitat (outros codigos)
3618,Monitora.Ter.Flo,Brazil,1.6. Forest – Subtropical/tropical moist lowland,terrestrial,habitat (outros codigos)
3619,Monitora.Ter.Flo,Brazil,1.6. Forest – Subtropical/tropical moist lowland,terrestrial,habitat (outros codigos)
3620,Monitora.Ter.Flo,Brazil,1.6. Forest – Subtropical/tropical moist lowland,terrestrial,habitat (outros codigos)
3621,Monitora.Ter.Flo,Brazil,1.6. Forest – Subtropical/tropical moist lowland,terrestrial,habitat (outros codigos)
3622,Monitora.Ter.Flo,Brazil,1.6. Forest – Subtropical/tropical moist lowland,terrestrial,habitat (outros codigos)
3623,Monitora.Ter.Flo,Brazil,1.6. Forest – Subtropical/tropical moist lowland,terrestrial,habitat (outros codigos)
3624,Monitora.Ter.Flo,Brazil,1.6. Forest – Subtropical/tropical moist lowland,terrestrial,habitat (outros codigos)
3625,Monitora.Ter.Flo,Brazil,1.6. Forest – Subtropical/tropical moist lowland,terrestrial,habitat (outros codigos)
3626,Monitora.Ter.Flo,Brazil,1.6. Forest – Subtropical/tropical moist lowland,terrestrial,habitat (outros codigos)
3627,Monitora.Ter.Flo,Brazil,1.6. Forest – Subtropical/tropical moist lowland,terrestrial,habitat (outros codigos)
3628,Monitora.Ter.Flo,Brazil,1.6. Forest – Subtropical/tropical moist lowland,terrestrial,habitat (outros codigos)
3629,Monitora.Ter.Flo,Brazil,1.6. Forest – Subtropical/tropical moist lowland,terrestrial,habitat (outros codigos)
3630,Monitora.Ter.Flo,Brazil,1.6. Forest – Subtropical/tropical moist lowland,terrestrial,habitat (outros codigos)
3631,Monitora.Ter.Flo,Brazil,1.6. Forest – Subtropical/tropical moist lowland,terrestrial,habitat (outros codigos)
3632,Monitora.Ter.Flo,Brazil,1.6. Forest – Subtropical/tropical moist lowland,terrestrial,habitat (outros codigos)
3633,Monitora.Ter.Flo,Brazil,1.5. Forest – Subtropical/tropical dry,terrestrial,habitat (outros codigos)
3634,Monitora.Ter.Flo,Brazil,1.9. Forest – Subtropical/tropical moist montane,terrestrial,habitat (outros codigos)
3635,Monitora.Ter.Flo,Brazil,1.5. Forest – Subtropical/tropical dry,terrestrial,habitat (outros codigos)
3636,Monitora.Ter.Flo,Brazil,1.5. Forest – Subtropical/tropical dry,terrestrial,habitat (outros codigos)
3637,Monitora.Ter.Flo,Brazil,1.6. Forest – Subtropical/tropical moist lowland,terrestrial,habitat (outros codigos)
3638,Monitora.Ter.Flo,Brazil,1.6. Forest – Subtropical/tropical moist lowland,terrestrial,habitat (outros codigos)
3639,Monitora.Ter.Flo,Brazil,1.6. Forest – Subtropical/tropical moist lowland,terrestrial,habitat (outros codigos)
3640,Monitora.Ter.Flo,Brazil,1.5. Forest – Subtropical/tropical dry,terrestrial,habitat (outros codigos)
3641,Monitora.Ter.Flo,Brazil,1.6. Forest – Subtropical/tropical moist lowland,terrestrial,habitat (outros codigos)
3642,Monitora.Ter.Flo,Brazil,1.6. Forest – Subtropical/tropical moist lowland,terrestrial,habitat (outros codigos)
3643,Monitora.Ter.Flo,Brazil,1.9. Forest – Subtropical/tropical moist montane,terrestrial,habitat (outros codigos)
3644,Monitora.Ter.Flo,Brazil,1.9. Forest – Subtropical/tropical moist montane,terrestrial,habitat (outros codigos)
3645,Monitora.Ter.Flo,Brazil,1.5. Forest – Subtropical/tropical dry,terrestrial,habitat (outros codigos)
3646,Monitora.Ter.Flo,Brazil,1.6. Forest – Subtropical/tropical moist lowland,terrestrial,habitat (outros codigos)
3647,Monitora.Ter.Flo,Brazil,1.6. Forest – Subtropical/tropical moist lowland,terrestrial,habitat (outros codigos)
3648,Monitora.Ter.Flo,Brazil,1.6. Forest – Subtropical/tropical moist lowland,terrestrial,habitat (outros codigos)
3649,Monitora.Ter.Flo,Brazil,1.6. Forest – Subtropical/tropical moist lowland,terrestrial,habitat (outros codigos)
3650,Monitora.Ter.Flo,Brazil,1.6. Forest – Subtropical/tropical moist lowland,terrestrial,habitat (outros codigos)
3651,Monitora.Ter.Flo,Brazil,1.6. Forest – Subtropical/tropical moist lowland,terrestrial,habitat (outros codigos)
3652,Monitora.Ter.Flo,Brazil,1.6. Forest – Subtropical/tropical moist lowland,terrestrial,habitat (outros codigos)
3653,Monitora.Ter.Flo,Brazil,1.6. Forest – Subtropical/tropical moist lowland,terrestrial,habitat (outros codigos)
3654,Monitora.Ter.Flo,Brazil,1.6. Forest – Subtropical/tropical moist lowland,terrestrial,habitat (outros codigos)
3655,Monitora.Ter.Flo,Brazil,1.6. Forest – Subtropical/tropical moist lowland,terrestrial,habitat (outros codigos)
3656,Monitora.Ter.Flo,Brazil,1.6. Forest – Subtropical/tropical moist lowland,terrestrial,habitat (outros codigos)
3657,Monitora.Ter.Flo,Brazil,1.6. Forest – Subtropical/tropical moist lowland,terrestrial,habitat (outros codigos)
3658,Monitora.Ter.Flo,Brazil,1.6. Forest – Subtropical/tropical moist lowland,terrestrial,habitat (outros codigos)
3659,Monitora.Ter.Flo,Brazil,1.9. Forest – Subtropical/tropical moist montane,terrestrial,habitat (outros codigos)
3660,Monitora.Ter.Flo,Brazil,1.9. Forest – Subtropical/tropical moist montane,terrestrial,habitat (outros codigos)
3661,Monitora.Ter.Flo,Brazil,1.6. Forest – Subtropical/tropical moist lowland,terrestrial,habitat (outros codigos)
3662,Monitora.Ter.Flo,Brazil,1.6. Forest – Subtropical/tropical moist lowland,terrestrial,habitat (outros codigos)
3663,Monitora.Ter.Flo,Brazil,1.6. Forest – Subtropical/tropical moist lowland,terrestrial,habitat (outros codigos)
3664,Monitora.Ter.Flo,Brazil,1.6. Forest – Subtropical/tropical moist lowland,terrestrial,habitat (outros codigos)
3665,Monitora.Ter.Flo,Brazil,1.6. Forest – Subtropical/tropical moist lowland,terrestrial,habitat (outros codigos)
3666,Monitora.Ter.Flo,Brazil,1.6. Forest – Subtropical/tropical moist lowland,terrestrial,habitat (outros codigos)
3667,Monitora.Ter.Flo,Brazil,1.6. Forest – Subtropical/tropical moist lowland,terrestrial,habitat (outros codigos)
3668,Monitora.Ter.Flo,Brazil,1.6. Forest – Subtropical/tropical moist lowland,terrestrial,habitat (outros codigos)
3669,Monitora.Ter.Flo,Brazil,1.6. Forest – Subtropical/tropical moist lowland,terrestrial,habitat (outros codigos)
3670,Monitora.Ter.Flo,Brazil,1.6. Forest – Subtropical/tropical moist lowland,terrestrial,habitat (outros codigos)
3671,Monitora.Ter.Flo,Brazil,1.6. Forest – Subtropical/tropical moist lowland,terrestrial,habitat (outros codigos)
3672,Monitora.Ter.Flo,Brazil,1.6. Forest – Subtropical/tropical moist lowland,terrestrial,habitat (outros codigos)
3673,Monitora.Ter.Flo,Brazil,1.6. Forest – Subtropical/tropical moist lowland,terrestrial,habitat (outros codigos)
3674,Monitora.Ter.Flo,Brazil,1.6. Forest – Subtropical/tropical moist lowland,terrestrial,habitat (outros codigos)
3675,Monitora.Ter.Flo,Brazil,1.6. Forest – Subtropical/tropical moist lowland,terrestrial,habitat (outros codigos)
3676,Monitora.Ter.Flo,Brazil,1.6. Forest – Subtropical/tropical moist lowland,terrestrial,habitat (outros codigos)
3677,Monitora.Ter.Flo,Brazil,1.6. Forest – Subtropical/tropical moist lowland,terrestrial,habitat (outros codigos)
3678,Monitora.Ter.Flo,Brazil,1.6. Forest – Subtropical/tropical moist lowland,terrestrial,habitat (outros codigos)
3679,Monitora.Ter.Flo,Brazil,1.6. Forest – Subtropical/tropical moist lowland,terrestrial,habitat (outros codigos)
3680,Monitora.Ter.Flo,Brazil,1.6. Forest – Subtropical/tropical moist lowland,terrestrial,habitat (outros codigos)
3681,Monitora.Ter.Flo,Brazil,1.6. Forest – Subtropical/tropical moist lowland,terrestrial,habitat (outros codigos)
3682,Monitora.Ter.Flo,Brazil,1.6. Forest – Subtropical/tropical moist lowland,terrestrial,habitat (outros codigos)
3683,Monitora.Ter.Flo,Brazil,1.6. Forest – Subtropical/tropical moist lowland,terrestrial,habitat (outros codigos)
3684,Monitora.Ter.Flo,Brazil,1.6. Forest – Subtropical/tropical moist lowland,terrestrial,habitat (outros codigos)
3685,Monitora.Ter.Flo,Brazil,1.6. Forest – Subtropical/tropical moist lowland,terrestrial,habitat (outros codigos)
3686,Monitora.Ter.Flo,Brazil,1.6. Forest – Subtropical/tropical moist lowland,terrestrial,habitat (outros codigos)
3687,Monitora.Ter.Flo,Brazil,1.6. Forest – Subtropical/tropical moist lowland,terrestrial,habitat (outros codigos)
3688,Monitora.Ter.Flo,Brazil,1.5. Forest – Subtropical/tropical dry | 1.6. Forest – Subtropical/tropical moist lowland,terrestrial,habitat (outros codigos)
3689,Monitora.Ter.Flo,Brazil,1.6. Forest – Subtropical/tropical moist lowland,terrestrial,habitat (outros codigos)
3690,Monitora.Ter.Flo,Brazil,1.6. Forest – Subtropical/tropical moist lowland,terrestrial,habitat (outros codigos)
3691,Monitora.Ter.Flo,Brazil,1.6. Forest – Subtropical/tropical moist lowland,terrestrial,habitat (outros codigos)
3692,Monitora.Ter.Flo,Brazil,1.6. Forest – Subtropical/tropical moist lowland,terrestrial,habitat (outros codigos)
3693,Monitora.Ter.Flo,Brazil,1.6. Forest – Subtropical/tropical moist lowland,terrestrial,habitat (outros codigos)
3694,Monitora.Ter.Flo,Brazil,1.6. Forest – Subtropical/tropical moist lowland,terrestrial,habitat (outros codigos)
3695,Monitora.Ter.Flo,Brazil,1.6. Forest – Subtropical/tropical moist lowland,terrestrial,habitat (outros codigos)
3696,Monitora.Ter.Flo,Brazil,1.6. Forest – Subtropical/tropical moist lowland,terrestrial,habitat (outros codigos)
3697,Monitora.Ter.Flo,Brazil,1.6. Forest – Subtropical/tropical moist lowland,terrestrial,habitat (outros codigos)
3698,Monitora.Ter.Flo,Brazil,1.6. Forest – Subtropical/tropical moist lowland,terrestrial,habitat (outros codigos)
3699,Monitora.Ter.Flo,Brazil,1.6. Forest – Subtropical/tropical moist lowland,terrestrial,habitat (outros codigos)
3700,Monitora.Ter.Flo,Brazil,1.6. Forest – Subtropical/tropical moist lowland,terrestrial,habitat (outros codigos)
3701,Monitora.Ter.Flo,Brazil,1.6. Forest – Subtropical/tropical moist lowland,terrestrial,habitat (outros codigos)
3702,Monitora.Ter.Flo,Brazil,1.6. Forest – Subtropical/tropical moist lowland,terrestrial,habitat (outros codigos)
3703,Monitora.Ter.Flo,Brazil,1.6. Forest – Subtropical/tropical moist lowland,terrestrial,habitat (outros codigos)
3704,Monitora.Ter.Flo,Brazil,1.6. Forest – Subtropical/tropical moist lowland,terrestrial,habitat (outros codigos)
3705,Monitora.Ter.Flo,Brazil,1.6. Forest – Subtropical/tropical moist lowland,terrestrial,habitat (outros codigos)
3706,Monitora.Ter.Flo,Brazil,1.6. Forest – Subtropical/tropical moist lowland,terrestrial,habitat (outros codigos)
3707,Monitora.Ter.Flo,Brazil,1.6. Forest – Subtropical/tropical moist lowland,terrestrial,habitat (outros codigos)
3708,Monitora.Ter.Flo,Brazil,1.6. Forest – Subtropical/tropical moist lowland,terrestrial,habitat (outros codigos)
3709,Monitora.Ter.Flo,Brazil,1.6. Forest – Subtropical/tropical moist lowland,terrestrial,habitat (outros codigos)
3710,Monitora.Ter.Flo,Brazil,1.6. Forest – Subtropical/tropical moist lowland,terrestrial,habitat (outros codigos)
3711,Monitora.Ter.Flo,Brazil,1.6. Forest – Subtropical/tropical moist lowland,terrestrial,habitat (outros codigos)
3712,Monitora.Ter.Flo,Brazil,1.6. Forest – Subtropical/tropical moist lowland,terrestrial,habitat (outros codigos)
3713,Monitora.Ter.Flo,Brazil,1.6. Forest – Subtropical/tropical moist lowland,terrestrial,habitat (outros codigos)
3714,Monitora.Ter.Flo,Brazil,1.6. Forest – Subtropical/tropical moist lowland,terrestrial,habitat (outros codigos)
3715,Monitora.Ter.Flo,Brazil,1.6. Forest – Subtropical/tropical moist lowland,terrestrial,habitat (outros codigos)
3716,Monitora.Ter.Flo,Brazil,1.6. Forest – Subtropical/tropical moist lowland,terrestrial,habitat (outros codigos)
3717,Monitora.Ter.Flo,Brazil,1.6. Forest – Subtropical/tropical moist lowland,terrestrial,habitat (outros codigos)
3718,Monitora.Ter.Flo,Brazil,1.6. Forest – Subtropical/tropical moist lowland,terrestrial,habitat (outros codigos)
3719,Monitora.Ter.Flo,Brazil,1.6. Forest – Subtropical/tropical moist lowland,terrestrial,habitat (outros codigos)
3720,Monitora.Ter.Flo,Brazil,1.6. Forest – Subtropical/tropical moist lowland,terrestrial,habitat (outros codigos)
3721,Monitora.Ter.Flo,Brazil,1.6. Forest – Subtropical/tropical moist lowland,terrestrial,habitat (outros codigos)
3722,Monitora.Ter.Flo,Brazil,1.6. Forest – Subtropical/tropical moist lowland,terrestrial,habitat (outros codigos)
3723,Monitora.Ter.Flo,Brazil,1.6. Forest – Subtropical/tropical moist lowland,terrestrial,habitat (outros codigos)
3724,Monitora.Ter.Flo,Brazil,1.6. Forest – Subtropical/tropical moist lowland,terrestrial,habitat (outros codigos)
3725,Monitora.Ter.Flo,Brazil,1.6. Forest – Subtropical/tropical moist lowland,terrestrial,habitat (outros codigos)
3726,Monitora.Ter.Flo,Brazil,1.6. Forest – Subtropical/tropical moist lowland,terrestrial,habitat (outros codigos)
3727,Monitora.Ter.Flo,Brazil,1.6. Forest – Subtropical/tropical moist lowland,terrestrial,habitat (outros codigos)
3728,Monitora.Ter.Flo,Brazil,1.6. Forest – Subtropical/tropical moist lowland,terrestrial,habitat (outros codigos)
3729,Monitora.Ter.Flo,Brazil,1.6. Forest – Subtropical/tropical moist lowland,terrestrial,habitat (outros codigos)
3730,Monitora.Ter.Flo,Brazil,1.6. Forest – Subtropical/tropical moist lowland,terrestrial,habitat (outros codigos)
3731,Monitora.Ter.Flo,Brazil,1.9. Forest – Subtropical/tropical moist montane,terrestrial,habitat (outros codigos)
3732,Monitora.Ter.Flo,Brazil,1.9. Forest – Subtropical/tropical moist montane,terrestrial,habitat (outros codigos)
3733,Monitora.Ter.Flo,Brazil,1.9. Forest – Subtropical/tropical moist montane,terrestrial,habitat (outros codigos)
3734,Monitora.Ter.Flo,Brazil,1.9. Forest – Subtropical/tropical moist montane,terrestrial,habitat (outros codigos)
3735,Monitora.Ter.Flo,Brazil,1.9. Forest – Subtropical/tropical moist montane,terrestrial,habitat (outros codigos)
3736,Monitora.Ter.Flo,Brazil,1.9. Forest – Subtropical/tropical moist montane,terrestrial,habitat (outros codigos)
3737,Monitora.Ter.Flo,Brazil,1.9. Forest – Subtropical/tropical moist montane,terrestrial,habitat (outros codigos)
3738,Monitora.Ter.Flo,Brazil,1.9. Forest – Subtropical/tropical moist montane,terrestrial,habitat (outros codigos)
3739,Monitora.Ter.Flo.Cast,Brazil,1.6. Forest – Subtropical/tropical moist lowland forest,terrestrial,habitat (outros codigos)
3740,Monitora.Ter.Flo.Cast,Brazil,1.6. Forest – Subtropical/tropical moist lowland forest,terrestrial,habitat (outros codigos)
3741,Monitora.Ter.Flo.Cast,Brazil,1.6. Forest – Subtropical/tropical moist lowland forest,terrestrial,habitat (outros codigos)
3742,Monitora.Ter.Flo.Cast,Brazil,1.6. Forest – Subtropical/tropical moist lowland forest,terrestrial,habitat (outros codigos)
3743,Monitora.Ter.Flo.Cast,Brazil,1.6. Forest – Subtropical/tropical moist lowland forest,terrestrial,habitat (outros codigos)
3744,Monitora.Ter.Flo.Cast,Brazil,1.6. Forest – Subtropical/tropical moist lowland forest,terrestrial,habitat (outros codigos)
3745,Monitora.Ter.Flo.Cast,Brazil,1.6. Forest – Subtropical/tropical moist lowland forest,terrestrial,habitat (outros codigos)
3746,Monitora.Ter.Flo.Cast,Brazil,1.6. Forest – Subtropical/tropical moist lowland forest,terrestrial,habitat (outros codigos)
3747,Monitora.Ter.Flo.Cast,Brazil,1.6. Forest – Subtropical/tropical moist lowland forest,terrestrial,habitat (outros codigos)
3748,Monitora.Ter.Flo.Cast,Brazil,1.6. Forest – Subtropical/tropical moist lowland forest,terrestrial,habitat (outros codigos)
3749,Monitora.Ter.Flo.Cast,Brazil,1.6. Forest – Subtropical/tropical moist lowland forest,terrestrial,habitat (outros codigos)
3750,Monitora.Ter.Flo.Cast,Brazil,1.6. Forest – Subtropical/tropical moist lowland forest,terrestrial,habitat (outros codigos)
3751,Monitora.Ter.Flo.Cast,Brazil,1.6. Forest – Subtropical/tropical moist lowland forest,terrestrial,habitat (outros codigos)
3752,Monitora.Ter.Flo.Cast,Brazil,1.6. Forest – Subtropical/tropical moist lowland forest,terrestrial,habitat (outros codigos)
3753,Monitora.Ter.Flo.Cast,Brazil,1.6. Forest – Subtropical/tropical moist lowland forest,terrestrial,habitat (outros codigos)
3754,Monitora.Ter.Flo.Cast,Brazil,1.6. Forest – Subtropical/tropical moist lowland forest,terrestrial,habitat (outros codigos)
3755,Monitora.Ter.Flo.Cast,Brazil,1.6. Forest – Subtropical/tropical moist lowland forest,terrestrial,habitat (outros codigos)
3756,Monitora.Ter.Flo.Cast,Brazil,1.6. Forest – Subtropical/tropical moist lowland forest,terrestrial,habitat (outros codigos)
3757,Monitora.Ter.Flo.Cast,Brazil,1.6. Forest – Subtropical/tropical moist lowland forest,terrestrial,habitat (outros codigos)
3758,Monitora.Ter.Flo.Cast,Brazil,1.6. Forest – Subtropical/tropical moist lowland forest,terrestrial,habitat (outros codigos)
3759,Monitoramento_Barcarena,Brazil,1.6. Forest – Subtropical/tropical moist lowland,terrestrial,habitat (outros codigos)
3760,Monitoramento_Barcarena,Brazil,1.6. Forest – Subtropical/tropical moist lowland,terrestrial,habitat (outros codigos)
3761,Monitoramento_Barcarena,Brazil,1.6. Forest – Subtropical/tropical moist lowland,terrestrial,habitat (outros codigos)
3762,Monitoramento_Barcarena,Brazil,1.6. Forest – Subtropical/tropical moist lowland,terrestrial,habitat (outros codigos)
3763,Monitoramento_Barcarena,Brazil,1.6. Forest – Subtropical/tropical moist lowland,terrestrial,habitat (outros codigos)
3764,Monitoramento_Barcarena,Brazil,1.6. Forest – Subtropical/tropical moist lowland,terrestrial,habitat (outros codigos)
3765,Monitoramento_Barcarena,Brazil,1.6. Forest – Subtropical/tropical moist lowland,terrestrial,habitat (outros codigos)
3766,Monitoramento_Barcarena,Brazil,1.6. Forest – Subtropical/tropical moist lowland,terrestrial,habitat (outros codigos)
3767,Monitoramento_Barcarena,Brazil,1.6. Forest – Subtropical/tropical moist lowland,terrestrial,habitat (outros codigos)
3768,Monitoramento_Barcarena,Brazil,1.6. Forest – Subtropical/tropical moist lowland,terrestrial,habitat (outros codigos)
3769,Monitoramento_Barcarena,Brazil,1.6. Forest – Subtropical/tropical moist lowland,terrestrial,habitat (outros codigos)
3770,Monitoramento_Barcarena,Brazil,1.6. Forest – Subtropical/tropical moist lowland,terrestrial,habitat (outros codigos)
3771,Monitoramento_Barcarena,Brazil,1.6. Forest – Subtropical/tropical moist lowland,terrestrial,habitat (outros codigos)
3772,PAAMA,Brazil,5.1. Wetlands (inland) – Permanent rivers/streams/creeks (includes waterfalls),freshwater,habitat (outros codigos)
3773,PAAMA,Brazil,5.1. Wetlands (inland) – Permanent rivers/streams/creeks (includes waterfalls),freshwater,habitat (outros codigos)
3774,PAAMA,Brazil,5.1. Wetlands (inland) – Permanent rivers/streams/creeks (includes waterfalls),freshwater,habitat (outros codigos)
3775,PAAMA,Brazil,5.1. Wetlands (inland) – Permanent rivers/streams/creeks (includes waterfalls),freshwater,habitat (outros codigos)
3776,PAAMA,Brazil,5.1. Wetlands (inland) – Permanent rivers/streams/creeks (includes waterfalls),freshwater,habitat (outros codigos)
3777,PAAMA,Brazil,5.1. Wetlands (inland) – Permanent rivers/streams/creeks (includes waterfalls),freshwater,habitat (outros codigos)
3778,PAAMA,Brazil,5.1. Wetlands (inland) – Permanent rivers/streams/creeks (includes waterfalls),freshwater,habitat (outros codigos)
3779,PAAMA,Brazil,5.1. Wetlands (inland) – Permanent rivers/streams/creeks (includes waterfalls),freshwater,habitat (outros codigos)
3780,PAAMA,Brazil,5.1. Wetlands (inland) – Permanent rivers/streams/creeks (includes waterfalls),freshwater,habitat (outros codigos)
3781,PAAMA,Brazil,5.1. Wetlands (inland) – Permanent rivers/streams/creeks (includes waterfalls),freshwater,habitat (outros codigos)
3782,PAAMA,Brazil,5.1. Wetlands (inland) – Permanent rivers/streams/creeks (includes waterfalls),freshwater,habitat (outros codigos)
3783,PAAMA,Brazil,5.1. Wetlands (inland) – Permanent rivers/streams/creeks (includes waterfalls),freshwater,habitat (outros codigos)
3784,PAAMA,Brazil,5.1. Wetlands (inland) – Permanent rivers/streams/creeks (includes waterfalls),freshwater,habitat (outros codigos)
3785,PAAMA,Brazil,5.1. Wetlands (inland) – Permanent rivers/streams/creeks (includes waterfalls),freshwater,habitat (outros codigos)
3786,PAAMA,Brazil,5.1. Wetlands (inland) – Permanent rivers/streams/creeks (includes waterfalls),freshwater,habitat (outros codigos)
3787,PAAMA,Brazil,5.1. Wetlands (inland) – Permanent rivers/streams/creeks (includes waterfalls),freshwater,habitat (outros codigos)
3788,PAAMA,Brazil,5.1. Wetlands (inland) – Permanent rivers/streams/creeks (includes waterfalls),freshwater,habitat (outros codigos)
3789,PAAMA,Brazil,5.1. Wetlands (inland) – Permanent rivers/streams/creeks (includes waterfalls),freshwater,habitat (outros codigos)
3790,PAAMA,Brazil,5.1. Wetlands (inland) – Permanent rivers/streams/creeks (includes waterfalls),freshwater,habitat (outros codigos)
3791,PAAMA,Brazil,5.1. Wetlands (inland) – Permanent rivers/streams/creeks (includes waterfalls),freshwater,habitat (outros codigos)
3792,PAAMA,Brazil,5.1. Wetlands (inland) – Permanent rivers/streams/creeks (includes waterfalls),freshwater,habitat (outros codigos)
3793,PAAMA,Brazil,5.1. Wetlands (inland) – Permanent rivers/streams/creeks (includes waterfalls),freshwater,habitat (outros codigos)
3794,PAAMA,Brazil,5.1. Wetlands (inland) – Permanent rivers/streams/creeks (includes waterfalls),freshwater,habitat (outros codigos)
3795,PAAMA,Brazil,5.1. Wetlands (inland) – Permanent rivers/streams/creeks (includes waterfalls),freshwater,habitat (outros codigos)
3796,PAAMA,Brazil,5.1. Wetlands (inland) – Permanent rivers/streams/creeks (includes waterfalls),freshwater,habitat (outros codigos)
3797,PAAMA,Brazil,5.1. Wetlands (inland) – Permanent rivers/streams/creeks (includes waterfalls),freshwater,habitat (outros codigos)
3798,PAAMA,Brazil,5.1. Wetlands (inland) – Permanent rivers/streams/creeks (includes waterfalls),freshwater,habitat (outros codigos)
3799,PAAMA,Brazil,5.1. Wetlands (inland) – Permanent rivers/streams/creeks (includes waterfalls),freshwater,habitat (outros codigos)
3800,PAAMA,Brazil,5.1. Wetlands (inland) – Permanent rivers/streams/creeks (includes waterfalls),freshwater,habitat (outros codigos)
3801,PAAMA,Brazil,5.1. Wetlands (inland) – Permanent rivers/streams/creeks (includes waterfalls),freshwater,habitat (outros codigos)
3802,PAAMA,Brazil,5.1. Wetlands (inland) – Permanent rivers/streams/creeks (includes waterfalls),freshwater,habitat (outros codigos)
3803,PAAMA,Brazil,5.1. Wetlands (inland) – Permanent rivers/streams/creeks (includes waterfalls),freshwater,habitat (outros codigos)
3804,PAAMA,Brazil,5.1. Wetlands (inland) – Permanent rivers/streams/creeks (includes waterfalls),freshwater,habitat (outros codigos)
3805,PAAMA,Brazil,5.1. Wetlands (inland) – Permanent rivers/streams/creeks (includes waterfalls),freshwater,habitat (outros codigos)
3806,PAAMA,Brazil,5.1. Wetlands (inland) – Permanent rivers/streams/creeks (includes waterfalls),freshwater,habitat (outros codigos)
3807,PAAMA,Brazil,5.1. Wetlands (inland) – Permanent rivers/streams/creeks (includes waterfalls),freshwater,habitat (outros codigos)
3808,PAAMA,Brazil,5.1. Wetlands (inland) – Permanent rivers/streams/creeks (includes waterfalls),freshwater,habitat (outros codigos)
3809,PAAMA,Brazil,5.1. Wetlands (inland) – Permanent rivers/streams/creeks (includes waterfalls),freshwater,habitat (outros codigos)
3810,PAAMA,Brazil,5.1. Wetlands (inland) – Permanent rivers/streams/creeks (includes waterfalls),freshwater,habitat (outros codigos)
3811,PAAMA,Brazil,5.1. Wetlands (inland) – Permanent rivers/streams/creeks (includes waterfalls),freshwater,habitat (outros codigos)
3812,PAAMA,Brazil,5.1. Wetlands (inland) – Permanent rivers/streams/creeks (includes waterfalls),freshwater,habitat (outros codigos)
3813,PAAMA,Brazil,5.1. Wetlands (inland) – Permanent rivers/streams/creeks (includes waterfalls),freshwater,habitat (outros codigos)
3814,PAAMA,Brazil,5.1. Wetlands (inland) – Permanent rivers/streams/creeks (includes waterfalls),freshwater,habitat (outros codigos)
3815,PAAMA,Brazil,5.1. Wetlands (inland) – Permanent rivers/streams/creeks (includes waterfalls),freshwater,habitat (outros codigos)
3816,PAAMA,Brazil,5.1. Wetlands (inland) – Permanent rivers/streams/creeks (includes waterfalls),freshwater,habitat (outros codigos)
3817,PAAMA,Brazil,5.1. Wetlands (inland) – Permanent rivers/streams/creeks (includes waterfalls),freshwater,habitat (outros codigos)
3818,PAAMA,Brazil,5.1. Wetlands (inland) – Permanent rivers/streams/creeks (includes waterfalls),freshwater,habitat (outros codigos)
3819,PAAMA,Brazil,5.1. Wetlands (inland) – Permanent rivers/streams/creeks (includes waterfalls),freshwater,habitat (outros codigos)
3820,PAAMA,Brazil,5.1. Wetlands (inland) – Permanent rivers/streams/creeks (includes waterfalls),freshwater,habitat (outros codigos)
3821,PCMCV,Brazil,3.6. Grasslands and Shrubland,terrestrial,habitat (outros codigos)
3822,PELDFORR,Brazil,1.6. Forest – Subtropical/tropical moist lowland | 5.3. Wetlands (inland) – Shrub dominated wetlands,freshwater,habitat (outros codigos)
3823,PELDFORR,Brazil,1.6. Forest – Subtropical/tropical moist lowland | 2.1. Savanna - Dry,terrestrial,habitat (outros codigos)
3824,PELDFORR,Brazil,1.6. Forest – Subtropical/tropical moist lowland,terrestrial,habitat (outros codigos)
3825,PELDFORR,Brazil,1.6. Forest – Subtropical/tropical moist lowland,terrestrial,habitat (outros codigos)
3826,PELDFORR,Brazil,1.6. Forest – Subtropical/tropical moist lowland,terrestrial,habitat (outros codigos)
3827,PELDFORR,Brazil,1.6. Forest – Subtropical/tropical moist lowland,terrestrial,habitat (outros codigos)
3828,PELDFORR,Brazil,1.6. Forest – Subtropical/tropical moist lowland,terrestrial,habitat (outros codigos)
3829,PELD - IAFA,Brazil,1.6. Forest – Subtropical/tropical moist lowland,terrestrial,habitat (outros codigos)
3830,PELD - IAFA,Brazil,1.6. Forest – Subtropical/tropical moist lowland,terrestrial,habitat (outros codigos)
3831,PELD - IAFA,Brazil,1.6. Forest – Subtropical/tropical moist lowland,terrestrial,habitat (outros codigos)
3832,Pirarucu.AM,Brazil,5.8. Wetlands (inland) – Seasonal/intermittent freshwater marshes/pools (under 8 ha),freshwater,habitat (outros codigos)
3833,Pirarucu.AM,Brazil,5.8. Wetlands (inland) – Seasonal/intermittent freshwater marshes/pools (under 8 ha),freshwater,habitat (outros codigos)
3834,Pirarucu.AM,Brazil,5.8. Wetlands (inland) – Seasonal/intermittent freshwater marshes/pools (under 8 ha),freshwater,habitat (outros codigos)
3835,Pirarucu.AM,Brazil,5.8. Wetlands (inland) – Seasonal/intermittent freshwater marshes/pools (under 8 ha),freshwater,habitat (outros codigos)
3836,Pirarucu.AM,Brazil,5.8. Wetlands (inland) – Seasonal/intermittent freshwater marshes/pools (under 8 ha),freshwater,habitat (outros codigos)
3837,Pirarucu.AM,Brazil,5.8. Wetlands (inland) – Seasonal/intermittent freshwater marshes/pools (under 8 ha),freshwater,habitat (outros codigos)
3838,Pirarucu.AM,Brazil,5.8. Wetlands (inland) – Seasonal/intermittent freshwater marshes/pools (under 8 ha),freshwater,habitat (outros codigos)
3839,Pirarucu.AM,Brazil,5.8. Wetlands (inland) – Seasonal/intermittent freshwater marshes/pools (under 8 ha),freshwater,habitat (outros codigos)
3840,Pirarucu.AM,Brazil,5.8. Wetlands (inland) – Seasonal/intermittent freshwater marshes/pools (under 8 ha),freshwater,habitat (outros codigos)
3841,Pirarucu.AM,Brazil,5.8. Wetlands (inland) – Seasonal/intermittent freshwater marshes/pools (under 8 ha),freshwater,habitat (outros codigos)
3842,Pirarucu.AM,Brazil,5.8. Wetlands (inland) – Seasonal/intermittent freshwater marshes/pools (under 8 ha),freshwater,habitat (outros codigos)
3843,Pirarucu.AM,Brazil,5.8. Wetlands (inland) – Seasonal/intermittent freshwater marshes/pools (under 8 ha),freshwater,habitat (outros codigos)
3844,Pirarucu.AM,Brazil,5.8. Wetlands (inland) – Seasonal/intermittent freshwater marshes/pools (under 8 ha),freshwater,habitat (outros codigos)
3845,Pirarucu.AM,Brazil,5.8. Wetlands (inland) – Seasonal/intermittent freshwater marshes/pools (under 8 ha),freshwater,habitat (outros codigos)
3846,Pirarucu.AM,Brazil,5.8. Wetlands (inland) – Seasonal/intermittent freshwater marshes/pools (under 8 ha),freshwater,habitat (outros codigos)
3847,Pirarucu.AM,Brazil,5.8. Wetlands (inland) – Seasonal/intermittent freshwater marshes/pools (under 8 ha),freshwater,habitat (outros codigos)
3848,Pirarucu.AM,Brazil,5.8. Wetlands (inland) – Seasonal/intermittent freshwater marshes/pools (under 8 ha),freshwater,habitat (outros codigos)
3849,Pirarucu.AM,Brazil,5.8. Wetlands (inland) – Seasonal/intermittent freshwater marshes/pools (under 8 ha),freshwater,habitat (outros codigos)
3850,Pirarucu.AM,Brazil,5.8. Wetlands (inland) – Seasonal/intermittent freshwater marshes/pools (under 8 ha),freshwater,habitat (outros codigos)
3851,Pirarucu.AM,Brazil,5.8. Wetlands (inland) – Seasonal/intermittent freshwater marshes/pools (under 8 ha),freshwater,habitat (outros codigos)
3852,Pirarucu.AM,Brazil,5.8. Wetlands (inland) – Seasonal/intermittent freshwater marshes/pools (under 8 ha),freshwater,habitat (outros codigos)
3853,Pirarucu.AM,Brazil,5.8. Wetlands (inland) – Seasonal/intermittent freshwater marshes/pools (under 8 ha),freshwater,habitat (outros codigos)
3854,Pirarucu.AM,Brazil,5.8. Wetlands (inland) – Seasonal/intermittent freshwater marshes/pools (under 8 ha),freshwater,habitat (outros codigos)
3855,Pirarucu.AM,Brazil,5.8. Wetlands (inland) – Seasonal/intermittent freshwater marshes/pools (under 8 ha),freshwater,habitat (outros codigos)
3856,Pirarucu.AM,Brazil,na,terrestrial,projeto (so variaveis terrestres)
3857,Pirarucu.AM,Brazil,5.8. Wetlands (inland) – Seasonal/intermittent freshwater marshes/pools (under 8 ha),freshwater,habitat (outros codigos)
3858,Pirarucu.AM,Brazil,5.8. Wetlands (inland) – Seasonal/intermittent freshwater marshes/pools (under 8 ha),freshwater,habitat (outros codigos)
3859,Pirarucu.AM,Brazil,5.8. Wetlands (inland) – Seasonal/intermittent freshwater marshes/pools (under 8 ha),freshwater,habitat (outros codigos)
3860,Pirarucu.AM,Brazil,5.8. Wetlands (inland) – Seasonal/intermittent freshwater marshes/pools (under 8 ha),freshwater,habitat (outros codigos)
3861,Pirarucu.AM,Brazil,5.8. Wetlands (inland) – Seasonal/intermittent freshwater marshes/pools (under 8 ha),freshwater,habitat (outros codigos)
3862,Pirarucu.AM,Brazil,5.8. Wetlands (inland) – Seasonal/intermittent freshwater marshes/pools (under 8 ha),freshwater,habitat (outros codigos)
3863,Pirarucu.AM,Brazil,5.8. Wetlands (inland) – Seasonal/intermittent freshwater marshes/pools (under 8 ha),freshwater,habitat (outros codigos)
3864,Pirarucu.AM,Brazil,5.8. Wetlands (inland) – Seasonal/intermittent freshwater marshes/pools (under 8 ha),freshwater,habitat (outros codigos)
3865,Pirarucu.AM,Brazil,5.8. Wetlands (inland) – Seasonal/intermittent freshwater marshes/pools (under 8 ha),freshwater,habitat (outros codigos)
3866,Pirarucu.AM,Brazil,5.8. Wetlands (inland) – Seasonal/intermittent freshwater marshes/pools (under 8 ha),freshwater,habitat (outros codigos)
3867,Pirarucu.AM,Brazil,5.8. Wetlands (inland) – Seasonal/intermittent freshwater marshes/pools (under 8 ha),freshwater,habitat (outros codigos)
3868,Pirarucu.AM,Brazil,5.8. Wetlands (inland) – Seasonal/intermittent freshwater marshes/pools (under 8 ha),freshwater,habitat (outros codigos)
3869,Pirarucu.AM,Brazil,5.8. Wetlands (inland) – Seasonal/intermittent freshwater marshes/pools (under 8 ha),freshwater,habitat (outros codigos)
3870,Pirarucu.AM,Brazil,5.8. Wetlands (inland) – Seasonal/intermittent freshwater marshes/pools (under 8 ha),freshwater,habitat (outros codigos)
3871,Pirarucu.AM,Brazil,5.8. Wetlands (inland) – Seasonal/intermittent freshwater marshes/pools (under 8 ha),freshwater,habitat (outros codigos)
3872,Pirarucu.AM,Brazil,5.8. Wetlands (inland) – Seasonal/intermittent freshwater marshes/pools (under 8 ha),freshwater,habitat (outros codigos)
3873,Pirarucu.AM,Brazil,5.8. Wetlands (inland) – Seasonal/intermittent freshwater marshes/pools (under 8 ha),freshwater,habitat (outros codigos)
3874,Pirarucu.AM,Brazil,5.8. Wetlands (inland) – Seasonal/intermittent freshwater marshes/pools (under 8 ha),freshwater,habitat (outros codigos)
3875,Pirarucu.AM,Brazil,5.8. Wetlands (inland) – Seasonal/intermittent freshwater marshes/pools (under 8 ha),freshwater,habitat (outros codigos)
3876,Pirarucu.AM,Brazil,5.8. Wetlands (inland) – Seasonal/intermittent freshwater marshes/pools (under 8 ha),freshwater,habitat (outros codigos)
3877,Pirarucu.AM,Brazil,5.8. Wetlands (inland) – Seasonal/intermittent freshwater marshes/pools (under 8 ha),freshwater,habitat (outros codigos)
3878,Pirarucu.AM,Brazil,5.8. Wetlands (inland) – Seasonal/intermittent freshwater marshes/pools (under 8 ha),freshwater,habitat (outros codigos)
3879,Pirarucu.AM,Brazil,5.8. Wetlands (inland) – Seasonal/intermittent freshwater marshes/pools (under 8 ha),freshwater,habitat (outros codigos)
3880,Pirarucu.AM,Brazil,5.8. Wetlands (inland) – Seasonal/intermittent freshwater marshes/pools (under 8 ha),freshwater,habitat (outros codigos)
3881,Pirarucu.AM,Brazil,5.8. Wetlands (inland) – Seasonal/intermittent freshwater marshes/pools (under 8 ha),freshwater,habitat (outros codigos)
3882,Pirarucu.AM,Brazil,5.8. Wetlands (inland) – Seasonal/intermittent freshwater marshes/pools (under 8 ha),freshwater,habitat (outros codigos)
3883,Pirarucu.AM,Brazil,5.7. Wetlands (inland) – Permanent freshwater marshes/pools (under 8 ha) | 5.8. Wetlands (inland) – Seasonal/intermittent freshwater marshes/pools (under 8 ha),freshwater,habitat (outros codigos)
3884,Pirarucu.AM,Brazil,5.8. Wetlands (inland) – Seasonal/intermittent freshwater marshes/pools (under 8 ha),freshwater,habitat (outros codigos)
3885,Pirarucu.AM,Brazil,.5.7. Wetlands (inland) – Permanent freshwater marshes/pools (under 8 ha) | 5.8. Wetlands (inland) – Seasonal/intermittent freshwater marshes/pools (under 8 ha),freshwater,habitat (outros codigos)
3886,Pirarucu.AM,Brazil,5.8. Wetlands (inland) – Seasonal/intermittent freshwater marshes/pools (under 8 ha),freshwater,habitat (outros codigos)
3887,Pirarucu.AM,Brazil,5.8. Wetlands (inland) – Seasonal/intermittent freshwater marshes/pools (under 8 ha),freshwater,habitat (outros codigos)
3888,Pirarucu.AM,Brazil,5.8. Wetlands (inland) – Seasonal/intermittent freshwater marshes/pools (under 8 ha),freshwater,habitat (outros codigos)
3889,Pirarucu.AM,Brazil,5.8. Wetlands (inland) – Seasonal/intermittent freshwater marshes/pools (under 8 ha),freshwater,habitat (outros codigos)
3890,Pirarucu.AM,Brazil,5.8. Wetlands (inland) – Seasonal/intermittent freshwater marshes/pools (under 8 ha),freshwater,habitat (outros codigos)
3891,Pirarucu.AM,Brazil,5.8. Wetlands (inland) – Seasonal/intermittent freshwater marshes/pools (under 8 ha),freshwater,habitat (outros codigos)
3892,Pirarucu.AM,Brazil,5.8. Wetlands (inland) – Seasonal/intermittent freshwater marshes/pools (under 8 ha),freshwater,habitat (outros codigos)
3893,Pirarucu.AM,Brazil,5.8. Wetlands (inland) – Seasonal/intermittent freshwater marshes/pools (under 8 ha),freshwater,habitat (outros codigos)
3894,Pirarucu.AM,Brazil,5.8. Wetlands (inland) – Seasonal/intermittent freshwater marshes/pools (under 8 ha),freshwater,habitat (outros codigos)
3895,Pirarucu.AM,Brazil,5.8. Wetlands (inland) – Seasonal/intermittent freshwater marshes/pools (under 8 ha),freshwater,habitat (outros codigos)
3896,Pirarucu.AM,Brazil,5.8. Wetlands (inland) – Seasonal/intermittent freshwater marshes/pools (under 8 ha),freshwater,habitat (outros codigos)
3897,Pirarucu.AM,Brazil,5.8. Wetlands (inland) – Seasonal/intermittent freshwater marshes/pools (under 8 ha),freshwater,habitat (outros codigos)
3898,Pirizal,Brazil,5.1. Wetlands (inland) – Permanent rivers/streams/creeks (includes waterfalls),freshwater,habitat (outros codigos)
3899,Planta,Brazil,4.7. Grassland – Subtropical/tropical high altitude,terrestrial,habitat (outros codigos)
3900,Planta,Brazil,4.7. Grassland – Subtropical/tropical high altitude,terrestrial,habitat (outros codigos)
3901,Planta,Brazil,4.7. Grassland – Subtropical/tropical high altitude,terrestrial,habitat (outros codigos)
3902,Planta,Brazil,4.7. Grassland – Subtropical/tropical high altitude,terrestrial,habitat (outros codigos)
3903,Planta,Brazil,4.7. Grassland – Subtropical/tropical high altitude,terrestrial,habitat (outros codigos)
3904,Planta,Brazil,4.7. Grassland – Subtropical/tropical high altitude,terrestrial,habitat (outros codigos)
3905,Planta,Brazil,4.7. Grassland – Subtropical/tropical high altitude,terrestrial,habitat (outros codigos)
3906,PPBio AmOc,Brazil,1.6. Forest – Subtropical/tropical moist lowland,terrestrial,habitat (outros codigos)
3907,PPBio AmOc,Brazil,1.6. Forest – Subtropical/tropical moist lowland,terrestrial,habitat (outros codigos)
3908,PPBio AmOc,Brazil,1.6. Forest – Subtropical/tropical moist lowland,terrestrial,habitat (outros codigos)
3909,PPBio AmOc,Brazil,1.6. Forest – Subtropical/tropical moist lowland,terrestrial,habitat (outros codigos)
3910,POPA APAF,Brazil,1.6. Forest – Subtropical/tropical moist lowland,terrestrial,habitat (outros codigos)
3911,POPA APAF,Brazil,1.6. Forest – Subtropical/tropical moist lowland,terrestrial,habitat (outros codigos)
3912,POPA APAF,Brazil,1.6. Forest – Subtropical/tropical moist lowland,terrestrial,habitat (outros codigos)
3913,POPA APAF,Brazil,1.6. Forest – Subtropical/tropical moist lowland,terrestrial,habitat (outros codigos)
3914,POPA APAF,Brazil,1.6. Forest – Subtropical/tropical moist lowland,terrestrial,habitat (outros codigos)
3915,POPA APAF,Brazil,1.6. Forest – Subtropical/tropical moist lowland,terrestrial,habitat (outros codigos)
3916,POPA APAF,Brazil,1.6. Forest – Subtropical/tropical moist lowland,terrestrial,habitat (outros codigos)
3917,POPA APAF,Brazil,1.6. Forest – Subtropical/tropical moist lowland,terrestrial,habitat (outros codigos)
3918,POPA APAF,Brazil,1.6. Forest – Subtropical/tropical moist lowland,terrestrial,habitat (outros codigos)
3919,POPA APAF,Brazil,1.6. Forest – Subtropical/tropical moist lowland,terrestrial,habitat (outros codigos)
3920,POPA APAF,Brazil,1.6. Forest – Subtropical/tropical moist lowland,terrestrial,habitat (outros codigos)
3921,POPA APAF,Brazil,1.6. Forest – Subtropical/tropical moist lowland,terrestrial,habitat (outros codigos)
3922,POPA APAF,Brazil,1.6. Forest – Subtropical/tropical moist lowland,terrestrial,habitat (outros codigos)
3923,POPA APAF,Brazil,1.6. Forest – Subtropical/tropical moist lowland,terrestrial,habitat (outros codigos)
3924,POPA APAF,Brazil,1.6. Forest – Subtropical/tropical moist lowland,terrestrial,habitat (outros codigos)
3925,POPA APAF,Brazil,1.6. Forest – Subtropical/tropical moist lowland,terrestrial,habitat (outros codigos)
3926,POPA APAF,Brazil,1.6. Forest – Subtropical/tropical moist lowland,terrestrial,habitat (outros codigos)
3927,POPA APAF,Brazil,1.6. Forest – Subtropical/tropical moist lowland,terrestrial,habitat (outros codigos)
3928,POPA APAF,Brazil,1.6. Forest – Subtropical/tropical moist lowland,terrestrial,habitat (outros codigos)
3929,POPA APAF,Brazil,1.6. Forest – Subtropical/tropical moist lowland,terrestrial,habitat (outros codigos)
3930,POPA APAF,Brazil,1.6. Forest – Subtropical/tropical moist lowland,terrestrial,habitat (outros codigos)
3931,POPA APAF,Brazil,1.6. Forest – Subtropical/tropical moist lowland,terrestrial,habitat (outros codigos)
3932,POPA APAF,Brazil,1.6. Forest – Subtropical/tropical moist lowland,terrestrial,habitat (outros codigos)
3933,POPA APAF,Brazil,1.6. Forest – Subtropical/tropical moist lowland,terrestrial,habitat (outros codigos)
3934,POPA APAF,Brazil,1.6. Forest – Subtropical/tropical moist lowland,terrestrial,habitat (outros codigos)
3935,POPA APAF,Brazil,1.6. Forest – Subtropical/tropical moist lowland,terrestrial,habitat (outros codigos)
3936,POPA APAF,Brazil,1.6. Forest – Subtropical/tropical moist lowland,terrestrial,habitat (outros codigos)
3937,POPA APAF,Brazil,1.6. Forest – Subtropical/tropical moist lowland,terrestrial,habitat (outros codigos)
3938,POPA APAF,Brazil,1.6. Forest – Subtropical/tropical moist lowland,terrestrial,habitat (outros codigos)
3939,POPA APAF,Brazil,1.6. Forest – Subtropical/tropical moist lowland,terrestrial,habitat (outros codigos)
3940,POPA APAF,Brazil,1.6. Forest – Subtropical/tropical moist lowland,terrestrial,habitat (outros codigos)
3941,POPA APAF,Brazil,1.6. Forest – Subtropical/tropical moist lowland,terrestrial,habitat (outros codigos)
3942,POPA APAF,Brazil,1.6. Forest – Subtropical/tropical moist lowland,terrestrial,habitat (outros codigos)
3943,POPA APAF,Brazil,1.6. Forest – Subtropical/tropical moist lowland,terrestrial,habitat (outros codigos)
3944,POPA FNT,Brazil,1.6. Forest – Subtropical/tropical moist lowland,terrestrial,habitat (outros codigos)
3945,POPA FNT,Brazil,1.6. Forest – Subtropical/tropical moist lowland,terrestrial,habitat (outros codigos)
3946,POPA FNT,Brazil,1.6. Forest – Subtropical/tropical moist lowland,terrestrial,habitat (outros codigos)
3947,POPA FNT,Brazil,1.6. Forest – Subtropical/tropical moist lowland,terrestrial,habitat (outros codigos)
3948,POPA FNT,Brazil,1.6. Forest – Subtropical/tropical moist lowland,terrestrial,habitat (outros codigos)
3949,POPA FNT,Brazil,1.6. Forest – Subtropical/tropical moist lowland,terrestrial,habitat (outros codigos)
3950,POPA FNT,Brazil,1.6. Forest – Subtropical/tropical moist lowland,terrestrial,habitat (outros codigos)
3951,POPA FNT,Brazil,1.6. Forest – Subtropical/tropical moist lowland,terrestrial,habitat (outros codigos)
3952,POPA FNT,Brazil,1.6. Forest – Subtropical/tropical moist lowland,terrestrial,habitat (outros codigos)
3953,POPA FNT,Brazil,1.6. Forest – Subtropical/tropical moist lowland,terrestrial,habitat (outros codigos)
3954,POPA FNT,Brazil,1.6. Forest – Subtropical/tropical moist lowland,terrestrial,habitat (outros codigos)
3955,POPA FNT,Brazil,1.6. Forest – Subtropical/tropical moist lowland,terrestrial,habitat (outros codigos)
3956,POPA FNT,Brazil,1.6. Forest – Subtropical/tropical moist lowland,terrestrial,habitat (outros codigos)
3957,POPA FNT,Brazil,1.6. Forest – Subtropical/tropical moist lowland,terrestrial,habitat (outros codigos)
3958,POPA FNT,Brazil,1.6. Forest – Subtropical/tropical moist lowland,terrestrial,habitat (outros codigos)
3959,POPA FNT,Brazil,1.6. Forest – Subtropical/tropical moist lowland,terrestrial,habitat (outros codigos)
3960,POPA FNT,Brazil,1.6. Forest – Subtropical/tropical moist lowland,terrestrial,habitat (outros codigos)
3961,POPA FNT,Brazil,1.6. Forest – Subtropical/tropical moist lowland,terrestrial,habitat (outros codigos)
3962,POPA FNT,Brazil,1.6. Forest – Subtropical/tropical moist lowland,terrestrial,habitat (outros codigos)
3963,POPA FNT,Brazil,1.6. Forest – Subtropical/tropical moist lowland,terrestrial,habitat (outros codigos)
3964,POPA FNT,Brazil,1.6. Forest – Subtropical/tropical moist lowland,terrestrial,habitat (outros codigos)
3965,POPA FNT,Brazil,1.6. Forest – Subtropical/tropical moist lowland,terrestrial,habitat (outros codigos)
3966,POPA FNT,Brazil,1.6. Forest – Subtropical/tropical moist lowland,terrestrial,habitat (outros codigos)
3967,POPA FNT,Brazil,1.6. Forest – Subtropical/tropical moist lowland,terrestrial,habitat (outros codigos)
3968,POPA FNT,Brazil,1.6. Forest – Subtropical/tropical moist lowland,terrestrial,habitat (outros codigos)
3969,POPA FNT,Brazil,1.6. Forest – Subtropical/tropical moist lowland,terrestrial,habitat (outros codigos)
3970,POPA FNT,Brazil,1.6. Forest – Subtropical/tropical moist lowland,terrestrial,habitat (outros codigos)
3971,POPA FNT,Brazil,1.6. Forest – Subtropical/tropical moist lowland,terrestrial,habitat (outros codigos)
3972,POPA FNT,Brazil,1.6. Forest – Subtropical/tropical moist lowland,terrestrial,habitat (outros codigos)
3973,POPA FNT,Brazil,1.6. Forest – Subtropical/tropical moist lowland,terrestrial,habitat (outros codigos)
3974,POPA FNT,Brazil,1.6. Forest – Subtropical/tropical moist lowland,terrestrial,habitat (outros codigos)
3975,POPA FNT,Brazil,1.6. Forest – Subtropical/tropical moist lowland,terrestrial,habitat (outros codigos)
3976,POPA FNT,Brazil,1.6. Forest – Subtropical/tropical moist lowland,terrestrial,habitat (outros codigos)
3977,POPA FNT,Brazil,1.6. Forest – Subtropical/tropical moist lowland,terrestrial,habitat (outros codigos)
3978,POPA FNT,Brazil,1.6. Forest – Subtropical/tropical moist lowland,terrestrial,habitat (outros codigos)
3979,POPA FNT,Brazil,1.6. Forest – Subtropical/tropical moist lowland,terrestrial,habitat (outros codigos)
3980,POPA FNT,Brazil,1.6. Forest – Subtropical/tropical moist lowland,terrestrial,habitat (outros codigos)
3981,POPA FNT,Brazil,1.6. Forest – Subtropical/tropical moist lowland,terrestrial,habitat (outros codigos)
3982,POPA FNT,Brazil,1.6. Forest – Subtropical/tropical moist lowland,terrestrial,habitat (outros codigos)
3983,POPA FNT,Brazil,1.6. Forest – Subtropical/tropical moist lowland,terrestrial,habitat (outros codigos)
3984,POPA FNT,Brazil,1.6. Forest – Subtropical/tropical moist lowland,terrestrial,habitat (outros codigos)
3985,POPA FNT,Brazil,1.6. Forest – Subtropical/tropical moist lowland,terrestrial,habitat (outros codigos)
3986,POPA FNT,Brazil,1.6. Forest – Subtropical/tropical moist lowland,terrestrial,habitat (outros codigos)
3987,POPA FNT,Brazil,1.6. Forest – Subtropical/tropical moist lowland,terrestrial,habitat (outros codigos)
3988,POPA FNT,Brazil,1.6. Forest – Subtropical/tropical moist lowland,terrestrial,habitat (outros codigos)
3989,POPA APAS,Brazil,2.2. Savanna – Moist,terrestrial,habitat (outros codigos)
3990,POPA APAS,Brazil,2.2. Savanna – Moist,terrestrial,habitat (outros codigos)
3991,POPA APAS,Brazil,2.2. Savanna – Moist,terrestrial,habitat (outros codigos)
3992,POPA APAS,Brazil,2.2. Savanna – Moist,terrestrial,habitat (outros codigos)
3993,POPA APAS,Brazil,2.2. Savanna – Moist,terrestrial,habitat (outros codigos)
3994,POPA APAS,Brazil,2.2. Savanna – Moist,terrestrial,habitat (outros codigos)
3995,POPA APAS,Brazil,2.2. Savanna – Moist,terrestrial,habitat (outros codigos)
3996,POPA APAS,Brazil,2.2. Savanna – Moist,terrestrial,habitat (outros codigos)
3997,POPA APAS,Brazil,2.2. Savanna – Moist,terrestrial,habitat (outros codigos)
3998,POPA APAS,Brazil,2.2. Savanna – Moist,terrestrial,habitat (outros codigos)
3999,POPA APAS,Brazil,2.2. Savanna – Moist,terrestrial,habitat (outros codigos)
4000,POPA APAS,Brazil,2.2. Savanna – Moist,terrestrial,habitat (outros codigos)
4001,POPA APAS,Brazil,2.2. Savanna – Moist,terrestrial,habitat (outros codigos)
4002,POPA APAS,Brazil,2.2. Savanna – Moist,terrestrial,habitat (outros codigos)
4003,POPA APAS,Brazil,2.2. Savanna – Moist,terrestrial,habitat (outros codigos)
4004,POPA APAS,Brazil,2.2. Savanna – Moist,terrestrial,habitat (outros codigos)
4005,POPA APAS,Brazil,2.2. Savanna – Moist,terrestrial,habitat (outros codigos)
4006,POPA APAS,Brazil,2.2. Savanna – Moist,terrestrial,habitat (outros codigos)
4007,POPA APAS,Brazil,2.2. Savanna – Moist,terrestrial,habitat (outros codigos)
4008,POPA APAS,Brazil,2.2. Savanna – Moist,terrestrial,habitat (outros codigos)
4009,POPA APAS,Brazil,2.2. Savanna – Moist,terrestrial,habitat (outros codigos)
4010,POPA APAS,Brazil,2.2. Savanna – Moist,terrestrial,habitat (outros codigos)
4011,POPA APAS,Brazil,2.2. Savanna – Moist,terrestrial,habitat (outros codigos)
4012,POPA APAS,Brazil,2.2. Savanna – Moist,terrestrial,habitat (outros codigos)
4013,POPA APAS,Brazil,2.2. Savanna – Moist,terrestrial,habitat (outros codigos)
4014,POPA APAS,Brazil,2.2. Savanna – Moist,terrestrial,habitat (outros codigos)
4015,POPA APAS,Brazil,2.2. Savanna – Moist,terrestrial,habitat (outros codigos)
4016,POPA APAS,Brazil,2.2. Savanna – Moist,terrestrial,habitat (outros codigos)
4017,POPA APAS,Brazil,2.2. Savanna – Moist,terrestrial,habitat (outros codigos)
4018,POPA APAS,Brazil,2.2. Savanna – Moist,terrestrial,habitat (outros codigos)
4019,POPA APAS,Brazil,2.2. Savanna – Moist,terrestrial,habitat (outros codigos)
4020,POPA APAS,Brazil,2.2. Savanna – Moist,terrestrial,habitat (outros codigos)
4021,POPA APAS,Brazil,2.2. Savanna – Moist,terrestrial,habitat (outros codigos)
4022,POPA APAS,Brazil,2.2. Savanna – Moist,terrestrial,habitat (outros codigos)
4023,POPA APAS,Brazil,2.2. Savanna – Moist,terrestrial,habitat (outros codigos)
4024,POPA APAS,Brazil,2.2. Savanna – Moist,terrestrial,habitat (outros codigos)
4025,POPA ervas,Brazil,1.6. Forest – Subtropical/tropical moist lowland,terrestrial,habitat (outros codigos)
4026,PPBioSinop,Brazil,1.5. Forest – Subtropical/Tropical dry Forest,terrestrial,habitat (outros codigos)
4027,PPBioSinop,Brazil,1.5. Forest – Subtropical/Tropical dry Forest,terrestrial,habitat (outros codigos)
4028,PPBioSinop,Brazil,1.6. Forest – Subtropical/tropical moist lowland,terrestrial,habitat (outros codigos)
4029,PPBioSinop,Brazil,1.6. Forest – Subtropical/tropical moist lowland,terrestrial,habitat (outros codigos)
4030,PPBioSinop,Brazil,1.6. Forest – Subtropical/tropical moist lowland,terrestrial,habitat (outros codigos)
4031,PPBioSinop,Brazil,1.6. Forest – Subtropical/tropical moist lowland,terrestrial,habitat (outros codigos)
4032,PPBioAM,Brazil,1.6. Forest – Subtropical/tropical moist lowland / 3.6. Shrubland – Subtropical/tropical moist,terrestrial,habitat (outros codigos)
4033,PPBioAM,Brazil,1.6. Forest – Subtropical/tropical moist lowland / 3.6. Shrubland – Subtropical/tropical moist,terrestrial,habitat (outros codigos)
4034,PPBioAM,Brazil,1.6. Forest – Subtropical/tropical moist lowland / 3.6. Shrubland – Subtropical/tropical moist,terrestrial,habitat (outros codigos)
4035,PPBioAm-NRR,Brazil,2.1. Savanna - Dry,terrestrial,habitat (outros codigos)
4036,PPBioAm-NRR,Brazil,2.1. Savanna - Dry,terrestrial,habitat (outros codigos)
4037,PPBioAm-NRR,Brazil,2.1. Savanna - Dry,terrestrial,habitat (outros codigos)
4038,PPBioAm-NRR,Brazil,2.1. Savanna - Dry,terrestrial,habitat (outros codigos)
4039,PPBioAm-NRR,Brazil,2.1. Savanna - Dry,terrestrial,habitat (outros codigos)
4040,PPBioAm-NRR,Brazil,2.1. Savanna - Dry,terrestrial,habitat (outros codigos)
4041,PPBioAm-NRR,Brazil,2.1. Savanna - Dry,terrestrial,habitat (outros codigos)
4042,PPBioAm-NRR,Brazil,2.1. Savanna - Dry,terrestrial,habitat (outros codigos)
4043,PPBioAm-NRR,Brazil,2.1. Savanna - Dry,terrestrial,habitat (outros codigos)
4044,PPBioAm-NRR,Brazil,2.1. Savanna - Dry,terrestrial,habitat (outros codigos)
4045,PPBioAm-NRR,Brazil,2.1. Savanna - Dry,terrestrial,habitat (outros codigos)
4046,PPBioAm-NRR,Brazil,2.1. Savanna - Dry,terrestrial,habitat (outros codigos)
4047,PPBioAm-NRR,Brazil,2.1. Savanna - Dry,terrestrial,habitat (outros codigos)
4048,PPBioAm-NRR,Brazil,2.1. Savanna - Dry,terrestrial,habitat (outros codigos)
4049,PPBioAm-NRR,Brazil,2.1. Savanna - Dry,terrestrial,habitat (outros codigos)
4050,PPBioAm-NRR,Brazil,2.1. Savanna - Dry,terrestrial,habitat (outros codigos)
4051,PPBioAm-NRR,Brazil,2.1. Savanna - Dry,terrestrial,habitat (outros codigos)
4052,PPBioAm-NRR,Brazil,2.1. Savanna - Dry,terrestrial,habitat (outros codigos)
4053,PPBioAm-NRR,Brazil,2.1. Savanna - Dry,terrestrial,habitat (outros codigos)
4054,PPBioAm-NRR,Brazil,2.1. Savanna - Dry,terrestrial,habitat (outros codigos)
4055,PPBioAm-NRR,Brazil,2.1. Savanna - Dry,terrestrial,habitat (outros codigos)
4056,PPBioAm-NRR,Brazil,2.1. Savanna - Dry,terrestrial,habitat (outros codigos)
4057,PPBioAm-NRR,Brazil,2.1. Savanna - Dry,terrestrial,habitat (outros codigos)
4058,PPBioAm-NRR,Brazil,2.1. Savanna - Dry,terrestrial,habitat (outros codigos)
4059,PPBioAm-NRR,Brazil,2.1. Savanna - Dry,terrestrial,habitat (outros codigos)
4060,PPBioAm-NRR,Brazil,2.1. Savanna - Dry,terrestrial,habitat (outros codigos)
4061,PPBioAm-NRR,Brazil,2.1. Savanna - Dry,terrestrial,habitat (outros codigos)
4062,PPBioAm-NRR,Brazil,2.1. Savanna - Dry,terrestrial,habitat (outros codigos)
4063,PPBioAm-NRR,Brazil,2.1. Savanna - Dry,terrestrial,habitat (outros codigos)
4064,PPBioAm-NRR,Brazil,2.1. Savanna - Dry,terrestrial,habitat (outros codigos)
4065,PPBioAm-NRR,Brazil,2.1. Savanna - Dry,terrestrial,habitat (outros codigos)
4066,PPBioAm-NRR,Brazil,2.1. Savanna - Dry,terrestrial,habitat (outros codigos)
4067,PPBioAm-NRR,Brazil,2.1. Savanna - Dry,terrestrial,habitat (outros codigos)
4068,PPBioAm-NRR,Brazil,2.1. Savanna - Dry,terrestrial,habitat (outros codigos)
4069,PPBioAm-NRR,Brazil,2.1. Savanna - Dry,terrestrial,habitat (outros codigos)
4070,PPBioAm-NRR,Brazil,2.1. Savanna - Dry,terrestrial,habitat (outros codigos)
4071,PPBioAm-NRR,Brazil,2.1. Savanna - Dry,terrestrial,habitat (outros codigos)
4072,PPBioAm-NRR,Brazil,2.1. Savanna - Dry,terrestrial,habitat (outros codigos)
4073,PPBioAm-NRR,Brazil,2.1. Savanna - Dry,terrestrial,habitat (outros codigos)
4074,PPBioMA,Brazil,1.6. Forest – Subtropical/tropical moist lowland / 1.9. Forest – Subtropical/tropical moist montane,terrestrial,habitat (outros codigos)
4075,PPBioMA,Brazil,1.6. Forest – Subtropical/tropical moist lowland / 3.6. Shrubland – Subtropical/tropical moist,terrestrial,habitat (outros codigos)
4076,PPBioMA,Brazil,1.9. Forest – Subtropical/tropical moist montane | 3.7. Shrubland – Subtropical/tropical high altitude,terrestrial,habitat (outros codigos)
4077,PPBioMA,Brazil,1.9. Forest – Subtropical/tropical moist montane | 3.7. Shrubland – Subtropical/tropical high altitude,terrestrial,habitat (outros codigos)
4078,PPBioMA,Brazil,1.6. Forest – Subtropical/tropical moist lowland | 1.9. Forest – Subtropical/tropical moist montane,terrestrial,habitat (outros codigos)
4079,PPBioMA_RES_GUA,Brazil,1.9. Forest – Subtropical/tropical moist montane,terrestrial,habitat (outros codigos)
4080,PPBioMA_RES_GUA,Brazil,1.9. Forest – Subtropical/tropical moist montane,terrestrial,habitat (outros codigos)
4081,PPBioMA_RES_GUA,Brazil,1.9. Forest – Subtropical/tropical moist montane,terrestrial,habitat (outros codigos)
4082,PPBioMA_RES_GUA,Brazil,1.9. Forest – Subtropical/tropical moist montane,terrestrial,habitat (outros codigos)
4083,PPBioMA_RES_GUA,Brazil,1.9. Forest – Subtropical/tropical moist montane,terrestrial,habitat (outros codigos)
4084,PPBioMA_RES_GUA,Brazil,1.9. Forest – Subtropical/tropical moist montane,terrestrial,habitat (outros codigos)
4085,PPBioMA_RES_GUA,Brazil,1.9. Forest – Subtropical/tropical moist montane,terrestrial,habitat (outros codigos)
4086,PPBioMA_RES_GUA,Brazil,1.9. Forest – Subtropical/tropical moist montane,terrestrial,habitat (outros codigos)
4087,PPBioMA_RES_GUA,Brazil,1.9. Forest – Subtropical/tropical moist montane,terrestrial,habitat (outros codigos)
4088,PPBioMA_RES_GUA,Brazil,1.9. Forest – Subtropical/tropical moist montane,terrestrial,habitat (outros codigos)
4089,PPBioMA_RES_GUA,Brazil,1.9. Forest – Subtropical/tropical moist montane,terrestrial,habitat (outros codigos)
4090,PPBioMA_RES_GUA,Brazil,1.9. Forest – Subtropical/tropical moist montane,terrestrial,habitat (outros codigos)
4091,PPBioMA_RES_GUA,Brazil,1.9. Forest – Subtropical/tropical moist montane,terrestrial,habitat (outros codigos)
4092,PPBioMA_RES_GUA,Brazil,1.9. Forest – Subtropical/tropical moist montane,terrestrial,habitat (outros codigos)
4093,PPBioMA_RES_GUA,Brazil,1.9. Forest – Subtropical/tropical moist montane,terrestrial,habitat (outros codigos)
4094,PPBioMA_RES_GUA,Brazil,1.9. Forest – Subtropical/tropical moist montane,terrestrial,habitat (outros codigos)
4095,PPBioMA_RES_GUA,Brazil,1.9. Forest – Subtropical/tropical moist montane,terrestrial,habitat (outros codigos)
4096,PPBioMA_RES_GUA,Brazil,1.9. Forest – Subtropical/tropical moist montane,terrestrial,habitat (outros codigos)
4097,PPBioMA_RES_GUA,Brazil,1.9. Forest – Subtropical/tropical moist montane,terrestrial,habitat (outros codigos)
4098,PPBioMA_RES_GUA,Brazil,1.9. Forest – Subtropical/tropical moist montane,terrestrial,habitat (outros codigos)
4099,PPBioMA,Brazil,1.6. Forest – Subtropical/tropical moist lowland / 1.9. Forest – Subtropical/tropical moist montane,terrestrial,habitat (outros codigos)
4100,PPBioMA,Brazil,1.6. Forest – Subtropical/tropical moist lowland / 3.6. Shrubland – Subtropical/tropical moist,terrestrial,habitat (outros codigos)
4101,PPBioMA,Brazil,1.9. Forest – Subtropical/tropical moist montane | 3.7. Shrubland – Subtropical/tropical high altitude,terrestrial,habitat (outros codigos)
4102,PPBioMA,Brazil,1.9. Forest – Subtropical/tropical moist montane | 3.7. Shrubland – Subtropical/tropical high altitude,terrestrial,habitat (outros codigos)
4103,PPBioMA,Brazil,1.6. Forest – Subtropical/tropical moist lowland | 1.9. Forest – Subtropical/tropical moist montane,terrestrial,habitat (outros codigos)
4104,PPBioMA,Brazil,1.6. Forest – Subtropical/tropical moist lowland,terrestrial,habitat (outros codigos)
4105,PPBioMA,Brazil,1.6. Forest – Subtropical/tropical moist lowland,terrestrial,habitat (outros codigos)
4106,PPBioMA,Brazil,1.6. Forest – Subtropical/tropical moist lowland,terrestrial,habitat (outros codigos)
4107,PPBioMA,Brazil,1.6. Forest – Subtropical/tropical moist lowland,terrestrial,habitat (outros codigos)
4108,PPBioMA,Brazil,1.9. Forest – Subtropical/tropical moist montane,terrestrial,habitat (outros codigos)
4109,PPBioMA,Brazil,1.9. Forest – Subtropical/tropical moist montane,terrestrial,habitat (outros codigos)
4110,PPBioMA,Brazil,1.9. Forest – Subtropical/tropical moist montane,terrestrial,habitat (outros codigos)
4111,PPBioMA,Brazil,1.9. Forest – Subtropical/tropical moist montane,terrestrial,habitat (outros codigos)
4112,PPBioMA,Brazil,1.9. Forest – Subtropical/tropical moist montane,terrestrial,habitat (outros codigos)
4113,PPBioMA,Brazil,1.6. Forest – Subtropical/tropical moist lowland / 1.9. Forest – Subtropical/tropical moist montane,terrestrial,habitat (outros codigos)
4114,PPBioMA,Brazil,1.6. Forest – Subtropical/tropical moist lowland / 3.6. Shrubland – Subtropical/tropical moist,terrestrial,habitat (outros codigos)
4115,PPBioMA,Brazil,1.9. Forest – Subtropical/tropical moist montane,terrestrial,habitat (outros codigos)
4116,PPBioMA,Brazil,1.9. Forest – Subtropical/tropical moist montane,terrestrial,habitat (outros codigos)
4117,PPBioMA,Brazil,1.9. Forest – Subtropical/tropical moist montane,terrestrial,habitat (outros codigos)
4118,PPBioMA,Brazil,1.9. Forest – Subtropical/tropical moist montane,terrestrial,habitat (outros codigos)
4119,PPBioMA,Brazil,1.9. Forest – Subtropical/tropical moist montane,terrestrial,habitat (outros codigos)
4120,PPBioMA,Brazil,1.9. Forest – Subtropical/tropical moist montane | 3.7. Shrubland – Subtropical/tropical high altitude,terrestrial,habitat (outros codigos)
4121,PPBioMA,Brazil,1.9. Forest – Subtropical/tropical moist montane | 3.7. Shrubland – Subtropical/tropical high altitude,terrestrial,habitat (outros codigos)
4122,PPBioMA,Brazil,1.6. Forest – Subtropical/tropical moist lowland | 1.9. Forest – Subtropical/tropical moist montane,terrestrial,habitat (outros codigos)
4123,PPBioMA,na,1.5. Floresta - Subtropical / tropical seca,terrestrial,habitat (outros codigos)
4124,PPBioRO,Brazil,1.6. Floresta - planície úmida subtropical / tropical,terrestrial,habitat (outros codigos)
4125,PPBioTermites,Brazil,1.6. Forest – Subtropical/tropical moist lowland,terrestrial,habitat (outros codigos)
4126,PPBioTermites,Brazil,1.6. Forest – Subtropical/tropical moist lowland,terrestrial,habitat (outros codigos)
4127,PPBioTermites,Brazil,1.6. Forest – Subtropical/tropical moist lowland,terrestrial,habitat (outros codigos)
4128,PPBioTermites,Brazil,1.6. Forest – Subtropical/tropical moist lowland,terrestrial,habitat (outros codigos)
4129,PPBioTermites,Brazil,1.6. Forest – Subtropical/tropical moist lowland,terrestrial,habitat (outros codigos)
4130,PPBioTermites,Brazil,1.6. Forest – Subtropical/tropical moist lowland,terrestrial,habitat (outros codigos)
4131,PPBioTermites,Brazil,1.6. Forest – Subtropical/tropical moist lowland,terrestrial,habitat (outros codigos)
4132,PPBioTermites,Brazil,1.6. Forest – Subtropical/tropical moist lowland,terrestrial,habitat (outros codigos)
4133,PPBioTermites,Brazil,1.6. Forest – Subtropical/tropical moist lowland,terrestrial,habitat (outros codigos)
4134,PPBioTermites,Brazil,1.6. Forest – Subtropical/tropical moist lowland,terrestrial,habitat (outros codigos)
4135,PPBioTermites,Brazil,1.6. Forest – Subtropical/tropical moist lowland,terrestrial,habitat (outros codigos)
4136,PPBioTermites,Brazil,1.6. Forest – Subtropical/tropical moist lowland,terrestrial,habitat (outros codigos)
4137,PPBioTermites,Brazil,1.6. Forest – Subtropical/tropical moist lowland,terrestrial,habitat (outros codigos)
4138,PPEEEG,Brazil,1.5. Floresta - Subtropical / tropical seca,terrestrial,habitat (outros codigos)
4139,PPFunil,Brazil,1.5. Floresta - Subtropical / tropical seca,terrestrial,habitat (outros codigos)
4140,PPImburi,Brazil,1.5. Floresta - Subtropical / tropical seca,terrestrial,habitat (outros codigos)
4141,PPInMaP/2019,Brazil,2.1. Savanna - Dry | 1.9. Forest – Subtropical/tropical moist montane,terrestrial,habitat (outros codigos)
4142,PPInMaP/2020,Brazil,2.1. Savanna - Dry | 1.9. Forest – Subtropical/tropical moist montane,terrestrial,habitat (outros codigos)
4143,PPPalmeiras,Brazil,1.5. Floresta - Subtropical / tropical seca,terrestrial,habitat (outros codigos)
4144,PPRebioUnião,Brazil,1.9. Forest – Subtropical/tropical moist montane,terrestrial,habitat (outros codigos)
4145,PPRebioUnião,Brazil,1.9. Forest – Subtropical/tropical moist montane,terrestrial,habitat (outros codigos)
4146,PPRebioUnião,Brazil,1.9. Forest – Subtropical/tropical moist montane,terrestrial,habitat (outros codigos)
4147,PPRio Branco,Brazil,5.1. Wetlands (inland) – Permanent rivers/streams/creeks (includes waterfalls),freshwater,habitat (outros codigos)
4148,PPRio Branco,Brazil,na,terrestrial,projeto (so variaveis terrestres)
4149,PPRio Branco,Brazil,na,terrestrial,projeto (so variaveis terrestres)
4150,PPRio Branco,Brazil,na,terrestrial,projeto (so variaveis terrestres)
4151,PPRio Branco,Brazil,na,terrestrial,projeto (so variaveis terrestres)
4152,PPRio Branco,Brazil,na,terrestrial,projeto (so variaveis terrestres)
4153,PPRio Branco,Brazil,na,terrestrial,projeto (so variaveis terrestres)
4154,PPRio Branco,Brazil,na,terrestrial,projeto (so variaveis terrestres)
4155,PPRio Branco,Brazil,na,terrestrial,projeto (so variaveis terrestres)
4156,PPRio Branco,Brazil,na,terrestrial,projeto (so variaveis terrestres)
4157,PPRio Branco,Brazil,na,terrestrial,projeto (so variaveis terrestres)
4158,PPSantana,Brazil,1.5. Floresta - Subtropical / tropical seca,terrestrial,habitat (outros codigos)
4159,PPSAntonio,Brazil,1.5. Floresta - Subtropical / tropical seca,terrestrial,habitat (outros codigos)
4160,QAISP-F,Brazil,na,terrestrial,projeto (so variaveis terrestres)
4161,QAISP-F,Brazil,na,terrestrial,projeto (so variaveis terrestres)
4162,QAISP-F,Brazil,na,terrestrial,projeto (so variaveis terrestres)
4163,QAISP-F,Brazil,na,terrestrial,projeto (so variaveis terrestres)
4164,QAISP-F,Brazil,na,terrestrial,projeto (so variaveis terrestres)
4165,QAISP-F,Brazil,na,terrestrial,projeto (so variaveis terrestres)
4166,QAISP-F,Brazil,na,terrestrial,projeto (so variaveis terrestres)
4167,QAISP-F,Brazil,na,terrestrial,projeto (so variaveis terrestres)
4168,QAISP-F,Brazil,na,terrestrial,projeto (so variaveis terrestres)
4169,QAISP-F,Brazil,na,terrestrial,projeto (so variaveis terrestres)
4170,QAISP-F,Brazil,na,terrestrial,projeto (so variaveis terrestres)
4171,QAISP-F,Brazil,na,terrestrial,projeto (so variaveis terrestres)
4172,QAISP-F,Brazil,na,terrestrial,projeto (so variaveis terrestres)
4173,QAISP-F,Brazil,na,terrestrial,projeto (so variaveis terrestres)
4174,QAISP-F,Brazil,na,terrestrial,projeto (so variaveis terrestres)
4175,QAISP-F,Brazil,na,terrestrial,projeto (so variaveis terrestres)
4176,QAISP-F,Brazil,na,terrestrial,projeto (so variaveis terrestres)
4177,QAISP-F,Brazil,na,terrestrial,projeto (so variaveis terrestres)
4178,QAISP-F,Brazil,na,terrestrial,projeto (so variaveis terrestres)
4179,QAISP-F,Brazil,na,terrestrial,projeto (so variaveis terrestres)
4180,QAISP-F,Brazil,na,terrestrial,projeto (so variaveis terrestres)
4181,QAISP-F,Brazil,na,terrestrial,projeto (so variaveis terrestres)
4182,QAISP-F,Brazil,na,terrestrial,projeto (so variaveis terrestres)
4183,QAISP-F,Brazil,na,terrestrial,projeto (so variaveis terrestres)
4184,QAISP-F,Brazil,na,terrestrial,projeto (so variaveis terrestres)
4185,QAISP-F,Brazil,na,terrestrial,projeto (so variaveis terrestres)
4186,QAISP-F,Brazil,na,terrestrial,projeto (so variaveis terrestres)
4187,QAISP-F,Brazil,na,terrestrial,projeto (so variaveis terrestres)
4188,QAISP-F,Brazil,na,terrestrial,projeto (so variaveis terrestres)
4189,QAISP-F,Brazil,na,terrestrial,projeto (so variaveis terrestres)
4190,QAISP-F,Brazil,na,terrestrial,projeto (so variaveis terrestres)
4191,QAISP-F,Brazil,na,terrestrial,projeto (so variaveis terrestres)
4192,QAISP-F,Brazil,na,terrestrial,projeto (so variaveis terrestres)
4193,QAISP-F,Brazil,na,terrestrial,projeto (so variaveis terrestres)
4194,QAISP-F,Brazil,na,terrestrial,projeto (so variaveis terrestres)
4195,QAISP-F,Brazil,na,terrestrial,projeto (so variaveis terrestres)
4196,QAISP-F,Brazil,na,terrestrial,projeto (so variaveis terrestres)
4197,QAISP-F,Brazil,na,terrestrial,projeto (so variaveis terrestres)
4198,QAISP-F,Brazil,na,terrestrial,projeto (so variaveis terrestres)
4199,QAISP-F,Brazil,na,terrestrial,projeto (so variaveis terrestres)
4200,QAISP-F,Brazil,na,terrestrial,projeto (so variaveis terrestres)
4201,QAISP-F-M,Brazil,15.1 Water Storage Areas,freshwater,habitat (outros codigos)
4202,QAISP-F-M,Brazil,5.1. Wetlands (inland) – Permanent rivers/streams/creeks (includes waterfalls),freshwater,habitat (outros codigos)
4203,QAISP-F-M,Brazil,15.1 Water Storage Areas,freshwater,habitat (outros codigos)
4204,QAISP-F-M,Brazil,5.1. Wetlands (inland) – Permanent rivers/streams/creeks (includes waterfalls),freshwater,habitat (outros codigos)
4205,QAISP-F-M,Brazil,15.1 Water Storage Areas,freshwater,habitat (outros codigos)
4206,QAISP-F-M,Brazil,na,terrestrial,geometria (habitat na; projeto misto)
4207,QAISP-F-M,Brazil,15.1 Water Storage Areas,freshwater,habitat (outros codigos)
4208,QAISP-F-M,Brazil,15.1 Water Storage Areas,freshwater,habitat (outros codigos)
4209,QAISP-F-M,Brazil,na,terrestrial,geometria (habitat na; projeto misto)
4210,QAISP-F-M,Brazil,15.1 Water Storage Areas,freshwater,habitat (outros codigos)
4211,QAISP-F-M,Brazil,15.1 Water Storage Areas,freshwater,habitat (outros codigos)
4212,QAISP-F-M,Brazil,15.1 Water Storage Areas,freshwater,habitat (outros codigos)
4213,QAISP-F-M,Brazil,15.1 Water Storage Areas,freshwater,habitat (outros codigos)
4214,QAISP-F-M,Brazil,15.1 Water Storage Areas,freshwater,habitat (outros codigos)
4215,QAISP-F-M,Brazil,15.1 Water Storage Areas,freshwater,habitat (outros codigos)
4216,QAISP-F-M,Brazil,15.1 Water Storage Areas,freshwater,habitat (outros codigos)
4217,QAISP-F-M,Brazil,15.1 Water Storage Areas,freshwater,habitat (outros codigos)
4218,QAISP-F-M,Brazil,5.1. Wetlands (inland) – Permanent rivers/streams/creeks (includes waterfalls),freshwater,habitat (outros codigos)
4219,QAISP-F-M,Brazil,15.1 Water Storage Areas,freshwater,habitat (outros codigos)
4220,QAISP-M,Brazil,5.1. Wetlands (inland) – Permanent rivers/streams/creeks (includes waterfalls),freshwater,habitat (outros codigos)
4221,QAISP-M,Brazil,5.1. Wetlands (inland) – Permanent rivers/streams/creeks (includes waterfalls),freshwater,habitat (outros codigos)
4222,QAISP-M,Brazil,5.1. Wetlands (inland) – Permanent rivers/streams/creeks (includes waterfalls),freshwater,habitat (outros codigos)
4223,QAISP-M,Brazil,5.1. Wetlands (inland) – Permanent rivers/streams/creeks (includes waterfalls),freshwater,habitat (outros codigos)
4224,QAISP-M,Brazil,15.1 Water Storage Areas,freshwater,habitat (outros codigos)
4225,QAISP-M,Brazil,15.1 Water Storage Areas,freshwater,habitat (outros codigos)
4226,QAISP-M,Brazil,15.1 Water Storage Areas,freshwater,habitat (outros codigos)
4227,QAISP-M,Brazil,5.1. Wetlands (inland) – Permanent rivers/streams/creeks (includes waterfalls),freshwater,habitat (outros codigos)
4228,QAISP-M,Brazil,5.1. Wetlands (inland) – Permanent rivers/streams/creeks (includes waterfalls),freshwater,habitat (outros codigos)
4229,QAISP-M,Brazil,5.1. Wetlands (inland) – Permanent rivers/streams/creeks (includes waterfalls),freshwater,habitat (outros codigos)
4230,QAISP-M,Brazil,5.1. Wetlands (inland) – Permanent rivers/streams/creeks (includes waterfalls),freshwater,habitat (outros codigos)
4231,QAISP-M,Brazil,5.1. Wetlands (inland) – Permanent rivers/streams/creeks (includes waterfalls),freshwater,habitat (outros codigos)
4232,QAISP-M,Brazil,5.1. Wetlands (inland) – Permanent rivers/streams/creeks (includes waterfalls),freshwater,habitat (outros codigos)
4233,QAISP-M,Brazil,15.1 Water Storage Areas,freshwater,habitat (outros codigos)
4234,QAISP-M,Brazil,5.1. Wetlands (inland) – Permanent rivers/streams/creeks (includes waterfalls),freshwater,habitat (outros codigos)
4235,QAISP-M,Brazil,5.1. Wetlands (inland) – Permanent rivers/streams/creeks (includes waterfalls),freshwater,habitat (outros codigos)
4236,QAISP-M,Brazil,15.1 Water Storage Areas,freshwater,habitat (outros codigos)
4237,QAISP-M,Brazil,5.1. Wetlands (inland) – Permanent rivers/streams/creeks (includes waterfalls),freshwater,habitat (outros codigos)
4238,QAISP-M,Brazil,5.1. Wetlands (inland) – Permanent rivers/streams/creeks (includes waterfalls),freshwater,habitat (outros codigos)
4239,QAISP-M,Brazil,5.1. Wetlands (inland) – Permanent rivers/streams/creeks (includes waterfalls),freshwater,habitat (outros codigos)
4240,QAISP-M,Brazil,5.1. Wetlands (inland) – Permanent rivers/streams/creeks (includes waterfalls),freshwater,habitat (outros codigos)
4241,QAISP-M,Brazil,5.1. Wetlands (inland) – Permanent rivers/streams/creeks (includes waterfalls),freshwater,habitat (outros codigos)
4242,QAISP-M,Brazil,5.1. Wetlands (inland) – Permanent rivers/streams/creeks (includes waterfalls),freshwater,habitat (outros codigos)
4243,QAISP-M,Brazil,5.1. Wetlands (inland) – Permanent rivers/streams/creeks (includes waterfalls),freshwater,habitat (outros codigos)
4244,QAISP-M,Brazil,5.1. Wetlands (inland) – Permanent rivers/streams/creeks (includes waterfalls),freshwater,habitat (outros codigos)
4245,QAISP-M,Brazil,5.1. Wetlands (inland) – Permanent rivers/streams/creeks (includes waterfalls),freshwater,habitat (outros codigos)
4246,QAISP-M,Brazil,5.1. Wetlands (inland) – Permanent rivers/streams/creeks (includes waterfalls),freshwater,habitat (outros codigos)
4247,QAISP-M,Brazil,5.1. Wetlands (inland) – Permanent rivers/streams/creeks (includes waterfalls),freshwater,habitat (outros codigos)
4248,QAISP-M,Brazil,15.1 Water Storage Areas,freshwater,habitat (outros codigos)
4249,QAISP-M,Brazil,5.1. Wetlands (inland) – Permanent rivers/streams/creeks (includes waterfalls),freshwater,habitat (outros codigos)
4250,QAISP-M,Brazil,5.1. Wetlands (inland) – Permanent rivers/streams/creeks (includes waterfalls),freshwater,habitat (outros codigos)
4251,QAISP-M,Brazil,15.1 Water Storage Areas,freshwater,habitat (outros codigos)
4252,QAISP-M,Brazil,5.1. Wetlands (inland) – Permanent rivers/streams/creeks (includes waterfalls),freshwater,habitat (outros codigos)
4253,QAISP-M,Brazil,5.1. Wetlands (inland) – Permanent rivers/streams/creeks (includes waterfalls),freshwater,habitat (outros codigos)
4254,QAISP-M,Brazil,15.1 Water Storage Areas,freshwater,habitat (outros codigos)
4255,QAISP-M,Brazil,15.1 Water Storage Areas,freshwater,habitat (outros codigos)
4256,QAISP-M,Brazil,15.1 Water Storage Areas,freshwater,habitat (outros codigos)
4257,QAISP-M,Brazil,15.1 Water Storage Areas,freshwater,habitat (outros codigos)
4258,QAISP-M,Brazil,5.1. Wetlands (inland) – Permanent rivers/streams/creeks (includes waterfalls),freshwater,habitat (outros codigos)
4259,QAISP-M,Brazil,15.1 Water Storage Areas,freshwater,habitat (outros codigos)
4260,QAISP-M,Brazil,5.1. Wetlands (inland) – Permanent rivers/streams/creeks (includes waterfalls),freshwater,habitat (outros codigos)
4261,QAISP-M,Brazil,15.2 Ponds,freshwater,habitat (outros codigos)
4262,QAISP-M,Brazil,15.2 Ponds,freshwater,habitat (outros codigos)
4263,QAISP-M,Brazil,5.1. Wetlands (inland) – Permanent rivers/streams/creeks (includes waterfalls),freshwater,habitat (outros codigos)
4264,QAISP-M,Brazil,5.1. Wetlands (inland) – Permanent rivers/streams/creeks (includes waterfalls),freshwater,habitat (outros codigos)
4265,QAISP-M,Brazil,5.1. Wetlands (inland) – Permanent rivers/streams/creeks (includes waterfalls),freshwater,habitat (outros codigos)
4266,QAISP-M,Brazil,5.1. Wetlands (inland) – Permanent rivers/streams/creeks (includes waterfalls),freshwater,habitat (outros codigos)
4267,QAISP-M,Brazil,5.1. Wetlands (inland) – Permanent rivers/streams/creeks (includes waterfalls),freshwater,habitat (outros codigos)
4268,QAISP-M,Brazil,5.1. Wetlands (inland) – Permanent rivers/streams/creeks (includes waterfalls),freshwater,habitat (outros codigos)
4269,QAISP-M,Brazil,5.1. Wetlands (inland) – Permanent rivers/streams/creeks (includes waterfalls),freshwater,habitat (outros codigos)
4270,QAISP-M,Brazil,15.1 Water Storage Areas,freshwater,habitat (outros codigos)
4271,QAISP-M,Brazil,5.1. Wetlands (inland) – Permanent rivers/streams/creeks (includes waterfalls),freshwater,habitat (outros codigos)
4272,QAISP-M,Brazil,5.1. Wetlands (inland) – Permanent rivers/streams/creeks (includes waterfalls),freshwater,habitat (outros codigos)
4273,QAISP-M,Brazil,5.1. Wetlands (inland) – Permanent rivers/streams/creeks (includes waterfalls),freshwater,habitat (outros codigos)
4274,QAISP-M,Brazil,5.1. Wetlands (inland) – Permanent rivers/streams/creeks (includes waterfalls),freshwater,habitat (outros codigos)
4275,QAISP-M,Brazil,5.1. Wetlands (inland) – Permanent rivers/streams/creeks (includes waterfalls),freshwater,habitat (outros codigos)
4276,QAISP-M,Brazil,5.1. Wetlands (inland) – Permanent rivers/streams/creeks (includes waterfalls),freshwater,habitat (outros codigos)
4277,QAISP-M,Brazil,15.1 Water Storage Areas,freshwater,habitat (outros codigos)
4278,QAISP-M,Brazil,5.1. Wetlands (inland) – Permanent rivers/streams/creeks (includes waterfalls),freshwater,habitat (outros codigos)
4279,QAISP-M,Brazil,15.1 Water Storage Areas,freshwater,habitat (outros codigos)
4280,QAISP-M,Brazil,15.1 Water Storage Areas,freshwater,habitat (outros codigos)
4281,QAISP-M,Brazil,5.1. Wetlands (inland) – Permanent rivers/streams/creeks (includes waterfalls),freshwater,habitat (outros codigos)
4282,QAISP-M,Brazil,15.1 Water Storage Areas,freshwater,habitat (outros codigos)
4283,QAISP-M,Brazil,5.1. Wetlands (inland) – Permanent rivers/streams/creeks (includes waterfalls),freshwater,habitat (outros codigos)
4284,QAISP-M,Brazil,5.1. Wetlands (inland) – Permanent rivers/streams/creeks (includes waterfalls),freshwater,habitat (outros codigos)
4285,QAISP-M,Brazil,5.1. Wetlands (inland) – Permanent rivers/streams/creeks (includes waterfalls),freshwater,habitat (outros codigos)
4286,QAISP-M,Brazil,5.1. Wetlands (inland) – Permanent rivers/streams/creeks (includes waterfalls),freshwater,habitat (outros codigos)
4287,QAISP-M,Brazil,5.1. Wetlands (inland) – Permanent rivers/streams/creeks (includes waterfalls),freshwater,habitat (outros codigos)
4288,QAISP-M,Brazil,5.1. Wetlands (inland) – Permanent rivers/streams/creeks (includes waterfalls),freshwater,habitat (outros codigos)
4289,QAISP-M,Brazil,5.1. Wetlands (inland) – Permanent rivers/streams/creeks (includes waterfalls),freshwater,habitat (outros codigos)
4290,QAISP-M,Brazil,5.1. Wetlands (inland) – Permanent rivers/streams/creeks (includes waterfalls),freshwater,habitat (outros codigos)
4291,QAISP-M,Brazil,5.1. Wetlands (inland) – Permanent rivers/streams/creeks (includes waterfalls),freshwater,habitat (outros codigos)
4292,QAISP-M,Brazil,15.1 Water Storage Areas,freshwater,habitat (outros codigos)
4293,QAISP-M,Brazil,15.1 Water Storage Areas,freshwater,habitat (outros codigos)
4294,QAISP-M,Brazil,15.1 Water Storage Areas,freshwater,habitat (outros codigos)
4295,QAISP-M,Brazil,5.1. Wetlands (inland) – Permanent rivers/streams/creeks (includes waterfalls),freshwater,habitat (outros codigos)
4296,QAISP-M,Brazil,5.1. Wetlands (inland) – Permanent rivers/streams/creeks (includes waterfalls),freshwater,habitat (outros codigos)
4297,QAISP-M,Brazil,15.1 Water Storage Areas,freshwater,habitat (outros codigos)
4298,QAISP-M,Brazil,5.1. Wetlands (inland) – Permanent rivers/streams/creeks (includes waterfalls),freshwater,habitat (outros codigos)
4299,QAISP-M,Brazil,15.1 Water Storage Areas,freshwater,habitat (outros codigos)
4300,QAISP-M,Brazil,5.1. Wetlands (inland) – Permanent rivers/streams/creeks (includes waterfalls),freshwater,habitat (outros codigos)
4301,QAISP-M,Brazil,5.1. Wetlands (inland) – Permanent rivers/streams/creeks (includes waterfalls),freshwater,habitat (outros codigos)
4302,QAISP-M,Brazil,5.1. Wetlands (inland) – Permanent rivers/streams/creeks (includes waterfalls),freshwater,habitat (outros codigos)
4303,QAISP-M,Brazil,15.1 Water Storage Areas,freshwater,habitat (outros codigos)
4304,QAISP-M,Brazil,5.1. Wetlands (inland) – Permanent rivers/streams/creeks (includes waterfalls),freshwater,habitat (outros codigos)
4305,QAISP-M,Brazil,15.1 Water Storage Areas,freshwater,habitat (outros codigos)
4306,QAISP-M,Brazil,5.1. Wetlands (inland) – Permanent rivers/streams/creeks (includes waterfalls),freshwater,habitat (outros codigos)
4307,QAISP-M,Brazil,15.1 Water Storage Areas,freshwater,habitat (outros codigos)
4308,QAISP-M,Brazil,5.1. Wetlands (inland) – Permanent rivers/streams/creeks (includes waterfalls),freshwater,habitat (outros codigos)
4309,QAISP-M,Brazil,15.1 Water Storage Areas,freshwater,habitat (outros codigos)
4310,QAISP-M,Brazil,15.1 Water Storage Areas,freshwater,habitat (outros codigos)
4311,QAISP-M,Brazil,5.1. Wetlands (inland) – Permanent rivers/streams/creeks (includes waterfalls),freshwater,habitat (outros codigos)
4312,QAISP-M,Brazil,5.1. Wetlands (inland) – Permanent rivers/streams/creeks (includes waterfalls),freshwater,habitat (outros codigos)
4313,QAISP-M,Brazil,5.1. Wetlands (inland) – Permanent rivers/streams/creeks (includes waterfalls),freshwater,habitat (outros codigos)
4314,QAISP-M,Brazil,15.2 Ponds,freshwater,habitat (outros codigos)
4315,QAISP-M,Brazil,5.1. Wetlands (inland) – Permanent rivers/streams/creeks (includes waterfalls),freshwater,habitat (outros codigos)
4316,QAISP-M,Brazil,5.1. Wetlands (inland) – Permanent rivers/streams/creeks (includes waterfalls),freshwater,habitat (outros codigos)
4317,QAISP-M,Brazil,15.1 Water Storage Areas,freshwater,habitat (outros codigos)
4318,QAISP-M,Brazil,5.1. Wetlands (inland) – Permanent rivers/streams/creeks (includes waterfalls),freshwater,habitat (outros codigos)
4319,RAINFOR,Brazil,1.6. Forest – Subtropical/tropical moist lowland,terrestrial,habitat (outros codigos)
4320,RAINFOR,Brazil,1.6. Forest – Subtropical/tropical moist lowland,terrestrial,habitat (outros codigos)
4321,RAINFOR,Brazil,1.6. Forest – Subtropical/tropical moist lowland,terrestrial,habitat (outros codigos)
4322,RAINFOR,Brazil,1.5. Forest – Subtropical/tropical dry,terrestrial,habitat (outros codigos)
4323,RAINFOR,Brazil,1.5. Forest – Subtropical/tropical dry,terrestrial,habitat (outros codigos)
4324,RAINFOR,Brazil,1.5. Forest – Subtropical/tropical dry,terrestrial,habitat (outros codigos)
4325,RAINFOR,Brazil,1.5. Forest – Subtropical/tropical dry,terrestrial,habitat (outros codigos)
4326,RAINFOR,Brazil,1.5. Forest – Subtropical/tropical dry,terrestrial,habitat (outros codigos)
4327,RAINFOR,Brazil,1.5. Forest – Subtropical/tropical dry,terrestrial,habitat (outros codigos)
4328,RAINFOR,Brazil,1.5. Forest – Subtropical/tropical dry,terrestrial,habitat (outros codigos)
4329,RAINFOR,Brazil,1.5. Forest – Subtropical/tropical dry,terrestrial,habitat (outros codigos)
4330,RAINFOR,Brazil,1.5. Forest – Subtropical/tropical dry,terrestrial,habitat (outros codigos)
4331,RAINFOR,Brazil,1.5. Forest – Subtropical/tropical dry,terrestrial,habitat (outros codigos)
4332,RAINFOR,Brazil,1.5. Forest – Subtropical/tropical dry,terrestrial,habitat (outros codigos)
4333,RAINFOR,Brazil,1.5. Forest – Subtropical/tropical dry,terrestrial,habitat (outros codigos)
4334,RAINFOR,Brazil,1.6. Forest – Subtropical/tropical moist lowland,terrestrial,habitat (outros codigos)
4335,RAINFOR,Brazil,1.6. Forest – Subtropical/tropical moist lowland,terrestrial,habitat (outros codigos)
4336,RAINFOR,Brazil,1.6. Forest – Subtropical/tropical moist lowland,terrestrial,habitat (outros codigos)
4337,RAINFOR,Brazil,1.6. Forest – Subtropical/tropical moist lowland,terrestrial,habitat (outros codigos)
4338,RAINFOR,Brazil,1.6. Forest – Subtropical/tropical moist lowland,terrestrial,habitat (outros codigos)
4339,RAINFOR,Brazil,1.6. Forest – Subtropical/tropical moist lowland,terrestrial,habitat (outros codigos)
4340,RAINFOR,Brazil,1.6. Forest – Subtropical/tropical moist lowland,terrestrial,habitat (outros codigos)
4341,RAINFOR,Brazil,1.6. Forest – Subtropical/tropical moist lowland,terrestrial,habitat (outros codigos)
4342,RAINFOR,Brazil,1.6. Forest – Subtropical/tropical moist lowland,terrestrial,habitat (outros codigos)
4343,RAINFOR,Brazil,1.6. Forest – Subtropical/tropical moist lowland,terrestrial,habitat (outros codigos)
4344,RAINFOR,Brazil,1.6. Forest – Subtropical/tropical moist lowland,terrestrial,habitat (outros codigos)
4345,RAINFOR,Brazil,1.6. Forest – Subtropical/tropical moist lowland,terrestrial,habitat (outros codigos)
4346,RAINFOR,Brazil,1.6. Forest – Subtropical/tropical moist lowland,terrestrial,habitat (outros codigos)
4347,RAINFOR,Brazil,1.6. Forest – Subtropical/tropical moist lowland,terrestrial,habitat (outros codigos)
4348,RAINFOR,Brazil,1.6. Forest – Subtropical/tropical moist lowland,terrestrial,habitat (outros codigos)
4349,RAINFOR,Brazil,1.6. Forest – Subtropical/tropical moist lowland,terrestrial,habitat (outros codigos)
4350,RAINFOR,Brazil,1.6. Forest – Subtropical/tropical moist lowland,terrestrial,habitat (outros codigos)
4351,RAINFOR,Brazil,1.6. Forest – Subtropical/tropical moist lowland,terrestrial,habitat (outros codigos)
4352,RAINFOR,Brazil,1.6. Forest – Subtropical/tropical moist lowland,terrestrial,habitat (outros codigos)
4353,RAINFOR,Brazil,1.6. Forest – Subtropical/tropical moist lowland,terrestrial,habitat (outros codigos)
4354,RAINFOR,Brazil,1.6. Forest – Subtropical/tropical moist lowland,terrestrial,habitat (outros codigos)
4355,RAINFOR,Brazil,1.6. Forest – Subtropical/tropical moist lowland,terrestrial,habitat (outros codigos)
4356,RAINFOR,Brazil,1.6. Forest – Subtropical/tropical moist lowland,terrestrial,habitat (outros codigos)
4357,RAINFOR,Brazil,1.6. Forest – Subtropical/tropical moist lowland,terrestrial,habitat (outros codigos)
4358,RAINFOR,Brazil,1.6. Forest – Subtropical/tropical moist lowland,terrestrial,habitat (outros codigos)
4359,RAINFOR,Brazil,1.6. Forest – Subtropical/tropical moist lowland,terrestrial,habitat (outros codigos)
4360,RAINFOR,Brazil,1.6. Forest – Subtropical/tropical moist lowland,terrestrial,habitat (outros codigos)
4361,RAINFOR,Brazil,1.6. Forest – Subtropical/tropical moist lowland,terrestrial,habitat (outros codigos)
4362,RAINFOR,Brazil,1.6. Forest – Subtropical/tropical moist lowland,terrestrial,habitat (outros codigos)
4363,RAINFOR,Brazil,1.6. Forest – Subtropical/tropical moist lowland,terrestrial,habitat (outros codigos)
4364,RAINFOR,Brazil,1.6. Forest – Subtropical/tropical moist lowland,terrestrial,habitat (outros codigos)
4365,RAINFOR,Brazil,1.6. Forest – Subtropical/tropical moist lowland,terrestrial,habitat (outros codigos)
4366,RAINFOR,Brazil,1.6. Forest – Subtropical/tropical moist lowland,terrestrial,habitat (outros codigos)
4367,RAINFOR,Brazil,1.6. Forest – Subtropical/tropical moist lowland,terrestrial,habitat (outros codigos)
4368,RAINFOR,Brazil,1.6. Forest – Subtropical/tropical moist lowland,terrestrial,habitat (outros codigos)
4369,RAINFOR,Brazil,1.6. Forest – Subtropical/tropical moist lowland,terrestrial,habitat (outros codigos)
4370,RAINFOR,Brazil,1.6. Forest – Subtropical/tropical moist lowland,terrestrial,habitat (outros codigos)
4371,RAINFOR,Brazil,1.6. Forest – Subtropical/tropical moist lowland,terrestrial,habitat (outros codigos)
4372,RAINFOR,Brazil,1.6. Forest – Subtropical/tropical moist lowland,terrestrial,habitat (outros codigos)
4373,RAINFOR,Brazil,1.6. Forest – Subtropical/tropical moist lowland,terrestrial,habitat (outros codigos)
4374,RAINFOR,Brazil,1.6. Forest – Subtropical/tropical moist lowland,terrestrial,habitat (outros codigos)
4375,RAINFOR,Brazil,1.6. Forest – Subtropical/tropical moist lowland,terrestrial,habitat (outros codigos)
4376,RAINFOR,Brazil,1.6. Forest – Subtropical/tropical moist lowland,terrestrial,habitat (outros codigos)
4377,RAINFOR,Brazil,1.6. Forest – Subtropical/tropical moist lowland,terrestrial,habitat (outros codigos)
4378,RAINFOR,Brazil,1.6. Forest – Subtropical/tropical moist lowland,terrestrial,habitat (outros codigos)
4379,RAINFOR,Brazil,1.6. Forest – Subtropical/tropical moist lowland,terrestrial,habitat (outros codigos)
4380,RAINFOR,Brazil,1.6. Forest – Subtropical/tropical moist lowland,terrestrial,habitat (outros codigos)
4381,RAINFOR,Brazil,1.6. Forest – Subtropical/tropical moist lowland,terrestrial,habitat (outros codigos)
4382,RAINFOR,Brazil,1.6. Forest – Subtropical/tropical moist lowland,terrestrial,habitat (outros codigos)
4383,RAINFOR,Brazil,1.6. Forest – Subtropical/tropical moist lowland,terrestrial,habitat (outros codigos)
4384,RAINFOR,Brazil,1.6. Forest – Subtropical/tropical moist lowland,terrestrial,habitat (outros codigos)
4385,RAINFOR,Brazil,1.6. Forest – Subtropical/tropical moist lowland,terrestrial,habitat (outros codigos)
4386,RAINFOR,Brazil,1.6. Forest – Subtropical/tropical moist lowland,terrestrial,habitat (outros codigos)
4387,RAINFOR,Brazil,1.6. Forest – Subtropical/tropical moist lowland,terrestrial,habitat (outros codigos)
4388,RAINFOR,Brazil,1.6. Forest – Subtropical/tropical moist lowland,terrestrial,habitat (outros codigos)
4389,RAINFOR,Brazil,1.6. Forest – Subtropical/tropical moist lowland,terrestrial,habitat (outros codigos)
4390,RAINFOR,Brazil,1.6. Forest – Subtropical/tropical moist lowland,terrestrial,habitat (outros codigos)
4391,RAINFOR,Brazil,1.6. Forest – Subtropical/tropical moist lowland,terrestrial,habitat (outros codigos)
4392,RAINFOR,Brazil,1.6. Forest – Subtropical/tropical moist lowland,terrestrial,habitat (outros codigos)
4393,RAINFOR,Brazil,1.6. Forest – Subtropical/tropical moist lowland,terrestrial,habitat (outros codigos)
4394,RAINFOR,Brazil,1.6. Forest – Subtropical/tropical moist lowland,terrestrial,habitat (outros codigos)
4395,RAINFOR,Brazil,1.6. Forest – Subtropical/tropical moist lowland,terrestrial,habitat (outros codigos)
4396,RAINFOR,Brazil,1.6. Forest – Subtropical/tropical moist lowland,terrestrial,habitat (outros codigos)
4397,RAINFOR,Brazil,1.6. Forest – Subtropical/tropical moist lowland,terrestrial,habitat (outros codigos)
4398,RAINFOR,Brazil,1.6. Forest – Subtropical/tropical moist lowland,terrestrial,habitat (outros codigos)
4399,RAINFOR,Brazil,1.6. Forest – Subtropical/tropical moist lowland,terrestrial,habitat (outros codigos)
4400,RAINFOR,Brazil,1.6. Forest – Subtropical/tropical moist lowland,terrestrial,habitat (outros codigos)
4401,RAINFOR,Brazil,1.6. Forest – Subtropical/tropical moist lowland,terrestrial,habitat (outros codigos)
4402,RAINFOR,Brazil,1.6. Forest – Subtropical/tropical moist lowland,terrestrial,habitat (outros codigos)
4403,RAINFOR,Brazil,1.6. Forest – Subtropical/tropical moist lowland,terrestrial,habitat (outros codigos)
4404,RAINFOR,Brazil,1.6. Forest – Subtropical/tropical moist lowland,terrestrial,habitat (outros codigos)
4405,RAINFOR,Brazil,1.6. Forest – Subtropical/tropical moist lowland,terrestrial,habitat (outros codigos)
4406,RAINFOR,Brazil,1.6. Forest – Subtropical/tropical moist lowland,terrestrial,habitat (outros codigos)
4407,RAINFOR,Brazil,1.6. Forest – Subtropical/tropical moist lowland,terrestrial,habitat (outros codigos)
4408,RAINFOR,Brazil,1.6. Forest – Subtropical/tropical moist lowland,terrestrial,habitat (outros codigos)
4409,RAINFOR,Brazil,1.6. Forest – Subtropical/tropical moist lowland,terrestrial,habitat (outros codigos)
4410,RAINFOR,Brazil,1.6. Forest – Subtropical/tropical moist lowland,terrestrial,habitat (outros codigos)
4411,RAINFOR,Brazil,1.6. Forest – Subtropical/tropical moist lowland,terrestrial,habitat (outros codigos)
4412,RAINFOR,Brazil,1.6. Forest – Subtropical/tropical moist lowland,terrestrial,habitat (outros codigos)
4413,RAINFOR,Brazil,1.6. Forest – Subtropical/tropical moist lowland,terrestrial,habitat (outros codigos)
4414,RAINFOR,Brazil,1.6. Forest – Subtropical/tropical moist lowland,terrestrial,habitat (outros codigos)
4415,RAINFOR,Brazil,1.6. Forest – Subtropical/tropical moist lowland,terrestrial,habitat (outros codigos)
4416,RAINFOR,Brazil,1.6. Forest – Subtropical/tropical moist lowland,terrestrial,habitat (outros codigos)
4417,RAINFOR,Brazil,1.6. Forest – Subtropical/tropical moist lowland,terrestrial,habitat (outros codigos)
4418,RAINFOR,Brazil,1.6. Forest – Subtropical/tropical moist lowland,terrestrial,habitat (outros codigos)
4419,RAINFOR,Brazil,1.6. Forest – Subtropical/tropical moist lowland,terrestrial,habitat (outros codigos)
4420,RAINFOR,Brazil,1.6. Forest – Subtropical/tropical moist lowland,terrestrial,habitat (outros codigos)
4421,RAINFOR,Brazil,1.6. Forest – Subtropical/tropical moist lowland,terrestrial,habitat (outros codigos)
4422,RAINFOR,Brazil,1.6. Forest – Subtropical/tropical moist lowland,terrestrial,habitat (outros codigos)
4423,RAINFOR,Brazil,1.6. Forest – Subtropical/tropical moist lowland,terrestrial,habitat (outros codigos)
4424,RAINFOR,Brazil,1.6. Forest – Subtropical/tropical moist lowland,terrestrial,habitat (outros codigos)
4425,RAINFOR,Brazil,1.6. Forest – Subtropical/tropical moist lowland,terrestrial,habitat (outros codigos)
4426,RAINFOR,Brazil,1.6. Forest – Subtropical/tropical moist lowland,terrestrial,habitat (outros codigos)
4427,RAINFOR,Brazil,1.6. Forest – Subtropical/tropical moist lowland,terrestrial,habitat (outros codigos)
4428,RAINFOR,Brazil,1.6. Forest – Subtropical/tropical moist lowland,terrestrial,habitat (outros codigos)
4429,RAINFOR,Brazil,1.6. Forest – Subtropical/tropical moist lowland,terrestrial,habitat (outros codigos)
4430,RAINFOR,Brazil,1.6. Forest – Subtropical/tropical moist lowland,terrestrial,habitat (outros codigos)
4431,RAINFOR,Brazil,1.6. Forest – Subtropical/tropical moist lowland,terrestrial,habitat (outros codigos)
4432,RAINFOR,Brazil,1.6. Forest – Subtropical/tropical moist lowland,terrestrial,habitat (outros codigos)
4433,RAINFOR,Brazil,1.6. Forest – Subtropical/tropical moist lowland,terrestrial,habitat (outros codigos)
4434,RAINFOR,Brazil,1.6. Forest – Subtropical/tropical moist lowland,terrestrial,habitat (outros codigos)
4435,RAINFOR,Brazil,1.6. Forest – Subtropical/tropical moist lowland,terrestrial,habitat (outros codigos)
4436,RAINFOR,Brazil,1.6. Forest – Subtropical/tropical moist lowland,terrestrial,habitat (outros codigos)
4437,RAINFOR,Brazil,1.6. Forest – Subtropical/tropical moist lowland,terrestrial,habitat (outros codigos)
4438,RAINFOR,Brazil,1.6. Forest – Subtropical/tropical moist lowland,terrestrial,habitat (outros codigos)
4439,RAINFOR,Brazil,1.6. Forest – Subtropical/tropical moist lowland,terrestrial,habitat (outros codigos)
4440,RAINFOR,Brazil,1.6. Forest – Subtropical/tropical moist lowland,terrestrial,habitat (outros codigos)
4441,RAINFOR,Brazil,1.6. Forest – Subtropical/tropical moist lowland,terrestrial,habitat (outros codigos)
4442,RAINFOR,Brazil,1.6. Forest – Subtropical/tropical moist lowland,terrestrial,habitat (outros codigos)
4443,RAINFOR,Brazil,1.6. Forest – Subtropical/tropical moist lowland,terrestrial,habitat (outros codigos)
4444,RAINFOR,Brazil,1.6. Forest – Subtropical/tropical moist lowland,terrestrial,habitat (outros codigos)
4445,RAINFOR,Brazil,1.6. Forest – Subtropical/tropical moist lowland,terrestrial,habitat (outros codigos)
4446,RAINFOR,Brazil,1.6. Forest – Subtropical/tropical moist lowland,terrestrial,habitat (outros codigos)
4447,RAINFOR,Brazil,1.6. Forest – Subtropical/tropical moist lowland,terrestrial,habitat (outros codigos)
4448,RAINFOR,Brazil,1.6. Forest – Subtropical/tropical moist lowland,terrestrial,habitat (outros codigos)
4449,RAINFOR,Brazil,1.6. Forest – Subtropical/tropical moist lowland,terrestrial,habitat (outros codigos)
4450,RAINFOR,Brazil,1.6. Forest – Subtropical/tropical moist lowland,terrestrial,habitat (outros codigos)
4451,RAINFOR,Brazil,1.6. Forest – Subtropical/tropical moist lowland,terrestrial,habitat (outros codigos)
4452,RAINFOR,Brazil,1.6. Forest – Subtropical/tropical moist lowland,terrestrial,habitat (outros codigos)
4453,RAINFOR,Brazil,1.6. Forest – Subtropical/tropical moist lowland,terrestrial,habitat (outros codigos)
4454,RAINFOR,Brazil,1.6. Forest – Subtropical/tropical moist lowland,terrestrial,habitat (outros codigos)
4455,RAINFOR,Brazil,1.6. Forest – Subtropical/tropical moist lowland,terrestrial,habitat (outros codigos)
4456,RAINFOR,Brazil,1.6. Forest – Subtropical/tropical moist lowland,terrestrial,habitat (outros codigos)
4457,RAINFOR,Brazil,1.6. Forest – Subtropical/tropical moist lowland,terrestrial,habitat (outros codigos)
4458,RAINFOR,Brazil,1.6. Forest – Subtropical/tropical moist lowland,terrestrial,habitat (outros codigos)
4459,RAINFOR,Brazil,1.6. Forest – Subtropical/tropical moist lowland,terrestrial,habitat (outros codigos)
4460,RAINFOR,Brazil,1.6. Forest – Subtropical/tropical moist lowland,terrestrial,habitat (outros codigos)
4461,RAINFOR,Brazil,1.6. Forest – Subtropical/tropical moist lowland,terrestrial,habitat (outros codigos)
4462,RAINFOR,Brazil,1.6. Forest – Subtropical/tropical moist lowland,terrestrial,habitat (outros codigos)
4463,Rainfor,Brazil,1.6. Forest – Subtropical/tropical moist lowland,terrestrial,habitat (outros codigos)
4464,Rainfor,Brazil,1.6. Forest – Subtropical/tropical moist lowland,terrestrial,habitat (outros codigos)
4465,Rainfor,Brazil,1.6. Forest – Subtropical/tropical moist lowland,terrestrial,habitat (outros codigos)
4466,Rainfor,Brazil,1.6. Forest – Subtropical/tropical moist lowland,terrestrial,habitat (outros codigos)
4467,Rainfor,Brazil,1.6. Forest – Subtropical/tropical moist lowland,terrestrial,habitat (outros codigos)
4468,Rainfor,Brazil,1.6. Forest – Subtropical/tropical moist lowland,terrestrial,habitat (outros codigos)
4469,Rainfor,Brazil,1.6. Forest – Subtropical/tropical moist lowland,terrestrial,habitat (outros codigos)
4470,Rainfor,Brazil,1.6. Forest – Subtropical/tropical moist lowland,terrestrial,habitat (outros codigos)
4471,Rainfor,Brazil,1.6. Forest – Subtropical/tropical moist lowland,terrestrial,habitat (outros codigos)
4472,Rainfor,Brazil,1.6. Forest – Subtropical/tropical moist lowland,terrestrial,habitat (outros codigos)
4473,Rancho Frio,Brazil,1.6. Forest – Subtropical/tropical moist montane,terrestrial,habitat (outros codigos)
4474,REDE.AVA,Brazil,3.6. Grasslands and Shrubland,terrestrial,habitat (outros codigos)
4475,Rede.Biomar-Coral.Vivo,Brazil,9.8. Marine Neritic – Coral Reef,marine,habitat (IUCN 9-13 / palavra-chave)
4476,Rede.Biomar-Coral.Vivo,Brazil,9.8. Marine Neritic – Coral Reef,marine,habitat (IUCN 9-13 / palavra-chave)
4477,Rede.Biomar-Coral.Vivo,Brazil,9.8. Marine Neritic – Coral Reef,marine,habitat (IUCN 9-13 / palavra-chave)
4478,Rede.Biomar-Coral.Vivo,Brazil,9.8. Marine Neritic – Coral Reef,marine,habitat (IUCN 9-13 / palavra-chave)
4479,Rede.Biomar-Coral.Vivo,Brazil,9.8. Marine Neritic – Coral Reef,marine,habitat (IUCN 9-13 / palavra-chave)
4480,Rede.Biomar-Coral.Vivo,Brazil,9.8. Marine Neritic – Coral Reef,marine,habitat (IUCN 9-13 / palavra-chave)
4481,Rede.Biomar-Coral.Vivo,Brazil,9.8. Marine Neritic – Coral Reef,marine,habitat (IUCN 9-13 / palavra-chave)
4482,Rede.Biomar-Coral.Vivo,Brazil,9.8. Marine Neritic – Coral Reef,marine,habitat (IUCN 9-13 / palavra-chave)
4483,Rede.Biomar-Coral.Vivo,Brazil,9.8. Marine Neritic – Coral Reef,marine,habitat (IUCN 9-13 / palavra-chave)
4484,Rede.Biomar-Coral.Vivo,Brazil,9.8. Marine Neritic – Coral Reef,marine,habitat (IUCN 9-13 / palavra-chave)
4485,Rede.Biomar-Coral.Vivo,Brazil,9.8. Marine Neritic – Coral Reef,marine,habitat (IUCN 9-13 / palavra-chave)
4486,Rede.Biomar-Coral.Vivo,Brazil,9.8. Marine Neritic – Coral Reef,marine,habitat (IUCN 9-13 / palavra-chave)
4487,Rede.Biomar-Coral.Vivo,Brazil,9.8. Marine Neritic – Coral Reef,marine,habitat (IUCN 9-13 / palavra-chave)
4488,Rede.Biomar-Coral.Vivo,Brazil,9.8. Marine Neritic – Coral Reef,marine,habitat (IUCN 9-13 / palavra-chave)
4489,Rede.Biomar-Coral.Vivo,Brazil,9.8. Marine Neritic – Coral Reef,marine,habitat (IUCN 9-13 / palavra-chave)
4490,Rede.Biomar-Meros,Brazil,15.11 Marine Anthropogenic Structures,marine,habitat (IUCN 9-13 / palavra-chave)
4491,Rede.Biomar-Meros,Brazil,9.2. Marine Neritic – Subtidal rock and rocky reefs,marine,habitat (IUCN 9-13 / palavra-chave)
4492,Rede.Biomar-Meros,Brazil,15.11 Marine Anthropogenic Structures,marine,habitat (IUCN 9-13 / palavra-chave)
4493,Rede.Biomar-Meros,Brazil,9.2. Marine Neritic – Subtidal rock and rocky reefs,marine,habitat (IUCN 9-13 / palavra-chave)
4494,Rede.Biomar-Meros,Brazil,15.11 Marine Anthropogenic Structures,marine,habitat (IUCN 9-13 / palavra-chave)
4495,Rede.Biomar-Meros,Brazil,15.11 Marine Anthropogenic Structures,marine,habitat (IUCN 9-13 / palavra-chave)
4496,Rede.Biomar-Meros,Brazil,15.11 Marine Anthropogenic Structures,marine,habitat (IUCN 9-13 / palavra-chave)
4497,Rede.Biomar-Meros,Brazil,9.2. Marine Neritic – Subtidal rock and rocky reefs,marine,habitat (IUCN 9-13 / palavra-chave)
4498,Rede.Biomar-Meros,Brazil,9.2. Marine Neritic – Subtidal rock and rocky reefs,marine,habitat (IUCN 9-13 / palavra-chave)
4499,Rede.Biomar-Meros,Brazil,9.10 Estuaries and 12.7 Mangrove Submerged Roots,marine,habitat (IUCN 9-13 / palavra-chave)
4500,Rede.Biomar-Meros,Brazil,9.10 Estuaries and 12.7 Mangrove Submerged Roots,marine,habitat (IUCN 9-13 / palavra-chave)
4501,REMAR,Brazil,12.7 Mangrove Submerged Roots,marine,habitat (IUCN 9-13 / palavra-chave)
4502,REMAR,Brazil,12.7 Mangrove Submerged Roots,marine,habitat (IUCN 9-13 / palavra-chave)
4503,REMAR,Brazil,12.7 Mangrove Submerged Roots,marine,habitat (IUCN 9-13 / palavra-chave)
4504,REMAR,Brazil,12.7 Mangrove Submerged Roots,marine,habitat (IUCN 9-13 / palavra-chave)
4505,REMAR,Brazil,12.7 Mangrove Submerged Roots,marine,habitat (IUCN 9-13 / palavra-chave)
4506,REMAR,Brazil,12.7 Mangrove Submerged Roots,marine,habitat (IUCN 9-13 / palavra-chave)
4507,REMAR,Brazil,12.7 Mangrove Submerged Roots,marine,habitat (IUCN 9-13 / palavra-chave)
4508,REMAR,Brazil,12.7 Mangrove Submerged Roots,marine,habitat (IUCN 9-13 / palavra-chave)
4509,REMAR,Brazil,12.7 Mangrove Submerged Roots,marine,habitat (IUCN 9-13 / palavra-chave)
4510,REMAR,Brazil,12.7 Mangrove Submerged Roots,marine,habitat (IUCN 9-13 / palavra-chave)
4511,REMAR,Brazil,12.7 Mangrove Submerged Roots,marine,habitat (IUCN 9-13 / palavra-chave)
4512,REMAR,Brazil,1.7. Forest – Subtropical/tropical mangrove vegetation above high tide level,terrestrial,habitat (outros codigos)
4513,REMAR,Brazil,13.1 Sea Cliffs and Rocky Offshore Islands,marine,habitat (IUCN 9-13 / palavra-chave)
4514,RAS,Brazil,1.6. Forest – Subtropical/tropical moist lowland,terrestrial,habitat (outros codigos)
4515,RAS,Brazil,1.6. Forest – Subtropical/tropical moist lowland,terrestrial,habitat (outros codigos)
4516,RAS,Brazil,1.6. Forest – Subtropical/tropical moist lowland,terrestrial,habitat (outros codigos)
4517,RAS,Brazil,1.6. Forest – Subtropical/tropical moist lowland,terrestrial,habitat (outros codigos)
4518,RAS,Brazil,1.6. Forest – Subtropical/tropical moist lowland,terrestrial,habitat (outros codigos)
4519,RAS,Brazil,1.6. Forest – Subtropical/tropical moist lowland,terrestrial,habitat (outros codigos)
4520,RAS,Brazil,1.6. Forest – Subtropical/tropical moist lowland,terrestrial,habitat (outros codigos)
4521,RAS,Brazil,1.6. Forest – Subtropical/tropical moist lowland,terrestrial,habitat (outros codigos)
4522,RAS,Brazil,1.6. Forest – Subtropical/tropical moist lowland,terrestrial,habitat (outros codigos)
4523,RAS,Brazil,1.6. Forest – Subtropical/tropical moist lowland,terrestrial,habitat (outros codigos)
4524,RAS,Brazil,1.6. Forest – Subtropical/tropical moist lowland,terrestrial,habitat (outros codigos)
4525,RAS,Brazil,1.6. Forest – Subtropical/tropical moist lowland,terrestrial,habitat (outros codigos)
4526,RAS,Brazil,1.6. Forest – Subtropical/tropical moist lowland,terrestrial,habitat (outros codigos)
4527,RAS,Brazil,1.6. Forest – Subtropical/tropical moist lowland,terrestrial,habitat (outros codigos)
4528,RAS,Brazil,1.6. Forest – Subtropical/tropical moist lowland,terrestrial,habitat (outros codigos)
4529,RAS,Brazil,1.6. Forest – Subtropical/tropical moist lowland,terrestrial,habitat (outros codigos)
4530,RAS,Brazil,1.6. Forest – Subtropical/tropical moist lowland,terrestrial,habitat (outros codigos)
4531,RAS,Brazil,1.6. Forest – Subtropical/tropical moist lowland,terrestrial,habitat (outros codigos)
4532,RAS,Brazil,1.6. Forest – Subtropical/tropical moist lowland,terrestrial,habitat (outros codigos)
4533,RAS,Brazil,1.6. Forest – Subtropical/tropical moist lowland,terrestrial,habitat (outros codigos)
4534,RAS,Brazil,1.6. Forest – Subtropical/tropical moist lowland,terrestrial,habitat (outros codigos)
4535,RAS,Brazil,1.6. Forest – Subtropical/tropical moist lowland,terrestrial,habitat (outros codigos)
4536,RAS,Brazil,1.6. Forest – Subtropical/tropical moist lowland,terrestrial,habitat (outros codigos)
4537,RAS,Brazil,1.6. Forest – Subtropical/tropical moist lowland,terrestrial,habitat (outros codigos)
4538,RAS,Brazil,1.6. Forest – Subtropical/tropical moist lowland,terrestrial,habitat (outros codigos)
4539,RAS,Brazil,1.6. Forest – Subtropical/tropical moist lowland,terrestrial,habitat (outros codigos)
4540,RAS,Brazil,1.6. Forest – Subtropical/tropical moist lowland,terrestrial,habitat (outros codigos)
4541,RAS,Brazil,1.6. Forest – Subtropical/tropical moist lowland,terrestrial,habitat (outros codigos)
4542,RAS,Brazil,1.6. Forest – Subtropical/tropical moist lowland,terrestrial,habitat (outros codigos)
4543,RAS,Brazil,1.6. Forest – Subtropical/tropical moist lowland,terrestrial,habitat (outros codigos)
4544,RAS,Brazil,1.6. Forest – Subtropical/tropical moist lowland,terrestrial,habitat (outros codigos)
4545,RAS,Brazil,1.6. Forest – Subtropical/tropical moist lowland,terrestrial,habitat (outros codigos)
4546,RAS,Brazil,1.6. Forest – Subtropical/tropical moist lowland,terrestrial,habitat (outros codigos)
4547,RAS,Brazil,1.6. Forest – Subtropical/tropical moist lowland,terrestrial,habitat (outros codigos)
4548,RAS,Brazil,1.6. Forest – Subtropical/tropical moist lowland,terrestrial,habitat (outros codigos)
4549,RAS,Brazil,1.6. Forest – Subtropical/tropical moist lowland,terrestrial,habitat (outros codigos)
4550,RAS,Brazil,1.6. Forest – Subtropical/tropical moist lowland,terrestrial,habitat (outros codigos)
4551,RAS,Brazil,1.6. Forest – Subtropical/tropical moist lowland,terrestrial,habitat (outros codigos)
4552,RAS,Brazil,1.6. Forest – Subtropical/tropical moist lowland,terrestrial,habitat (outros codigos)
4553,RAS,Brazil,1.6. Forest – Subtropical/tropical moist lowland,terrestrial,habitat (outros codigos)
4554,RAS,Brazil,1.6. Forest – Subtropical/tropical moist lowland,terrestrial,habitat (outros codigos)
4555,RAS,Brazil,1.6. Forest – Subtropical/tropical moist lowland,terrestrial,habitat (outros codigos)
4556,RAS,Brazil,1.6. Forest – Subtropical/tropical moist lowland,terrestrial,habitat (outros codigos)
4557,RAS,Brazil,1.6. Forest – Subtropical/tropical moist lowland,terrestrial,habitat (outros codigos)
4558,RAS,Brazil,1.6. Forest – Subtropical/tropical moist lowland,terrestrial,habitat (outros codigos)
4559,RAS,Brazil,1.6. Forest – Subtropical/tropical moist lowland,terrestrial,habitat (outros codigos)
4560,RAS,Brazil,1.6. Forest – Subtropical/tropical moist lowland,terrestrial,habitat (outros codigos)
4561,RAS,Brazil,1.6. Forest – Subtropical/tropical moist lowland,terrestrial,habitat (outros codigos)
4562,RAS,Brazil,1.6. Forest – Subtropical/tropical moist lowland,terrestrial,habitat (outros codigos)
4563,RAS,Brazil,1.6. Forest – Subtropical/tropical moist lowland,terrestrial,habitat (outros codigos)
4564,RAS,Brazil,1.6. Forest – Subtropical/tropical moist lowland,terrestrial,habitat (outros codigos)
4565,RAS,Brazil,1.6. Forest – Subtropical/tropical moist lowland,terrestrial,habitat (outros codigos)
4566,RAS,Brazil,1.6. Forest – Subtropical/tropical moist lowland,terrestrial,habitat (outros codigos)
4567,RAS,Brazil,1.6. Forest – Subtropical/tropical moist lowland,terrestrial,habitat (outros codigos)
4568,RAS,Brazil,1.6. Forest – Subtropical/tropical moist lowland,terrestrial,habitat (outros codigos)
4569,RAS,Brazil,1.6. Forest – Subtropical/tropical moist lowland,terrestrial,habitat (outros codigos)
4570,RAS,Brazil,1.6. Forest – Subtropical/tropical moist lowland,terrestrial,habitat (outros codigos)
4571,RAS,Brazil,1.6. Forest – Subtropical/tropical moist lowland,terrestrial,habitat (outros codigos)
4572,RAS,Brazil,1.6. Forest – Subtropical/tropical moist lowland,terrestrial,habitat (outros codigos)
4573,RAS,Brazil,1.6. Forest – Subtropical/tropical moist lowland,terrestrial,habitat (outros codigos)
4574,RAS,Brazil,1.6. Forest – Subtropical/tropical moist lowland,terrestrial,habitat (outros codigos)
4575,RAS,Brazil,1.6. Forest – Subtropical/tropical moist lowland,terrestrial,habitat (outros codigos)
4576,RAS,Brazil,1.6. Forest – Subtropical/tropical moist lowland,terrestrial,habitat (outros codigos)
4577,RAS,Brazil,1.6. Forest – Subtropical/tropical moist lowland,terrestrial,habitat (outros codigos)
4578,RAS,Brazil,1.6. Forest – Subtropical/tropical moist lowland,terrestrial,habitat (outros codigos)
4579,RAS,Brazil,1.6. Forest – Subtropical/tropical moist lowland,terrestrial,habitat (outros codigos)
4580,RAS,Brazil,1.6. Forest – Subtropical/tropical moist lowland,terrestrial,habitat (outros codigos)
4581,RLS,Argentina,na,marine,projeto (so variaveis marinhas)
4582,RLS,Argentina,na,marine,projeto (so variaveis marinhas)
4583,RLS,Argentina,na,marine,projeto (so variaveis marinhas)
4584,RLS,Argentina,na,marine,projeto (so variaveis marinhas)
4585,RLS,Argentina,na,marine,projeto (so variaveis marinhas)
4586,RLS,Argentina,na,marine,projeto (so variaveis marinhas)
4587,RLS,Argentina,na,marine,projeto (so variaveis marinhas)
4588,RLS,Argentina,na,marine,projeto (so variaveis marinhas)
4589,RLS,Argentina,na,marine,projeto (so variaveis marinhas)
4590,RLS,Argentina,na,marine,projeto (so variaveis marinhas)
4591,RLS,Argentina,na,marine,projeto (so variaveis marinhas)
4592,RLS,Argentina,na,marine,projeto (so variaveis marinhas)
4593,RLS,Argentina,na,marine,projeto (so variaveis marinhas)
4594,RLS,Belize,na,marine,projeto (so variaveis marinhas)
4595,RLS,Belize,na,marine,projeto (so variaveis marinhas)
4596,RLS,Belize,na,marine,projeto (so variaveis marinhas)
4597,RLS,Belize,na,marine,projeto (so variaveis marinhas)
4598,RLS,Belize,na,marine,projeto (so variaveis marinhas)
4599,RLS,Belize,na,marine,projeto (so variaveis marinhas)
4600,RLS,Belize,na,marine,projeto (so variaveis marinhas)
4601,RLS,Belize,na,marine,projeto (so variaveis marinhas)
4602,RLS,Belize,na,marine,projeto (so variaveis marinhas)
4603,RLS,Belize,na,marine,projeto (so variaveis marinhas)
4604,RLS,Belize,na,marine,projeto (so variaveis marinhas)
4605,RLS,Belize,na,marine,projeto (so variaveis marinhas)
4606,RLS,Brazil,na,marine,projeto (so variaveis marinhas)
4607,RLS,Brazil,na,marine,projeto (so variaveis marinhas)
4608,RLS,Brazil,na,marine,projeto (so variaveis marinhas)
4609,RLS,Brazil,na,marine,projeto (so variaveis marinhas)
4610,RLS,Brazil,na,marine,projeto (so variaveis marinhas)
4611,RLS,Brazil,na,marine,projeto (so variaveis marinhas)
4612,RLS,Brazil,na,marine,projeto (so variaveis marinhas)
4613,RLS,Brazil,na,marine,projeto (so variaveis marinhas)
4614,RLS,Brazil,na,marine,projeto (so variaveis marinhas)
4615,RLS,Brazil,na,marine,projeto (so variaveis marinhas)
4616,RLS,Caribbean Sea,na,marine,projeto (so variaveis marinhas)
4617,RLS,Caribbean Sea,na,marine,projeto (so variaveis marinhas)
4618,RLS,Caribbean Sea,na,marine,projeto (so variaveis marinhas)
4619,RLS,Caribbean Sea,na,marine,projeto (so variaveis marinhas)
4620,RLS,Caribbean Sea,na,marine,projeto (so variaveis marinhas)
4621,RLS,Caribbean Sea,na,marine,projeto (so variaveis marinhas)
4622,RLS,Caribbean Sea,na,marine,projeto (so variaveis marinhas)
4623,RLS,Caribbean Sea,na,marine,projeto (so variaveis marinhas)
4624,RLS,Cayman Islands,na,marine,projeto (so variaveis marinhas)
4625,RLS,Chile,na,marine,projeto (so variaveis marinhas)
4626,RLS,Chile,na,marine,projeto (so variaveis marinhas)
4627,RLS,Chile,na,marine,projeto (so variaveis marinhas)
4628,RLS,Chile,na,marine,projeto (so variaveis marinhas)
4629,RLS,Chile,na,marine,projeto (so variaveis marinhas)
4630,RLS,Chile,na,marine,projeto (so variaveis marinhas)
4631,RLS,Chile,na,marine,projeto (so variaveis marinhas)
4632,RLS,Chile,na,marine,projeto (so variaveis marinhas)
4633,RLS,Chile,na,marine,projeto (so variaveis marinhas)
4634,RLS,Chile,na,marine,projeto (so variaveis marinhas)
4635,RLS,Chile,na,marine,projeto (so variaveis marinhas)
4636,RLS,Chile,na,marine,projeto (so variaveis marinhas)
4637,RLS,Chile,na,marine,projeto (so variaveis marinhas)
4638,RLS,Chile,na,marine,projeto (so variaveis marinhas)
4639,RLS,Chile,na,marine,projeto (so variaveis marinhas)
4640,RLS,Chile,na,marine,projeto (so variaveis marinhas)
4641,RLS,Chile,na,marine,projeto (so variaveis marinhas)
4642,RLS,Chile,na,marine,projeto (so variaveis marinhas)
4643,RLS,Chile,na,marine,projeto (so variaveis marinhas)
4644,RLS,Chile,na,marine,projeto (so variaveis marinhas)
4645,RLS,Chile,na,marine,projeto (so variaveis marinhas)
4646,RLS,Chile,na,marine,projeto (so variaveis marinhas)
4647,RLS,Chile,na,marine,projeto (so variaveis marinhas)
4648,RLS,Chile,na,marine,projeto (so variaveis marinhas)
4649,RLS,Chile,na,marine,projeto (so variaveis marinhas)
4650,RLS,Chile,na,marine,projeto (so variaveis marinhas)
4651,RLS,Chile,na,marine,projeto (so variaveis marinhas)
4652,RLS,Chile,na,marine,projeto (so variaveis marinhas)
4653,RLS,Chile,na,marine,projeto (so variaveis marinhas)
4654,RLS,Chile,na,marine,projeto (so variaveis marinhas)
4655,RLS,Chile,na,marine,projeto (so variaveis marinhas)
4656,RLS,Chile,na,marine,projeto (so variaveis marinhas)
4657,RLS,Chile,na,marine,projeto (so variaveis marinhas)
4658,RLS,Chile,na,marine,projeto (so variaveis marinhas)
4659,RLS,Chile,na,marine,projeto (so variaveis marinhas)
4660,RLS,Chile,na,marine,projeto (so variaveis marinhas)
4661,RLS,Chile,na,marine,projeto (so variaveis marinhas)
4662,RLS,Chile,na,marine,projeto (so variaveis marinhas)
4663,RLS,Chile,na,marine,projeto (so variaveis marinhas)
4664,RLS,Chile,na,marine,projeto (so variaveis marinhas)
4665,RLS,Chile,na,marine,projeto (so variaveis marinhas)
4666,RLS,Chile,na,marine,projeto (so variaveis marinhas)
4667,RLS,Chile,na,marine,projeto (so variaveis marinhas)
4668,RLS,Chile,na,marine,projeto (so variaveis marinhas)
4669,RLS,Chile,na,marine,projeto (so variaveis marinhas)
4670,RLS,Chile,na,marine,projeto (so variaveis marinhas)
4671,RLS,Costa Rica,na,marine,projeto (so variaveis marinhas)
4672,RLS,Costa Rica,na,marine,projeto (so variaveis marinhas)
4673,RLS,Costa Rica,na,marine,projeto (so variaveis marinhas)
4674,RLS,Costa Rica,na,marine,projeto (so variaveis marinhas)
4675,RLS,Costa Rica,na,marine,projeto (so variaveis marinhas)
4676,RLS,Costa Rica,na,marine,projeto (so variaveis marinhas)
4677,RLS,Costa Rica,na,marine,projeto (so variaveis marinhas)
4678,RLS,Costa Rica,na,marine,projeto (so variaveis marinhas)
4679,RLS,Costa Rica,na,marine,projeto (so variaveis marinhas)
4680,RLS,Costa Rica,na,marine,projeto (so variaveis marinhas)
4681,RLS,Costa Rica,na,marine,projeto (so variaveis marinhas)
4682,RLS,Costa Rica,na,marine,projeto (so variaveis marinhas)
4683,RLS,Costa Rica,na,marine,projeto (so variaveis marinhas)
4684,RLS,Costa Rica,na,marine,projeto (so variaveis marinhas)
4685,RLS,Costa Rica,na,marine,projeto (so variaveis marinhas)
4686,RLS,Costa Rica,na,marine,projeto (so variaveis marinhas)
4687,RLS,Costa Rica,na,marine,projeto (so variaveis marinhas)
4688,RLS,Costa Rica,na,marine,projeto (so variaveis marinhas)
4689,RLS,Costa Rica,na,marine,projeto (so variaveis marinhas)
4690,RLS,Costa Rica,na,marine,projeto (so variaveis marinhas)
4691,RLS,Costa Rica,na,marine,projeto (so variaveis marinhas)
4692,RLS,Costa Rica,na,marine,projeto (so variaveis marinhas)
4693,RLS,Costa Rica,na,marine,projeto (so variaveis marinhas)
4694,RLS,Costa Rica,na,marine,projeto (so variaveis marinhas)
4695,RLS,Costa Rica,na,marine,projeto (so variaveis marinhas)
4696,RLS,Costa Rica,na,marine,projeto (so variaveis marinhas)
4697,RLS,Costa Rica,na,marine,projeto (so variaveis marinhas)
4698,RLS,Costa Rica,na,marine,projeto (so variaveis marinhas)
4699,RLS,Costa Rica,na,marine,projeto (so variaveis marinhas)
4700,RLS,Costa Rica,na,marine,projeto (so variaveis marinhas)
4701,RLS,Costa Rica,na,marine,projeto (so variaveis marinhas)
4702,RLS,Costa Rica,na,marine,projeto (so variaveis marinhas)
4703,RLS,Costa Rica,na,marine,projeto (so variaveis marinhas)
4704,RLS,Costa Rica,na,marine,projeto (so variaveis marinhas)
4705,RLS,Costa Rica,na,marine,projeto (so variaveis marinhas)
4706,RLS,Costa Rica,na,marine,projeto (so variaveis marinhas)
4707,RLS,Costa Rica,na,marine,projeto (so variaveis marinhas)
4708,RLS,Costa Rica,na,marine,projeto (so variaveis marinhas)
4709,RLS,Costa Rica,na,marine,projeto (so variaveis marinhas)
4710,RLS,Costa Rica,na,marine,projeto (so variaveis marinhas)
4711,RLS,Costa Rica,na,marine,projeto (so variaveis marinhas)
4712,RLS,Costa Rica,na,marine,projeto (so variaveis marinhas)
4713,RLS,Costa Rica,na,marine,projeto (so variaveis marinhas)
4714,RLS,Costa Rica,na,marine,projeto (so variaveis marinhas)
4715,RLS,Costa Rica,na,marine,projeto (so variaveis marinhas)
4716,RLS,Costa Rica,na,marine,projeto (so variaveis marinhas)
4717,RLS,Costa Rica,na,marine,projeto (so variaveis marinhas)
4718,RLS,Costa Rica,na,marine,projeto (so variaveis marinhas)
4719,RLS,Costa Rica,na,marine,projeto (so variaveis marinhas)
4720,RLS,Costa Rica,na,marine,projeto (so variaveis marinhas)
4721,RLS,Costa Rica,na,marine,projeto (so variaveis marinhas)
4722,RLS,Costa Rica,na,marine,projeto (so variaveis marinhas)
4723,RLS,Costa Rica,na,marine,projeto (so variaveis marinhas)
4724,RLS,Ecuador,na,marine,projeto (so variaveis marinhas)
4725,RLS,Ecuador,na,marine,projeto (so variaveis marinhas)
4726,RLS,Ecuador,na,marine,projeto (so variaveis marinhas)
4727,RLS,Ecuador,na,marine,projeto (so variaveis marinhas)
4728,RLS,Ecuador,na,marine,projeto (so variaveis marinhas)
4729,RLS,Ecuador,na,marine,projeto (so variaveis marinhas)
4730,RLS,Ecuador,na,marine,projeto (so variaveis marinhas)
4731,RLS,Ecuador,na,marine,projeto (so variaveis marinhas)
4732,RLS,Ecuador,na,marine,projeto (so variaveis marinhas)
4733,RLS,Ecuador,na,marine,projeto (so variaveis marinhas)
4734,RLS,Ecuador,na,marine,projeto (so variaveis marinhas)
4735,RLS,Ecuador,na,marine,projeto (so variaveis marinhas)
4736,RLS,Ecuador,na,marine,projeto (so variaveis marinhas)
4737,RLS,Ecuador,na,marine,projeto (so variaveis marinhas)
4738,RLS,Ecuador,na,marine,projeto (so variaveis marinhas)
4739,RLS,Ecuador,na,marine,projeto (so variaveis marinhas)
4740,RLS,Ecuador,na,marine,projeto (so variaveis marinhas)
4741,RLS,Ecuador,na,marine,projeto (so variaveis marinhas)
4742,RLS,Ecuador,na,marine,projeto (so variaveis marinhas)
4743,RLS,Ecuador,na,marine,projeto (so variaveis marinhas)
4744,RLS,Ecuador,na,marine,projeto (so variaveis marinhas)
4745,RLS,Ecuador,na,marine,projeto (so variaveis marinhas)
4746,RLS,Ecuador,na,marine,projeto (so variaveis marinhas)
4747,RLS,Ecuador,na,marine,projeto (so variaveis marinhas)
4748,RLS,Ecuador,na,marine,projeto (so variaveis marinhas)
4749,RLS,Ecuador,na,marine,projeto (so variaveis marinhas)
4750,RLS,Ecuador,na,marine,projeto (so variaveis marinhas)
4751,RLS,Ecuador,na,marine,projeto (so variaveis marinhas)
4752,RLS,Ecuador,na,marine,projeto (so variaveis marinhas)
4753,RLS,Ecuador,na,marine,projeto (so variaveis marinhas)
4754,RLS,Ecuador,na,marine,projeto (so variaveis marinhas)
4755,RLS,Ecuador,na,marine,projeto (so variaveis marinhas)
4756,RLS,Ecuador,na,marine,projeto (so variaveis marinhas)
4757,RLS,Ecuador,na,marine,projeto (so variaveis marinhas)
4758,RLS,Ecuador,na,marine,projeto (so variaveis marinhas)
4759,RLS,Ecuador,na,marine,projeto (so variaveis marinhas)
4760,RLS,Ecuador,na,marine,projeto (so variaveis marinhas)
4761,RLS,Ecuador,na,marine,projeto (so variaveis marinhas)
4762,RLS,Ecuador,na,marine,projeto (so variaveis marinhas)
4763,RLS,Ecuador,na,marine,projeto (so variaveis marinhas)
4764,RLS,Ecuador,na,marine,projeto (so variaveis marinhas)
4765,RLS,Ecuador,na,marine,projeto (so variaveis marinhas)
4766,RLS,Ecuador,na,marine,projeto (so variaveis marinhas)
4767,RLS,Ecuador,na,marine,projeto (so variaveis marinhas)
4768,RLS,Ecuador,na,marine,projeto (so variaveis marinhas)
4769,RLS,Ecuador,na,marine,projeto (so variaveis marinhas)
4770,RLS,Ecuador,na,marine,projeto (so variaveis marinhas)
4771,RLS,Ecuador,na,marine,projeto (so variaveis marinhas)
4772,RLS,Ecuador,na,marine,projeto (so variaveis marinhas)
4773,RLS,Ecuador,na,marine,projeto (so variaveis marinhas)
4774,RLS,Ecuador,na,marine,projeto (so variaveis marinhas)
4775,RLS,Ecuador,na,marine,projeto (so variaveis marinhas)
4776,RLS,Ecuador,na,marine,projeto (so variaveis marinhas)
4777,RLS,Ecuador,na,marine,projeto (so variaveis marinhas)
4778,RLS,Ecuador,na,marine,projeto (so variaveis marinhas)
4779,RLS,Ecuador,na,marine,projeto (so variaveis marinhas)
4780,RLS,Ecuador,na,marine,projeto (so variaveis marinhas)
4781,RLS,Ecuador,na,marine,projeto (so variaveis marinhas)
4782,RLS,Ecuador,na,marine,projeto (so variaveis marinhas)
4783,RLS,Ecuador,na,marine,projeto (so variaveis marinhas)
4784,RLS,Ecuador,na,marine,projeto (so variaveis marinhas)
4785,RLS,Ecuador,na,marine,projeto (so variaveis marinhas)
4786,RLS,Ecuador,na,marine,projeto (so variaveis marinhas)
4787,RLS,Ecuador,na,marine,projeto (so variaveis marinhas)
4788,RLS,Ecuador,na,marine,projeto (so variaveis marinhas)
4789,RLS,Ecuador,na,marine,projeto (so variaveis marinhas)
4790,RLS,Ecuador,na,marine,projeto (so variaveis marinhas)
4791,RLS,Ecuador,na,marine,projeto (so variaveis marinhas)
4792,RLS,Ecuador,na,marine,projeto (so variaveis marinhas)
4793,RLS,Ecuador,na,marine,projeto (so variaveis marinhas)
4794,RLS,Ecuador,na,marine,projeto (so variaveis marinhas)
4795,RLS,Ecuador,na,marine,projeto (so variaveis marinhas)
4796,RLS,Ecuador,na,marine,projeto (so variaveis marinhas)
4797,RLS,Ecuador,na,marine,projeto (so variaveis marinhas)
4798,RLS,Ecuador,na,marine,projeto (so variaveis marinhas)
4799,RLS,Ecuador,na,marine,projeto (so variaveis marinhas)
4800,RLS,Ecuador,na,marine,projeto (so variaveis marinhas)
4801,RLS,Ecuador,na,marine,projeto (so variaveis marinhas)
4802,RLS,Ecuador,na,marine,projeto (so variaveis marinhas)
4803,RLS,Ecuador,na,marine,projeto (so variaveis marinhas)
4804,RLS,Ecuador,na,marine,projeto (so variaveis marinhas)
4805,RLS,Ecuador,na,marine,projeto (so variaveis marinhas)
4806,RLS,Ecuador,na,marine,projeto (so variaveis marinhas)
4807,RLS,Ecuador,na,marine,projeto (so variaveis marinhas)
4808,RLS,Ecuador,na,marine,projeto (so variaveis marinhas)
4809,RLS,Ecuador,na,marine,projeto (so variaveis marinhas)
4810,RLS,Ecuador,na,marine,projeto (so variaveis marinhas)
4811,RLS,Ecuador,na,marine,projeto (so variaveis marinhas)
4812,RLS,Ecuador,na,marine,projeto (so variaveis marinhas)
4813,RLS,Ecuador,na,marine,projeto (so variaveis marinhas)
4814,RLS,Ecuador,na,marine,projeto (so variaveis marinhas)
4815,RLS,Ecuador,na,marine,projeto (so variaveis marinhas)
4816,RLS,Ecuador,na,marine,projeto (so variaveis marinhas)
4817,RLS,Ecuador,na,marine,projeto (so variaveis marinhas)
4818,RLS,Falkland Islands (Malvinas),na,marine,projeto (so variaveis marinhas)
4819,RLS,Falkland Islands (Malvinas),na,marine,projeto (so variaveis marinhas)
4820,RLS,Falkland Islands (Malvinas),na,marine,projeto (so variaveis marinhas)
4821,RLS,Falkland Islands (Malvinas),na,marine,projeto (so variaveis marinhas)
4822,RLS,Falkland Islands (Malvinas),na,marine,projeto (so variaveis marinhas)
4823,RLS,Mexico,na,marine,projeto (so variaveis marinhas)
4824,RLS,Mexico,na,marine,projeto (so variaveis marinhas)
4825,RLS,Mexico,na,marine,projeto (so variaveis marinhas)
4826,RLS,Mexico,na,marine,projeto (so variaveis marinhas)
4827,RLS,Mexico,na,marine,projeto (so variaveis marinhas)
4828,RLS,Mexico,na,marine,projeto (so variaveis marinhas)
4829,RLS,Mexico,na,marine,projeto (so variaveis marinhas)
4830,RLS,Mexico,na,marine,projeto (so variaveis marinhas)
4831,RLS,Mexico,na,marine,projeto (so variaveis marinhas)
4832,RLS,Mexico,na,marine,projeto (so variaveis marinhas)
4833,RLS,Mexico,na,marine,projeto (so variaveis marinhas)
4834,RLS,Mexico,na,marine,projeto (so variaveis marinhas)
4835,RLS,Mexico,na,marine,projeto (so variaveis marinhas)
4836,RLS,Mexico,na,marine,projeto (so variaveis marinhas)
4837,RLS,Mexico,na,marine,projeto (so variaveis marinhas)
4838,RLS,Mexico,na,marine,projeto (so variaveis marinhas)
4839,RLS,Mexico,na,marine,projeto (so variaveis marinhas)
4840,RLS,Mexico,na,marine,projeto (so variaveis marinhas)
4841,RLS,Mexico,na,marine,projeto (so variaveis marinhas)
4842,RLS,Mexico,na,marine,projeto (so variaveis marinhas)
4843,RLS,Mexico,na,marine,projeto (so variaveis marinhas)
4844,RLS,Mexico,na,marine,projeto (so variaveis marinhas)
4845,RLS,Netherlands Antilles,na,marine,projeto (so variaveis marinhas)
4846,RLS,Netherlands Antilles,na,marine,projeto (so variaveis marinhas)
4847,RLS,Netherlands Antilles,na,marine,projeto (so variaveis marinhas)
4848,RLS,Netherlands Antilles,na,marine,projeto (so variaveis marinhas)
4849,RLS,Netherlands Antilles,na,marine,projeto (so variaveis marinhas)
4850,RLS,Netherlands Antilles,na,marine,projeto (so variaveis marinhas)
4851,RLS,Netherlands Antilles,na,marine,projeto (so variaveis marinhas)
4852,RLS,Netherlands Antilles,na,marine,projeto (so variaveis marinhas)
4853,RLS,Netherlands Antilles,na,marine,projeto (so variaveis marinhas)
4854,RLS,Netherlands Antilles,na,marine,projeto (so variaveis marinhas)
4855,RLS,Netherlands Antilles,na,marine,projeto (so variaveis marinhas)
4856,RLS,Netherlands Antilles,na,marine,projeto (so variaveis marinhas)
4857,RLS,Netherlands Antilles,na,marine,projeto (so variaveis marinhas)
4858,RLS,Netherlands Antilles,na,marine,projeto (so variaveis marinhas)
4859,RLS,Nicaragua,na,marine,projeto (so variaveis marinhas)
4860,RLS,Nicaragua,na,marine,projeto (so variaveis marinhas)
4861,RLS,Nicaragua,na,marine,projeto (so variaveis marinhas)
4862,RLS,Nicaragua,na,marine,projeto (so variaveis marinhas)
4863,RLS,Nicaragua,na,marine,projeto (so variaveis marinhas)
4864,RLS,Nicaragua,na,marine,projeto (so variaveis marinhas)
4865,RLS,Nicaragua,na,marine,projeto (so variaveis marinhas)
4866,RLS,Nicaragua,na,marine,projeto (so variaveis marinhas)
4867,RLS,Nicaragua,na,marine,projeto (so variaveis marinhas)
4868,RLS,Nicaragua,na,marine,projeto (so variaveis marinhas)
4869,RLS,Nicaragua,na,marine,projeto (so variaveis marinhas)
4870,RLS,Nicaragua,na,marine,projeto (so variaveis marinhas)
4871,RLS,Nicaragua,na,marine,projeto (so variaveis marinhas)
4872,RLS,Nicaragua,na,marine,projeto (so variaveis marinhas)
4873,RLS,Nicaragua,na,marine,projeto (so variaveis marinhas)
4874,RLS,Nicaragua,na,marine,projeto (so variaveis marinhas)
4875,RLS,Nicaragua,na,marine,projeto (so variaveis marinhas)
4876,RLS,Nicaragua,na,marine,projeto (so variaveis marinhas)
4877,RLS,Nicaragua,na,marine,projeto (so variaveis marinhas)
4878,RLS,Nicaragua,na,marine,projeto (so variaveis marinhas)
4879,RLS,Nicaragua,na,marine,projeto (so variaveis marinhas)
4880,RLS,Nicaragua,na,marine,projeto (so variaveis marinhas)
4881,RLS,Nicaragua,na,marine,projeto (so variaveis marinhas)
4882,RLS,Nicaragua,na,marine,projeto (so variaveis marinhas)
4883,RLS,Nicaragua,na,marine,projeto (so variaveis marinhas)
4884,RLS,Nicaragua,na,marine,projeto (so variaveis marinhas)
4885,RLS,Nicaragua,na,marine,projeto (so variaveis marinhas)
4886,RLS,Nicaragua,na,marine,projeto (so variaveis marinhas)
4887,RLS,Nicaragua,na,marine,projeto (so variaveis marinhas)
4888,RLS,Nicaragua,na,marine,projeto (so variaveis marinhas)
4889,RLS,Nicaragua,na,marine,projeto (so variaveis marinhas)
4890,RLS,Nicaragua,na,marine,projeto (so variaveis marinhas)
4891,RLS,Nicaragua,na,marine,projeto (so variaveis marinhas)
4892,RLS,Nicaragua,na,marine,projeto (so variaveis marinhas)
4893,RLS,Panama,na,marine,projeto (so variaveis marinhas)
4894,RLS,Panama,na,marine,projeto (so variaveis marinhas)
4895,RLS,Panama,na,marine,projeto (so variaveis marinhas)
4896,RLS,Panama,na,marine,projeto (so variaveis marinhas)
4897,RLS,Panama,na,marine,projeto (so variaveis marinhas)
4898,RLS,Panama,na,marine,projeto (so variaveis marinhas)
4899,RLS,Panama,na,marine,projeto (so variaveis marinhas)
4900,RLS,Panama,na,marine,projeto (so variaveis marinhas)
4901,RLS,Panama,na,marine,projeto (so variaveis marinhas)
4902,RLS,Panama,na,marine,projeto (so variaveis marinhas)
4903,RLS,Panama,na,marine,projeto (so variaveis marinhas)
4904,RLS,Panama,na,marine,projeto (so variaveis marinhas)
4905,RLS,Panama,na,marine,projeto (so variaveis marinhas)
4906,RLS,Panama,na,marine,projeto (so variaveis marinhas)
4907,RLS,Panama,na,marine,projeto (so variaveis marinhas)
4908,RLS,Panama,na,marine,projeto (so variaveis marinhas)
4909,RLS,Panama,na,marine,projeto (so variaveis marinhas)
4910,RLS,Panama,na,marine,projeto (so variaveis marinhas)
4911,RLS,Panama,na,marine,projeto (so variaveis marinhas)
4912,RLS,Panama,na,marine,projeto (so variaveis marinhas)
4913,RLS,Panama,na,marine,projeto (so variaveis marinhas)
4914,RLS,Panama,na,marine,projeto (so variaveis marinhas)
4915,RLS,Panama,na,marine,projeto (so variaveis marinhas)
4916,RLS,Panama,na,marine,projeto (so variaveis marinhas)
4917,RLS,Panama,na,marine,projeto (so variaveis marinhas)
4918,RLS,Panama,na,marine,projeto (so variaveis marinhas)
4919,RLS,Panama,na,marine,projeto (so variaveis marinhas)
4920,RLS,Panama,na,marine,projeto (so variaveis marinhas)
4921,RLS,Panama,na,marine,projeto (so variaveis marinhas)
4922,RLS,Panama,na,marine,projeto (so variaveis marinhas)
4923,RLS,Panama,na,marine,projeto (so variaveis marinhas)
4924,RLS,Panama,na,marine,projeto (so variaveis marinhas)
4925,RLS,Panama,na,marine,projeto (so variaveis marinhas)
4926,RLS,Panama,na,marine,projeto (so variaveis marinhas)
4927,RLS,Panama,na,marine,projeto (so variaveis marinhas)
4928,RLS,Panama,na,marine,projeto (so variaveis marinhas)
4929,RLS,Panama,na,marine,projeto (so variaveis marinhas)
4930,RLS,Panama,na,marine,projeto (so variaveis marinhas)
4931,RLS,Panama,na,marine,projeto (so variaveis marinhas)
4932,RLS,Panama,na,marine,projeto (so variaveis marinhas)
4933,RLS,Panama,na,marine,projeto (so variaveis marinhas)
4934,RLS,Panama,na,marine,projeto (so variaveis marinhas)
4935,RLS,Panama,na,marine,projeto (so variaveis marinhas)
4936,RLS,Panama,na,marine,projeto (so variaveis marinhas)
4937,RLS,Panama,na,marine,projeto (so variaveis marinhas)
4938,RLS,Panama,na,marine,projeto (so variaveis marinhas)
4939,RLS,Panama,na,marine,projeto (so variaveis marinhas)
4940,RLS,Panama,na,marine,projeto (so variaveis marinhas)
4941,RLS,Panama,na,marine,projeto (so variaveis marinhas)
4942,RLS,Panama,na,marine,projeto (so variaveis marinhas)
4943,RLS,Panama,na,marine,projeto (so variaveis marinhas)
4944,RLS,Panama,na,marine,projeto (so variaveis marinhas)
4945,RLS,Panama,na,marine,projeto (so variaveis marinhas)
4946,RLS,Panama,na,marine,projeto (so variaveis marinhas)
4947,RLS,Panama,na,marine,projeto (so variaveis marinhas)
4948,RLS,Panama,na,marine,projeto (so variaveis marinhas)
4949,RLS,Panama,na,marine,projeto (so variaveis marinhas)
4950,RLS,Panama,na,marine,projeto (so variaveis marinhas)
4951,RLS,Panama,na,marine,projeto (so variaveis marinhas)
4952,RLS,Panama,na,marine,projeto (so variaveis marinhas)
4953,RLS,Panama,na,marine,projeto (so variaveis marinhas)
4954,RLS,Panama,na,marine,projeto (so variaveis marinhas)
4955,RLS,Panama,na,marine,projeto (so variaveis marinhas)
4956,RLS,Panama,na,marine,projeto (so variaveis marinhas)
4957,RLS,Panama,na,marine,projeto (so variaveis marinhas)
4958,RLS,Panama,na,marine,projeto (so variaveis marinhas)
4959,RLS,Panama,na,marine,projeto (so variaveis marinhas)
4960,RLS,Panama,na,marine,projeto (so variaveis marinhas)
4961,RLS,Panama,na,marine,projeto (so variaveis marinhas)
4962,RLS,Panama,na,marine,projeto (so variaveis marinhas)
4963,RLS,Panama,na,marine,projeto (so variaveis marinhas)
4964,RLS,Panama,na,marine,projeto (so variaveis marinhas)
4965,RLS,Panama,na,marine,projeto (so variaveis marinhas)
4966,RLS,Panama,na,marine,projeto (so variaveis marinhas)
4967,RLS,Panama,na,marine,projeto (so variaveis marinhas)
4968,RLS,Panama,na,marine,projeto (so variaveis marinhas)
4969,RLS,Panama,na,marine,projeto (so variaveis marinhas)
4970,RLS,Panama,na,marine,projeto (so variaveis marinhas)
4971,RLS,Panama,na,marine,projeto (so variaveis marinhas)
4972,RLS,Panama,na,marine,projeto (so variaveis marinhas)
4973,RLS,Panama,na,marine,projeto (so variaveis marinhas)
4974,RLS,Panama,na,marine,projeto (so variaveis marinhas)
4975,RLS,Panama,na,marine,projeto (so variaveis marinhas)
4976,RLS,Panama,na,marine,projeto (so variaveis marinhas)
4977,RLS,Panama,na,marine,projeto (so variaveis marinhas)
4978,RLS,Panama,na,marine,projeto (so variaveis marinhas)
4979,RLS,Panama,na,marine,projeto (so variaveis marinhas)
4980,RLS,Panama,na,marine,projeto (so variaveis marinhas)
4981,RLS,Panama,na,marine,projeto (so variaveis marinhas)
4982,RLS,Panama,na,marine,projeto (so variaveis marinhas)
4983,RLS,Panama,na,marine,projeto (so variaveis marinhas)
4984,RLS,Panama,na,marine,projeto (so variaveis marinhas)
4985,RLS,Panama,na,marine,projeto (so variaveis marinhas)
4986,RLS,Panama,na,marine,projeto (so variaveis marinhas)
4987,RLS,Panama,na,marine,projeto (so variaveis marinhas)
4988,RLS,Panama,na,marine,projeto (so variaveis marinhas)
4989,RLS,Panama,na,marine,projeto (so variaveis marinhas)
4990,RLS,Panama,na,marine,projeto (so variaveis marinhas)
4991,RLS,Panama,na,marine,projeto (so variaveis marinhas)
4992,RLS,Panama,na,marine,projeto (so variaveis marinhas)
4993,RLS,Panama,na,marine,projeto (so variaveis marinhas)
4994,RLS,Panama,na,marine,projeto (so variaveis marinhas)
4995,RLS,Panama,na,marine,projeto (so variaveis marinhas)
4996,RLS,Panama,na,marine,projeto (so variaveis marinhas)
4997,RLS,Panama,na,marine,projeto (so variaveis marinhas)
4998,RLS,Panama,na,marine,projeto (so variaveis marinhas)
4999,RLS,Panama,na,marine,projeto (so variaveis marinhas)
5000,RLS,Panama,na,marine,projeto (so variaveis marinhas)
5001,RLS,Panama,na,marine,projeto (so variaveis marinhas)
5002,RLS,Panama,na,marine,projeto (so variaveis marinhas)
5003,RLS,Panama,na,marine,projeto (so variaveis marinhas)
5004,RLS,Panama,na,marine,projeto (so variaveis marinhas)
5005,RLS,Panama,na,marine,projeto (so variaveis marinhas)
5006,RLS,Panama,na,marine,projeto (so variaveis marinhas)
5007,RLS,Panama,na,marine,projeto (so variaveis marinhas)
5008,RLS,Turks and Caicos Islands,na,marine,projeto (so variaveis marinhas)
5009,RLS,Turks and Caicos Islands,na,marine,projeto (so variaveis marinhas)
5010,RLS,Turks and Caicos Islands,na,marine,projeto (so variaveis marinhas)
5011,RLS,Turks and Caicos Islands,na,marine,projeto (so variaveis marinhas)
5012,RLS,United States of America,na,marine,projeto (so variaveis marinhas)
5013,RLS,United States of America,na,marine,projeto (so variaveis marinhas)
5014,RLS,United States of America,na,marine,projeto (so variaveis marinhas)
5015,RLS,United States of America,na,marine,projeto (so variaveis marinhas)
5016,RLS,United States of America,na,marine,projeto (so variaveis marinhas)
5017,RLS,United States of America,na,marine,projeto (so variaveis marinhas)
5018,RLS,United States of America,na,marine,projeto (so variaveis marinhas)
5019,RLS,United States of America,na,marine,projeto (so variaveis marinhas)
5020,RLS,United States of America,na,marine,projeto (so variaveis marinhas)
5021,RLS,United States of America,na,marine,projeto (so variaveis marinhas)
5022,RLS,United States of America,na,marine,projeto (so variaveis marinhas)
5023,RLS,United States of America,na,marine,projeto (so variaveis marinhas)
5024,RLS,United States of America,na,marine,projeto (so variaveis marinhas)
5025,RLS,United States of America,na,marine,projeto (so variaveis marinhas)
5026,RLS,United States of America,na,marine,projeto (so variaveis marinhas)
5027,RLS,United States of America,na,marine,projeto (so variaveis marinhas)
5028,RLS,United States of America,na,marine,projeto (so variaveis marinhas)
5029,RLS,United States of America,na,marine,projeto (so variaveis marinhas)
5030,RLS,United States of America,na,marine,projeto (so variaveis marinhas)
5031,RLS,United States of America,na,marine,projeto (so variaveis marinhas)
5032,RLS,United States of America,na,marine,projeto (so variaveis marinhas)
5033,RLS,United States of America,na,marine,projeto (so variaveis marinhas)
5034,TEAM,Costa Rica,1.6. Forest – Subtropical/tropical moist lowland | 1.9. Forest – Subtropical/tropical moist montane,terrestrial,habitat (outros codigos)
5035,TEAM,Panama,1.6. Forest – Subtropical/tropical moist lowland,terrestrial,habitat (outros codigos)
5036,TEAM,Suriname,1.6. Forest – Subtropical/tropical moist lowland,terrestrial,habitat (outros codigos)
5037,TEAM,Brazil,1.6. Forest – Subtropical/tropical moist lowland,terrestrial,habitat (outros codigos)
5038,TEAM,Brazil,1.6. Forest – Subtropical/tropical moist lowland,terrestrial,habitat (outros codigos)
5039,TEAM,Ecuador,1.6. Forest – Subtropical/tropical moist lowland,terrestrial,habitat (outros codigos)
5040,TEAM,Peru,1.6. Forest – Subtropical/tropical moist lowland,terrestrial,habitat (outros codigos)
5041,TEAM,Peru,1.9. Forest – Subtropical/tropical moist montane,terrestrial,habitat (outros codigos)
